ISO-10303-21;
HEADER;
FILE_DESCRIPTION(('Open CASCADE Model'),'2;1');
FILE_NAME('Open CASCADE Shape Model','2026-10-02T22:42:53',('Author'),(
    'Open CASCADE'),'Open CASCADE STEP processor 7.9','Open CASCADE 7.9'
  ,'Unknown');
FILE_SCHEMA(('AUTOMOTIVE_DESIGN { 1 0 10303 214 1 1 1 1 }'));
ENDSEC;
DATA;
#1 = APPLICATION_PROTOCOL_DEFINITION('international standard',
  'automotive_design',2000,#2);
#2 = APPLICATION_CONTEXT(
  'core data for automotive mechanical design processes');
#3 = SHAPE_DEFINITION_REPRESENTATION(#4,#10);
#4 = PRODUCT_DEFINITION_SHAPE('','',#5);
#5 = PRODUCT_DEFINITION('design','',#6,#9);
#6 = PRODUCT_DEFINITION_FORMATION('','',#7);
#7 = PRODUCT('Open CASCADE STEP translator 7.9 1',
  'Open CASCADE STEP translator 7.9 1','',(#8));
#8 = PRODUCT_CONTEXT('',#2,'mechanical');
#9 = PRODUCT_DEFINITION_CONTEXT('part definition',#2,'design');
#10 = ADVANCED_BREP_SHAPE_REPRESENTATION('',(#11,#15),#14889);
#11 = AXIS2_PLACEMENT_3D('',#12,#13,#14);
#12 = CARTESIAN_POINT('',(0.,0.,0.));
#13 = DIRECTION('',(0.,0.,1.));
#14 = DIRECTION('',(1.,0.,-0.));
#15 = MANIFOLD_SOLID_BREP('',#16);
#16 = CLOSED_SHELL('',(#17,#381,#558,#608,#658,#2457,#3808,#3858,#3908,
    #4258,#4313,#4368,#4423,#4478,#4857,#4906,#4955,#4982,#5041,#5095,
    #5149,#5203,#5257,#5311,#5365,#5419,#5473,#5527,#5581,#5635,#5689,
    #5743,#5797,#5851,#5905,#5959,#6013,#6067,#6121,#6175,#6229,#6283,
    #6337,#6391,#6445,#6499,#6553,#6607,#6661,#6715,#6769,#6823,#6877,
    #6931,#6985,#7039,#7093,#7147,#7201,#7255,#7309,#7363,#7417,#7471,
    #7525,#7579,#7633,#7687,#7746,#7800,#7854,#7908,#7962,#8016,#8070,
    #8124,#8178,#8232,#8286,#8340,#8394,#8448,#8502,#8556,#8610,#8664,
    #8718,#8772,#8826,#8880,#8934,#8988,#9042,#9096,#9150,#9204,#9258,
    #9312,#9366,#9420,#9474,#9528,#9582,#9636,#9690,#9744,#9798,#9852,
    #9906,#9960,#10009,#10058,#10085,#10162,#10211,#10260,#10314,#10364,
    #10413,#10462,#10490,#10494,#10498,#10502,#10506,#10513,#10520,
    #10596,#10650,#10700,#10980,#11029,#11079,#11129,#11156,#11866,
    #12097,#12228,#12435,#12460,#12485,#12510,#12535,#12560,#12587,
    #12594,#12644,#13044,#13071,#13141,#13193,#13245,#13270,#13347,
    #13392,#13437,#13469,#13496,#13523,#13592,#13646,#13693,#13725,
    #13732,#13745,#13800,#13855,#13910,#13965,#14020,#14075,#14130,
    #14185,#14192,#14199,#14238,#14277,#14316,#14355,#14394,#14433,
    #14437,#14476,#14531,#14586,#14641,#14696,#14751,#14806,#14861,
    #14865,#14869,#14873,#14877,#14881,#14885));
#17 = ADVANCED_FACE('',(#18,#257,#288,#319,#350),#32,.F.);
#18 = FACE_BOUND('',#19,.F.);
#19 = EDGE_LOOP('',(#20,#55,#84,#112,#141,#169,#198,#226));
#20 = ORIENTED_EDGE('',*,*,#21,.T.);
#21 = EDGE_CURVE('',#22,#24,#26,.T.);
#22 = VERTEX_POINT('',#23);
#23 = CARTESIAN_POINT('',(8.,-1.7763568394E-15,0.));
#24 = VERTEX_POINT('',#25);
#25 = CARTESIAN_POINT('',(142.,-1.7763568394E-15,0.));
#26 = SURFACE_CURVE('',#27,(#31,#43),.PCURVE_S1.);
#27 = LINE('',#28,#29);
#28 = CARTESIAN_POINT('',(0.,0.,0.));
#29 = VECTOR('',#30,1.);
#30 = DIRECTION('',(1.,0.,0.));
#31 = PCURVE('',#32,#37);
#32 = PLANE('',#33);
#33 = AXIS2_PLACEMENT_3D('',#34,#35,#36);
#34 = CARTESIAN_POINT('',(75.,75.,0.));
#35 = DIRECTION('',(0.,0.,1.));
#36 = DIRECTION('',(1.,0.,-0.));
#37 = DEFINITIONAL_REPRESENTATION('',(#38),#42);
#38 = LINE('',#39,#40);
#39 = CARTESIAN_POINT('',(-75.,-75.));
#40 = VECTOR('',#41,1.);
#41 = DIRECTION('',(1.,0.));
#42 = ( GEOMETRIC_REPRESENTATION_CONTEXT(2) 
PARAMETRIC_REPRESENTATION_CONTEXT() REPRESENTATION_CONTEXT('2D SPACE',''
  ) );
#43 = PCURVE('',#44,#49);
#44 = PLANE('',#45);
#45 = AXIS2_PLACEMENT_3D('',#46,#47,#48);
#46 = CARTESIAN_POINT('',(0.,0.,30.));
#47 = DIRECTION('',(-0.,1.,0.));
#48 = DIRECTION('',(0.,0.,-1.));
#49 = DEFINITIONAL_REPRESENTATION('',(#50),#54);
#50 = LINE('',#51,#52);
#51 = CARTESIAN_POINT('',(30.,0.));
#52 = VECTOR('',#53,1.);
#53 = DIRECTION('',(0.,-1.));
#54 = ( GEOMETRIC_REPRESENTATION_CONTEXT(2) 
PARAMETRIC_REPRESENTATION_CONTEXT() REPRESENTATION_CONTEXT('2D SPACE',''
  ) );
#55 = ORIENTED_EDGE('',*,*,#56,.T.);
#56 = EDGE_CURVE('',#24,#57,#59,.T.);
#57 = VERTEX_POINT('',#58);
#58 = CARTESIAN_POINT('',(150.,8.,0.));
#59 = SURFACE_CURVE('',#60,(#65,#72),.PCURVE_S1.);
#60 = CIRCLE('',#61,8.);
#61 = AXIS2_PLACEMENT_3D('',#62,#63,#64);
#62 = CARTESIAN_POINT('',(142.,8.,0.));
#63 = DIRECTION('',(0.,0.,1.));
#64 = DIRECTION('',(0.,-1.,0.));
#65 = PCURVE('',#32,#66);
#66 = DEFINITIONAL_REPRESENTATION('',(#67),#71);
#67 = CIRCLE('',#68,8.);
#68 = AXIS2_PLACEMENT_2D('',#69,#70);
#69 = CARTESIAN_POINT('',(67.,-67.));
#70 = DIRECTION('',(0.,-1.));
#71 = ( GEOMETRIC_REPRESENTATION_CONTEXT(2) 
PARAMETRIC_REPRESENTATION_CONTEXT() REPRESENTATION_CONTEXT('2D SPACE',''
  ) );
#72 = PCURVE('',#73,#78);
#73 = CYLINDRICAL_SURFACE('',#74,8.);
#74 = AXIS2_PLACEMENT_3D('',#75,#76,#77);
#75 = CARTESIAN_POINT('',(142.,8.,0.));
#76 = DIRECTION('',(0.,0.,1.));
#77 = DIRECTION('',(0.,-1.,0.));
#78 = DEFINITIONAL_REPRESENTATION('',(#79),#83);
#79 = LINE('',#80,#81);
#80 = CARTESIAN_POINT('',(0.,0.));
#81 = VECTOR('',#82,1.);
#82 = DIRECTION('',(1.,0.));
#83 = ( GEOMETRIC_REPRESENTATION_CONTEXT(2) 
PARAMETRIC_REPRESENTATION_CONTEXT() REPRESENTATION_CONTEXT('2D SPACE',''
  ) );
#84 = ORIENTED_EDGE('',*,*,#85,.T.);
#85 = EDGE_CURVE('',#57,#86,#88,.T.);
#86 = VERTEX_POINT('',#87);
#87 = CARTESIAN_POINT('',(150.,142.,0.));
#88 = SURFACE_CURVE('',#89,(#93,#100),.PCURVE_S1.);
#89 = LINE('',#90,#91);
#90 = CARTESIAN_POINT('',(150.,0.,0.));
#91 = VECTOR('',#92,1.);
#92 = DIRECTION('',(0.,1.,0.));
#93 = PCURVE('',#32,#94);
#94 = DEFINITIONAL_REPRESENTATION('',(#95),#99);
#95 = LINE('',#96,#97);
#96 = CARTESIAN_POINT('',(75.,-75.));
#97 = VECTOR('',#98,1.);
#98 = DIRECTION('',(0.,1.));
#99 = ( GEOMETRIC_REPRESENTATION_CONTEXT(2) 
PARAMETRIC_REPRESENTATION_CONTEXT() REPRESENTATION_CONTEXT('2D SPACE',''
  ) );
#100 = PCURVE('',#101,#106);
#101 = PLANE('',#102);
#102 = AXIS2_PLACEMENT_3D('',#103,#104,#105);
#103 = CARTESIAN_POINT('',(150.,77.209474163815,19.469293388316));
#104 = DIRECTION('',(1.,0.,0.));
#105 = DIRECTION('',(-0.,0.,1.));
#106 = DEFINITIONAL_REPRESENTATION('',(#107),#111);
#107 = LINE('',#108,#109);
#108 = CARTESIAN_POINT('',(-19.46929338831,77.209474163815));
#109 = VECTOR('',#110,1.);
#110 = DIRECTION('',(0.,-1.));
#111 = ( GEOMETRIC_REPRESENTATION_CONTEXT(2) 
PARAMETRIC_REPRESENTATION_CONTEXT() REPRESENTATION_CONTEXT('2D SPACE',''
  ) );
#112 = ORIENTED_EDGE('',*,*,#113,.T.);
#113 = EDGE_CURVE('',#86,#114,#116,.T.);
#114 = VERTEX_POINT('',#115);
#115 = CARTESIAN_POINT('',(142.,150.,0.));
#116 = SURFACE_CURVE('',#117,(#122,#129),.PCURVE_S1.);
#117 = CIRCLE('',#118,8.);
#118 = AXIS2_PLACEMENT_3D('',#119,#120,#121);
#119 = CARTESIAN_POINT('',(142.,142.,0.));
#120 = DIRECTION('',(0.,0.,1.));
#121 = DIRECTION('',(0.,-1.,0.));
#122 = PCURVE('',#32,#123);
#123 = DEFINITIONAL_REPRESENTATION('',(#124),#128);
#124 = CIRCLE('',#125,8.);
#125 = AXIS2_PLACEMENT_2D('',#126,#127);
#126 = CARTESIAN_POINT('',(67.,67.));
#127 = DIRECTION('',(0.,-1.));
#128 = ( GEOMETRIC_REPRESENTATION_CONTEXT(2) 
PARAMETRIC_REPRESENTATION_CONTEXT() REPRESENTATION_CONTEXT('2D SPACE',''
  ) );
#129 = PCURVE('',#130,#135);
#130 = CYLINDRICAL_SURFACE('',#131,8.);
#131 = AXIS2_PLACEMENT_3D('',#132,#133,#134);
#132 = CARTESIAN_POINT('',(142.,142.,0.));
#133 = DIRECTION('',(0.,0.,1.));
#134 = DIRECTION('',(1.,0.,-0.));
#135 = DEFINITIONAL_REPRESENTATION('',(#136),#140);
#136 = LINE('',#137,#138);
#137 = CARTESIAN_POINT('',(-1.570796326795,0.));
#138 = VECTOR('',#139,1.);
#139 = DIRECTION('',(1.,0.));
#140 = ( GEOMETRIC_REPRESENTATION_CONTEXT(2) 
PARAMETRIC_REPRESENTATION_CONTEXT() REPRESENTATION_CONTEXT('2D SPACE',''
  ) );
#141 = ORIENTED_EDGE('',*,*,#142,.T.);
#142 = EDGE_CURVE('',#114,#143,#145,.T.);
#143 = VERTEX_POINT('',#144);
#144 = CARTESIAN_POINT('',(8.,150.,0.));
#145 = SURFACE_CURVE('',#146,(#150,#157),.PCURVE_S1.);
#146 = LINE('',#147,#148);
#147 = CARTESIAN_POINT('',(150.,150.,0.));
#148 = VECTOR('',#149,1.);
#149 = DIRECTION('',(-1.,0.,0.));
#150 = PCURVE('',#32,#151);
#151 = DEFINITIONAL_REPRESENTATION('',(#152),#156);
#152 = LINE('',#153,#154);
#153 = CARTESIAN_POINT('',(75.,75.));
#154 = VECTOR('',#155,1.);
#155 = DIRECTION('',(-1.,0.));
#156 = ( GEOMETRIC_REPRESENTATION_CONTEXT(2) 
PARAMETRIC_REPRESENTATION_CONTEXT() REPRESENTATION_CONTEXT('2D SPACE',''
  ) );
#157 = PCURVE('',#158,#163);
#158 = PLANE('',#159);
#159 = AXIS2_PLACEMENT_3D('',#160,#161,#162);
#160 = CARTESIAN_POINT('',(0.,150.,0.));
#161 = DIRECTION('',(0.,-1.,0.));
#162 = DIRECTION('',(0.,0.,1.));
#163 = DEFINITIONAL_REPRESENTATION('',(#164),#168);
#164 = LINE('',#165,#166);
#165 = CARTESIAN_POINT('',(0.,-150.));
#166 = VECTOR('',#167,1.);
#167 = DIRECTION('',(0.,1.));
#168 = ( GEOMETRIC_REPRESENTATION_CONTEXT(2) 
PARAMETRIC_REPRESENTATION_CONTEXT() REPRESENTATION_CONTEXT('2D SPACE',''
  ) );
#169 = ORIENTED_EDGE('',*,*,#170,.T.);
#170 = EDGE_CURVE('',#143,#171,#173,.T.);
#171 = VERTEX_POINT('',#172);
#172 = CARTESIAN_POINT('',(-1.7763568394E-15,142.,0.));
#173 = SURFACE_CURVE('',#174,(#179,#186),.PCURVE_S1.);
#174 = CIRCLE('',#175,8.);
#175 = AXIS2_PLACEMENT_3D('',#176,#177,#178);
#176 = CARTESIAN_POINT('',(8.,142.,0.));
#177 = DIRECTION('',(0.,0.,1.));
#178 = DIRECTION('',(0.,-1.,0.));
#179 = PCURVE('',#32,#180);
#180 = DEFINITIONAL_REPRESENTATION('',(#181),#185);
#181 = CIRCLE('',#182,8.);
#182 = AXIS2_PLACEMENT_2D('',#183,#184);
#183 = CARTESIAN_POINT('',(-67.,67.));
#184 = DIRECTION('',(0.,-1.));
#185 = ( GEOMETRIC_REPRESENTATION_CONTEXT(2) 
PARAMETRIC_REPRESENTATION_CONTEXT() REPRESENTATION_CONTEXT('2D SPACE',''
  ) );
#186 = PCURVE('',#187,#192);
#187 = CYLINDRICAL_SURFACE('',#188,8.);
#188 = AXIS2_PLACEMENT_3D('',#189,#190,#191);
#189 = CARTESIAN_POINT('',(8.,142.,0.));
#190 = DIRECTION('',(0.,0.,1.));
#191 = DIRECTION('',(-0.,1.,0.));
#192 = DEFINITIONAL_REPRESENTATION('',(#193),#197);
#193 = LINE('',#194,#195);
#194 = CARTESIAN_POINT('',(-3.14159265359,0.));
#195 = VECTOR('',#196,1.);
#196 = DIRECTION('',(1.,0.));
#197 = ( GEOMETRIC_REPRESENTATION_CONTEXT(2) 
PARAMETRIC_REPRESENTATION_CONTEXT() REPRESENTATION_CONTEXT('2D SPACE',''
  ) );
#198 = ORIENTED_EDGE('',*,*,#199,.T.);
#199 = EDGE_CURVE('',#171,#200,#202,.T.);
#200 = VERTEX_POINT('',#201);
#201 = CARTESIAN_POINT('',(-1.7763568394E-15,8.,0.));
#202 = SURFACE_CURVE('',#203,(#207,#214),.PCURVE_S1.);
#203 = LINE('',#204,#205);
#204 = CARTESIAN_POINT('',(0.,150.,0.));
#205 = VECTOR('',#206,1.);
#206 = DIRECTION('',(0.,-1.,0.));
#207 = PCURVE('',#32,#208);
#208 = DEFINITIONAL_REPRESENTATION('',(#209),#213);
#209 = LINE('',#210,#211);
#210 = CARTESIAN_POINT('',(-75.,75.));
#211 = VECTOR('',#212,1.);
#212 = DIRECTION('',(0.,-1.));
#213 = ( GEOMETRIC_REPRESENTATION_CONTEXT(2) 
PARAMETRIC_REPRESENTATION_CONTEXT() REPRESENTATION_CONTEXT('2D SPACE',''
  ) );
#214 = PCURVE('',#215,#220);
#215 = PLANE('',#216);
#216 = AXIS2_PLACEMENT_3D('',#217,#218,#219);
#217 = CARTESIAN_POINT('',(0.,77.209474163815,19.469293388316));
#218 = DIRECTION('',(1.,0.,0.));
#219 = DIRECTION('',(-0.,0.,1.));
#220 = DEFINITIONAL_REPRESENTATION('',(#221),#225);
#221 = LINE('',#222,#223);
#222 = CARTESIAN_POINT('',(-19.46929338831,-72.79052583618));
#223 = VECTOR('',#224,1.);
#224 = DIRECTION('',(0.,1.));
#225 = ( GEOMETRIC_REPRESENTATION_CONTEXT(2) 
PARAMETRIC_REPRESENTATION_CONTEXT() REPRESENTATION_CONTEXT('2D SPACE',''
  ) );
#226 = ORIENTED_EDGE('',*,*,#227,.F.);
#227 = EDGE_CURVE('',#22,#200,#228,.T.);
#228 = SURFACE_CURVE('',#229,(#234,#245),.PCURVE_S1.);
#229 = CIRCLE('',#230,8.);
#230 = AXIS2_PLACEMENT_3D('',#231,#232,#233);
#231 = CARTESIAN_POINT('',(8.,8.,0.));
#232 = DIRECTION('',(-0.,-0.,-1.));
#233 = DIRECTION('',(0.,-1.,0.));
#234 = PCURVE('',#32,#235);
#235 = DEFINITIONAL_REPRESENTATION('',(#236),#244);
#236 = ( BOUNDED_CURVE() B_SPLINE_CURVE(2,(#237,#238,#239,#240,#241,#242
,#243),.UNSPECIFIED.,.T.,.F.) B_SPLINE_CURVE_WITH_KNOTS((1,2,2,2,2,1),(
    -2.094395102393,0.,2.094395102393,4.188790204786,6.28318530718,
8.377580409573),.UNSPECIFIED.) CURVE() GEOMETRIC_REPRESENTATION_ITEM() 
RATIONAL_B_SPLINE_CURVE((1.,0.5,1.,0.5,1.,0.5,1.)) REPRESENTATION_ITEM(
  '') );
#237 = CARTESIAN_POINT('',(-67.,-75.));
#238 = CARTESIAN_POINT('',(-80.85640646055,-75.));
#239 = CARTESIAN_POINT('',(-73.92820323027,-63.));
#240 = CARTESIAN_POINT('',(-67.,-51.));
#241 = CARTESIAN_POINT('',(-60.07179676972,-63.));
#242 = CARTESIAN_POINT('',(-53.14359353944,-75.));
#243 = CARTESIAN_POINT('',(-67.,-75.));
#244 = ( GEOMETRIC_REPRESENTATION_CONTEXT(2) 
PARAMETRIC_REPRESENTATION_CONTEXT() REPRESENTATION_CONTEXT('2D SPACE',''
  ) );
#245 = PCURVE('',#246,#251);
#246 = CYLINDRICAL_SURFACE('',#247,8.);
#247 = AXIS2_PLACEMENT_3D('',#248,#249,#250);
#248 = CARTESIAN_POINT('',(8.,8.,0.));
#249 = DIRECTION('',(0.,0.,1.));
#250 = DIRECTION('',(0.,-1.,0.));
#251 = DEFINITIONAL_REPRESENTATION('',(#252),#256);
#252 = LINE('',#253,#254);
#253 = CARTESIAN_POINT('',(-0.,0.));
#254 = VECTOR('',#255,1.);
#255 = DIRECTION('',(-1.,0.));
#256 = ( GEOMETRIC_REPRESENTATION_CONTEXT(2) 
PARAMETRIC_REPRESENTATION_CONTEXT() REPRESENTATION_CONTEXT('2D SPACE',''
  ) );
#257 = FACE_BOUND('',#258,.F.);
#258 = EDGE_LOOP('',(#259));
#259 = ORIENTED_EDGE('',*,*,#260,.F.);
#260 = EDGE_CURVE('',#261,#261,#263,.T.);
#261 = VERTEX_POINT('',#262);
#262 = CARTESIAN_POINT('',(18.5,14.,0.));
#263 = SURFACE_CURVE('',#264,(#269,#276),.PCURVE_S1.);
#264 = CIRCLE('',#265,4.5);
#265 = AXIS2_PLACEMENT_3D('',#266,#267,#268);
#266 = CARTESIAN_POINT('',(14.,14.,0.));
#267 = DIRECTION('',(0.,0.,1.));
#268 = DIRECTION('',(1.,0.,0.));
#269 = PCURVE('',#32,#270);
#270 = DEFINITIONAL_REPRESENTATION('',(#271),#275);
#271 = CIRCLE('',#272,4.5);
#272 = AXIS2_PLACEMENT_2D('',#273,#274);
#273 = CARTESIAN_POINT('',(-61.,-61.));
#274 = DIRECTION('',(1.,0.));
#275 = ( GEOMETRIC_REPRESENTATION_CONTEXT(2) 
PARAMETRIC_REPRESENTATION_CONTEXT() REPRESENTATION_CONTEXT('2D SPACE',''
  ) );
#276 = PCURVE('',#277,#282);
#277 = CYLINDRICAL_SURFACE('',#278,4.5);
#278 = AXIS2_PLACEMENT_3D('',#279,#280,#281);
#279 = CARTESIAN_POINT('',(14.,14.,0.));
#280 = DIRECTION('',(-0.,-0.,-1.));
#281 = DIRECTION('',(1.,0.,0.));
#282 = DEFINITIONAL_REPRESENTATION('',(#283),#287);
#283 = LINE('',#284,#285);
#284 = CARTESIAN_POINT('',(-0.,0.));
#285 = VECTOR('',#286,1.);
#286 = DIRECTION('',(-1.,0.));
#287 = ( GEOMETRIC_REPRESENTATION_CONTEXT(2) 
PARAMETRIC_REPRESENTATION_CONTEXT() REPRESENTATION_CONTEXT('2D SPACE',''
  ) );
#288 = FACE_BOUND('',#289,.F.);
#289 = EDGE_LOOP('',(#290));
#290 = ORIENTED_EDGE('',*,*,#291,.F.);
#291 = EDGE_CURVE('',#292,#292,#294,.T.);
#292 = VERTEX_POINT('',#293);
#293 = CARTESIAN_POINT('',(140.5,14.,0.));
#294 = SURFACE_CURVE('',#295,(#300,#307),.PCURVE_S1.);
#295 = CIRCLE('',#296,4.5);
#296 = AXIS2_PLACEMENT_3D('',#297,#298,#299);
#297 = CARTESIAN_POINT('',(136.,14.,0.));
#298 = DIRECTION('',(0.,0.,1.));
#299 = DIRECTION('',(1.,0.,0.));
#300 = PCURVE('',#32,#301);
#301 = DEFINITIONAL_REPRESENTATION('',(#302),#306);
#302 = CIRCLE('',#303,4.5);
#303 = AXIS2_PLACEMENT_2D('',#304,#305);
#304 = CARTESIAN_POINT('',(61.,-61.));
#305 = DIRECTION('',(1.,0.));
#306 = ( GEOMETRIC_REPRESENTATION_CONTEXT(2) 
PARAMETRIC_REPRESENTATION_CONTEXT() REPRESENTATION_CONTEXT('2D SPACE',''
  ) );
#307 = PCURVE('',#308,#313);
#308 = CYLINDRICAL_SURFACE('',#309,4.5);
#309 = AXIS2_PLACEMENT_3D('',#310,#311,#312);
#310 = CARTESIAN_POINT('',(136.,14.,0.));
#311 = DIRECTION('',(-0.,-0.,-1.));
#312 = DIRECTION('',(1.,0.,0.));
#313 = DEFINITIONAL_REPRESENTATION('',(#314),#318);
#314 = LINE('',#315,#316);
#315 = CARTESIAN_POINT('',(-0.,0.));
#316 = VECTOR('',#317,1.);
#317 = DIRECTION('',(-1.,0.));
#318 = ( GEOMETRIC_REPRESENTATION_CONTEXT(2) 
PARAMETRIC_REPRESENTATION_CONTEXT() REPRESENTATION_CONTEXT('2D SPACE',''
  ) );
#319 = FACE_BOUND('',#320,.F.);
#320 = EDGE_LOOP('',(#321));
#321 = ORIENTED_EDGE('',*,*,#322,.F.);
#322 = EDGE_CURVE('',#323,#323,#325,.T.);
#323 = VERTEX_POINT('',#324);
#324 = CARTESIAN_POINT('',(18.5,136.,0.));
#325 = SURFACE_CURVE('',#326,(#331,#338),.PCURVE_S1.);
#326 = CIRCLE('',#327,4.5);
#327 = AXIS2_PLACEMENT_3D('',#328,#329,#330);
#328 = CARTESIAN_POINT('',(14.,136.,0.));
#329 = DIRECTION('',(0.,0.,1.));
#330 = DIRECTION('',(1.,0.,0.));
#331 = PCURVE('',#32,#332);
#332 = DEFINITIONAL_REPRESENTATION('',(#333),#337);
#333 = CIRCLE('',#334,4.5);
#334 = AXIS2_PLACEMENT_2D('',#335,#336);
#335 = CARTESIAN_POINT('',(-61.,61.));
#336 = DIRECTION('',(1.,0.));
#337 = ( GEOMETRIC_REPRESENTATION_CONTEXT(2) 
PARAMETRIC_REPRESENTATION_CONTEXT() REPRESENTATION_CONTEXT('2D SPACE',''
  ) );
#338 = PCURVE('',#339,#344);
#339 = CYLINDRICAL_SURFACE('',#340,4.5);
#340 = AXIS2_PLACEMENT_3D('',#341,#342,#343);
#341 = CARTESIAN_POINT('',(14.,136.,0.));
#342 = DIRECTION('',(-0.,-0.,-1.));
#343 = DIRECTION('',(1.,0.,0.));
#344 = DEFINITIONAL_REPRESENTATION('',(#345),#349);
#345 = LINE('',#346,#347);
#346 = CARTESIAN_POINT('',(-0.,0.));
#347 = VECTOR('',#348,1.);
#348 = DIRECTION('',(-1.,0.));
#349 = ( GEOMETRIC_REPRESENTATION_CONTEXT(2) 
PARAMETRIC_REPRESENTATION_CONTEXT() REPRESENTATION_CONTEXT('2D SPACE',''
  ) );
#350 = FACE_BOUND('',#351,.F.);
#351 = EDGE_LOOP('',(#352));
#352 = ORIENTED_EDGE('',*,*,#353,.F.);
#353 = EDGE_CURVE('',#354,#354,#356,.T.);
#354 = VERTEX_POINT('',#355);
#355 = CARTESIAN_POINT('',(140.5,136.,0.));
#356 = SURFACE_CURVE('',#357,(#362,#369),.PCURVE_S1.);
#357 = CIRCLE('',#358,4.5);
#358 = AXIS2_PLACEMENT_3D('',#359,#360,#361);
#359 = CARTESIAN_POINT('',(136.,136.,0.));
#360 = DIRECTION('',(0.,0.,1.));
#361 = DIRECTION('',(1.,0.,0.));
#362 = PCURVE('',#32,#363);
#363 = DEFINITIONAL_REPRESENTATION('',(#364),#368);
#364 = CIRCLE('',#365,4.5);
#365 = AXIS2_PLACEMENT_2D('',#366,#367);
#366 = CARTESIAN_POINT('',(61.,61.));
#367 = DIRECTION('',(1.,0.));
#368 = ( GEOMETRIC_REPRESENTATION_CONTEXT(2) 
PARAMETRIC_REPRESENTATION_CONTEXT() REPRESENTATION_CONTEXT('2D SPACE',''
  ) );
#369 = PCURVE('',#370,#375);
#370 = CYLINDRICAL_SURFACE('',#371,4.5);
#371 = AXIS2_PLACEMENT_3D('',#372,#373,#374);
#372 = CARTESIAN_POINT('',(136.,136.,0.));
#373 = DIRECTION('',(-0.,-0.,-1.));
#374 = DIRECTION('',(1.,0.,0.));
#375 = DEFINITIONAL_REPRESENTATION('',(#376),#380);
#376 = LINE('',#377,#378);
#377 = CARTESIAN_POINT('',(-0.,0.));
#378 = VECTOR('',#379,1.);
#379 = DIRECTION('',(-1.,0.));
#380 = ( GEOMETRIC_REPRESENTATION_CONTEXT(2) 
PARAMETRIC_REPRESENTATION_CONTEXT() REPRESENTATION_CONTEXT('2D SPACE',''
  ) );
#381 = ADVANCED_FACE('',(#382),#44,.F.);
#382 = FACE_BOUND('',#383,.F.);
#383 = EDGE_LOOP('',(#384,#385,#408,#436,#462,#488,#514,#537));
#384 = ORIENTED_EDGE('',*,*,#21,.F.);
#385 = ORIENTED_EDGE('',*,*,#386,.T.);
#386 = EDGE_CURVE('',#22,#387,#389,.T.);
#387 = VERTEX_POINT('',#388);
#388 = CARTESIAN_POINT('',(8.,-8.881784197001E-16,24.));
#389 = SURFACE_CURVE('',#390,(#394,#401),.PCURVE_S1.);
#390 = LINE('',#391,#392);
#391 = CARTESIAN_POINT('',(8.,-1.7763568394E-15,0.));
#392 = VECTOR('',#393,1.);
#393 = DIRECTION('',(0.,0.,1.));
#394 = PCURVE('',#44,#395);
#395 = DEFINITIONAL_REPRESENTATION('',(#396),#400);
#396 = LINE('',#397,#398);
#397 = CARTESIAN_POINT('',(30.,-8.));
#398 = VECTOR('',#399,1.);
#399 = DIRECTION('',(-1.,0.));
#400 = ( GEOMETRIC_REPRESENTATION_CONTEXT(2) 
PARAMETRIC_REPRESENTATION_CONTEXT() REPRESENTATION_CONTEXT('2D SPACE',''
  ) );
#401 = PCURVE('',#246,#402);
#402 = DEFINITIONAL_REPRESENTATION('',(#403),#407);
#403 = LINE('',#404,#405);
#404 = CARTESIAN_POINT('',(-0.,0.));
#405 = VECTOR('',#406,1.);
#406 = DIRECTION('',(-0.,1.));
#407 = ( GEOMETRIC_REPRESENTATION_CONTEXT(2) 
PARAMETRIC_REPRESENTATION_CONTEXT() REPRESENTATION_CONTEXT('2D SPACE',''
  ) );
#408 = ORIENTED_EDGE('',*,*,#409,.T.);
#409 = EDGE_CURVE('',#387,#410,#412,.T.);
#410 = VERTEX_POINT('',#411);
#411 = CARTESIAN_POINT('',(67.,0.,24.));
#412 = SURFACE_CURVE('',#413,(#417,#424),.PCURVE_S1.);
#413 = LINE('',#414,#415);
#414 = CARTESIAN_POINT('',(0.,0.,24.));
#415 = VECTOR('',#416,1.);
#416 = DIRECTION('',(1.,0.,0.));
#417 = PCURVE('',#44,#418);
#418 = DEFINITIONAL_REPRESENTATION('',(#419),#423);
#419 = LINE('',#420,#421);
#420 = CARTESIAN_POINT('',(6.,0.));
#421 = VECTOR('',#422,1.);
#422 = DIRECTION('',(0.,-1.));
#423 = ( GEOMETRIC_REPRESENTATION_CONTEXT(2) 
PARAMETRIC_REPRESENTATION_CONTEXT() REPRESENTATION_CONTEXT('2D SPACE',''
  ) );
#424 = PCURVE('',#425,#430);
#425 = PLANE('',#426);
#426 = AXIS2_PLACEMENT_3D('',#427,#428,#429);
#427 = CARTESIAN_POINT('',(0.,0.,24.));
#428 = DIRECTION('',(0.,0.,1.));
#429 = DIRECTION('',(1.,0.,0.));
#430 = DEFINITIONAL_REPRESENTATION('',(#431),#435);
#431 = LINE('',#432,#433);
#432 = CARTESIAN_POINT('',(0.,0.));
#433 = VECTOR('',#434,1.);
#434 = DIRECTION('',(1.,0.));
#435 = ( GEOMETRIC_REPRESENTATION_CONTEXT(2) 
PARAMETRIC_REPRESENTATION_CONTEXT() REPRESENTATION_CONTEXT('2D SPACE',''
  ) );
#436 = ORIENTED_EDGE('',*,*,#437,.T.);
#437 = EDGE_CURVE('',#410,#438,#440,.T.);
#438 = VERTEX_POINT('',#439);
#439 = CARTESIAN_POINT('',(67.,0.,22.5));
#440 = SURFACE_CURVE('',#441,(#445,#451),.PCURVE_S1.);
#441 = LINE('',#442,#443);
#442 = CARTESIAN_POINT('',(67.,0.,26.25));
#443 = VECTOR('',#444,1.);
#444 = DIRECTION('',(0.,0.,-1.));
#445 = PCURVE('',#44,#446);
#446 = DEFINITIONAL_REPRESENTATION('',(#447),#450);
#447 = B_SPLINE_CURVE_WITH_KNOTS('',1,(#448,#449),.UNSPECIFIED.,.F.,.F.,
  (2,2),(2.25,3.75),.PIECEWISE_BEZIER_KNOTS.);
#448 = CARTESIAN_POINT('',(6.,-67.));
#449 = CARTESIAN_POINT('',(7.5,-67.));
#450 = ( GEOMETRIC_REPRESENTATION_CONTEXT(2) 
PARAMETRIC_REPRESENTATION_CONTEXT() REPRESENTATION_CONTEXT('2D SPACE',''
  ) );
#451 = PCURVE('',#452,#457);
#452 = PLANE('',#453);
#453 = AXIS2_PLACEMENT_3D('',#454,#455,#456);
#454 = CARTESIAN_POINT('',(67.,-1.,22.5));
#455 = DIRECTION('',(1.,0.,0.));
#456 = DIRECTION('',(0.,0.,1.));
#457 = DEFINITIONAL_REPRESENTATION('',(#458),#461);
#458 = B_SPLINE_CURVE_WITH_KNOTS('',1,(#459,#460),.UNSPECIFIED.,.F.,.F.,
  (2,2),(2.25,3.75),.PIECEWISE_BEZIER_KNOTS.);
#459 = CARTESIAN_POINT('',(1.5,-1.));
#460 = CARTESIAN_POINT('',(0.,-1.));
#461 = ( GEOMETRIC_REPRESENTATION_CONTEXT(2) 
PARAMETRIC_REPRESENTATION_CONTEXT() REPRESENTATION_CONTEXT('2D SPACE',''
  ) );
#462 = ORIENTED_EDGE('',*,*,#463,.T.);
#463 = EDGE_CURVE('',#438,#464,#466,.T.);
#464 = VERTEX_POINT('',#465);
#465 = CARTESIAN_POINT('',(83.,0.,22.5));
#466 = SURFACE_CURVE('',#467,(#471,#477),.PCURVE_S1.);
#467 = LINE('',#468,#469);
#468 = CARTESIAN_POINT('',(33.5,0.,22.5));
#469 = VECTOR('',#470,1.);
#470 = DIRECTION('',(1.,0.,-0.));
#471 = PCURVE('',#44,#472);
#472 = DEFINITIONAL_REPRESENTATION('',(#473),#476);
#473 = B_SPLINE_CURVE_WITH_KNOTS('',1,(#474,#475),.UNSPECIFIED.,.F.,.F.,
  (2,2),(33.5,49.5),.PIECEWISE_BEZIER_KNOTS.);
#474 = CARTESIAN_POINT('',(7.5,-67.));
#475 = CARTESIAN_POINT('',(7.5,-83.));
#476 = ( GEOMETRIC_REPRESENTATION_CONTEXT(2) 
PARAMETRIC_REPRESENTATION_CONTEXT() REPRESENTATION_CONTEXT('2D SPACE',''
  ) );
#477 = PCURVE('',#478,#483);
#478 = PLANE('',#479);
#479 = AXIS2_PLACEMENT_3D('',#480,#481,#482);
#480 = CARTESIAN_POINT('',(67.,-1.,22.5));
#481 = DIRECTION('',(0.,0.,1.));
#482 = DIRECTION('',(1.,0.,0.));
#483 = DEFINITIONAL_REPRESENTATION('',(#484),#487);
#484 = B_SPLINE_CURVE_WITH_KNOTS('',1,(#485,#486),.UNSPECIFIED.,.F.,.F.,
  (2,2),(33.5,49.5),.PIECEWISE_BEZIER_KNOTS.);
#485 = CARTESIAN_POINT('',(0.,1.));
#486 = CARTESIAN_POINT('',(16.,1.));
#487 = ( GEOMETRIC_REPRESENTATION_CONTEXT(2) 
PARAMETRIC_REPRESENTATION_CONTEXT() REPRESENTATION_CONTEXT('2D SPACE',''
  ) );
#488 = ORIENTED_EDGE('',*,*,#489,.F.);
#489 = EDGE_CURVE('',#490,#464,#492,.T.);
#490 = VERTEX_POINT('',#491);
#491 = CARTESIAN_POINT('',(83.,0.,24.));
#492 = SURFACE_CURVE('',#493,(#497,#503),.PCURVE_S1.);
#493 = LINE('',#494,#495);
#494 = CARTESIAN_POINT('',(83.,0.,26.25));
#495 = VECTOR('',#496,1.);
#496 = DIRECTION('',(0.,0.,-1.));
#497 = PCURVE('',#44,#498);
#498 = DEFINITIONAL_REPRESENTATION('',(#499),#502);
#499 = B_SPLINE_CURVE_WITH_KNOTS('',1,(#500,#501),.UNSPECIFIED.,.F.,.F.,
  (2,2),(2.25,3.75),.PIECEWISE_BEZIER_KNOTS.);
#500 = CARTESIAN_POINT('',(6.,-83.));
#501 = CARTESIAN_POINT('',(7.5,-83.));
#502 = ( GEOMETRIC_REPRESENTATION_CONTEXT(2) 
PARAMETRIC_REPRESENTATION_CONTEXT() REPRESENTATION_CONTEXT('2D SPACE',''
  ) );
#503 = PCURVE('',#504,#509);
#504 = PLANE('',#505);
#505 = AXIS2_PLACEMENT_3D('',#506,#507,#508);
#506 = CARTESIAN_POINT('',(83.,-1.,22.5));
#507 = DIRECTION('',(1.,0.,0.));
#508 = DIRECTION('',(0.,0.,1.));
#509 = DEFINITIONAL_REPRESENTATION('',(#510),#513);
#510 = B_SPLINE_CURVE_WITH_KNOTS('',1,(#511,#512),.UNSPECIFIED.,.F.,.F.,
  (2,2),(2.25,3.75),.PIECEWISE_BEZIER_KNOTS.);
#511 = CARTESIAN_POINT('',(1.5,-1.));
#512 = CARTESIAN_POINT('',(0.,-1.));
#513 = ( GEOMETRIC_REPRESENTATION_CONTEXT(2) 
PARAMETRIC_REPRESENTATION_CONTEXT() REPRESENTATION_CONTEXT('2D SPACE',''
  ) );
#514 = ORIENTED_EDGE('',*,*,#515,.T.);
#515 = EDGE_CURVE('',#490,#516,#518,.T.);
#516 = VERTEX_POINT('',#517);
#517 = CARTESIAN_POINT('',(142.,-8.881784197001E-16,24.));
#518 = SURFACE_CURVE('',#519,(#523,#530),.PCURVE_S1.);
#519 = LINE('',#520,#521);
#520 = CARTESIAN_POINT('',(0.,0.,24.));
#521 = VECTOR('',#522,1.);
#522 = DIRECTION('',(1.,0.,0.));
#523 = PCURVE('',#44,#524);
#524 = DEFINITIONAL_REPRESENTATION('',(#525),#529);
#525 = LINE('',#526,#527);
#526 = CARTESIAN_POINT('',(6.,0.));
#527 = VECTOR('',#528,1.);
#528 = DIRECTION('',(0.,-1.));
#529 = ( GEOMETRIC_REPRESENTATION_CONTEXT(2) 
PARAMETRIC_REPRESENTATION_CONTEXT() REPRESENTATION_CONTEXT('2D SPACE',''
  ) );
#530 = PCURVE('',#425,#531);
#531 = DEFINITIONAL_REPRESENTATION('',(#532),#536);
#532 = LINE('',#533,#534);
#533 = CARTESIAN_POINT('',(0.,0.));
#534 = VECTOR('',#535,1.);
#535 = DIRECTION('',(1.,0.));
#536 = ( GEOMETRIC_REPRESENTATION_CONTEXT(2) 
PARAMETRIC_REPRESENTATION_CONTEXT() REPRESENTATION_CONTEXT('2D SPACE',''
  ) );
#537 = ORIENTED_EDGE('',*,*,#538,.F.);
#538 = EDGE_CURVE('',#24,#516,#539,.T.);
#539 = SURFACE_CURVE('',#540,(#544,#551),.PCURVE_S1.);
#540 = LINE('',#541,#542);
#541 = CARTESIAN_POINT('',(142.,-1.7763568394E-15,0.));
#542 = VECTOR('',#543,1.);
#543 = DIRECTION('',(0.,0.,1.));
#544 = PCURVE('',#44,#545);
#545 = DEFINITIONAL_REPRESENTATION('',(#546),#550);
#546 = LINE('',#547,#548);
#547 = CARTESIAN_POINT('',(30.,-142.));
#548 = VECTOR('',#549,1.);
#549 = DIRECTION('',(-1.,0.));
#550 = ( GEOMETRIC_REPRESENTATION_CONTEXT(2) 
PARAMETRIC_REPRESENTATION_CONTEXT() REPRESENTATION_CONTEXT('2D SPACE',''
  ) );
#551 = PCURVE('',#73,#552);
#552 = DEFINITIONAL_REPRESENTATION('',(#553),#557);
#553 = LINE('',#554,#555);
#554 = CARTESIAN_POINT('',(0.,0.));
#555 = VECTOR('',#556,1.);
#556 = DIRECTION('',(0.,1.));
#557 = ( GEOMETRIC_REPRESENTATION_CONTEXT(2) 
PARAMETRIC_REPRESENTATION_CONTEXT() REPRESENTATION_CONTEXT('2D SPACE',''
  ) );
#558 = ADVANCED_FACE('',(#559),#246,.T.);
#559 = FACE_BOUND('',#560,.F.);
#560 = EDGE_LOOP('',(#561,#562,#563,#586));
#561 = ORIENTED_EDGE('',*,*,#386,.F.);
#562 = ORIENTED_EDGE('',*,*,#227,.T.);
#563 = ORIENTED_EDGE('',*,*,#564,.T.);
#564 = EDGE_CURVE('',#200,#565,#567,.T.);
#565 = VERTEX_POINT('',#566);
#566 = CARTESIAN_POINT('',(-8.881784197001E-16,8.,24.));
#567 = SURFACE_CURVE('',#568,(#572,#579),.PCURVE_S1.);
#568 = LINE('',#569,#570);
#569 = CARTESIAN_POINT('',(-1.7763568394E-15,8.,0.));
#570 = VECTOR('',#571,1.);
#571 = DIRECTION('',(0.,0.,1.));
#572 = PCURVE('',#246,#573);
#573 = DEFINITIONAL_REPRESENTATION('',(#574),#578);
#574 = LINE('',#575,#576);
#575 = CARTESIAN_POINT('',(-1.570796326795,0.));
#576 = VECTOR('',#577,1.);
#577 = DIRECTION('',(-0.,1.));
#578 = ( GEOMETRIC_REPRESENTATION_CONTEXT(2) 
PARAMETRIC_REPRESENTATION_CONTEXT() REPRESENTATION_CONTEXT('2D SPACE',''
  ) );
#579 = PCURVE('',#215,#580);
#580 = DEFINITIONAL_REPRESENTATION('',(#581),#585);
#581 = LINE('',#582,#583);
#582 = CARTESIAN_POINT('',(-19.46929338831,69.209474163815));
#583 = VECTOR('',#584,1.);
#584 = DIRECTION('',(1.,0.));
#585 = ( GEOMETRIC_REPRESENTATION_CONTEXT(2) 
PARAMETRIC_REPRESENTATION_CONTEXT() REPRESENTATION_CONTEXT('2D SPACE',''
  ) );
#586 = ORIENTED_EDGE('',*,*,#587,.T.);
#587 = EDGE_CURVE('',#565,#387,#588,.T.);
#588 = SURFACE_CURVE('',#589,(#594,#601),.PCURVE_S1.);
#589 = CIRCLE('',#590,8.);
#590 = AXIS2_PLACEMENT_3D('',#591,#592,#593);
#591 = CARTESIAN_POINT('',(8.,8.,24.));
#592 = DIRECTION('',(0.,0.,1.));
#593 = DIRECTION('',(0.,-1.,0.));
#594 = PCURVE('',#246,#595);
#595 = DEFINITIONAL_REPRESENTATION('',(#596),#600);
#596 = LINE('',#597,#598);
#597 = CARTESIAN_POINT('',(-6.28318530718,24.));
#598 = VECTOR('',#599,1.);
#599 = DIRECTION('',(1.,-0.));
#600 = ( GEOMETRIC_REPRESENTATION_CONTEXT(2) 
PARAMETRIC_REPRESENTATION_CONTEXT() REPRESENTATION_CONTEXT('2D SPACE',''
  ) );
#601 = PCURVE('',#425,#602);
#602 = DEFINITIONAL_REPRESENTATION('',(#603),#607);
#603 = CIRCLE('',#604,8.);
#604 = AXIS2_PLACEMENT_2D('',#605,#606);
#605 = CARTESIAN_POINT('',(8.,8.));
#606 = DIRECTION('',(0.,-1.));
#607 = ( GEOMETRIC_REPRESENTATION_CONTEXT(2) 
PARAMETRIC_REPRESENTATION_CONTEXT() REPRESENTATION_CONTEXT('2D SPACE',''
  ) );
#608 = ADVANCED_FACE('',(#609),#73,.T.);
#609 = FACE_BOUND('',#610,.T.);
#610 = EDGE_LOOP('',(#611,#612,#613,#636));
#611 = ORIENTED_EDGE('',*,*,#538,.F.);
#612 = ORIENTED_EDGE('',*,*,#56,.T.);
#613 = ORIENTED_EDGE('',*,*,#614,.T.);
#614 = EDGE_CURVE('',#57,#615,#617,.T.);
#615 = VERTEX_POINT('',#616);
#616 = CARTESIAN_POINT('',(150.,8.,24.));
#617 = SURFACE_CURVE('',#618,(#622,#629),.PCURVE_S1.);
#618 = LINE('',#619,#620);
#619 = CARTESIAN_POINT('',(150.,8.,0.));
#620 = VECTOR('',#621,1.);
#621 = DIRECTION('',(0.,0.,1.));
#622 = PCURVE('',#73,#623);
#623 = DEFINITIONAL_REPRESENTATION('',(#624),#628);
#624 = LINE('',#625,#626);
#625 = CARTESIAN_POINT('',(1.570796326795,0.));
#626 = VECTOR('',#627,1.);
#627 = DIRECTION('',(0.,1.));
#628 = ( GEOMETRIC_REPRESENTATION_CONTEXT(2) 
PARAMETRIC_REPRESENTATION_CONTEXT() REPRESENTATION_CONTEXT('2D SPACE',''
  ) );
#629 = PCURVE('',#101,#630);
#630 = DEFINITIONAL_REPRESENTATION('',(#631),#635);
#631 = LINE('',#632,#633);
#632 = CARTESIAN_POINT('',(-19.46929338831,69.209474163815));
#633 = VECTOR('',#634,1.);
#634 = DIRECTION('',(1.,0.));
#635 = ( GEOMETRIC_REPRESENTATION_CONTEXT(2) 
PARAMETRIC_REPRESENTATION_CONTEXT() REPRESENTATION_CONTEXT('2D SPACE',''
  ) );
#636 = ORIENTED_EDGE('',*,*,#637,.F.);
#637 = EDGE_CURVE('',#516,#615,#638,.T.);
#638 = SURFACE_CURVE('',#639,(#644,#651),.PCURVE_S1.);
#639 = CIRCLE('',#640,8.);
#640 = AXIS2_PLACEMENT_3D('',#641,#642,#643);
#641 = CARTESIAN_POINT('',(142.,8.,24.));
#642 = DIRECTION('',(0.,0.,1.));
#643 = DIRECTION('',(0.,-1.,0.));
#644 = PCURVE('',#73,#645);
#645 = DEFINITIONAL_REPRESENTATION('',(#646),#650);
#646 = LINE('',#647,#648);
#647 = CARTESIAN_POINT('',(0.,24.));
#648 = VECTOR('',#649,1.);
#649 = DIRECTION('',(1.,0.));
#650 = ( GEOMETRIC_REPRESENTATION_CONTEXT(2) 
PARAMETRIC_REPRESENTATION_CONTEXT() REPRESENTATION_CONTEXT('2D SPACE',''
  ) );
#651 = PCURVE('',#425,#652);
#652 = DEFINITIONAL_REPRESENTATION('',(#653),#657);
#653 = CIRCLE('',#654,8.);
#654 = AXIS2_PLACEMENT_2D('',#655,#656);
#655 = CARTESIAN_POINT('',(142.,8.));
#656 = DIRECTION('',(0.,-1.));
#657 = ( GEOMETRIC_REPRESENTATION_CONTEXT(2) 
PARAMETRIC_REPRESENTATION_CONTEXT() REPRESENTATION_CONTEXT('2D SPACE',''
  ) );
#658 = ADVANCED_FACE('',(#659,#707,#742,#777,#812,#847,#882,#917,#952,
    #987,#1022,#1057,#1092,#1127,#1162,#1197,#1232,#1267,#1302,#1337,
    #1372,#1407,#1442,#1477,#1512,#1547,#1582,#1617,#1652,#1687,#1722,
    #1757,#1792,#1827,#1862,#1897,#1932,#1967,#2002,#2037,#2072,#2107,
    #2142,#2177,#2212,#2247,#2282,#2317,#2352,#2387,#2422),#215,.F.);
#659 = FACE_BOUND('',#660,.F.);
#660 = EDGE_LOOP('',(#661,#662,#663,#686));
#661 = ORIENTED_EDGE('',*,*,#564,.F.);
#662 = ORIENTED_EDGE('',*,*,#199,.F.);
#663 = ORIENTED_EDGE('',*,*,#664,.T.);
#664 = EDGE_CURVE('',#171,#665,#667,.T.);
#665 = VERTEX_POINT('',#666);
#666 = CARTESIAN_POINT('',(-8.881784197001E-16,142.,24.));
#667 = SURFACE_CURVE('',#668,(#672,#679),.PCURVE_S1.);
#668 = LINE('',#669,#670);
#669 = CARTESIAN_POINT('',(-1.7763568394E-15,142.,0.));
#670 = VECTOR('',#671,1.);
#671 = DIRECTION('',(0.,0.,1.));
#672 = PCURVE('',#215,#673);
#673 = DEFINITIONAL_REPRESENTATION('',(#674),#678);
#674 = LINE('',#675,#676);
#675 = CARTESIAN_POINT('',(-19.46929338831,-64.79052583618));
#676 = VECTOR('',#677,1.);
#677 = DIRECTION('',(1.,0.));
#678 = ( GEOMETRIC_REPRESENTATION_CONTEXT(2) 
PARAMETRIC_REPRESENTATION_CONTEXT() REPRESENTATION_CONTEXT('2D SPACE',''
  ) );
#679 = PCURVE('',#187,#680);
#680 = DEFINITIONAL_REPRESENTATION('',(#681),#685);
#681 = LINE('',#682,#683);
#682 = CARTESIAN_POINT('',(1.570796326795,0.));
#683 = VECTOR('',#684,1.);
#684 = DIRECTION('',(0.,1.));
#685 = ( GEOMETRIC_REPRESENTATION_CONTEXT(2) 
PARAMETRIC_REPRESENTATION_CONTEXT() REPRESENTATION_CONTEXT('2D SPACE',''
  ) );
#686 = ORIENTED_EDGE('',*,*,#687,.F.);
#687 = EDGE_CURVE('',#565,#665,#688,.T.);
#688 = SURFACE_CURVE('',#689,(#693,#700),.PCURVE_S1.);
#689 = LINE('',#690,#691);
#690 = CARTESIAN_POINT('',(0.,0.,24.));
#691 = VECTOR('',#692,1.);
#692 = DIRECTION('',(0.,1.,0.));
#693 = PCURVE('',#215,#694);
#694 = DEFINITIONAL_REPRESENTATION('',(#695),#699);
#695 = LINE('',#696,#697);
#696 = CARTESIAN_POINT('',(4.530706611684,77.209474163815));
#697 = VECTOR('',#698,1.);
#698 = DIRECTION('',(0.,-1.));
#699 = ( GEOMETRIC_REPRESENTATION_CONTEXT(2) 
PARAMETRIC_REPRESENTATION_CONTEXT() REPRESENTATION_CONTEXT('2D SPACE',''
  ) );
#700 = PCURVE('',#425,#701);
#701 = DEFINITIONAL_REPRESENTATION('',(#702),#706);
#702 = LINE('',#703,#704);
#703 = CARTESIAN_POINT('',(0.,0.));
#704 = VECTOR('',#705,1.);
#705 = DIRECTION('',(0.,1.));
#706 = ( GEOMETRIC_REPRESENTATION_CONTEXT(2) 
PARAMETRIC_REPRESENTATION_CONTEXT() REPRESENTATION_CONTEXT('2D SPACE',''
  ) );
#707 = FACE_BOUND('',#708,.F.);
#708 = EDGE_LOOP('',(#709));
#709 = ORIENTED_EDGE('',*,*,#710,.T.);
#710 = EDGE_CURVE('',#711,#711,#713,.T.);
#711 = VERTEX_POINT('',#712);
#712 = CARTESIAN_POINT('',(0.,134.2,9.));
#713 = SURFACE_CURVE('',#714,(#719,#730),.PCURVE_S1.);
#714 = CIRCLE('',#715,1.2);
#715 = AXIS2_PLACEMENT_3D('',#716,#717,#718);
#716 = CARTESIAN_POINT('',(0.,133.,9.));
#717 = DIRECTION('',(-1.,0.,0.));
#718 = DIRECTION('',(0.,1.,0.));
#719 = PCURVE('',#215,#720);
#720 = DEFINITIONAL_REPRESENTATION('',(#721),#729);
#721 = ( BOUNDED_CURVE() B_SPLINE_CURVE(2,(#722,#723,#724,#725,#726,#727
,#728),.UNSPECIFIED.,.T.,.F.) B_SPLINE_CURVE_WITH_KNOTS((1,2,2,2,2,1),(
    -2.094395102393,0.,2.094395102393,4.188790204786,6.28318530718,
8.377580409573),.UNSPECIFIED.) CURVE() GEOMETRIC_REPRESENTATION_ITEM() 
RATIONAL_B_SPLINE_CURVE((1.,0.5,1.,0.5,1.,0.5,1.)) REPRESENTATION_ITEM(
  '') );
#722 = CARTESIAN_POINT('',(-10.46929338831,-56.99052583618));
#723 = CARTESIAN_POINT('',(-12.54775435739,-56.99052583618));
#724 = CARTESIAN_POINT('',(-11.50852387285,-55.19052583618));
#725 = CARTESIAN_POINT('',(-10.46929338831,-53.39052583618));
#726 = CARTESIAN_POINT('',(-9.430062903775,-55.19052583618));
#727 = CARTESIAN_POINT('',(-8.390832419233,-56.99052583618));
#728 = CARTESIAN_POINT('',(-10.46929338831,-56.99052583618));
#729 = ( GEOMETRIC_REPRESENTATION_CONTEXT(2) 
PARAMETRIC_REPRESENTATION_CONTEXT() REPRESENTATION_CONTEXT('2D SPACE',''
  ) );
#730 = PCURVE('',#731,#736);
#731 = CYLINDRICAL_SURFACE('',#732,1.2);
#732 = AXIS2_PLACEMENT_3D('',#733,#734,#735);
#733 = CARTESIAN_POINT('',(-1.,133.,9.));
#734 = DIRECTION('',(-1.,-0.,-0.));
#735 = DIRECTION('',(0.,1.,0.));
#736 = DEFINITIONAL_REPRESENTATION('',(#737),#741);
#737 = LINE('',#738,#739);
#738 = CARTESIAN_POINT('',(-6.28318530718,-1.));
#739 = VECTOR('',#740,1.);
#740 = DIRECTION('',(1.,-0.));
#741 = ( GEOMETRIC_REPRESENTATION_CONTEXT(2) 
PARAMETRIC_REPRESENTATION_CONTEXT() REPRESENTATION_CONTEXT('2D SPACE',''
  ) );
#742 = FACE_BOUND('',#743,.F.);
#743 = EDGE_LOOP('',(#744));
#744 = ORIENTED_EDGE('',*,*,#745,.T.);
#745 = EDGE_CURVE('',#746,#746,#748,.T.);
#746 = VERTEX_POINT('',#747);
#747 = CARTESIAN_POINT('',(0.,128.7,9.));
#748 = SURFACE_CURVE('',#749,(#754,#765),.PCURVE_S1.);
#749 = CIRCLE('',#750,1.2);
#750 = AXIS2_PLACEMENT_3D('',#751,#752,#753);
#751 = CARTESIAN_POINT('',(0.,127.5,9.));
#752 = DIRECTION('',(-1.,0.,0.));
#753 = DIRECTION('',(0.,1.,0.));
#754 = PCURVE('',#215,#755);
#755 = DEFINITIONAL_REPRESENTATION('',(#756),#764);
#756 = ( BOUNDED_CURVE() B_SPLINE_CURVE(2,(#757,#758,#759,#760,#761,#762
,#763),.UNSPECIFIED.,.T.,.F.) B_SPLINE_CURVE_WITH_KNOTS((1,2,2,2,2,1),(
    -2.094395102393,0.,2.094395102393,4.188790204786,6.28318530718,
8.377580409573),.UNSPECIFIED.) CURVE() GEOMETRIC_REPRESENTATION_ITEM() 
RATIONAL_B_SPLINE_CURVE((1.,0.5,1.,0.5,1.,0.5,1.)) REPRESENTATION_ITEM(
  '') );
#757 = CARTESIAN_POINT('',(-10.46929338831,-51.49052583618));
#758 = CARTESIAN_POINT('',(-12.54775435739,-51.49052583618));
#759 = CARTESIAN_POINT('',(-11.50852387285,-49.69052583618));
#760 = CARTESIAN_POINT('',(-10.46929338831,-47.89052583618));
#761 = CARTESIAN_POINT('',(-9.430062903775,-49.69052583618));
#762 = CARTESIAN_POINT('',(-8.390832419233,-51.49052583618));
#763 = CARTESIAN_POINT('',(-10.46929338831,-51.49052583618));
#764 = ( GEOMETRIC_REPRESENTATION_CONTEXT(2) 
PARAMETRIC_REPRESENTATION_CONTEXT() REPRESENTATION_CONTEXT('2D SPACE',''
  ) );
#765 = PCURVE('',#766,#771);
#766 = CYLINDRICAL_SURFACE('',#767,1.2);
#767 = AXIS2_PLACEMENT_3D('',#768,#769,#770);
#768 = CARTESIAN_POINT('',(-1.,127.5,9.));
#769 = DIRECTION('',(-1.,-0.,-0.));
#770 = DIRECTION('',(0.,1.,0.));
#771 = DEFINITIONAL_REPRESENTATION('',(#772),#776);
#772 = LINE('',#773,#774);
#773 = CARTESIAN_POINT('',(-6.28318530718,-1.));
#774 = VECTOR('',#775,1.);
#775 = DIRECTION('',(1.,-0.));
#776 = ( GEOMETRIC_REPRESENTATION_CONTEXT(2) 
PARAMETRIC_REPRESENTATION_CONTEXT() REPRESENTATION_CONTEXT('2D SPACE',''
  ) );
#777 = FACE_BOUND('',#778,.F.);
#778 = EDGE_LOOP('',(#779));
#779 = ORIENTED_EDGE('',*,*,#780,.T.);
#780 = EDGE_CURVE('',#781,#781,#783,.T.);
#781 = VERTEX_POINT('',#782);
#782 = CARTESIAN_POINT('',(0.,123.2,9.));
#783 = SURFACE_CURVE('',#784,(#789,#800),.PCURVE_S1.);
#784 = CIRCLE('',#785,1.2);
#785 = AXIS2_PLACEMENT_3D('',#786,#787,#788);
#786 = CARTESIAN_POINT('',(0.,122.,9.));
#787 = DIRECTION('',(-1.,0.,0.));
#788 = DIRECTION('',(0.,1.,0.));
#789 = PCURVE('',#215,#790);
#790 = DEFINITIONAL_REPRESENTATION('',(#791),#799);
#791 = ( BOUNDED_CURVE() B_SPLINE_CURVE(2,(#792,#793,#794,#795,#796,#797
,#798),.UNSPECIFIED.,.T.,.F.) B_SPLINE_CURVE_WITH_KNOTS((1,2,2,2,2,1),(
    -2.094395102393,0.,2.094395102393,4.188790204786,6.28318530718,
8.377580409573),.UNSPECIFIED.) CURVE() GEOMETRIC_REPRESENTATION_ITEM() 
RATIONAL_B_SPLINE_CURVE((1.,0.5,1.,0.5,1.,0.5,1.)) REPRESENTATION_ITEM(
  '') );
#792 = CARTESIAN_POINT('',(-10.46929338831,-45.99052583618));
#793 = CARTESIAN_POINT('',(-12.54775435739,-45.99052583618));
#794 = CARTESIAN_POINT('',(-11.50852387285,-44.19052583618));
#795 = CARTESIAN_POINT('',(-10.46929338831,-42.39052583618));
#796 = CARTESIAN_POINT('',(-9.430062903775,-44.19052583618));
#797 = CARTESIAN_POINT('',(-8.390832419233,-45.99052583618));
#798 = CARTESIAN_POINT('',(-10.46929338831,-45.99052583618));
#799 = ( GEOMETRIC_REPRESENTATION_CONTEXT(2) 
PARAMETRIC_REPRESENTATION_CONTEXT() REPRESENTATION_CONTEXT('2D SPACE',''
  ) );
#800 = PCURVE('',#801,#806);
#801 = CYLINDRICAL_SURFACE('',#802,1.2);
#802 = AXIS2_PLACEMENT_3D('',#803,#804,#805);
#803 = CARTESIAN_POINT('',(-1.,122.,9.));
#804 = DIRECTION('',(-1.,-0.,-0.));
#805 = DIRECTION('',(0.,1.,0.));
#806 = DEFINITIONAL_REPRESENTATION('',(#807),#811);
#807 = LINE('',#808,#809);
#808 = CARTESIAN_POINT('',(-6.28318530718,-1.));
#809 = VECTOR('',#810,1.);
#810 = DIRECTION('',(1.,-0.));
#811 = ( GEOMETRIC_REPRESENTATION_CONTEXT(2) 
PARAMETRIC_REPRESENTATION_CONTEXT() REPRESENTATION_CONTEXT('2D SPACE',''
  ) );
#812 = FACE_BOUND('',#813,.F.);
#813 = EDGE_LOOP('',(#814));
#814 = ORIENTED_EDGE('',*,*,#815,.T.);
#815 = EDGE_CURVE('',#816,#816,#818,.T.);
#816 = VERTEX_POINT('',#817);
#817 = CARTESIAN_POINT('',(0.,117.7,9.));
#818 = SURFACE_CURVE('',#819,(#824,#835),.PCURVE_S1.);
#819 = CIRCLE('',#820,1.2);
#820 = AXIS2_PLACEMENT_3D('',#821,#822,#823);
#821 = CARTESIAN_POINT('',(0.,116.5,9.));
#822 = DIRECTION('',(-1.,0.,0.));
#823 = DIRECTION('',(0.,1.,0.));
#824 = PCURVE('',#215,#825);
#825 = DEFINITIONAL_REPRESENTATION('',(#826),#834);
#826 = ( BOUNDED_CURVE() B_SPLINE_CURVE(2,(#827,#828,#829,#830,#831,#832
,#833),.UNSPECIFIED.,.T.,.F.) B_SPLINE_CURVE_WITH_KNOTS((1,2,2,2,2,1),(
    -2.094395102393,0.,2.094395102393,4.188790204786,6.28318530718,
8.377580409573),.UNSPECIFIED.) CURVE() GEOMETRIC_REPRESENTATION_ITEM() 
RATIONAL_B_SPLINE_CURVE((1.,0.5,1.,0.5,1.,0.5,1.)) REPRESENTATION_ITEM(
  '') );
#827 = CARTESIAN_POINT('',(-10.46929338831,-40.49052583618));
#828 = CARTESIAN_POINT('',(-12.54775435739,-40.49052583618));
#829 = CARTESIAN_POINT('',(-11.50852387285,-38.69052583618));
#830 = CARTESIAN_POINT('',(-10.46929338831,-36.89052583618));
#831 = CARTESIAN_POINT('',(-9.430062903775,-38.69052583618));
#832 = CARTESIAN_POINT('',(-8.390832419233,-40.49052583618));
#833 = CARTESIAN_POINT('',(-10.46929338831,-40.49052583618));
#834 = ( GEOMETRIC_REPRESENTATION_CONTEXT(2) 
PARAMETRIC_REPRESENTATION_CONTEXT() REPRESENTATION_CONTEXT('2D SPACE',''
  ) );
#835 = PCURVE('',#836,#841);
#836 = CYLINDRICAL_SURFACE('',#837,1.2);
#837 = AXIS2_PLACEMENT_3D('',#838,#839,#840);
#838 = CARTESIAN_POINT('',(-1.,116.5,9.));
#839 = DIRECTION('',(-1.,-0.,-0.));
#840 = DIRECTION('',(0.,1.,0.));
#841 = DEFINITIONAL_REPRESENTATION('',(#842),#846);
#842 = LINE('',#843,#844);
#843 = CARTESIAN_POINT('',(-6.28318530718,-1.));
#844 = VECTOR('',#845,1.);
#845 = DIRECTION('',(1.,-0.));
#846 = ( GEOMETRIC_REPRESENTATION_CONTEXT(2) 
PARAMETRIC_REPRESENTATION_CONTEXT() REPRESENTATION_CONTEXT('2D SPACE',''
  ) );
#847 = FACE_BOUND('',#848,.F.);
#848 = EDGE_LOOP('',(#849));
#849 = ORIENTED_EDGE('',*,*,#850,.T.);
#850 = EDGE_CURVE('',#851,#851,#853,.T.);
#851 = VERTEX_POINT('',#852);
#852 = CARTESIAN_POINT('',(0.,112.2,9.));
#853 = SURFACE_CURVE('',#854,(#859,#870),.PCURVE_S1.);
#854 = CIRCLE('',#855,1.2);
#855 = AXIS2_PLACEMENT_3D('',#856,#857,#858);
#856 = CARTESIAN_POINT('',(0.,111.,9.));
#857 = DIRECTION('',(-1.,0.,0.));
#858 = DIRECTION('',(0.,1.,0.));
#859 = PCURVE('',#215,#860);
#860 = DEFINITIONAL_REPRESENTATION('',(#861),#869);
#861 = ( BOUNDED_CURVE() B_SPLINE_CURVE(2,(#862,#863,#864,#865,#866,#867
,#868),.UNSPECIFIED.,.T.,.F.) B_SPLINE_CURVE_WITH_KNOTS((1,2,2,2,2,1),(
    -2.094395102393,0.,2.094395102393,4.188790204786,6.28318530718,
8.377580409573),.UNSPECIFIED.) CURVE() GEOMETRIC_REPRESENTATION_ITEM() 
RATIONAL_B_SPLINE_CURVE((1.,0.5,1.,0.5,1.,0.5,1.)) REPRESENTATION_ITEM(
  '') );
#862 = CARTESIAN_POINT('',(-10.46929338831,-34.99052583618));
#863 = CARTESIAN_POINT('',(-12.54775435739,-34.99052583618));
#864 = CARTESIAN_POINT('',(-11.50852387285,-33.19052583618));
#865 = CARTESIAN_POINT('',(-10.46929338831,-31.39052583618));
#866 = CARTESIAN_POINT('',(-9.430062903775,-33.19052583618));
#867 = CARTESIAN_POINT('',(-8.390832419233,-34.99052583618));
#868 = CARTESIAN_POINT('',(-10.46929338831,-34.99052583618));
#869 = ( GEOMETRIC_REPRESENTATION_CONTEXT(2) 
PARAMETRIC_REPRESENTATION_CONTEXT() REPRESENTATION_CONTEXT('2D SPACE',''
  ) );
#870 = PCURVE('',#871,#876);
#871 = CYLINDRICAL_SURFACE('',#872,1.2);
#872 = AXIS2_PLACEMENT_3D('',#873,#874,#875);
#873 = CARTESIAN_POINT('',(-1.,111.,9.));
#874 = DIRECTION('',(-1.,-0.,-0.));
#875 = DIRECTION('',(0.,1.,0.));
#876 = DEFINITIONAL_REPRESENTATION('',(#877),#881);
#877 = LINE('',#878,#879);
#878 = CARTESIAN_POINT('',(-6.28318530718,-1.));
#879 = VECTOR('',#880,1.);
#880 = DIRECTION('',(1.,-0.));
#881 = ( GEOMETRIC_REPRESENTATION_CONTEXT(2) 
PARAMETRIC_REPRESENTATION_CONTEXT() REPRESENTATION_CONTEXT('2D SPACE',''
  ) );
#882 = FACE_BOUND('',#883,.F.);
#883 = EDGE_LOOP('',(#884));
#884 = ORIENTED_EDGE('',*,*,#885,.T.);
#885 = EDGE_CURVE('',#886,#886,#888,.T.);
#886 = VERTEX_POINT('',#887);
#887 = CARTESIAN_POINT('',(0.,136.95,14.));
#888 = SURFACE_CURVE('',#889,(#894,#905),.PCURVE_S1.);
#889 = CIRCLE('',#890,1.2);
#890 = AXIS2_PLACEMENT_3D('',#891,#892,#893);
#891 = CARTESIAN_POINT('',(0.,135.75,14.));
#892 = DIRECTION('',(-1.,0.,0.));
#893 = DIRECTION('',(0.,1.,0.));
#894 = PCURVE('',#215,#895);
#895 = DEFINITIONAL_REPRESENTATION('',(#896),#904);
#896 = ( BOUNDED_CURVE() B_SPLINE_CURVE(2,(#897,#898,#899,#900,#901,#902
,#903),.UNSPECIFIED.,.T.,.F.) B_SPLINE_CURVE_WITH_KNOTS((1,2,2,2,2,1),(
    -2.094395102393,0.,2.094395102393,4.188790204786,6.28318530718,
8.377580409573),.UNSPECIFIED.) CURVE() GEOMETRIC_REPRESENTATION_ITEM() 
RATIONAL_B_SPLINE_CURVE((1.,0.5,1.,0.5,1.,0.5,1.)) REPRESENTATION_ITEM(
  '') );
#897 = CARTESIAN_POINT('',(-5.469293388316,-59.74052583618));
#898 = CARTESIAN_POINT('',(-7.547754357398,-59.74052583618));
#899 = CARTESIAN_POINT('',(-6.508523872857,-57.94052583618));
#900 = CARTESIAN_POINT('',(-5.469293388316,-56.14052583618));
#901 = CARTESIAN_POINT('',(-4.430062903775,-57.94052583618));
#902 = CARTESIAN_POINT('',(-3.390832419233,-59.74052583618));
#903 = CARTESIAN_POINT('',(-5.469293388316,-59.74052583618));
#904 = ( GEOMETRIC_REPRESENTATION_CONTEXT(2) 
PARAMETRIC_REPRESENTATION_CONTEXT() REPRESENTATION_CONTEXT('2D SPACE',''
  ) );
#905 = PCURVE('',#906,#911);
#906 = CYLINDRICAL_SURFACE('',#907,1.2);
#907 = AXIS2_PLACEMENT_3D('',#908,#909,#910);
#908 = CARTESIAN_POINT('',(-1.,135.75,14.));
#909 = DIRECTION('',(-1.,-0.,-0.));
#910 = DIRECTION('',(0.,1.,0.));
#911 = DEFINITIONAL_REPRESENTATION('',(#912),#916);
#912 = LINE('',#913,#914);
#913 = CARTESIAN_POINT('',(-6.28318530718,-1.));
#914 = VECTOR('',#915,1.);
#915 = DIRECTION('',(1.,-0.));
#916 = ( GEOMETRIC_REPRESENTATION_CONTEXT(2) 
PARAMETRIC_REPRESENTATION_CONTEXT() REPRESENTATION_CONTEXT('2D SPACE',''
  ) );
#917 = FACE_BOUND('',#918,.F.);
#918 = EDGE_LOOP('',(#919));
#919 = ORIENTED_EDGE('',*,*,#920,.T.);
#920 = EDGE_CURVE('',#921,#921,#923,.T.);
#921 = VERTEX_POINT('',#922);
#922 = CARTESIAN_POINT('',(0.,131.45,14.));
#923 = SURFACE_CURVE('',#924,(#929,#940),.PCURVE_S1.);
#924 = CIRCLE('',#925,1.2);
#925 = AXIS2_PLACEMENT_3D('',#926,#927,#928);
#926 = CARTESIAN_POINT('',(0.,130.25,14.));
#927 = DIRECTION('',(-1.,0.,0.));
#928 = DIRECTION('',(0.,1.,0.));
#929 = PCURVE('',#215,#930);
#930 = DEFINITIONAL_REPRESENTATION('',(#931),#939);
#931 = ( BOUNDED_CURVE() B_SPLINE_CURVE(2,(#932,#933,#934,#935,#936,#937
,#938),.UNSPECIFIED.,.T.,.F.) B_SPLINE_CURVE_WITH_KNOTS((1,2,2,2,2,1),(
    -2.094395102393,0.,2.094395102393,4.188790204786,6.28318530718,
8.377580409573),.UNSPECIFIED.) CURVE() GEOMETRIC_REPRESENTATION_ITEM() 
RATIONAL_B_SPLINE_CURVE((1.,0.5,1.,0.5,1.,0.5,1.)) REPRESENTATION_ITEM(
  '') );
#932 = CARTESIAN_POINT('',(-5.469293388316,-54.24052583618));
#933 = CARTESIAN_POINT('',(-7.547754357398,-54.24052583618));
#934 = CARTESIAN_POINT('',(-6.508523872857,-52.44052583618));
#935 = CARTESIAN_POINT('',(-5.469293388316,-50.64052583618));
#936 = CARTESIAN_POINT('',(-4.430062903775,-52.44052583618));
#937 = CARTESIAN_POINT('',(-3.390832419233,-54.24052583618));
#938 = CARTESIAN_POINT('',(-5.469293388316,-54.24052583618));
#939 = ( GEOMETRIC_REPRESENTATION_CONTEXT(2) 
PARAMETRIC_REPRESENTATION_CONTEXT() REPRESENTATION_CONTEXT('2D SPACE',''
  ) );
#940 = PCURVE('',#941,#946);
#941 = CYLINDRICAL_SURFACE('',#942,1.2);
#942 = AXIS2_PLACEMENT_3D('',#943,#944,#945);
#943 = CARTESIAN_POINT('',(-1.,130.25,14.));
#944 = DIRECTION('',(-1.,-0.,-0.));
#945 = DIRECTION('',(0.,1.,0.));
#946 = DEFINITIONAL_REPRESENTATION('',(#947),#951);
#947 = LINE('',#948,#949);
#948 = CARTESIAN_POINT('',(-6.28318530718,-1.));
#949 = VECTOR('',#950,1.);
#950 = DIRECTION('',(1.,-0.));
#951 = ( GEOMETRIC_REPRESENTATION_CONTEXT(2) 
PARAMETRIC_REPRESENTATION_CONTEXT() REPRESENTATION_CONTEXT('2D SPACE',''
  ) );
#952 = FACE_BOUND('',#953,.F.);
#953 = EDGE_LOOP('',(#954));
#954 = ORIENTED_EDGE('',*,*,#955,.T.);
#955 = EDGE_CURVE('',#956,#956,#958,.T.);
#956 = VERTEX_POINT('',#957);
#957 = CARTESIAN_POINT('',(0.,125.95,14.));
#958 = SURFACE_CURVE('',#959,(#964,#975),.PCURVE_S1.);
#959 = CIRCLE('',#960,1.2);
#960 = AXIS2_PLACEMENT_3D('',#961,#962,#963);
#961 = CARTESIAN_POINT('',(0.,124.75,14.));
#962 = DIRECTION('',(-1.,0.,0.));
#963 = DIRECTION('',(0.,1.,0.));
#964 = PCURVE('',#215,#965);
#965 = DEFINITIONAL_REPRESENTATION('',(#966),#974);
#966 = ( BOUNDED_CURVE() B_SPLINE_CURVE(2,(#967,#968,#969,#970,#971,#972
,#973),.UNSPECIFIED.,.T.,.F.) B_SPLINE_CURVE_WITH_KNOTS((1,2,2,2,2,1),(
    -2.094395102393,0.,2.094395102393,4.188790204786,6.28318530718,
8.377580409573),.UNSPECIFIED.) CURVE() GEOMETRIC_REPRESENTATION_ITEM() 
RATIONAL_B_SPLINE_CURVE((1.,0.5,1.,0.5,1.,0.5,1.)) REPRESENTATION_ITEM(
  '') );
#967 = CARTESIAN_POINT('',(-5.469293388316,-48.74052583618));
#968 = CARTESIAN_POINT('',(-7.547754357398,-48.74052583618));
#969 = CARTESIAN_POINT('',(-6.508523872857,-46.94052583618));
#970 = CARTESIAN_POINT('',(-5.469293388316,-45.14052583618));
#971 = CARTESIAN_POINT('',(-4.430062903775,-46.94052583618));
#972 = CARTESIAN_POINT('',(-3.390832419233,-48.74052583618));
#973 = CARTESIAN_POINT('',(-5.469293388316,-48.74052583618));
#974 = ( GEOMETRIC_REPRESENTATION_CONTEXT(2) 
PARAMETRIC_REPRESENTATION_CONTEXT() REPRESENTATION_CONTEXT('2D SPACE',''
  ) );
#975 = PCURVE('',#976,#981);
#976 = CYLINDRICAL_SURFACE('',#977,1.2);
#977 = AXIS2_PLACEMENT_3D('',#978,#979,#980);
#978 = CARTESIAN_POINT('',(-1.,124.75,14.));
#979 = DIRECTION('',(-1.,-0.,-0.));
#980 = DIRECTION('',(0.,1.,0.));
#981 = DEFINITIONAL_REPRESENTATION('',(#982),#986);
#982 = LINE('',#983,#984);
#983 = CARTESIAN_POINT('',(-6.28318530718,-1.));
#984 = VECTOR('',#985,1.);
#985 = DIRECTION('',(1.,-0.));
#986 = ( GEOMETRIC_REPRESENTATION_CONTEXT(2) 
PARAMETRIC_REPRESENTATION_CONTEXT() REPRESENTATION_CONTEXT('2D SPACE',''
  ) );
#987 = FACE_BOUND('',#988,.F.);
#988 = EDGE_LOOP('',(#989));
#989 = ORIENTED_EDGE('',*,*,#990,.T.);
#990 = EDGE_CURVE('',#991,#991,#993,.T.);
#991 = VERTEX_POINT('',#992);
#992 = CARTESIAN_POINT('',(0.,120.45,14.));
#993 = SURFACE_CURVE('',#994,(#999,#1010),.PCURVE_S1.);
#994 = CIRCLE('',#995,1.2);
#995 = AXIS2_PLACEMENT_3D('',#996,#997,#998);
#996 = CARTESIAN_POINT('',(0.,119.25,14.));
#997 = DIRECTION('',(-1.,0.,0.));
#998 = DIRECTION('',(0.,1.,0.));
#999 = PCURVE('',#215,#1000);
#1000 = DEFINITIONAL_REPRESENTATION('',(#1001),#1009);
#1001 = ( BOUNDED_CURVE() B_SPLINE_CURVE(2,(#1002,#1003,#1004,#1005,
#1006,#1007,#1008),.UNSPECIFIED.,.T.,.F.) B_SPLINE_CURVE_WITH_KNOTS((1,2
    ,2,2,2,1),(-2.094395102393,0.,2.094395102393,4.188790204786,
6.28318530718,8.377580409573),.UNSPECIFIED.) CURVE() 
GEOMETRIC_REPRESENTATION_ITEM() RATIONAL_B_SPLINE_CURVE((1.,0.5,1.,0.5,
1.,0.5,1.)) REPRESENTATION_ITEM('') );
#1002 = CARTESIAN_POINT('',(-5.469293388316,-43.24052583618));
#1003 = CARTESIAN_POINT('',(-7.547754357398,-43.24052583618));
#1004 = CARTESIAN_POINT('',(-6.508523872857,-41.44052583618));
#1005 = CARTESIAN_POINT('',(-5.469293388316,-39.64052583618));
#1006 = CARTESIAN_POINT('',(-4.430062903775,-41.44052583618));
#1007 = CARTESIAN_POINT('',(-3.390832419233,-43.24052583618));
#1008 = CARTESIAN_POINT('',(-5.469293388316,-43.24052583618));
#1009 = ( GEOMETRIC_REPRESENTATION_CONTEXT(2) 
PARAMETRIC_REPRESENTATION_CONTEXT() REPRESENTATION_CONTEXT('2D SPACE',''
  ) );
#1010 = PCURVE('',#1011,#1016);
#1011 = CYLINDRICAL_SURFACE('',#1012,1.2);
#1012 = AXIS2_PLACEMENT_3D('',#1013,#1014,#1015);
#1013 = CARTESIAN_POINT('',(-1.,119.25,14.));
#1014 = DIRECTION('',(-1.,-0.,-0.));
#1015 = DIRECTION('',(0.,1.,0.));
#1016 = DEFINITIONAL_REPRESENTATION('',(#1017),#1021);
#1017 = LINE('',#1018,#1019);
#1018 = CARTESIAN_POINT('',(-6.28318530718,-1.));
#1019 = VECTOR('',#1020,1.);
#1020 = DIRECTION('',(1.,-0.));
#1021 = ( GEOMETRIC_REPRESENTATION_CONTEXT(2) 
PARAMETRIC_REPRESENTATION_CONTEXT() REPRESENTATION_CONTEXT('2D SPACE',''
  ) );
#1022 = FACE_BOUND('',#1023,.F.);
#1023 = EDGE_LOOP('',(#1024));
#1024 = ORIENTED_EDGE('',*,*,#1025,.T.);
#1025 = EDGE_CURVE('',#1026,#1026,#1028,.T.);
#1026 = VERTEX_POINT('',#1027);
#1027 = CARTESIAN_POINT('',(0.,114.95,14.));
#1028 = SURFACE_CURVE('',#1029,(#1034,#1045),.PCURVE_S1.);
#1029 = CIRCLE('',#1030,1.2);
#1030 = AXIS2_PLACEMENT_3D('',#1031,#1032,#1033);
#1031 = CARTESIAN_POINT('',(0.,113.75,14.));
#1032 = DIRECTION('',(-1.,0.,0.));
#1033 = DIRECTION('',(0.,1.,0.));
#1034 = PCURVE('',#215,#1035);
#1035 = DEFINITIONAL_REPRESENTATION('',(#1036),#1044);
#1036 = ( BOUNDED_CURVE() B_SPLINE_CURVE(2,(#1037,#1038,#1039,#1040,
#1041,#1042,#1043),.UNSPECIFIED.,.T.,.F.) B_SPLINE_CURVE_WITH_KNOTS((1,2
    ,2,2,2,1),(-2.094395102393,0.,2.094395102393,4.188790204786,
6.28318530718,8.377580409573),.UNSPECIFIED.) CURVE() 
GEOMETRIC_REPRESENTATION_ITEM() RATIONAL_B_SPLINE_CURVE((1.,0.5,1.,0.5,
1.,0.5,1.)) REPRESENTATION_ITEM('') );
#1037 = CARTESIAN_POINT('',(-5.469293388316,-37.74052583618));
#1038 = CARTESIAN_POINT('',(-7.547754357398,-37.74052583618));
#1039 = CARTESIAN_POINT('',(-6.508523872857,-35.94052583618));
#1040 = CARTESIAN_POINT('',(-5.469293388316,-34.14052583618));
#1041 = CARTESIAN_POINT('',(-4.430062903775,-35.94052583618));
#1042 = CARTESIAN_POINT('',(-3.390832419233,-37.74052583618));
#1043 = CARTESIAN_POINT('',(-5.469293388316,-37.74052583618));
#1044 = ( GEOMETRIC_REPRESENTATION_CONTEXT(2) 
PARAMETRIC_REPRESENTATION_CONTEXT() REPRESENTATION_CONTEXT('2D SPACE',''
  ) );
#1045 = PCURVE('',#1046,#1051);
#1046 = CYLINDRICAL_SURFACE('',#1047,1.2);
#1047 = AXIS2_PLACEMENT_3D('',#1048,#1049,#1050);
#1048 = CARTESIAN_POINT('',(-1.,113.75,14.));
#1049 = DIRECTION('',(-1.,-0.,-0.));
#1050 = DIRECTION('',(0.,1.,0.));
#1051 = DEFINITIONAL_REPRESENTATION('',(#1052),#1056);
#1052 = LINE('',#1053,#1054);
#1053 = CARTESIAN_POINT('',(-6.28318530718,-1.));
#1054 = VECTOR('',#1055,1.);
#1055 = DIRECTION('',(1.,-0.));
#1056 = ( GEOMETRIC_REPRESENTATION_CONTEXT(2) 
PARAMETRIC_REPRESENTATION_CONTEXT() REPRESENTATION_CONTEXT('2D SPACE',''
  ) );
#1057 = FACE_BOUND('',#1058,.F.);
#1058 = EDGE_LOOP('',(#1059));
#1059 = ORIENTED_EDGE('',*,*,#1060,.T.);
#1060 = EDGE_CURVE('',#1061,#1061,#1063,.T.);
#1061 = VERTEX_POINT('',#1062);
#1062 = CARTESIAN_POINT('',(0.,109.45,14.));
#1063 = SURFACE_CURVE('',#1064,(#1069,#1080),.PCURVE_S1.);
#1064 = CIRCLE('',#1065,1.2);
#1065 = AXIS2_PLACEMENT_3D('',#1066,#1067,#1068);
#1066 = CARTESIAN_POINT('',(0.,108.25,14.));
#1067 = DIRECTION('',(-1.,0.,0.));
#1068 = DIRECTION('',(0.,1.,0.));
#1069 = PCURVE('',#215,#1070);
#1070 = DEFINITIONAL_REPRESENTATION('',(#1071),#1079);
#1071 = ( BOUNDED_CURVE() B_SPLINE_CURVE(2,(#1072,#1073,#1074,#1075,
#1076,#1077,#1078),.UNSPECIFIED.,.T.,.F.) B_SPLINE_CURVE_WITH_KNOTS((1,2
    ,2,2,2,1),(-2.094395102393,0.,2.094395102393,4.188790204786,
6.28318530718,8.377580409573),.UNSPECIFIED.) CURVE() 
GEOMETRIC_REPRESENTATION_ITEM() RATIONAL_B_SPLINE_CURVE((1.,0.5,1.,0.5,
1.,0.5,1.)) REPRESENTATION_ITEM('') );
#1072 = CARTESIAN_POINT('',(-5.469293388316,-32.24052583618));
#1073 = CARTESIAN_POINT('',(-7.547754357398,-32.24052583618));
#1074 = CARTESIAN_POINT('',(-6.508523872857,-30.44052583618));
#1075 = CARTESIAN_POINT('',(-5.469293388316,-28.64052583618));
#1076 = CARTESIAN_POINT('',(-4.430062903775,-30.44052583618));
#1077 = CARTESIAN_POINT('',(-3.390832419233,-32.24052583618));
#1078 = CARTESIAN_POINT('',(-5.469293388316,-32.24052583618));
#1079 = ( GEOMETRIC_REPRESENTATION_CONTEXT(2) 
PARAMETRIC_REPRESENTATION_CONTEXT() REPRESENTATION_CONTEXT('2D SPACE',''
  ) );
#1080 = PCURVE('',#1081,#1086);
#1081 = CYLINDRICAL_SURFACE('',#1082,1.2);
#1082 = AXIS2_PLACEMENT_3D('',#1083,#1084,#1085);
#1083 = CARTESIAN_POINT('',(-1.,108.25,14.));
#1084 = DIRECTION('',(-1.,-0.,-0.));
#1085 = DIRECTION('',(0.,1.,0.));
#1086 = DEFINITIONAL_REPRESENTATION('',(#1087),#1091);
#1087 = LINE('',#1088,#1089);
#1088 = CARTESIAN_POINT('',(-6.28318530718,-1.));
#1089 = VECTOR('',#1090,1.);
#1090 = DIRECTION('',(1.,-0.));
#1091 = ( GEOMETRIC_REPRESENTATION_CONTEXT(2) 
PARAMETRIC_REPRESENTATION_CONTEXT() REPRESENTATION_CONTEXT('2D SPACE',''
  ) );
#1092 = FACE_BOUND('',#1093,.F.);
#1093 = EDGE_LOOP('',(#1094));
#1094 = ORIENTED_EDGE('',*,*,#1095,.T.);
#1095 = EDGE_CURVE('',#1096,#1096,#1098,.T.);
#1096 = VERTEX_POINT('',#1097);
#1097 = CARTESIAN_POINT('',(0.,106.7,9.));
#1098 = SURFACE_CURVE('',#1099,(#1104,#1115),.PCURVE_S1.);
#1099 = CIRCLE('',#1100,1.2);
#1100 = AXIS2_PLACEMENT_3D('',#1101,#1102,#1103);
#1101 = CARTESIAN_POINT('',(0.,105.5,9.));
#1102 = DIRECTION('',(-1.,0.,0.));
#1103 = DIRECTION('',(0.,1.,0.));
#1104 = PCURVE('',#215,#1105);
#1105 = DEFINITIONAL_REPRESENTATION('',(#1106),#1114);
#1106 = ( BOUNDED_CURVE() B_SPLINE_CURVE(2,(#1107,#1108,#1109,#1110,
#1111,#1112,#1113),.UNSPECIFIED.,.T.,.F.) B_SPLINE_CURVE_WITH_KNOTS((1,2
    ,2,2,2,1),(-2.094395102393,0.,2.094395102393,4.188790204786,
6.28318530718,8.377580409573),.UNSPECIFIED.) CURVE() 
GEOMETRIC_REPRESENTATION_ITEM() RATIONAL_B_SPLINE_CURVE((1.,0.5,1.,0.5,
1.,0.5,1.)) REPRESENTATION_ITEM('') );
#1107 = CARTESIAN_POINT('',(-10.46929338831,-29.49052583618));
#1108 = CARTESIAN_POINT('',(-12.54775435739,-29.49052583618));
#1109 = CARTESIAN_POINT('',(-11.50852387285,-27.69052583618));
#1110 = CARTESIAN_POINT('',(-10.46929338831,-25.89052583618));
#1111 = CARTESIAN_POINT('',(-9.430062903775,-27.69052583618));
#1112 = CARTESIAN_POINT('',(-8.390832419233,-29.49052583618));
#1113 = CARTESIAN_POINT('',(-10.46929338831,-29.49052583618));
#1114 = ( GEOMETRIC_REPRESENTATION_CONTEXT(2) 
PARAMETRIC_REPRESENTATION_CONTEXT() REPRESENTATION_CONTEXT('2D SPACE',''
  ) );
#1115 = PCURVE('',#1116,#1121);
#1116 = CYLINDRICAL_SURFACE('',#1117,1.2);
#1117 = AXIS2_PLACEMENT_3D('',#1118,#1119,#1120);
#1118 = CARTESIAN_POINT('',(-1.,105.5,9.));
#1119 = DIRECTION('',(-1.,-0.,-0.));
#1120 = DIRECTION('',(0.,1.,0.));
#1121 = DEFINITIONAL_REPRESENTATION('',(#1122),#1126);
#1122 = LINE('',#1123,#1124);
#1123 = CARTESIAN_POINT('',(-6.28318530718,-1.));
#1124 = VECTOR('',#1125,1.);
#1125 = DIRECTION('',(1.,-0.));
#1126 = ( GEOMETRIC_REPRESENTATION_CONTEXT(2) 
PARAMETRIC_REPRESENTATION_CONTEXT() REPRESENTATION_CONTEXT('2D SPACE',''
  ) );
#1127 = FACE_BOUND('',#1128,.F.);
#1128 = EDGE_LOOP('',(#1129));
#1129 = ORIENTED_EDGE('',*,*,#1130,.T.);
#1130 = EDGE_CURVE('',#1131,#1131,#1133,.T.);
#1131 = VERTEX_POINT('',#1132);
#1132 = CARTESIAN_POINT('',(0.,101.2,9.));
#1133 = SURFACE_CURVE('',#1134,(#1139,#1150),.PCURVE_S1.);
#1134 = CIRCLE('',#1135,1.2);
#1135 = AXIS2_PLACEMENT_3D('',#1136,#1137,#1138);
#1136 = CARTESIAN_POINT('',(0.,100.,9.));
#1137 = DIRECTION('',(-1.,0.,0.));
#1138 = DIRECTION('',(0.,1.,0.));
#1139 = PCURVE('',#215,#1140);
#1140 = DEFINITIONAL_REPRESENTATION('',(#1141),#1149);
#1141 = ( BOUNDED_CURVE() B_SPLINE_CURVE(2,(#1142,#1143,#1144,#1145,
#1146,#1147,#1148),.UNSPECIFIED.,.T.,.F.) B_SPLINE_CURVE_WITH_KNOTS((1,2
    ,2,2,2,1),(-2.094395102393,0.,2.094395102393,4.188790204786,
6.28318530718,8.377580409573),.UNSPECIFIED.) CURVE() 
GEOMETRIC_REPRESENTATION_ITEM() RATIONAL_B_SPLINE_CURVE((1.,0.5,1.,0.5,
1.,0.5,1.)) REPRESENTATION_ITEM('') );
#1142 = CARTESIAN_POINT('',(-10.46929338831,-23.99052583618));
#1143 = CARTESIAN_POINT('',(-12.54775435739,-23.99052583618));
#1144 = CARTESIAN_POINT('',(-11.50852387285,-22.19052583618));
#1145 = CARTESIAN_POINT('',(-10.46929338831,-20.39052583618));
#1146 = CARTESIAN_POINT('',(-9.430062903775,-22.19052583618));
#1147 = CARTESIAN_POINT('',(-8.390832419233,-23.99052583618));
#1148 = CARTESIAN_POINT('',(-10.46929338831,-23.99052583618));
#1149 = ( GEOMETRIC_REPRESENTATION_CONTEXT(2) 
PARAMETRIC_REPRESENTATION_CONTEXT() REPRESENTATION_CONTEXT('2D SPACE',''
  ) );
#1150 = PCURVE('',#1151,#1156);
#1151 = CYLINDRICAL_SURFACE('',#1152,1.2);
#1152 = AXIS2_PLACEMENT_3D('',#1153,#1154,#1155);
#1153 = CARTESIAN_POINT('',(-1.,100.,9.));
#1154 = DIRECTION('',(-1.,-0.,-0.));
#1155 = DIRECTION('',(0.,1.,0.));
#1156 = DEFINITIONAL_REPRESENTATION('',(#1157),#1161);
#1157 = LINE('',#1158,#1159);
#1158 = CARTESIAN_POINT('',(-6.28318530718,-1.));
#1159 = VECTOR('',#1160,1.);
#1160 = DIRECTION('',(1.,-0.));
#1161 = ( GEOMETRIC_REPRESENTATION_CONTEXT(2) 
PARAMETRIC_REPRESENTATION_CONTEXT() REPRESENTATION_CONTEXT('2D SPACE',''
  ) );
#1162 = FACE_BOUND('',#1163,.F.);
#1163 = EDGE_LOOP('',(#1164));
#1164 = ORIENTED_EDGE('',*,*,#1165,.T.);
#1165 = EDGE_CURVE('',#1166,#1166,#1168,.T.);
#1166 = VERTEX_POINT('',#1167);
#1167 = CARTESIAN_POINT('',(0.,103.95,14.));
#1168 = SURFACE_CURVE('',#1169,(#1174,#1185),.PCURVE_S1.);
#1169 = CIRCLE('',#1170,1.2);
#1170 = AXIS2_PLACEMENT_3D('',#1171,#1172,#1173);
#1171 = CARTESIAN_POINT('',(0.,102.75,14.));
#1172 = DIRECTION('',(-1.,0.,0.));
#1173 = DIRECTION('',(0.,1.,0.));
#1174 = PCURVE('',#215,#1175);
#1175 = DEFINITIONAL_REPRESENTATION('',(#1176),#1184);
#1176 = ( BOUNDED_CURVE() B_SPLINE_CURVE(2,(#1177,#1178,#1179,#1180,
#1181,#1182,#1183),.UNSPECIFIED.,.T.,.F.) B_SPLINE_CURVE_WITH_KNOTS((1,2
    ,2,2,2,1),(-2.094395102393,0.,2.094395102393,4.188790204786,
6.28318530718,8.377580409573),.UNSPECIFIED.) CURVE() 
GEOMETRIC_REPRESENTATION_ITEM() RATIONAL_B_SPLINE_CURVE((1.,0.5,1.,0.5,
1.,0.5,1.)) REPRESENTATION_ITEM('') );
#1177 = CARTESIAN_POINT('',(-5.469293388316,-26.74052583618));
#1178 = CARTESIAN_POINT('',(-7.547754357398,-26.74052583618));
#1179 = CARTESIAN_POINT('',(-6.508523872857,-24.94052583618));
#1180 = CARTESIAN_POINT('',(-5.469293388316,-23.14052583618));
#1181 = CARTESIAN_POINT('',(-4.430062903775,-24.94052583618));
#1182 = CARTESIAN_POINT('',(-3.390832419233,-26.74052583618));
#1183 = CARTESIAN_POINT('',(-5.469293388316,-26.74052583618));
#1184 = ( GEOMETRIC_REPRESENTATION_CONTEXT(2) 
PARAMETRIC_REPRESENTATION_CONTEXT() REPRESENTATION_CONTEXT('2D SPACE',''
  ) );
#1185 = PCURVE('',#1186,#1191);
#1186 = CYLINDRICAL_SURFACE('',#1187,1.2);
#1187 = AXIS2_PLACEMENT_3D('',#1188,#1189,#1190);
#1188 = CARTESIAN_POINT('',(-1.,102.75,14.));
#1189 = DIRECTION('',(-1.,-0.,-0.));
#1190 = DIRECTION('',(0.,1.,0.));
#1191 = DEFINITIONAL_REPRESENTATION('',(#1192),#1196);
#1192 = LINE('',#1193,#1194);
#1193 = CARTESIAN_POINT('',(-6.28318530718,-1.));
#1194 = VECTOR('',#1195,1.);
#1195 = DIRECTION('',(1.,-0.));
#1196 = ( GEOMETRIC_REPRESENTATION_CONTEXT(2) 
PARAMETRIC_REPRESENTATION_CONTEXT() REPRESENTATION_CONTEXT('2D SPACE',''
  ) );
#1197 = FACE_BOUND('',#1198,.F.);
#1198 = EDGE_LOOP('',(#1199));
#1199 = ORIENTED_EDGE('',*,*,#1200,.T.);
#1200 = EDGE_CURVE('',#1201,#1201,#1203,.T.);
#1201 = VERTEX_POINT('',#1202);
#1202 = CARTESIAN_POINT('',(0.,81.5,13.339745962156));
#1203 = SURFACE_CURVE('',#1204,(#1209,#1220),.PCURVE_S1.);
#1204 = CIRCLE('',#1205,1.5);
#1205 = AXIS2_PLACEMENT_3D('',#1206,#1207,#1208);
#1206 = CARTESIAN_POINT('',(0.,80.,13.339745962156));
#1207 = DIRECTION('',(-1.,0.,0.));
#1208 = DIRECTION('',(0.,1.,0.));
#1209 = PCURVE('',#215,#1210);
#1210 = DEFINITIONAL_REPRESENTATION('',(#1211),#1219);
#1211 = ( BOUNDED_CURVE() B_SPLINE_CURVE(2,(#1212,#1213,#1214,#1215,
#1216,#1217,#1218),.UNSPECIFIED.,.T.,.F.) B_SPLINE_CURVE_WITH_KNOTS((1,2
    ,2,2,2,1),(-2.094395102393,0.,2.094395102393,4.188790204786,
6.28318530718,8.377580409573),.UNSPECIFIED.) CURVE() 
GEOMETRIC_REPRESENTATION_ITEM() RATIONAL_B_SPLINE_CURVE((1.,0.5,1.,0.5,
1.,0.5,1.)) REPRESENTATION_ITEM('') );
#1212 = CARTESIAN_POINT('',(-6.12954742616,-4.290525836185));
#1213 = CARTESIAN_POINT('',(-8.727623637514,-4.290525836185));
#1214 = CARTESIAN_POINT('',(-7.428585531837,-2.040525836185));
#1215 = CARTESIAN_POINT('',(-6.12954742616,0.209474163815));
#1216 = CARTESIAN_POINT('',(-4.830509320484,-2.040525836185));
#1217 = CARTESIAN_POINT('',(-3.531471214807,-4.290525836185));
#1218 = CARTESIAN_POINT('',(-6.12954742616,-4.290525836185));
#1219 = ( GEOMETRIC_REPRESENTATION_CONTEXT(2) 
PARAMETRIC_REPRESENTATION_CONTEXT() REPRESENTATION_CONTEXT('2D SPACE',''
  ) );
#1220 = PCURVE('',#1221,#1226);
#1221 = CYLINDRICAL_SURFACE('',#1222,1.5);
#1222 = AXIS2_PLACEMENT_3D('',#1223,#1224,#1225);
#1223 = CARTESIAN_POINT('',(-1.,80.,13.339745962156));
#1224 = DIRECTION('',(-1.,-0.,-0.));
#1225 = DIRECTION('',(0.,1.,0.));
#1226 = DEFINITIONAL_REPRESENTATION('',(#1227),#1231);
#1227 = LINE('',#1228,#1229);
#1228 = CARTESIAN_POINT('',(-6.28318530718,-1.));
#1229 = VECTOR('',#1230,1.);
#1230 = DIRECTION('',(1.,-0.));
#1231 = ( GEOMETRIC_REPRESENTATION_CONTEXT(2) 
PARAMETRIC_REPRESENTATION_CONTEXT() REPRESENTATION_CONTEXT('2D SPACE',''
  ) );
#1232 = FACE_BOUND('',#1233,.F.);
#1233 = EDGE_LOOP('',(#1234));
#1234 = ORIENTED_EDGE('',*,*,#1235,.T.);
#1235 = EDGE_CURVE('',#1236,#1236,#1238,.T.);
#1236 = VERTEX_POINT('',#1237);
#1237 = CARTESIAN_POINT('',(0.,134.2,19.));
#1238 = SURFACE_CURVE('',#1239,(#1244,#1255),.PCURVE_S1.);
#1239 = CIRCLE('',#1240,1.2);
#1240 = AXIS2_PLACEMENT_3D('',#1241,#1242,#1243);
#1241 = CARTESIAN_POINT('',(0.,133.,19.));
#1242 = DIRECTION('',(-1.,0.,0.));
#1243 = DIRECTION('',(0.,1.,0.));
#1244 = PCURVE('',#215,#1245);
#1245 = DEFINITIONAL_REPRESENTATION('',(#1246),#1254);
#1246 = ( BOUNDED_CURVE() B_SPLINE_CURVE(2,(#1247,#1248,#1249,#1250,
#1251,#1252,#1253),.UNSPECIFIED.,.T.,.F.) B_SPLINE_CURVE_WITH_KNOTS((1,2
    ,2,2,2,1),(-2.094395102393,0.,2.094395102393,4.188790204786,
6.28318530718,8.377580409573),.UNSPECIFIED.) CURVE() 
GEOMETRIC_REPRESENTATION_ITEM() RATIONAL_B_SPLINE_CURVE((1.,0.5,1.,0.5,
1.,0.5,1.)) REPRESENTATION_ITEM('') );
#1247 = CARTESIAN_POINT('',(-0.469293388316,-56.99052583618));
#1248 = CARTESIAN_POINT('',(-2.547754357398,-56.99052583618));
#1249 = CARTESIAN_POINT('',(-1.508523872857,-55.19052583618));
#1250 = CARTESIAN_POINT('',(-0.469293388316,-53.39052583618));
#1251 = CARTESIAN_POINT('',(0.569937096225,-55.19052583618));
#1252 = CARTESIAN_POINT('',(1.609167580767,-56.99052583618));
#1253 = CARTESIAN_POINT('',(-0.469293388316,-56.99052583618));
#1254 = ( GEOMETRIC_REPRESENTATION_CONTEXT(2) 
PARAMETRIC_REPRESENTATION_CONTEXT() REPRESENTATION_CONTEXT('2D SPACE',''
  ) );
#1255 = PCURVE('',#1256,#1261);
#1256 = CYLINDRICAL_SURFACE('',#1257,1.2);
#1257 = AXIS2_PLACEMENT_3D('',#1258,#1259,#1260);
#1258 = CARTESIAN_POINT('',(-1.,133.,19.));
#1259 = DIRECTION('',(-1.,-0.,-0.));
#1260 = DIRECTION('',(0.,1.,0.));
#1261 = DEFINITIONAL_REPRESENTATION('',(#1262),#1266);
#1262 = LINE('',#1263,#1264);
#1263 = CARTESIAN_POINT('',(-6.28318530718,-1.));
#1264 = VECTOR('',#1265,1.);
#1265 = DIRECTION('',(1.,-0.));
#1266 = ( GEOMETRIC_REPRESENTATION_CONTEXT(2) 
PARAMETRIC_REPRESENTATION_CONTEXT() REPRESENTATION_CONTEXT('2D SPACE',''
  ) );
#1267 = FACE_BOUND('',#1268,.F.);
#1268 = EDGE_LOOP('',(#1269));
#1269 = ORIENTED_EDGE('',*,*,#1270,.T.);
#1270 = EDGE_CURVE('',#1271,#1271,#1273,.T.);
#1271 = VERTEX_POINT('',#1272);
#1272 = CARTESIAN_POINT('',(0.,128.7,19.));
#1273 = SURFACE_CURVE('',#1274,(#1279,#1290),.PCURVE_S1.);
#1274 = CIRCLE('',#1275,1.2);
#1275 = AXIS2_PLACEMENT_3D('',#1276,#1277,#1278);
#1276 = CARTESIAN_POINT('',(0.,127.5,19.));
#1277 = DIRECTION('',(-1.,0.,0.));
#1278 = DIRECTION('',(0.,1.,0.));
#1279 = PCURVE('',#215,#1280);
#1280 = DEFINITIONAL_REPRESENTATION('',(#1281),#1289);
#1281 = ( BOUNDED_CURVE() B_SPLINE_CURVE(2,(#1282,#1283,#1284,#1285,
#1286,#1287,#1288),.UNSPECIFIED.,.T.,.F.) B_SPLINE_CURVE_WITH_KNOTS((1,2
    ,2,2,2,1),(-2.094395102393,0.,2.094395102393,4.188790204786,
6.28318530718,8.377580409573),.UNSPECIFIED.) CURVE() 
GEOMETRIC_REPRESENTATION_ITEM() RATIONAL_B_SPLINE_CURVE((1.,0.5,1.,0.5,
1.,0.5,1.)) REPRESENTATION_ITEM('') );
#1282 = CARTESIAN_POINT('',(-0.469293388316,-51.49052583618));
#1283 = CARTESIAN_POINT('',(-2.547754357398,-51.49052583618));
#1284 = CARTESIAN_POINT('',(-1.508523872857,-49.69052583618));
#1285 = CARTESIAN_POINT('',(-0.469293388316,-47.89052583618));
#1286 = CARTESIAN_POINT('',(0.569937096225,-49.69052583618));
#1287 = CARTESIAN_POINT('',(1.609167580767,-51.49052583618));
#1288 = CARTESIAN_POINT('',(-0.469293388316,-51.49052583618));
#1289 = ( GEOMETRIC_REPRESENTATION_CONTEXT(2) 
PARAMETRIC_REPRESENTATION_CONTEXT() REPRESENTATION_CONTEXT('2D SPACE',''
  ) );
#1290 = PCURVE('',#1291,#1296);
#1291 = CYLINDRICAL_SURFACE('',#1292,1.2);
#1292 = AXIS2_PLACEMENT_3D('',#1293,#1294,#1295);
#1293 = CARTESIAN_POINT('',(-1.,127.5,19.));
#1294 = DIRECTION('',(-1.,-0.,-0.));
#1295 = DIRECTION('',(0.,1.,0.));
#1296 = DEFINITIONAL_REPRESENTATION('',(#1297),#1301);
#1297 = LINE('',#1298,#1299);
#1298 = CARTESIAN_POINT('',(-6.28318530718,-1.));
#1299 = VECTOR('',#1300,1.);
#1300 = DIRECTION('',(1.,-0.));
#1301 = ( GEOMETRIC_REPRESENTATION_CONTEXT(2) 
PARAMETRIC_REPRESENTATION_CONTEXT() REPRESENTATION_CONTEXT('2D SPACE',''
  ) );
#1302 = FACE_BOUND('',#1303,.F.);
#1303 = EDGE_LOOP('',(#1304));
#1304 = ORIENTED_EDGE('',*,*,#1305,.T.);
#1305 = EDGE_CURVE('',#1306,#1306,#1308,.T.);
#1306 = VERTEX_POINT('',#1307);
#1307 = CARTESIAN_POINT('',(0.,123.2,19.));
#1308 = SURFACE_CURVE('',#1309,(#1314,#1325),.PCURVE_S1.);
#1309 = CIRCLE('',#1310,1.2);
#1310 = AXIS2_PLACEMENT_3D('',#1311,#1312,#1313);
#1311 = CARTESIAN_POINT('',(0.,122.,19.));
#1312 = DIRECTION('',(-1.,0.,0.));
#1313 = DIRECTION('',(0.,1.,0.));
#1314 = PCURVE('',#215,#1315);
#1315 = DEFINITIONAL_REPRESENTATION('',(#1316),#1324);
#1316 = ( BOUNDED_CURVE() B_SPLINE_CURVE(2,(#1317,#1318,#1319,#1320,
#1321,#1322,#1323),.UNSPECIFIED.,.T.,.F.) B_SPLINE_CURVE_WITH_KNOTS((1,2
    ,2,2,2,1),(-2.094395102393,0.,2.094395102393,4.188790204786,
6.28318530718,8.377580409573),.UNSPECIFIED.) CURVE() 
GEOMETRIC_REPRESENTATION_ITEM() RATIONAL_B_SPLINE_CURVE((1.,0.5,1.,0.5,
1.,0.5,1.)) REPRESENTATION_ITEM('') );
#1317 = CARTESIAN_POINT('',(-0.469293388316,-45.99052583618));
#1318 = CARTESIAN_POINT('',(-2.547754357398,-45.99052583618));
#1319 = CARTESIAN_POINT('',(-1.508523872857,-44.19052583618));
#1320 = CARTESIAN_POINT('',(-0.469293388316,-42.39052583618));
#1321 = CARTESIAN_POINT('',(0.569937096225,-44.19052583618));
#1322 = CARTESIAN_POINT('',(1.609167580767,-45.99052583618));
#1323 = CARTESIAN_POINT('',(-0.469293388316,-45.99052583618));
#1324 = ( GEOMETRIC_REPRESENTATION_CONTEXT(2) 
PARAMETRIC_REPRESENTATION_CONTEXT() REPRESENTATION_CONTEXT('2D SPACE',''
  ) );
#1325 = PCURVE('',#1326,#1331);
#1326 = CYLINDRICAL_SURFACE('',#1327,1.2);
#1327 = AXIS2_PLACEMENT_3D('',#1328,#1329,#1330);
#1328 = CARTESIAN_POINT('',(-1.,122.,19.));
#1329 = DIRECTION('',(-1.,-0.,-0.));
#1330 = DIRECTION('',(0.,1.,0.));
#1331 = DEFINITIONAL_REPRESENTATION('',(#1332),#1336);
#1332 = LINE('',#1333,#1334);
#1333 = CARTESIAN_POINT('',(-6.28318530718,-1.));
#1334 = VECTOR('',#1335,1.);
#1335 = DIRECTION('',(1.,-0.));
#1336 = ( GEOMETRIC_REPRESENTATION_CONTEXT(2) 
PARAMETRIC_REPRESENTATION_CONTEXT() REPRESENTATION_CONTEXT('2D SPACE',''
  ) );
#1337 = FACE_BOUND('',#1338,.F.);
#1338 = EDGE_LOOP('',(#1339));
#1339 = ORIENTED_EDGE('',*,*,#1340,.T.);
#1340 = EDGE_CURVE('',#1341,#1341,#1343,.T.);
#1341 = VERTEX_POINT('',#1342);
#1342 = CARTESIAN_POINT('',(0.,117.7,19.));
#1343 = SURFACE_CURVE('',#1344,(#1349,#1360),.PCURVE_S1.);
#1344 = CIRCLE('',#1345,1.2);
#1345 = AXIS2_PLACEMENT_3D('',#1346,#1347,#1348);
#1346 = CARTESIAN_POINT('',(0.,116.5,19.));
#1347 = DIRECTION('',(-1.,0.,0.));
#1348 = DIRECTION('',(0.,1.,0.));
#1349 = PCURVE('',#215,#1350);
#1350 = DEFINITIONAL_REPRESENTATION('',(#1351),#1359);
#1351 = ( BOUNDED_CURVE() B_SPLINE_CURVE(2,(#1352,#1353,#1354,#1355,
#1356,#1357,#1358),.UNSPECIFIED.,.T.,.F.) B_SPLINE_CURVE_WITH_KNOTS((1,2
    ,2,2,2,1),(-2.094395102393,0.,2.094395102393,4.188790204786,
6.28318530718,8.377580409573),.UNSPECIFIED.) CURVE() 
GEOMETRIC_REPRESENTATION_ITEM() RATIONAL_B_SPLINE_CURVE((1.,0.5,1.,0.5,
1.,0.5,1.)) REPRESENTATION_ITEM('') );
#1352 = CARTESIAN_POINT('',(-0.469293388316,-40.49052583618));
#1353 = CARTESIAN_POINT('',(-2.547754357398,-40.49052583618));
#1354 = CARTESIAN_POINT('',(-1.508523872857,-38.69052583618));
#1355 = CARTESIAN_POINT('',(-0.469293388316,-36.89052583618));
#1356 = CARTESIAN_POINT('',(0.569937096225,-38.69052583618));
#1357 = CARTESIAN_POINT('',(1.609167580767,-40.49052583618));
#1358 = CARTESIAN_POINT('',(-0.469293388316,-40.49052583618));
#1359 = ( GEOMETRIC_REPRESENTATION_CONTEXT(2) 
PARAMETRIC_REPRESENTATION_CONTEXT() REPRESENTATION_CONTEXT('2D SPACE',''
  ) );
#1360 = PCURVE('',#1361,#1366);
#1361 = CYLINDRICAL_SURFACE('',#1362,1.2);
#1362 = AXIS2_PLACEMENT_3D('',#1363,#1364,#1365);
#1363 = CARTESIAN_POINT('',(-1.,116.5,19.));
#1364 = DIRECTION('',(-1.,-0.,-0.));
#1365 = DIRECTION('',(0.,1.,0.));
#1366 = DEFINITIONAL_REPRESENTATION('',(#1367),#1371);
#1367 = LINE('',#1368,#1369);
#1368 = CARTESIAN_POINT('',(-6.28318530718,-1.));
#1369 = VECTOR('',#1370,1.);
#1370 = DIRECTION('',(1.,-0.));
#1371 = ( GEOMETRIC_REPRESENTATION_CONTEXT(2) 
PARAMETRIC_REPRESENTATION_CONTEXT() REPRESENTATION_CONTEXT('2D SPACE',''
  ) );
#1372 = FACE_BOUND('',#1373,.F.);
#1373 = EDGE_LOOP('',(#1374));
#1374 = ORIENTED_EDGE('',*,*,#1375,.T.);
#1375 = EDGE_CURVE('',#1376,#1376,#1378,.T.);
#1376 = VERTEX_POINT('',#1377);
#1377 = CARTESIAN_POINT('',(0.,112.2,19.));
#1378 = SURFACE_CURVE('',#1379,(#1384,#1395),.PCURVE_S1.);
#1379 = CIRCLE('',#1380,1.2);
#1380 = AXIS2_PLACEMENT_3D('',#1381,#1382,#1383);
#1381 = CARTESIAN_POINT('',(0.,111.,19.));
#1382 = DIRECTION('',(-1.,0.,0.));
#1383 = DIRECTION('',(0.,1.,0.));
#1384 = PCURVE('',#215,#1385);
#1385 = DEFINITIONAL_REPRESENTATION('',(#1386),#1394);
#1386 = ( BOUNDED_CURVE() B_SPLINE_CURVE(2,(#1387,#1388,#1389,#1390,
#1391,#1392,#1393),.UNSPECIFIED.,.T.,.F.) B_SPLINE_CURVE_WITH_KNOTS((1,2
    ,2,2,2,1),(-2.094395102393,0.,2.094395102393,4.188790204786,
6.28318530718,8.377580409573),.UNSPECIFIED.) CURVE() 
GEOMETRIC_REPRESENTATION_ITEM() RATIONAL_B_SPLINE_CURVE((1.,0.5,1.,0.5,
1.,0.5,1.)) REPRESENTATION_ITEM('') );
#1387 = CARTESIAN_POINT('',(-0.469293388316,-34.99052583618));
#1388 = CARTESIAN_POINT('',(-2.547754357398,-34.99052583618));
#1389 = CARTESIAN_POINT('',(-1.508523872857,-33.19052583618));
#1390 = CARTESIAN_POINT('',(-0.469293388316,-31.39052583618));
#1391 = CARTESIAN_POINT('',(0.569937096225,-33.19052583618));
#1392 = CARTESIAN_POINT('',(1.609167580767,-34.99052583618));
#1393 = CARTESIAN_POINT('',(-0.469293388316,-34.99052583618));
#1394 = ( GEOMETRIC_REPRESENTATION_CONTEXT(2) 
PARAMETRIC_REPRESENTATION_CONTEXT() REPRESENTATION_CONTEXT('2D SPACE',''
  ) );
#1395 = PCURVE('',#1396,#1401);
#1396 = CYLINDRICAL_SURFACE('',#1397,1.2);
#1397 = AXIS2_PLACEMENT_3D('',#1398,#1399,#1400);
#1398 = CARTESIAN_POINT('',(-1.,111.,19.));
#1399 = DIRECTION('',(-1.,-0.,-0.));
#1400 = DIRECTION('',(0.,1.,0.));
#1401 = DEFINITIONAL_REPRESENTATION('',(#1402),#1406);
#1402 = LINE('',#1403,#1404);
#1403 = CARTESIAN_POINT('',(-6.28318530718,-1.));
#1404 = VECTOR('',#1405,1.);
#1405 = DIRECTION('',(1.,-0.));
#1406 = ( GEOMETRIC_REPRESENTATION_CONTEXT(2) 
PARAMETRIC_REPRESENTATION_CONTEXT() REPRESENTATION_CONTEXT('2D SPACE',''
  ) );
#1407 = FACE_BOUND('',#1408,.F.);
#1408 = EDGE_LOOP('',(#1409));
#1409 = ORIENTED_EDGE('',*,*,#1410,.T.);
#1410 = EDGE_CURVE('',#1411,#1411,#1413,.T.);
#1411 = VERTEX_POINT('',#1412);
#1412 = CARTESIAN_POINT('',(0.,106.7,19.));
#1413 = SURFACE_CURVE('',#1414,(#1419,#1430),.PCURVE_S1.);
#1414 = CIRCLE('',#1415,1.2);
#1415 = AXIS2_PLACEMENT_3D('',#1416,#1417,#1418);
#1416 = CARTESIAN_POINT('',(0.,105.5,19.));
#1417 = DIRECTION('',(-1.,0.,0.));
#1418 = DIRECTION('',(0.,1.,0.));
#1419 = PCURVE('',#215,#1420);
#1420 = DEFINITIONAL_REPRESENTATION('',(#1421),#1429);
#1421 = ( BOUNDED_CURVE() B_SPLINE_CURVE(2,(#1422,#1423,#1424,#1425,
#1426,#1427,#1428),.UNSPECIFIED.,.T.,.F.) B_SPLINE_CURVE_WITH_KNOTS((1,2
    ,2,2,2,1),(-2.094395102393,0.,2.094395102393,4.188790204786,
6.28318530718,8.377580409573),.UNSPECIFIED.) CURVE() 
GEOMETRIC_REPRESENTATION_ITEM() RATIONAL_B_SPLINE_CURVE((1.,0.5,1.,0.5,
1.,0.5,1.)) REPRESENTATION_ITEM('') );
#1422 = CARTESIAN_POINT('',(-0.469293388316,-29.49052583618));
#1423 = CARTESIAN_POINT('',(-2.547754357398,-29.49052583618));
#1424 = CARTESIAN_POINT('',(-1.508523872857,-27.69052583618));
#1425 = CARTESIAN_POINT('',(-0.469293388316,-25.89052583618));
#1426 = CARTESIAN_POINT('',(0.569937096225,-27.69052583618));
#1427 = CARTESIAN_POINT('',(1.609167580767,-29.49052583618));
#1428 = CARTESIAN_POINT('',(-0.469293388316,-29.49052583618));
#1429 = ( GEOMETRIC_REPRESENTATION_CONTEXT(2) 
PARAMETRIC_REPRESENTATION_CONTEXT() REPRESENTATION_CONTEXT('2D SPACE',''
  ) );
#1430 = PCURVE('',#1431,#1436);
#1431 = CYLINDRICAL_SURFACE('',#1432,1.2);
#1432 = AXIS2_PLACEMENT_3D('',#1433,#1434,#1435);
#1433 = CARTESIAN_POINT('',(-1.,105.5,19.));
#1434 = DIRECTION('',(-1.,-0.,-0.));
#1435 = DIRECTION('',(0.,1.,0.));
#1436 = DEFINITIONAL_REPRESENTATION('',(#1437),#1441);
#1437 = LINE('',#1438,#1439);
#1438 = CARTESIAN_POINT('',(-6.28318530718,-1.));
#1439 = VECTOR('',#1440,1.);
#1440 = DIRECTION('',(1.,-0.));
#1441 = ( GEOMETRIC_REPRESENTATION_CONTEXT(2) 
PARAMETRIC_REPRESENTATION_CONTEXT() REPRESENTATION_CONTEXT('2D SPACE',''
  ) );
#1442 = FACE_BOUND('',#1443,.F.);
#1443 = EDGE_LOOP('',(#1444));
#1444 = ORIENTED_EDGE('',*,*,#1445,.T.);
#1445 = EDGE_CURVE('',#1446,#1446,#1448,.T.);
#1446 = VERTEX_POINT('',#1447);
#1447 = CARTESIAN_POINT('',(0.,101.2,19.));
#1448 = SURFACE_CURVE('',#1449,(#1454,#1465),.PCURVE_S1.);
#1449 = CIRCLE('',#1450,1.2);
#1450 = AXIS2_PLACEMENT_3D('',#1451,#1452,#1453);
#1451 = CARTESIAN_POINT('',(0.,100.,19.));
#1452 = DIRECTION('',(-1.,0.,0.));
#1453 = DIRECTION('',(0.,1.,0.));
#1454 = PCURVE('',#215,#1455);
#1455 = DEFINITIONAL_REPRESENTATION('',(#1456),#1464);
#1456 = ( BOUNDED_CURVE() B_SPLINE_CURVE(2,(#1457,#1458,#1459,#1460,
#1461,#1462,#1463),.UNSPECIFIED.,.T.,.F.) B_SPLINE_CURVE_WITH_KNOTS((1,2
    ,2,2,2,1),(-2.094395102393,0.,2.094395102393,4.188790204786,
6.28318530718,8.377580409573),.UNSPECIFIED.) CURVE() 
GEOMETRIC_REPRESENTATION_ITEM() RATIONAL_B_SPLINE_CURVE((1.,0.5,1.,0.5,
1.,0.5,1.)) REPRESENTATION_ITEM('') );
#1457 = CARTESIAN_POINT('',(-0.469293388316,-23.99052583618));
#1458 = CARTESIAN_POINT('',(-2.547754357398,-23.99052583618));
#1459 = CARTESIAN_POINT('',(-1.508523872857,-22.19052583618));
#1460 = CARTESIAN_POINT('',(-0.469293388316,-20.39052583618));
#1461 = CARTESIAN_POINT('',(0.569937096225,-22.19052583618));
#1462 = CARTESIAN_POINT('',(1.609167580767,-23.99052583618));
#1463 = CARTESIAN_POINT('',(-0.469293388316,-23.99052583618));
#1464 = ( GEOMETRIC_REPRESENTATION_CONTEXT(2) 
PARAMETRIC_REPRESENTATION_CONTEXT() REPRESENTATION_CONTEXT('2D SPACE',''
  ) );
#1465 = PCURVE('',#1466,#1471);
#1466 = CYLINDRICAL_SURFACE('',#1467,1.2);
#1467 = AXIS2_PLACEMENT_3D('',#1468,#1469,#1470);
#1468 = CARTESIAN_POINT('',(-1.,100.,19.));
#1469 = DIRECTION('',(-1.,-0.,-0.));
#1470 = DIRECTION('',(0.,1.,0.));
#1471 = DEFINITIONAL_REPRESENTATION('',(#1472),#1476);
#1472 = LINE('',#1473,#1474);
#1473 = CARTESIAN_POINT('',(-6.28318530718,-1.));
#1474 = VECTOR('',#1475,1.);
#1475 = DIRECTION('',(1.,-0.));
#1476 = ( GEOMETRIC_REPRESENTATION_CONTEXT(2) 
PARAMETRIC_REPRESENTATION_CONTEXT() REPRESENTATION_CONTEXT('2D SPACE',''
  ) );
#1477 = FACE_BOUND('',#1478,.F.);
#1478 = EDGE_LOOP('',(#1479));
#1479 = ORIENTED_EDGE('',*,*,#1480,.T.);
#1480 = EDGE_CURVE('',#1481,#1481,#1483,.T.);
#1481 = VERTEX_POINT('',#1482);
#1482 = CARTESIAN_POINT('',(0.,85.160254037844,17.));
#1483 = SURFACE_CURVE('',#1484,(#1489,#1500),.PCURVE_S1.);
#1484 = CIRCLE('',#1485,1.5);
#1485 = AXIS2_PLACEMENT_3D('',#1486,#1487,#1488);
#1486 = CARTESIAN_POINT('',(0.,83.660254037844,17.));
#1487 = DIRECTION('',(-1.,0.,0.));
#1488 = DIRECTION('',(0.,1.,0.));
#1489 = PCURVE('',#215,#1490);
#1490 = DEFINITIONAL_REPRESENTATION('',(#1491),#1499);
#1491 = ( BOUNDED_CURVE() B_SPLINE_CURVE(2,(#1492,#1493,#1494,#1495,
#1496,#1497,#1498),.UNSPECIFIED.,.T.,.F.) B_SPLINE_CURVE_WITH_KNOTS((1,2
    ,2,2,2,1),(-2.094395102393,0.,2.094395102393,4.188790204786,
6.28318530718,8.377580409573),.UNSPECIFIED.) CURVE() 
GEOMETRIC_REPRESENTATION_ITEM() RATIONAL_B_SPLINE_CURVE((1.,0.5,1.,0.5,
1.,0.5,1.)) REPRESENTATION_ITEM('') );
#1492 = CARTESIAN_POINT('',(-2.469293388316,-7.95077987403));
#1493 = CARTESIAN_POINT('',(-5.067369599669,-7.95077987403));
#1494 = CARTESIAN_POINT('',(-3.768331493993,-5.70077987403));
#1495 = CARTESIAN_POINT('',(-2.469293388316,-3.45077987403));
#1496 = CARTESIAN_POINT('',(-1.170255282639,-5.70077987403));
#1497 = CARTESIAN_POINT('',(0.128782823037,-7.95077987403));
#1498 = CARTESIAN_POINT('',(-2.469293388316,-7.95077987403));
#1499 = ( GEOMETRIC_REPRESENTATION_CONTEXT(2) 
PARAMETRIC_REPRESENTATION_CONTEXT() REPRESENTATION_CONTEXT('2D SPACE',''
  ) );
#1500 = PCURVE('',#1501,#1506);
#1501 = CYLINDRICAL_SURFACE('',#1502,1.5);
#1502 = AXIS2_PLACEMENT_3D('',#1503,#1504,#1505);
#1503 = CARTESIAN_POINT('',(-1.,83.660254037844,17.));
#1504 = DIRECTION('',(-1.,-0.,-0.));
#1505 = DIRECTION('',(0.,1.,0.));
#1506 = DEFINITIONAL_REPRESENTATION('',(#1507),#1511);
#1507 = LINE('',#1508,#1509);
#1508 = CARTESIAN_POINT('',(-6.28318530718,-1.));
#1509 = VECTOR('',#1510,1.);
#1510 = DIRECTION('',(1.,-0.));
#1511 = ( GEOMETRIC_REPRESENTATION_CONTEXT(2) 
PARAMETRIC_REPRESENTATION_CONTEXT() REPRESENTATION_CONTEXT('2D SPACE',''
  ) );
#1512 = FACE_BOUND('',#1513,.F.);
#1513 = EDGE_LOOP('',(#1514));
#1514 = ORIENTED_EDGE('',*,*,#1515,.T.);
#1515 = EDGE_CURVE('',#1516,#1516,#1518,.T.);
#1516 = VERTEX_POINT('',#1517);
#1517 = CARTESIAN_POINT('',(0.,79.25,17.236860279186));
#1518 = SURFACE_CURVE('',#1519,(#1524,#1535),.PCURVE_S1.);
#1519 = CIRCLE('',#1520,1.5);
#1520 = AXIS2_PLACEMENT_3D('',#1521,#1522,#1523);
#1521 = CARTESIAN_POINT('',(0.,77.75,17.236860279186));
#1522 = DIRECTION('',(-1.,0.,0.));
#1523 = DIRECTION('',(0.,1.,0.));
#1524 = PCURVE('',#215,#1525);
#1525 = DEFINITIONAL_REPRESENTATION('',(#1526),#1534);
#1526 = ( BOUNDED_CURVE() B_SPLINE_CURVE(2,(#1527,#1528,#1529,#1530,
#1531,#1532,#1533),.UNSPECIFIED.,.T.,.F.) B_SPLINE_CURVE_WITH_KNOTS((1,2
    ,2,2,2,1),(-2.094395102393,0.,2.094395102393,4.188790204786,
6.28318530718,8.377580409573),.UNSPECIFIED.) CURVE() 
GEOMETRIC_REPRESENTATION_ITEM() RATIONAL_B_SPLINE_CURVE((1.,0.5,1.,0.5,
1.,0.5,1.)) REPRESENTATION_ITEM('') );
#1527 = CARTESIAN_POINT('',(-2.23243310913,-2.040525836185));
#1528 = CARTESIAN_POINT('',(-4.830509320484,-2.040525836185));
#1529 = CARTESIAN_POINT('',(-3.531471214807,0.209474163815));
#1530 = CARTESIAN_POINT('',(-2.23243310913,2.459474163815));
#1531 = CARTESIAN_POINT('',(-0.933395003454,0.209474163815));
#1532 = CARTESIAN_POINT('',(0.365643102223,-2.040525836185));
#1533 = CARTESIAN_POINT('',(-2.23243310913,-2.040525836185));
#1534 = ( GEOMETRIC_REPRESENTATION_CONTEXT(2) 
PARAMETRIC_REPRESENTATION_CONTEXT() REPRESENTATION_CONTEXT('2D SPACE',''
  ) );
#1535 = PCURVE('',#1536,#1541);
#1536 = CYLINDRICAL_SURFACE('',#1537,1.5);
#1537 = AXIS2_PLACEMENT_3D('',#1538,#1539,#1540);
#1538 = CARTESIAN_POINT('',(-1.,77.75,17.236860279186));
#1539 = DIRECTION('',(-1.,-0.,-0.));
#1540 = DIRECTION('',(0.,1.,0.));
#1541 = DEFINITIONAL_REPRESENTATION('',(#1542),#1546);
#1542 = LINE('',#1543,#1544);
#1543 = CARTESIAN_POINT('',(-6.28318530718,-1.));
#1544 = VECTOR('',#1545,1.);
#1545 = DIRECTION('',(1.,-0.));
#1546 = ( GEOMETRIC_REPRESENTATION_CONTEXT(2) 
PARAMETRIC_REPRESENTATION_CONTEXT() REPRESENTATION_CONTEXT('2D SPACE',''
  ) );
#1547 = FACE_BOUND('',#1548,.F.);
#1548 = EDGE_LOOP('',(#1549));
#1549 = ORIENTED_EDGE('',*,*,#1550,.T.);
#1550 = EDGE_CURVE('',#1551,#1551,#1553,.T.);
#1551 = VERTEX_POINT('',#1552);
#1552 = CARTESIAN_POINT('',(0.,86.5,22.));
#1553 = SURFACE_CURVE('',#1554,(#1559,#1570),.PCURVE_S1.);
#1554 = CIRCLE('',#1555,1.5);
#1555 = AXIS2_PLACEMENT_3D('',#1556,#1557,#1558);
#1556 = CARTESIAN_POINT('',(0.,85.,22.));
#1557 = DIRECTION('',(-1.,0.,0.));
#1558 = DIRECTION('',(0.,1.,0.));
#1559 = PCURVE('',#215,#1560);
#1560 = DEFINITIONAL_REPRESENTATION('',(#1561),#1569);
#1561 = ( BOUNDED_CURVE() B_SPLINE_CURVE(2,(#1562,#1563,#1564,#1565,
#1566,#1567,#1568),.UNSPECIFIED.,.T.,.F.) B_SPLINE_CURVE_WITH_KNOTS((1,2
    ,2,2,2,1),(-2.094395102393,0.,2.094395102393,4.188790204786,
6.28318530718,8.377580409573),.UNSPECIFIED.) CURVE() 
GEOMETRIC_REPRESENTATION_ITEM() RATIONAL_B_SPLINE_CURVE((1.,0.5,1.,0.5,
1.,0.5,1.)) REPRESENTATION_ITEM('') );
#1562 = CARTESIAN_POINT('',(2.530706611684,-9.290525836185));
#1563 = CARTESIAN_POINT('',(-6.736959966916E-02,-9.290525836185));
#1564 = CARTESIAN_POINT('',(1.231668506007,-7.040525836185));
#1565 = CARTESIAN_POINT('',(2.530706611684,-4.790525836185));
#1566 = CARTESIAN_POINT('',(3.829744717361,-7.040525836185));
#1567 = CARTESIAN_POINT('',(5.128782823037,-9.290525836185));
#1568 = CARTESIAN_POINT('',(2.530706611684,-9.290525836185));
#1569 = ( GEOMETRIC_REPRESENTATION_CONTEXT(2) 
PARAMETRIC_REPRESENTATION_CONTEXT() REPRESENTATION_CONTEXT('2D SPACE',''
  ) );
#1570 = PCURVE('',#1571,#1576);
#1571 = CYLINDRICAL_SURFACE('',#1572,1.5);
#1572 = AXIS2_PLACEMENT_3D('',#1573,#1574,#1575);
#1573 = CARTESIAN_POINT('',(-1.,85.,22.));
#1574 = DIRECTION('',(-1.,-0.,-0.));
#1575 = DIRECTION('',(0.,1.,0.));
#1576 = DEFINITIONAL_REPRESENTATION('',(#1577),#1581);
#1577 = LINE('',#1578,#1579);
#1578 = CARTESIAN_POINT('',(-6.28318530718,-1.));
#1579 = VECTOR('',#1580,1.);
#1580 = DIRECTION('',(1.,-0.));
#1581 = ( GEOMETRIC_REPRESENTATION_CONTEXT(2) 
PARAMETRIC_REPRESENTATION_CONTEXT() REPRESENTATION_CONTEXT('2D SPACE',''
  ) );
#1582 = FACE_BOUND('',#1583,.F.);
#1583 = EDGE_LOOP('',(#1584));
#1584 = ORIENTED_EDGE('',*,*,#1585,.T.);
#1585 = EDGE_CURVE('',#1586,#1586,#1588,.T.);
#1586 = VERTEX_POINT('',#1587);
#1587 = CARTESIAN_POINT('',(0.,82.,22.));
#1588 = SURFACE_CURVE('',#1589,(#1594,#1605),.PCURVE_S1.);
#1589 = CIRCLE('',#1590,1.5);
#1590 = AXIS2_PLACEMENT_3D('',#1591,#1592,#1593);
#1591 = CARTESIAN_POINT('',(0.,80.5,22.));
#1592 = DIRECTION('',(-1.,0.,0.));
#1593 = DIRECTION('',(0.,1.,0.));
#1594 = PCURVE('',#215,#1595);
#1595 = DEFINITIONAL_REPRESENTATION('',(#1596),#1604);
#1596 = ( BOUNDED_CURVE() B_SPLINE_CURVE(2,(#1597,#1598,#1599,#1600,
#1601,#1602,#1603),.UNSPECIFIED.,.T.,.F.) B_SPLINE_CURVE_WITH_KNOTS((1,2
    ,2,2,2,1),(-2.094395102393,0.,2.094395102393,4.188790204786,
6.28318530718,8.377580409573),.UNSPECIFIED.) CURVE() 
GEOMETRIC_REPRESENTATION_ITEM() RATIONAL_B_SPLINE_CURVE((1.,0.5,1.,0.5,
1.,0.5,1.)) REPRESENTATION_ITEM('') );
#1597 = CARTESIAN_POINT('',(2.530706611684,-4.790525836185));
#1598 = CARTESIAN_POINT('',(-6.736959966916E-02,-4.790525836185));
#1599 = CARTESIAN_POINT('',(1.231668506007,-2.540525836185));
#1600 = CARTESIAN_POINT('',(2.530706611684,-0.290525836185));
#1601 = CARTESIAN_POINT('',(3.829744717361,-2.540525836185));
#1602 = CARTESIAN_POINT('',(5.128782823037,-4.790525836185));
#1603 = CARTESIAN_POINT('',(2.530706611684,-4.790525836185));
#1604 = ( GEOMETRIC_REPRESENTATION_CONTEXT(2) 
PARAMETRIC_REPRESENTATION_CONTEXT() REPRESENTATION_CONTEXT('2D SPACE',''
  ) );
#1605 = PCURVE('',#1606,#1611);
#1606 = CYLINDRICAL_SURFACE('',#1607,1.5);
#1607 = AXIS2_PLACEMENT_3D('',#1608,#1609,#1610);
#1608 = CARTESIAN_POINT('',(-1.,80.5,22.));
#1609 = DIRECTION('',(-1.,-0.,-0.));
#1610 = DIRECTION('',(0.,1.,0.));
#1611 = DEFINITIONAL_REPRESENTATION('',(#1612),#1616);
#1612 = LINE('',#1613,#1614);
#1613 = CARTESIAN_POINT('',(-6.28318530718,-1.));
#1614 = VECTOR('',#1615,1.);
#1615 = DIRECTION('',(1.,-0.));
#1616 = ( GEOMETRIC_REPRESENTATION_CONTEXT(2) 
PARAMETRIC_REPRESENTATION_CONTEXT() REPRESENTATION_CONTEXT('2D SPACE',''
  ) );
#1617 = FACE_BOUND('',#1618,.F.);
#1618 = EDGE_LOOP('',(#1619));
#1619 = ORIENTED_EDGE('',*,*,#1620,.T.);
#1620 = EDGE_CURVE('',#1621,#1621,#1623,.T.);
#1621 = VERTEX_POINT('',#1622);
#1622 = CARTESIAN_POINT('',(0.,76.5,12.));
#1623 = SURFACE_CURVE('',#1624,(#1629,#1640),.PCURVE_S1.);
#1624 = CIRCLE('',#1625,1.5);
#1625 = AXIS2_PLACEMENT_3D('',#1626,#1627,#1628);
#1626 = CARTESIAN_POINT('',(0.,75.,12.));
#1627 = DIRECTION('',(-1.,0.,0.));
#1628 = DIRECTION('',(0.,1.,0.));
#1629 = PCURVE('',#215,#1630);
#1630 = DEFINITIONAL_REPRESENTATION('',(#1631),#1639);
#1631 = ( BOUNDED_CURVE() B_SPLINE_CURVE(2,(#1632,#1633,#1634,#1635,
#1636,#1637,#1638),.UNSPECIFIED.,.T.,.F.) B_SPLINE_CURVE_WITH_KNOTS((1,2
    ,2,2,2,1),(-2.094395102393,0.,2.094395102393,4.188790204786,
6.28318530718,8.377580409573),.UNSPECIFIED.) CURVE() 
GEOMETRIC_REPRESENTATION_ITEM() RATIONAL_B_SPLINE_CURVE((1.,0.5,1.,0.5,
1.,0.5,1.)) REPRESENTATION_ITEM('') );
#1632 = CARTESIAN_POINT('',(-7.469293388316,0.709474163815));
#1633 = CARTESIAN_POINT('',(-10.06736959966,0.709474163815));
#1634 = CARTESIAN_POINT('',(-8.768331493993,2.959474163815));
#1635 = CARTESIAN_POINT('',(-7.469293388316,5.209474163815));
#1636 = CARTESIAN_POINT('',(-6.170255282639,2.959474163815));
#1637 = CARTESIAN_POINT('',(-4.871217176963,0.709474163815));
#1638 = CARTESIAN_POINT('',(-7.469293388316,0.709474163815));
#1639 = ( GEOMETRIC_REPRESENTATION_CONTEXT(2) 
PARAMETRIC_REPRESENTATION_CONTEXT() REPRESENTATION_CONTEXT('2D SPACE',''
  ) );
#1640 = PCURVE('',#1641,#1646);
#1641 = CYLINDRICAL_SURFACE('',#1642,1.5);
#1642 = AXIS2_PLACEMENT_3D('',#1643,#1644,#1645);
#1643 = CARTESIAN_POINT('',(-1.,75.,12.));
#1644 = DIRECTION('',(-1.,-0.,-0.));
#1645 = DIRECTION('',(0.,1.,0.));
#1646 = DEFINITIONAL_REPRESENTATION('',(#1647),#1651);
#1647 = LINE('',#1648,#1649);
#1648 = CARTESIAN_POINT('',(-6.28318530718,-1.));
#1649 = VECTOR('',#1650,1.);
#1650 = DIRECTION('',(1.,-0.));
#1651 = ( GEOMETRIC_REPRESENTATION_CONTEXT(2) 
PARAMETRIC_REPRESENTATION_CONTEXT() REPRESENTATION_CONTEXT('2D SPACE',''
  ) );
#1652 = FACE_BOUND('',#1653,.F.);
#1653 = EDGE_LOOP('',(#1654));
#1654 = ORIENTED_EDGE('',*,*,#1655,.T.);
#1655 = EDGE_CURVE('',#1656,#1656,#1658,.T.);
#1656 = VERTEX_POINT('',#1657);
#1657 = CARTESIAN_POINT('',(0.,71.5,13.339745962156));
#1658 = SURFACE_CURVE('',#1659,(#1664,#1675),.PCURVE_S1.);
#1659 = CIRCLE('',#1660,1.5);
#1660 = AXIS2_PLACEMENT_3D('',#1661,#1662,#1663);
#1661 = CARTESIAN_POINT('',(0.,70.,13.339745962156));
#1662 = DIRECTION('',(-1.,0.,0.));
#1663 = DIRECTION('',(0.,1.,0.));
#1664 = PCURVE('',#215,#1665);
#1665 = DEFINITIONAL_REPRESENTATION('',(#1666),#1674);
#1666 = ( BOUNDED_CURVE() B_SPLINE_CURVE(2,(#1667,#1668,#1669,#1670,
#1671,#1672,#1673),.UNSPECIFIED.,.T.,.F.) B_SPLINE_CURVE_WITH_KNOTS((1,2
    ,2,2,2,1),(-2.094395102393,0.,2.094395102393,4.188790204786,
6.28318530718,8.377580409573),.UNSPECIFIED.) CURVE() 
GEOMETRIC_REPRESENTATION_ITEM() RATIONAL_B_SPLINE_CURVE((1.,0.5,1.,0.5,
1.,0.5,1.)) REPRESENTATION_ITEM('') );
#1667 = CARTESIAN_POINT('',(-6.12954742616,5.709474163815));
#1668 = CARTESIAN_POINT('',(-8.727623637514,5.709474163815));
#1669 = CARTESIAN_POINT('',(-7.428585531837,7.959474163815));
#1670 = CARTESIAN_POINT('',(-6.12954742616,10.209474163815));
#1671 = CARTESIAN_POINT('',(-4.830509320484,7.959474163815));
#1672 = CARTESIAN_POINT('',(-3.531471214807,5.709474163815));
#1673 = CARTESIAN_POINT('',(-6.12954742616,5.709474163815));
#1674 = ( GEOMETRIC_REPRESENTATION_CONTEXT(2) 
PARAMETRIC_REPRESENTATION_CONTEXT() REPRESENTATION_CONTEXT('2D SPACE',''
  ) );
#1675 = PCURVE('',#1676,#1681);
#1676 = CYLINDRICAL_SURFACE('',#1677,1.5);
#1677 = AXIS2_PLACEMENT_3D('',#1678,#1679,#1680);
#1678 = CARTESIAN_POINT('',(-1.,70.,13.339745962156));
#1679 = DIRECTION('',(-1.,-0.,-0.));
#1680 = DIRECTION('',(0.,1.,0.));
#1681 = DEFINITIONAL_REPRESENTATION('',(#1682),#1686);
#1682 = LINE('',#1683,#1684);
#1683 = CARTESIAN_POINT('',(-6.28318530718,-1.));
#1684 = VECTOR('',#1685,1.);
#1685 = DIRECTION('',(1.,-0.));
#1686 = ( GEOMETRIC_REPRESENTATION_CONTEXT(2) 
PARAMETRIC_REPRESENTATION_CONTEXT() REPRESENTATION_CONTEXT('2D SPACE',''
  ) );
#1687 = FACE_BOUND('',#1688,.F.);
#1688 = EDGE_LOOP('',(#1689));
#1689 = ORIENTED_EDGE('',*,*,#1690,.T.);
#1690 = EDGE_CURVE('',#1691,#1691,#1693,.T.);
#1691 = VERTEX_POINT('',#1692);
#1692 = CARTESIAN_POINT('',(0.,46.7,9.));
#1693 = SURFACE_CURVE('',#1694,(#1699,#1710),.PCURVE_S1.);
#1694 = CIRCLE('',#1695,1.2);
#1695 = AXIS2_PLACEMENT_3D('',#1696,#1697,#1698);
#1696 = CARTESIAN_POINT('',(0.,45.5,9.));
#1697 = DIRECTION('',(-1.,0.,0.));
#1698 = DIRECTION('',(0.,1.,0.));
#1699 = PCURVE('',#215,#1700);
#1700 = DEFINITIONAL_REPRESENTATION('',(#1701),#1709);
#1701 = ( BOUNDED_CURVE() B_SPLINE_CURVE(2,(#1702,#1703,#1704,#1705,
#1706,#1707,#1708),.UNSPECIFIED.,.T.,.F.) B_SPLINE_CURVE_WITH_KNOTS((1,2
    ,2,2,2,1),(-2.094395102393,0.,2.094395102393,4.188790204786,
6.28318530718,8.377580409573),.UNSPECIFIED.) CURVE() 
GEOMETRIC_REPRESENTATION_ITEM() RATIONAL_B_SPLINE_CURVE((1.,0.5,1.,0.5,
1.,0.5,1.)) REPRESENTATION_ITEM('') );
#1702 = CARTESIAN_POINT('',(-10.46929338831,30.509474163815));
#1703 = CARTESIAN_POINT('',(-12.54775435739,30.509474163815));
#1704 = CARTESIAN_POINT('',(-11.50852387285,32.309474163815));
#1705 = CARTESIAN_POINT('',(-10.46929338831,34.109474163815));
#1706 = CARTESIAN_POINT('',(-9.430062903775,32.309474163815));
#1707 = CARTESIAN_POINT('',(-8.390832419233,30.509474163815));
#1708 = CARTESIAN_POINT('',(-10.46929338831,30.509474163815));
#1709 = ( GEOMETRIC_REPRESENTATION_CONTEXT(2) 
PARAMETRIC_REPRESENTATION_CONTEXT() REPRESENTATION_CONTEXT('2D SPACE',''
  ) );
#1710 = PCURVE('',#1711,#1716);
#1711 = CYLINDRICAL_SURFACE('',#1712,1.2);
#1712 = AXIS2_PLACEMENT_3D('',#1713,#1714,#1715);
#1713 = CARTESIAN_POINT('',(-1.,45.5,9.));
#1714 = DIRECTION('',(-1.,-0.,-0.));
#1715 = DIRECTION('',(0.,1.,0.));
#1716 = DEFINITIONAL_REPRESENTATION('',(#1717),#1721);
#1717 = LINE('',#1718,#1719);
#1718 = CARTESIAN_POINT('',(-6.28318530718,-1.));
#1719 = VECTOR('',#1720,1.);
#1720 = DIRECTION('',(1.,-0.));
#1721 = ( GEOMETRIC_REPRESENTATION_CONTEXT(2) 
PARAMETRIC_REPRESENTATION_CONTEXT() REPRESENTATION_CONTEXT('2D SPACE',''
  ) );
#1722 = FACE_BOUND('',#1723,.F.);
#1723 = EDGE_LOOP('',(#1724));
#1724 = ORIENTED_EDGE('',*,*,#1725,.T.);
#1725 = EDGE_CURVE('',#1726,#1726,#1728,.T.);
#1726 = VERTEX_POINT('',#1727);
#1727 = CARTESIAN_POINT('',(0.,41.2,9.));
#1728 = SURFACE_CURVE('',#1729,(#1734,#1745),.PCURVE_S1.);
#1729 = CIRCLE('',#1730,1.2);
#1730 = AXIS2_PLACEMENT_3D('',#1731,#1732,#1733);
#1731 = CARTESIAN_POINT('',(0.,40.,9.));
#1732 = DIRECTION('',(-1.,0.,0.));
#1733 = DIRECTION('',(0.,1.,0.));
#1734 = PCURVE('',#215,#1735);
#1735 = DEFINITIONAL_REPRESENTATION('',(#1736),#1744);
#1736 = ( BOUNDED_CURVE() B_SPLINE_CURVE(2,(#1737,#1738,#1739,#1740,
#1741,#1742,#1743),.UNSPECIFIED.,.T.,.F.) B_SPLINE_CURVE_WITH_KNOTS((1,2
    ,2,2,2,1),(-2.094395102393,0.,2.094395102393,4.188790204786,
6.28318530718,8.377580409573),.UNSPECIFIED.) CURVE() 
GEOMETRIC_REPRESENTATION_ITEM() RATIONAL_B_SPLINE_CURVE((1.,0.5,1.,0.5,
1.,0.5,1.)) REPRESENTATION_ITEM('') );
#1737 = CARTESIAN_POINT('',(-10.46929338831,36.009474163815));
#1738 = CARTESIAN_POINT('',(-12.54775435739,36.009474163815));
#1739 = CARTESIAN_POINT('',(-11.50852387285,37.809474163815));
#1740 = CARTESIAN_POINT('',(-10.46929338831,39.609474163815));
#1741 = CARTESIAN_POINT('',(-9.430062903775,37.809474163815));
#1742 = CARTESIAN_POINT('',(-8.390832419233,36.009474163815));
#1743 = CARTESIAN_POINT('',(-10.46929338831,36.009474163815));
#1744 = ( GEOMETRIC_REPRESENTATION_CONTEXT(2) 
PARAMETRIC_REPRESENTATION_CONTEXT() REPRESENTATION_CONTEXT('2D SPACE',''
  ) );
#1745 = PCURVE('',#1746,#1751);
#1746 = CYLINDRICAL_SURFACE('',#1747,1.2);
#1747 = AXIS2_PLACEMENT_3D('',#1748,#1749,#1750);
#1748 = CARTESIAN_POINT('',(-1.,40.,9.));
#1749 = DIRECTION('',(-1.,-0.,-0.));
#1750 = DIRECTION('',(0.,1.,0.));
#1751 = DEFINITIONAL_REPRESENTATION('',(#1752),#1756);
#1752 = LINE('',#1753,#1754);
#1753 = CARTESIAN_POINT('',(-6.28318530718,-1.));
#1754 = VECTOR('',#1755,1.);
#1755 = DIRECTION('',(1.,-0.));
#1756 = ( GEOMETRIC_REPRESENTATION_CONTEXT(2) 
PARAMETRIC_REPRESENTATION_CONTEXT() REPRESENTATION_CONTEXT('2D SPACE',''
  ) );
#1757 = FACE_BOUND('',#1758,.F.);
#1758 = EDGE_LOOP('',(#1759));
#1759 = ORIENTED_EDGE('',*,*,#1760,.T.);
#1760 = EDGE_CURVE('',#1761,#1761,#1763,.T.);
#1761 = VERTEX_POINT('',#1762);
#1762 = CARTESIAN_POINT('',(0.,35.7,9.));
#1763 = SURFACE_CURVE('',#1764,(#1769,#1780),.PCURVE_S1.);
#1764 = CIRCLE('',#1765,1.2);
#1765 = AXIS2_PLACEMENT_3D('',#1766,#1767,#1768);
#1766 = CARTESIAN_POINT('',(0.,34.5,9.));
#1767 = DIRECTION('',(-1.,0.,0.));
#1768 = DIRECTION('',(0.,1.,0.));
#1769 = PCURVE('',#215,#1770);
#1770 = DEFINITIONAL_REPRESENTATION('',(#1771),#1779);
#1771 = ( BOUNDED_CURVE() B_SPLINE_CURVE(2,(#1772,#1773,#1774,#1775,
#1776,#1777,#1778),.UNSPECIFIED.,.T.,.F.) B_SPLINE_CURVE_WITH_KNOTS((1,2
    ,2,2,2,1),(-2.094395102393,0.,2.094395102393,4.188790204786,
6.28318530718,8.377580409573),.UNSPECIFIED.) CURVE() 
GEOMETRIC_REPRESENTATION_ITEM() RATIONAL_B_SPLINE_CURVE((1.,0.5,1.,0.5,
1.,0.5,1.)) REPRESENTATION_ITEM('') );
#1772 = CARTESIAN_POINT('',(-10.46929338831,41.509474163815));
#1773 = CARTESIAN_POINT('',(-12.54775435739,41.509474163815));
#1774 = CARTESIAN_POINT('',(-11.50852387285,43.309474163815));
#1775 = CARTESIAN_POINT('',(-10.46929338831,45.109474163815));
#1776 = CARTESIAN_POINT('',(-9.430062903775,43.309474163815));
#1777 = CARTESIAN_POINT('',(-8.390832419233,41.509474163815));
#1778 = CARTESIAN_POINT('',(-10.46929338831,41.509474163815));
#1779 = ( GEOMETRIC_REPRESENTATION_CONTEXT(2) 
PARAMETRIC_REPRESENTATION_CONTEXT() REPRESENTATION_CONTEXT('2D SPACE',''
  ) );
#1780 = PCURVE('',#1781,#1786);
#1781 = CYLINDRICAL_SURFACE('',#1782,1.2);
#1782 = AXIS2_PLACEMENT_3D('',#1783,#1784,#1785);
#1783 = CARTESIAN_POINT('',(-1.,34.5,9.));
#1784 = DIRECTION('',(-1.,-0.,-0.));
#1785 = DIRECTION('',(0.,1.,0.));
#1786 = DEFINITIONAL_REPRESENTATION('',(#1787),#1791);
#1787 = LINE('',#1788,#1789);
#1788 = CARTESIAN_POINT('',(-6.28318530718,-1.));
#1789 = VECTOR('',#1790,1.);
#1790 = DIRECTION('',(1.,-0.));
#1791 = ( GEOMETRIC_REPRESENTATION_CONTEXT(2) 
PARAMETRIC_REPRESENTATION_CONTEXT() REPRESENTATION_CONTEXT('2D SPACE',''
  ) );
#1792 = FACE_BOUND('',#1793,.F.);
#1793 = EDGE_LOOP('',(#1794));
#1794 = ORIENTED_EDGE('',*,*,#1795,.T.);
#1795 = EDGE_CURVE('',#1796,#1796,#1798,.T.);
#1796 = VERTEX_POINT('',#1797);
#1797 = CARTESIAN_POINT('',(0.,30.2,9.));
#1798 = SURFACE_CURVE('',#1799,(#1804,#1815),.PCURVE_S1.);
#1799 = CIRCLE('',#1800,1.2);
#1800 = AXIS2_PLACEMENT_3D('',#1801,#1802,#1803);
#1801 = CARTESIAN_POINT('',(0.,29.,9.));
#1802 = DIRECTION('',(-1.,0.,0.));
#1803 = DIRECTION('',(0.,1.,0.));
#1804 = PCURVE('',#215,#1805);
#1805 = DEFINITIONAL_REPRESENTATION('',(#1806),#1814);
#1806 = ( BOUNDED_CURVE() B_SPLINE_CURVE(2,(#1807,#1808,#1809,#1810,
#1811,#1812,#1813),.UNSPECIFIED.,.T.,.F.) B_SPLINE_CURVE_WITH_KNOTS((1,2
    ,2,2,2,1),(-2.094395102393,0.,2.094395102393,4.188790204786,
6.28318530718,8.377580409573),.UNSPECIFIED.) CURVE() 
GEOMETRIC_REPRESENTATION_ITEM() RATIONAL_B_SPLINE_CURVE((1.,0.5,1.,0.5,
1.,0.5,1.)) REPRESENTATION_ITEM('') );
#1807 = CARTESIAN_POINT('',(-10.46929338831,47.009474163815));
#1808 = CARTESIAN_POINT('',(-12.54775435739,47.009474163815));
#1809 = CARTESIAN_POINT('',(-11.50852387285,48.809474163815));
#1810 = CARTESIAN_POINT('',(-10.46929338831,50.609474163815));
#1811 = CARTESIAN_POINT('',(-9.430062903775,48.809474163815));
#1812 = CARTESIAN_POINT('',(-8.390832419233,47.009474163815));
#1813 = CARTESIAN_POINT('',(-10.46929338831,47.009474163815));
#1814 = ( GEOMETRIC_REPRESENTATION_CONTEXT(2) 
PARAMETRIC_REPRESENTATION_CONTEXT() REPRESENTATION_CONTEXT('2D SPACE',''
  ) );
#1815 = PCURVE('',#1816,#1821);
#1816 = CYLINDRICAL_SURFACE('',#1817,1.2);
#1817 = AXIS2_PLACEMENT_3D('',#1818,#1819,#1820);
#1818 = CARTESIAN_POINT('',(-1.,29.,9.));
#1819 = DIRECTION('',(-1.,-0.,-0.));
#1820 = DIRECTION('',(0.,1.,0.));
#1821 = DEFINITIONAL_REPRESENTATION('',(#1822),#1826);
#1822 = LINE('',#1823,#1824);
#1823 = CARTESIAN_POINT('',(-6.28318530718,-1.));
#1824 = VECTOR('',#1825,1.);
#1825 = DIRECTION('',(1.,-0.));
#1826 = ( GEOMETRIC_REPRESENTATION_CONTEXT(2) 
PARAMETRIC_REPRESENTATION_CONTEXT() REPRESENTATION_CONTEXT('2D SPACE',''
  ) );
#1827 = FACE_BOUND('',#1828,.F.);
#1828 = EDGE_LOOP('',(#1829));
#1829 = ORIENTED_EDGE('',*,*,#1830,.T.);
#1830 = EDGE_CURVE('',#1831,#1831,#1833,.T.);
#1831 = VERTEX_POINT('',#1832);
#1832 = CARTESIAN_POINT('',(0.,24.7,9.));
#1833 = SURFACE_CURVE('',#1834,(#1839,#1850),.PCURVE_S1.);
#1834 = CIRCLE('',#1835,1.2);
#1835 = AXIS2_PLACEMENT_3D('',#1836,#1837,#1838);
#1836 = CARTESIAN_POINT('',(0.,23.5,9.));
#1837 = DIRECTION('',(-1.,0.,0.));
#1838 = DIRECTION('',(0.,1.,0.));
#1839 = PCURVE('',#215,#1840);
#1840 = DEFINITIONAL_REPRESENTATION('',(#1841),#1849);
#1841 = ( BOUNDED_CURVE() B_SPLINE_CURVE(2,(#1842,#1843,#1844,#1845,
#1846,#1847,#1848),.UNSPECIFIED.,.T.,.F.) B_SPLINE_CURVE_WITH_KNOTS((1,2
    ,2,2,2,1),(-2.094395102393,0.,2.094395102393,4.188790204786,
6.28318530718,8.377580409573),.UNSPECIFIED.) CURVE() 
GEOMETRIC_REPRESENTATION_ITEM() RATIONAL_B_SPLINE_CURVE((1.,0.5,1.,0.5,
1.,0.5,1.)) REPRESENTATION_ITEM('') );
#1842 = CARTESIAN_POINT('',(-10.46929338831,52.509474163815));
#1843 = CARTESIAN_POINT('',(-12.54775435739,52.509474163815));
#1844 = CARTESIAN_POINT('',(-11.50852387285,54.309474163815));
#1845 = CARTESIAN_POINT('',(-10.46929338831,56.109474163815));
#1846 = CARTESIAN_POINT('',(-9.430062903775,54.309474163815));
#1847 = CARTESIAN_POINT('',(-8.390832419233,52.509474163815));
#1848 = CARTESIAN_POINT('',(-10.46929338831,52.509474163815));
#1849 = ( GEOMETRIC_REPRESENTATION_CONTEXT(2) 
PARAMETRIC_REPRESENTATION_CONTEXT() REPRESENTATION_CONTEXT('2D SPACE',''
  ) );
#1850 = PCURVE('',#1851,#1856);
#1851 = CYLINDRICAL_SURFACE('',#1852,1.2);
#1852 = AXIS2_PLACEMENT_3D('',#1853,#1854,#1855);
#1853 = CARTESIAN_POINT('',(-1.,23.5,9.));
#1854 = DIRECTION('',(-1.,-0.,-0.));
#1855 = DIRECTION('',(0.,1.,0.));
#1856 = DEFINITIONAL_REPRESENTATION('',(#1857),#1861);
#1857 = LINE('',#1858,#1859);
#1858 = CARTESIAN_POINT('',(-6.28318530718,-1.));
#1859 = VECTOR('',#1860,1.);
#1860 = DIRECTION('',(1.,-0.));
#1861 = ( GEOMETRIC_REPRESENTATION_CONTEXT(2) 
PARAMETRIC_REPRESENTATION_CONTEXT() REPRESENTATION_CONTEXT('2D SPACE',''
  ) );
#1862 = FACE_BOUND('',#1863,.F.);
#1863 = EDGE_LOOP('',(#1864));
#1864 = ORIENTED_EDGE('',*,*,#1865,.T.);
#1865 = EDGE_CURVE('',#1866,#1866,#1868,.T.);
#1866 = VERTEX_POINT('',#1867);
#1867 = CARTESIAN_POINT('',(0.,19.2,9.));
#1868 = SURFACE_CURVE('',#1869,(#1874,#1885),.PCURVE_S1.);
#1869 = CIRCLE('',#1870,1.2);
#1870 = AXIS2_PLACEMENT_3D('',#1871,#1872,#1873);
#1871 = CARTESIAN_POINT('',(0.,18.,9.));
#1872 = DIRECTION('',(-1.,0.,0.));
#1873 = DIRECTION('',(0.,1.,0.));
#1874 = PCURVE('',#215,#1875);
#1875 = DEFINITIONAL_REPRESENTATION('',(#1876),#1884);
#1876 = ( BOUNDED_CURVE() B_SPLINE_CURVE(2,(#1877,#1878,#1879,#1880,
#1881,#1882,#1883),.UNSPECIFIED.,.T.,.F.) B_SPLINE_CURVE_WITH_KNOTS((1,2
    ,2,2,2,1),(-2.094395102393,0.,2.094395102393,4.188790204786,
6.28318530718,8.377580409573),.UNSPECIFIED.) CURVE() 
GEOMETRIC_REPRESENTATION_ITEM() RATIONAL_B_SPLINE_CURVE((1.,0.5,1.,0.5,
1.,0.5,1.)) REPRESENTATION_ITEM('') );
#1877 = CARTESIAN_POINT('',(-10.46929338831,58.009474163815));
#1878 = CARTESIAN_POINT('',(-12.54775435739,58.009474163815));
#1879 = CARTESIAN_POINT('',(-11.50852387285,59.809474163815));
#1880 = CARTESIAN_POINT('',(-10.46929338831,61.609474163815));
#1881 = CARTESIAN_POINT('',(-9.430062903775,59.809474163815));
#1882 = CARTESIAN_POINT('',(-8.390832419233,58.009474163815));
#1883 = CARTESIAN_POINT('',(-10.46929338831,58.009474163815));
#1884 = ( GEOMETRIC_REPRESENTATION_CONTEXT(2) 
PARAMETRIC_REPRESENTATION_CONTEXT() REPRESENTATION_CONTEXT('2D SPACE',''
  ) );
#1885 = PCURVE('',#1886,#1891);
#1886 = CYLINDRICAL_SURFACE('',#1887,1.2);
#1887 = AXIS2_PLACEMENT_3D('',#1888,#1889,#1890);
#1888 = CARTESIAN_POINT('',(-1.,18.,9.));
#1889 = DIRECTION('',(-1.,-0.,-0.));
#1890 = DIRECTION('',(0.,1.,0.));
#1891 = DEFINITIONAL_REPRESENTATION('',(#1892),#1896);
#1892 = LINE('',#1893,#1894);
#1893 = CARTESIAN_POINT('',(-6.28318530718,-1.));
#1894 = VECTOR('',#1895,1.);
#1895 = DIRECTION('',(1.,-0.));
#1896 = ( GEOMETRIC_REPRESENTATION_CONTEXT(2) 
PARAMETRIC_REPRESENTATION_CONTEXT() REPRESENTATION_CONTEXT('2D SPACE',''
  ) );
#1897 = FACE_BOUND('',#1898,.F.);
#1898 = EDGE_LOOP('',(#1899));
#1899 = ORIENTED_EDGE('',*,*,#1900,.T.);
#1900 = EDGE_CURVE('',#1901,#1901,#1903,.T.);
#1901 = VERTEX_POINT('',#1902);
#1902 = CARTESIAN_POINT('',(0.,43.95,14.));
#1903 = SURFACE_CURVE('',#1904,(#1909,#1920),.PCURVE_S1.);
#1904 = CIRCLE('',#1905,1.2);
#1905 = AXIS2_PLACEMENT_3D('',#1906,#1907,#1908);
#1906 = CARTESIAN_POINT('',(0.,42.75,14.));
#1907 = DIRECTION('',(-1.,0.,0.));
#1908 = DIRECTION('',(0.,1.,0.));
#1909 = PCURVE('',#215,#1910);
#1910 = DEFINITIONAL_REPRESENTATION('',(#1911),#1919);
#1911 = ( BOUNDED_CURVE() B_SPLINE_CURVE(2,(#1912,#1913,#1914,#1915,
#1916,#1917,#1918),.UNSPECIFIED.,.T.,.F.) B_SPLINE_CURVE_WITH_KNOTS((1,2
    ,2,2,2,1),(-2.094395102393,0.,2.094395102393,4.188790204786,
6.28318530718,8.377580409573),.UNSPECIFIED.) CURVE() 
GEOMETRIC_REPRESENTATION_ITEM() RATIONAL_B_SPLINE_CURVE((1.,0.5,1.,0.5,
1.,0.5,1.)) REPRESENTATION_ITEM('') );
#1912 = CARTESIAN_POINT('',(-5.469293388316,33.259474163815));
#1913 = CARTESIAN_POINT('',(-7.547754357398,33.259474163815));
#1914 = CARTESIAN_POINT('',(-6.508523872857,35.059474163815));
#1915 = CARTESIAN_POINT('',(-5.469293388316,36.859474163815));
#1916 = CARTESIAN_POINT('',(-4.430062903775,35.059474163815));
#1917 = CARTESIAN_POINT('',(-3.390832419233,33.259474163815));
#1918 = CARTESIAN_POINT('',(-5.469293388316,33.259474163815));
#1919 = ( GEOMETRIC_REPRESENTATION_CONTEXT(2) 
PARAMETRIC_REPRESENTATION_CONTEXT() REPRESENTATION_CONTEXT('2D SPACE',''
  ) );
#1920 = PCURVE('',#1921,#1926);
#1921 = CYLINDRICAL_SURFACE('',#1922,1.2);
#1922 = AXIS2_PLACEMENT_3D('',#1923,#1924,#1925);
#1923 = CARTESIAN_POINT('',(-1.,42.75,14.));
#1924 = DIRECTION('',(-1.,-0.,-0.));
#1925 = DIRECTION('',(0.,1.,0.));
#1926 = DEFINITIONAL_REPRESENTATION('',(#1927),#1931);
#1927 = LINE('',#1928,#1929);
#1928 = CARTESIAN_POINT('',(-6.28318530718,-1.));
#1929 = VECTOR('',#1930,1.);
#1930 = DIRECTION('',(1.,-0.));
#1931 = ( GEOMETRIC_REPRESENTATION_CONTEXT(2) 
PARAMETRIC_REPRESENTATION_CONTEXT() REPRESENTATION_CONTEXT('2D SPACE',''
  ) );
#1932 = FACE_BOUND('',#1933,.F.);
#1933 = EDGE_LOOP('',(#1934));
#1934 = ORIENTED_EDGE('',*,*,#1935,.T.);
#1935 = EDGE_CURVE('',#1936,#1936,#1938,.T.);
#1936 = VERTEX_POINT('',#1937);
#1937 = CARTESIAN_POINT('',(0.,38.45,14.));
#1938 = SURFACE_CURVE('',#1939,(#1944,#1955),.PCURVE_S1.);
#1939 = CIRCLE('',#1940,1.2);
#1940 = AXIS2_PLACEMENT_3D('',#1941,#1942,#1943);
#1941 = CARTESIAN_POINT('',(0.,37.25,14.));
#1942 = DIRECTION('',(-1.,0.,0.));
#1943 = DIRECTION('',(0.,1.,0.));
#1944 = PCURVE('',#215,#1945);
#1945 = DEFINITIONAL_REPRESENTATION('',(#1946),#1954);
#1946 = ( BOUNDED_CURVE() B_SPLINE_CURVE(2,(#1947,#1948,#1949,#1950,
#1951,#1952,#1953),.UNSPECIFIED.,.T.,.F.) B_SPLINE_CURVE_WITH_KNOTS((1,2
    ,2,2,2,1),(-2.094395102393,0.,2.094395102393,4.188790204786,
6.28318530718,8.377580409573),.UNSPECIFIED.) CURVE() 
GEOMETRIC_REPRESENTATION_ITEM() RATIONAL_B_SPLINE_CURVE((1.,0.5,1.,0.5,
1.,0.5,1.)) REPRESENTATION_ITEM('') );
#1947 = CARTESIAN_POINT('',(-5.469293388316,38.759474163815));
#1948 = CARTESIAN_POINT('',(-7.547754357398,38.759474163815));
#1949 = CARTESIAN_POINT('',(-6.508523872857,40.559474163815));
#1950 = CARTESIAN_POINT('',(-5.469293388316,42.359474163815));
#1951 = CARTESIAN_POINT('',(-4.430062903775,40.559474163815));
#1952 = CARTESIAN_POINT('',(-3.390832419233,38.759474163815));
#1953 = CARTESIAN_POINT('',(-5.469293388316,38.759474163815));
#1954 = ( GEOMETRIC_REPRESENTATION_CONTEXT(2) 
PARAMETRIC_REPRESENTATION_CONTEXT() REPRESENTATION_CONTEXT('2D SPACE',''
  ) );
#1955 = PCURVE('',#1956,#1961);
#1956 = CYLINDRICAL_SURFACE('',#1957,1.2);
#1957 = AXIS2_PLACEMENT_3D('',#1958,#1959,#1960);
#1958 = CARTESIAN_POINT('',(-1.,37.25,14.));
#1959 = DIRECTION('',(-1.,-0.,-0.));
#1960 = DIRECTION('',(0.,1.,0.));
#1961 = DEFINITIONAL_REPRESENTATION('',(#1962),#1966);
#1962 = LINE('',#1963,#1964);
#1963 = CARTESIAN_POINT('',(-6.28318530718,-1.));
#1964 = VECTOR('',#1965,1.);
#1965 = DIRECTION('',(1.,-0.));
#1966 = ( GEOMETRIC_REPRESENTATION_CONTEXT(2) 
PARAMETRIC_REPRESENTATION_CONTEXT() REPRESENTATION_CONTEXT('2D SPACE',''
  ) );
#1967 = FACE_BOUND('',#1968,.F.);
#1968 = EDGE_LOOP('',(#1969));
#1969 = ORIENTED_EDGE('',*,*,#1970,.T.);
#1970 = EDGE_CURVE('',#1971,#1971,#1973,.T.);
#1971 = VERTEX_POINT('',#1972);
#1972 = CARTESIAN_POINT('',(0.,32.95,14.));
#1973 = SURFACE_CURVE('',#1974,(#1979,#1990),.PCURVE_S1.);
#1974 = CIRCLE('',#1975,1.2);
#1975 = AXIS2_PLACEMENT_3D('',#1976,#1977,#1978);
#1976 = CARTESIAN_POINT('',(0.,31.75,14.));
#1977 = DIRECTION('',(-1.,0.,0.));
#1978 = DIRECTION('',(0.,1.,0.));
#1979 = PCURVE('',#215,#1980);
#1980 = DEFINITIONAL_REPRESENTATION('',(#1981),#1989);
#1981 = ( BOUNDED_CURVE() B_SPLINE_CURVE(2,(#1982,#1983,#1984,#1985,
#1986,#1987,#1988),.UNSPECIFIED.,.T.,.F.) B_SPLINE_CURVE_WITH_KNOTS((1,2
    ,2,2,2,1),(-2.094395102393,0.,2.094395102393,4.188790204786,
6.28318530718,8.377580409573),.UNSPECIFIED.) CURVE() 
GEOMETRIC_REPRESENTATION_ITEM() RATIONAL_B_SPLINE_CURVE((1.,0.5,1.,0.5,
1.,0.5,1.)) REPRESENTATION_ITEM('') );
#1982 = CARTESIAN_POINT('',(-5.469293388316,44.259474163815));
#1983 = CARTESIAN_POINT('',(-7.547754357398,44.259474163815));
#1984 = CARTESIAN_POINT('',(-6.508523872857,46.059474163815));
#1985 = CARTESIAN_POINT('',(-5.469293388316,47.859474163815));
#1986 = CARTESIAN_POINT('',(-4.430062903775,46.059474163815));
#1987 = CARTESIAN_POINT('',(-3.390832419233,44.259474163815));
#1988 = CARTESIAN_POINT('',(-5.469293388316,44.259474163815));
#1989 = ( GEOMETRIC_REPRESENTATION_CONTEXT(2) 
PARAMETRIC_REPRESENTATION_CONTEXT() REPRESENTATION_CONTEXT('2D SPACE',''
  ) );
#1990 = PCURVE('',#1991,#1996);
#1991 = CYLINDRICAL_SURFACE('',#1992,1.2);
#1992 = AXIS2_PLACEMENT_3D('',#1993,#1994,#1995);
#1993 = CARTESIAN_POINT('',(-1.,31.75,14.));
#1994 = DIRECTION('',(-1.,-0.,-0.));
#1995 = DIRECTION('',(0.,1.,0.));
#1996 = DEFINITIONAL_REPRESENTATION('',(#1997),#2001);
#1997 = LINE('',#1998,#1999);
#1998 = CARTESIAN_POINT('',(-6.28318530718,-1.));
#1999 = VECTOR('',#2000,1.);
#2000 = DIRECTION('',(1.,-0.));
#2001 = ( GEOMETRIC_REPRESENTATION_CONTEXT(2) 
PARAMETRIC_REPRESENTATION_CONTEXT() REPRESENTATION_CONTEXT('2D SPACE',''
  ) );
#2002 = FACE_BOUND('',#2003,.F.);
#2003 = EDGE_LOOP('',(#2004));
#2004 = ORIENTED_EDGE('',*,*,#2005,.T.);
#2005 = EDGE_CURVE('',#2006,#2006,#2008,.T.);
#2006 = VERTEX_POINT('',#2007);
#2007 = CARTESIAN_POINT('',(0.,27.45,14.));
#2008 = SURFACE_CURVE('',#2009,(#2014,#2025),.PCURVE_S1.);
#2009 = CIRCLE('',#2010,1.2);
#2010 = AXIS2_PLACEMENT_3D('',#2011,#2012,#2013);
#2011 = CARTESIAN_POINT('',(0.,26.25,14.));
#2012 = DIRECTION('',(-1.,0.,0.));
#2013 = DIRECTION('',(0.,1.,0.));
#2014 = PCURVE('',#215,#2015);
#2015 = DEFINITIONAL_REPRESENTATION('',(#2016),#2024);
#2016 = ( BOUNDED_CURVE() B_SPLINE_CURVE(2,(#2017,#2018,#2019,#2020,
#2021,#2022,#2023),.UNSPECIFIED.,.T.,.F.) B_SPLINE_CURVE_WITH_KNOTS((1,2
    ,2,2,2,1),(-2.094395102393,0.,2.094395102393,4.188790204786,
6.28318530718,8.377580409573),.UNSPECIFIED.) CURVE() 
GEOMETRIC_REPRESENTATION_ITEM() RATIONAL_B_SPLINE_CURVE((1.,0.5,1.,0.5,
1.,0.5,1.)) REPRESENTATION_ITEM('') );
#2017 = CARTESIAN_POINT('',(-5.469293388316,49.759474163815));
#2018 = CARTESIAN_POINT('',(-7.547754357398,49.759474163815));
#2019 = CARTESIAN_POINT('',(-6.508523872857,51.559474163815));
#2020 = CARTESIAN_POINT('',(-5.469293388316,53.359474163815));
#2021 = CARTESIAN_POINT('',(-4.430062903775,51.559474163815));
#2022 = CARTESIAN_POINT('',(-3.390832419233,49.759474163815));
#2023 = CARTESIAN_POINT('',(-5.469293388316,49.759474163815));
#2024 = ( GEOMETRIC_REPRESENTATION_CONTEXT(2) 
PARAMETRIC_REPRESENTATION_CONTEXT() REPRESENTATION_CONTEXT('2D SPACE',''
  ) );
#2025 = PCURVE('',#2026,#2031);
#2026 = CYLINDRICAL_SURFACE('',#2027,1.2);
#2027 = AXIS2_PLACEMENT_3D('',#2028,#2029,#2030);
#2028 = CARTESIAN_POINT('',(-1.,26.25,14.));
#2029 = DIRECTION('',(-1.,-0.,-0.));
#2030 = DIRECTION('',(0.,1.,0.));
#2031 = DEFINITIONAL_REPRESENTATION('',(#2032),#2036);
#2032 = LINE('',#2033,#2034);
#2033 = CARTESIAN_POINT('',(-6.28318530718,-1.));
#2034 = VECTOR('',#2035,1.);
#2035 = DIRECTION('',(1.,-0.));
#2036 = ( GEOMETRIC_REPRESENTATION_CONTEXT(2) 
PARAMETRIC_REPRESENTATION_CONTEXT() REPRESENTATION_CONTEXT('2D SPACE',''
  ) );
#2037 = FACE_BOUND('',#2038,.F.);
#2038 = EDGE_LOOP('',(#2039));
#2039 = ORIENTED_EDGE('',*,*,#2040,.T.);
#2040 = EDGE_CURVE('',#2041,#2041,#2043,.T.);
#2041 = VERTEX_POINT('',#2042);
#2042 = CARTESIAN_POINT('',(0.,21.95,14.));
#2043 = SURFACE_CURVE('',#2044,(#2049,#2060),.PCURVE_S1.);
#2044 = CIRCLE('',#2045,1.2);
#2045 = AXIS2_PLACEMENT_3D('',#2046,#2047,#2048);
#2046 = CARTESIAN_POINT('',(0.,20.75,14.));
#2047 = DIRECTION('',(-1.,0.,0.));
#2048 = DIRECTION('',(0.,1.,0.));
#2049 = PCURVE('',#215,#2050);
#2050 = DEFINITIONAL_REPRESENTATION('',(#2051),#2059);
#2051 = ( BOUNDED_CURVE() B_SPLINE_CURVE(2,(#2052,#2053,#2054,#2055,
#2056,#2057,#2058),.UNSPECIFIED.,.T.,.F.) B_SPLINE_CURVE_WITH_KNOTS((1,2
    ,2,2,2,1),(-2.094395102393,0.,2.094395102393,4.188790204786,
6.28318530718,8.377580409573),.UNSPECIFIED.) CURVE() 
GEOMETRIC_REPRESENTATION_ITEM() RATIONAL_B_SPLINE_CURVE((1.,0.5,1.,0.5,
1.,0.5,1.)) REPRESENTATION_ITEM('') );
#2052 = CARTESIAN_POINT('',(-5.469293388316,55.259474163815));
#2053 = CARTESIAN_POINT('',(-7.547754357398,55.259474163815));
#2054 = CARTESIAN_POINT('',(-6.508523872857,57.059474163815));
#2055 = CARTESIAN_POINT('',(-5.469293388316,58.859474163815));
#2056 = CARTESIAN_POINT('',(-4.430062903775,57.059474163815));
#2057 = CARTESIAN_POINT('',(-3.390832419233,55.259474163815));
#2058 = CARTESIAN_POINT('',(-5.469293388316,55.259474163815));
#2059 = ( GEOMETRIC_REPRESENTATION_CONTEXT(2) 
PARAMETRIC_REPRESENTATION_CONTEXT() REPRESENTATION_CONTEXT('2D SPACE',''
  ) );
#2060 = PCURVE('',#2061,#2066);
#2061 = CYLINDRICAL_SURFACE('',#2062,1.2);
#2062 = AXIS2_PLACEMENT_3D('',#2063,#2064,#2065);
#2063 = CARTESIAN_POINT('',(-1.,20.75,14.));
#2064 = DIRECTION('',(-1.,-0.,-0.));
#2065 = DIRECTION('',(0.,1.,0.));
#2066 = DEFINITIONAL_REPRESENTATION('',(#2067),#2071);
#2067 = LINE('',#2068,#2069);
#2068 = CARTESIAN_POINT('',(-6.28318530718,-1.));
#2069 = VECTOR('',#2070,1.);
#2070 = DIRECTION('',(1.,-0.));
#2071 = ( GEOMETRIC_REPRESENTATION_CONTEXT(2) 
PARAMETRIC_REPRESENTATION_CONTEXT() REPRESENTATION_CONTEXT('2D SPACE',''
  ) );
#2072 = FACE_BOUND('',#2073,.F.);
#2073 = EDGE_LOOP('',(#2074));
#2074 = ORIENTED_EDGE('',*,*,#2075,.T.);
#2075 = EDGE_CURVE('',#2076,#2076,#2078,.T.);
#2076 = VERTEX_POINT('',#2077);
#2077 = CARTESIAN_POINT('',(0.,73.75,17.236860279186));
#2078 = SURFACE_CURVE('',#2079,(#2084,#2095),.PCURVE_S1.);
#2079 = CIRCLE('',#2080,1.5);
#2080 = AXIS2_PLACEMENT_3D('',#2081,#2082,#2083);
#2081 = CARTESIAN_POINT('',(0.,72.25,17.236860279186));
#2082 = DIRECTION('',(-1.,0.,0.));
#2083 = DIRECTION('',(0.,1.,0.));
#2084 = PCURVE('',#215,#2085);
#2085 = DEFINITIONAL_REPRESENTATION('',(#2086),#2094);
#2086 = ( BOUNDED_CURVE() B_SPLINE_CURVE(2,(#2087,#2088,#2089,#2090,
#2091,#2092,#2093),.UNSPECIFIED.,.T.,.F.) B_SPLINE_CURVE_WITH_KNOTS((1,2
    ,2,2,2,1),(-2.094395102393,0.,2.094395102393,4.188790204786,
6.28318530718,8.377580409573),.UNSPECIFIED.) CURVE() 
GEOMETRIC_REPRESENTATION_ITEM() RATIONAL_B_SPLINE_CURVE((1.,0.5,1.,0.5,
1.,0.5,1.)) REPRESENTATION_ITEM('') );
#2087 = CARTESIAN_POINT('',(-2.23243310913,3.459474163815));
#2088 = CARTESIAN_POINT('',(-4.830509320484,3.459474163815));
#2089 = CARTESIAN_POINT('',(-3.531471214807,5.709474163815));
#2090 = CARTESIAN_POINT('',(-2.23243310913,7.959474163815));
#2091 = CARTESIAN_POINT('',(-0.933395003454,5.709474163815));
#2092 = CARTESIAN_POINT('',(0.365643102223,3.459474163815));
#2093 = CARTESIAN_POINT('',(-2.23243310913,3.459474163815));
#2094 = ( GEOMETRIC_REPRESENTATION_CONTEXT(2) 
PARAMETRIC_REPRESENTATION_CONTEXT() REPRESENTATION_CONTEXT('2D SPACE',''
  ) );
#2095 = PCURVE('',#2096,#2101);
#2096 = CYLINDRICAL_SURFACE('',#2097,1.5);
#2097 = AXIS2_PLACEMENT_3D('',#2098,#2099,#2100);
#2098 = CARTESIAN_POINT('',(-1.,72.25,17.236860279186));
#2099 = DIRECTION('',(-1.,-0.,-0.));
#2100 = DIRECTION('',(0.,1.,0.));
#2101 = DEFINITIONAL_REPRESENTATION('',(#2102),#2106);
#2102 = LINE('',#2103,#2104);
#2103 = CARTESIAN_POINT('',(-6.28318530718,-1.));
#2104 = VECTOR('',#2105,1.);
#2105 = DIRECTION('',(1.,-0.));
#2106 = ( GEOMETRIC_REPRESENTATION_CONTEXT(2) 
PARAMETRIC_REPRESENTATION_CONTEXT() REPRESENTATION_CONTEXT('2D SPACE',''
  ) );
#2107 = FACE_BOUND('',#2108,.F.);
#2108 = EDGE_LOOP('',(#2109));
#2109 = ORIENTED_EDGE('',*,*,#2110,.T.);
#2110 = EDGE_CURVE('',#2111,#2111,#2113,.T.);
#2111 = VERTEX_POINT('',#2112);
#2112 = CARTESIAN_POINT('',(0.,67.839745962156,17.));
#2113 = SURFACE_CURVE('',#2114,(#2119,#2130),.PCURVE_S1.);
#2114 = CIRCLE('',#2115,1.5);
#2115 = AXIS2_PLACEMENT_3D('',#2116,#2117,#2118);
#2116 = CARTESIAN_POINT('',(0.,66.339745962156,17.));
#2117 = DIRECTION('',(-1.,0.,0.));
#2118 = DIRECTION('',(0.,1.,0.));
#2119 = PCURVE('',#215,#2120);
#2120 = DEFINITIONAL_REPRESENTATION('',(#2121),#2129);
#2121 = ( BOUNDED_CURVE() B_SPLINE_CURVE(2,(#2122,#2123,#2124,#2125,
#2126,#2127,#2128),.UNSPECIFIED.,.T.,.F.) B_SPLINE_CURVE_WITH_KNOTS((1,2
    ,2,2,2,1),(-2.094395102393,0.,2.094395102393,4.188790204786,
6.28318530718,8.377580409573),.UNSPECIFIED.) CURVE() 
GEOMETRIC_REPRESENTATION_ITEM() RATIONAL_B_SPLINE_CURVE((1.,0.5,1.,0.5,
1.,0.5,1.)) REPRESENTATION_ITEM('') );
#2122 = CARTESIAN_POINT('',(-2.469293388316,9.369728201659));
#2123 = CARTESIAN_POINT('',(-5.067369599669,9.369728201659));
#2124 = CARTESIAN_POINT('',(-3.768331493993,11.619728201659));
#2125 = CARTESIAN_POINT('',(-2.469293388316,13.869728201659));
#2126 = CARTESIAN_POINT('',(-1.170255282639,11.619728201659));
#2127 = CARTESIAN_POINT('',(0.128782823037,9.369728201659));
#2128 = CARTESIAN_POINT('',(-2.469293388316,9.369728201659));
#2129 = ( GEOMETRIC_REPRESENTATION_CONTEXT(2) 
PARAMETRIC_REPRESENTATION_CONTEXT() REPRESENTATION_CONTEXT('2D SPACE',''
  ) );
#2130 = PCURVE('',#2131,#2136);
#2131 = CYLINDRICAL_SURFACE('',#2132,1.5);
#2132 = AXIS2_PLACEMENT_3D('',#2133,#2134,#2135);
#2133 = CARTESIAN_POINT('',(-1.,66.339745962156,17.));
#2134 = DIRECTION('',(-1.,-0.,-0.));
#2135 = DIRECTION('',(0.,1.,0.));
#2136 = DEFINITIONAL_REPRESENTATION('',(#2137),#2141);
#2137 = LINE('',#2138,#2139);
#2138 = CARTESIAN_POINT('',(-6.28318530718,-1.));
#2139 = VECTOR('',#2140,1.);
#2140 = DIRECTION('',(1.,-0.));
#2141 = ( GEOMETRIC_REPRESENTATION_CONTEXT(2) 
PARAMETRIC_REPRESENTATION_CONTEXT() REPRESENTATION_CONTEXT('2D SPACE',''
  ) );
#2142 = FACE_BOUND('',#2143,.F.);
#2143 = EDGE_LOOP('',(#2144));
#2144 = ORIENTED_EDGE('',*,*,#2145,.T.);
#2145 = EDGE_CURVE('',#2146,#2146,#2148,.T.);
#2146 = VERTEX_POINT('',#2147);
#2147 = CARTESIAN_POINT('',(0.,76.5,22.));
#2148 = SURFACE_CURVE('',#2149,(#2154,#2165),.PCURVE_S1.);
#2149 = CIRCLE('',#2150,1.5);
#2150 = AXIS2_PLACEMENT_3D('',#2151,#2152,#2153);
#2151 = CARTESIAN_POINT('',(0.,75.,22.));
#2152 = DIRECTION('',(-1.,0.,0.));
#2153 = DIRECTION('',(0.,1.,0.));
#2154 = PCURVE('',#215,#2155);
#2155 = DEFINITIONAL_REPRESENTATION('',(#2156),#2164);
#2156 = ( BOUNDED_CURVE() B_SPLINE_CURVE(2,(#2157,#2158,#2159,#2160,
#2161,#2162,#2163),.UNSPECIFIED.,.T.,.F.) B_SPLINE_CURVE_WITH_KNOTS((1,2
    ,2,2,2,1),(-2.094395102393,0.,2.094395102393,4.188790204786,
6.28318530718,8.377580409573),.UNSPECIFIED.) CURVE() 
GEOMETRIC_REPRESENTATION_ITEM() RATIONAL_B_SPLINE_CURVE((1.,0.5,1.,0.5,
1.,0.5,1.)) REPRESENTATION_ITEM('') );
#2157 = CARTESIAN_POINT('',(2.530706611684,0.709474163815));
#2158 = CARTESIAN_POINT('',(-6.736959966916E-02,0.709474163815));
#2159 = CARTESIAN_POINT('',(1.231668506007,2.959474163815));
#2160 = CARTESIAN_POINT('',(2.530706611684,5.209474163815));
#2161 = CARTESIAN_POINT('',(3.829744717361,2.959474163815));
#2162 = CARTESIAN_POINT('',(5.128782823037,0.709474163815));
#2163 = CARTESIAN_POINT('',(2.530706611684,0.709474163815));
#2164 = ( GEOMETRIC_REPRESENTATION_CONTEXT(2) 
PARAMETRIC_REPRESENTATION_CONTEXT() REPRESENTATION_CONTEXT('2D SPACE',''
  ) );
#2165 = PCURVE('',#2166,#2171);
#2166 = CYLINDRICAL_SURFACE('',#2167,1.5);
#2167 = AXIS2_PLACEMENT_3D('',#2168,#2169,#2170);
#2168 = CARTESIAN_POINT('',(-1.,75.,22.));
#2169 = DIRECTION('',(-1.,-0.,-0.));
#2170 = DIRECTION('',(0.,1.,0.));
#2171 = DEFINITIONAL_REPRESENTATION('',(#2172),#2176);
#2172 = LINE('',#2173,#2174);
#2173 = CARTESIAN_POINT('',(-6.28318530718,-1.));
#2174 = VECTOR('',#2175,1.);
#2175 = DIRECTION('',(1.,-0.));
#2176 = ( GEOMETRIC_REPRESENTATION_CONTEXT(2) 
PARAMETRIC_REPRESENTATION_CONTEXT() REPRESENTATION_CONTEXT('2D SPACE',''
  ) );
#2177 = FACE_BOUND('',#2178,.F.);
#2178 = EDGE_LOOP('',(#2179));
#2179 = ORIENTED_EDGE('',*,*,#2180,.T.);
#2180 = EDGE_CURVE('',#2181,#2181,#2183,.T.);
#2181 = VERTEX_POINT('',#2182);
#2182 = CARTESIAN_POINT('',(0.,71.,22.));
#2183 = SURFACE_CURVE('',#2184,(#2189,#2200),.PCURVE_S1.);
#2184 = CIRCLE('',#2185,1.5);
#2185 = AXIS2_PLACEMENT_3D('',#2186,#2187,#2188);
#2186 = CARTESIAN_POINT('',(0.,69.5,22.));
#2187 = DIRECTION('',(-1.,0.,0.));
#2188 = DIRECTION('',(0.,1.,0.));
#2189 = PCURVE('',#215,#2190);
#2190 = DEFINITIONAL_REPRESENTATION('',(#2191),#2199);
#2191 = ( BOUNDED_CURVE() B_SPLINE_CURVE(2,(#2192,#2193,#2194,#2195,
#2196,#2197,#2198),.UNSPECIFIED.,.T.,.F.) B_SPLINE_CURVE_WITH_KNOTS((1,2
    ,2,2,2,1),(-2.094395102393,0.,2.094395102393,4.188790204786,
6.28318530718,8.377580409573),.UNSPECIFIED.) CURVE() 
GEOMETRIC_REPRESENTATION_ITEM() RATIONAL_B_SPLINE_CURVE((1.,0.5,1.,0.5,
1.,0.5,1.)) REPRESENTATION_ITEM('') );
#2192 = CARTESIAN_POINT('',(2.530706611684,6.209474163815));
#2193 = CARTESIAN_POINT('',(-6.736959966916E-02,6.209474163815));
#2194 = CARTESIAN_POINT('',(1.231668506007,8.459474163815));
#2195 = CARTESIAN_POINT('',(2.530706611684,10.709474163815));
#2196 = CARTESIAN_POINT('',(3.829744717361,8.459474163815));
#2197 = CARTESIAN_POINT('',(5.128782823037,6.209474163815));
#2198 = CARTESIAN_POINT('',(2.530706611684,6.209474163815));
#2199 = ( GEOMETRIC_REPRESENTATION_CONTEXT(2) 
PARAMETRIC_REPRESENTATION_CONTEXT() REPRESENTATION_CONTEXT('2D SPACE',''
  ) );
#2200 = PCURVE('',#2201,#2206);
#2201 = CYLINDRICAL_SURFACE('',#2202,1.5);
#2202 = AXIS2_PLACEMENT_3D('',#2203,#2204,#2205);
#2203 = CARTESIAN_POINT('',(-1.,69.5,22.));
#2204 = DIRECTION('',(-1.,-0.,-0.));
#2205 = DIRECTION('',(0.,1.,0.));
#2206 = DEFINITIONAL_REPRESENTATION('',(#2207),#2211);
#2207 = LINE('',#2208,#2209);
#2208 = CARTESIAN_POINT('',(-6.28318530718,-1.));
#2209 = VECTOR('',#2210,1.);
#2210 = DIRECTION('',(1.,-0.));
#2211 = ( GEOMETRIC_REPRESENTATION_CONTEXT(2) 
PARAMETRIC_REPRESENTATION_CONTEXT() REPRESENTATION_CONTEXT('2D SPACE',''
  ) );
#2212 = FACE_BOUND('',#2213,.F.);
#2213 = EDGE_LOOP('',(#2214));
#2214 = ORIENTED_EDGE('',*,*,#2215,.T.);
#2215 = EDGE_CURVE('',#2216,#2216,#2218,.T.);
#2216 = VERTEX_POINT('',#2217);
#2217 = CARTESIAN_POINT('',(0.,66.5,22.));
#2218 = SURFACE_CURVE('',#2219,(#2224,#2235),.PCURVE_S1.);
#2219 = CIRCLE('',#2220,1.5);
#2220 = AXIS2_PLACEMENT_3D('',#2221,#2222,#2223);
#2221 = CARTESIAN_POINT('',(0.,65.,22.));
#2222 = DIRECTION('',(-1.,0.,0.));
#2223 = DIRECTION('',(0.,1.,0.));
#2224 = PCURVE('',#215,#2225);
#2225 = DEFINITIONAL_REPRESENTATION('',(#2226),#2234);
#2226 = ( BOUNDED_CURVE() B_SPLINE_CURVE(2,(#2227,#2228,#2229,#2230,
#2231,#2232,#2233),.UNSPECIFIED.,.T.,.F.) B_SPLINE_CURVE_WITH_KNOTS((1,2
    ,2,2,2,1),(-2.094395102393,0.,2.094395102393,4.188790204786,
6.28318530718,8.377580409573),.UNSPECIFIED.) CURVE() 
GEOMETRIC_REPRESENTATION_ITEM() RATIONAL_B_SPLINE_CURVE((1.,0.5,1.,0.5,
1.,0.5,1.)) REPRESENTATION_ITEM('') );
#2227 = CARTESIAN_POINT('',(2.530706611684,10.709474163815));
#2228 = CARTESIAN_POINT('',(-6.736959966916E-02,10.709474163815));
#2229 = CARTESIAN_POINT('',(1.231668506007,12.959474163815));
#2230 = CARTESIAN_POINT('',(2.530706611684,15.209474163815));
#2231 = CARTESIAN_POINT('',(3.829744717361,12.959474163815));
#2232 = CARTESIAN_POINT('',(5.128782823037,10.709474163815));
#2233 = CARTESIAN_POINT('',(2.530706611684,10.709474163815));
#2234 = ( GEOMETRIC_REPRESENTATION_CONTEXT(2) 
PARAMETRIC_REPRESENTATION_CONTEXT() REPRESENTATION_CONTEXT('2D SPACE',''
  ) );
#2235 = PCURVE('',#2236,#2241);
#2236 = CYLINDRICAL_SURFACE('',#2237,1.5);
#2237 = AXIS2_PLACEMENT_3D('',#2238,#2239,#2240);
#2238 = CARTESIAN_POINT('',(-1.,65.,22.));
#2239 = DIRECTION('',(-1.,-0.,-0.));
#2240 = DIRECTION('',(0.,1.,0.));
#2241 = DEFINITIONAL_REPRESENTATION('',(#2242),#2246);
#2242 = LINE('',#2243,#2244);
#2243 = CARTESIAN_POINT('',(-6.28318530718,-1.));
#2244 = VECTOR('',#2245,1.);
#2245 = DIRECTION('',(1.,-0.));
#2246 = ( GEOMETRIC_REPRESENTATION_CONTEXT(2) 
PARAMETRIC_REPRESENTATION_CONTEXT() REPRESENTATION_CONTEXT('2D SPACE',''
  ) );
#2247 = FACE_BOUND('',#2248,.F.);
#2248 = EDGE_LOOP('',(#2249));
#2249 = ORIENTED_EDGE('',*,*,#2250,.T.);
#2250 = EDGE_CURVE('',#2251,#2251,#2253,.T.);
#2251 = VERTEX_POINT('',#2252);
#2252 = CARTESIAN_POINT('',(0.,46.7,19.));
#2253 = SURFACE_CURVE('',#2254,(#2259,#2270),.PCURVE_S1.);
#2254 = CIRCLE('',#2255,1.2);
#2255 = AXIS2_PLACEMENT_3D('',#2256,#2257,#2258);
#2256 = CARTESIAN_POINT('',(0.,45.5,19.));
#2257 = DIRECTION('',(-1.,0.,0.));
#2258 = DIRECTION('',(0.,1.,0.));
#2259 = PCURVE('',#215,#2260);
#2260 = DEFINITIONAL_REPRESENTATION('',(#2261),#2269);
#2261 = ( BOUNDED_CURVE() B_SPLINE_CURVE(2,(#2262,#2263,#2264,#2265,
#2266,#2267,#2268),.UNSPECIFIED.,.T.,.F.) B_SPLINE_CURVE_WITH_KNOTS((1,2
    ,2,2,2,1),(-2.094395102393,0.,2.094395102393,4.188790204786,
6.28318530718,8.377580409573),.UNSPECIFIED.) CURVE() 
GEOMETRIC_REPRESENTATION_ITEM() RATIONAL_B_SPLINE_CURVE((1.,0.5,1.,0.5,
1.,0.5,1.)) REPRESENTATION_ITEM('') );
#2262 = CARTESIAN_POINT('',(-0.469293388316,30.509474163815));
#2263 = CARTESIAN_POINT('',(-2.547754357398,30.509474163815));
#2264 = CARTESIAN_POINT('',(-1.508523872857,32.309474163815));
#2265 = CARTESIAN_POINT('',(-0.469293388316,34.109474163815));
#2266 = CARTESIAN_POINT('',(0.569937096225,32.309474163815));
#2267 = CARTESIAN_POINT('',(1.609167580767,30.509474163815));
#2268 = CARTESIAN_POINT('',(-0.469293388316,30.509474163815));
#2269 = ( GEOMETRIC_REPRESENTATION_CONTEXT(2) 
PARAMETRIC_REPRESENTATION_CONTEXT() REPRESENTATION_CONTEXT('2D SPACE',''
  ) );
#2270 = PCURVE('',#2271,#2276);
#2271 = CYLINDRICAL_SURFACE('',#2272,1.2);
#2272 = AXIS2_PLACEMENT_3D('',#2273,#2274,#2275);
#2273 = CARTESIAN_POINT('',(-1.,45.5,19.));
#2274 = DIRECTION('',(-1.,-0.,-0.));
#2275 = DIRECTION('',(0.,1.,0.));
#2276 = DEFINITIONAL_REPRESENTATION('',(#2277),#2281);
#2277 = LINE('',#2278,#2279);
#2278 = CARTESIAN_POINT('',(-6.28318530718,-1.));
#2279 = VECTOR('',#2280,1.);
#2280 = DIRECTION('',(1.,-0.));
#2281 = ( GEOMETRIC_REPRESENTATION_CONTEXT(2) 
PARAMETRIC_REPRESENTATION_CONTEXT() REPRESENTATION_CONTEXT('2D SPACE',''
  ) );
#2282 = FACE_BOUND('',#2283,.F.);
#2283 = EDGE_LOOP('',(#2284));
#2284 = ORIENTED_EDGE('',*,*,#2285,.T.);
#2285 = EDGE_CURVE('',#2286,#2286,#2288,.T.);
#2286 = VERTEX_POINT('',#2287);
#2287 = CARTESIAN_POINT('',(0.,41.2,19.));
#2288 = SURFACE_CURVE('',#2289,(#2294,#2305),.PCURVE_S1.);
#2289 = CIRCLE('',#2290,1.2);
#2290 = AXIS2_PLACEMENT_3D('',#2291,#2292,#2293);
#2291 = CARTESIAN_POINT('',(0.,40.,19.));
#2292 = DIRECTION('',(-1.,0.,0.));
#2293 = DIRECTION('',(0.,1.,0.));
#2294 = PCURVE('',#215,#2295);
#2295 = DEFINITIONAL_REPRESENTATION('',(#2296),#2304);
#2296 = ( BOUNDED_CURVE() B_SPLINE_CURVE(2,(#2297,#2298,#2299,#2300,
#2301,#2302,#2303),.UNSPECIFIED.,.T.,.F.) B_SPLINE_CURVE_WITH_KNOTS((1,2
    ,2,2,2,1),(-2.094395102393,0.,2.094395102393,4.188790204786,
6.28318530718,8.377580409573),.UNSPECIFIED.) CURVE() 
GEOMETRIC_REPRESENTATION_ITEM() RATIONAL_B_SPLINE_CURVE((1.,0.5,1.,0.5,
1.,0.5,1.)) REPRESENTATION_ITEM('') );
#2297 = CARTESIAN_POINT('',(-0.469293388316,36.009474163815));
#2298 = CARTESIAN_POINT('',(-2.547754357398,36.009474163815));
#2299 = CARTESIAN_POINT('',(-1.508523872857,37.809474163815));
#2300 = CARTESIAN_POINT('',(-0.469293388316,39.609474163815));
#2301 = CARTESIAN_POINT('',(0.569937096225,37.809474163815));
#2302 = CARTESIAN_POINT('',(1.609167580767,36.009474163815));
#2303 = CARTESIAN_POINT('',(-0.469293388316,36.009474163815));
#2304 = ( GEOMETRIC_REPRESENTATION_CONTEXT(2) 
PARAMETRIC_REPRESENTATION_CONTEXT() REPRESENTATION_CONTEXT('2D SPACE',''
  ) );
#2305 = PCURVE('',#2306,#2311);
#2306 = CYLINDRICAL_SURFACE('',#2307,1.2);
#2307 = AXIS2_PLACEMENT_3D('',#2308,#2309,#2310);
#2308 = CARTESIAN_POINT('',(-1.,40.,19.));
#2309 = DIRECTION('',(-1.,-0.,-0.));
#2310 = DIRECTION('',(0.,1.,0.));
#2311 = DEFINITIONAL_REPRESENTATION('',(#2312),#2316);
#2312 = LINE('',#2313,#2314);
#2313 = CARTESIAN_POINT('',(-6.28318530718,-1.));
#2314 = VECTOR('',#2315,1.);
#2315 = DIRECTION('',(1.,-0.));
#2316 = ( GEOMETRIC_REPRESENTATION_CONTEXT(2) 
PARAMETRIC_REPRESENTATION_CONTEXT() REPRESENTATION_CONTEXT('2D SPACE',''
  ) );
#2317 = FACE_BOUND('',#2318,.F.);
#2318 = EDGE_LOOP('',(#2319));
#2319 = ORIENTED_EDGE('',*,*,#2320,.T.);
#2320 = EDGE_CURVE('',#2321,#2321,#2323,.T.);
#2321 = VERTEX_POINT('',#2322);
#2322 = CARTESIAN_POINT('',(0.,35.7,19.));
#2323 = SURFACE_CURVE('',#2324,(#2329,#2340),.PCURVE_S1.);
#2324 = CIRCLE('',#2325,1.2);
#2325 = AXIS2_PLACEMENT_3D('',#2326,#2327,#2328);
#2326 = CARTESIAN_POINT('',(0.,34.5,19.));
#2327 = DIRECTION('',(-1.,0.,0.));
#2328 = DIRECTION('',(0.,1.,0.));
#2329 = PCURVE('',#215,#2330);
#2330 = DEFINITIONAL_REPRESENTATION('',(#2331),#2339);
#2331 = ( BOUNDED_CURVE() B_SPLINE_CURVE(2,(#2332,#2333,#2334,#2335,
#2336,#2337,#2338),.UNSPECIFIED.,.T.,.F.) B_SPLINE_CURVE_WITH_KNOTS((1,2
    ,2,2,2,1),(-2.094395102393,0.,2.094395102393,4.188790204786,
6.28318530718,8.377580409573),.UNSPECIFIED.) CURVE() 
GEOMETRIC_REPRESENTATION_ITEM() RATIONAL_B_SPLINE_CURVE((1.,0.5,1.,0.5,
1.,0.5,1.)) REPRESENTATION_ITEM('') );
#2332 = CARTESIAN_POINT('',(-0.469293388316,41.509474163815));
#2333 = CARTESIAN_POINT('',(-2.547754357398,41.509474163815));
#2334 = CARTESIAN_POINT('',(-1.508523872857,43.309474163815));
#2335 = CARTESIAN_POINT('',(-0.469293388316,45.109474163815));
#2336 = CARTESIAN_POINT('',(0.569937096225,43.309474163815));
#2337 = CARTESIAN_POINT('',(1.609167580767,41.509474163815));
#2338 = CARTESIAN_POINT('',(-0.469293388316,41.509474163815));
#2339 = ( GEOMETRIC_REPRESENTATION_CONTEXT(2) 
PARAMETRIC_REPRESENTATION_CONTEXT() REPRESENTATION_CONTEXT('2D SPACE',''
  ) );
#2340 = PCURVE('',#2341,#2346);
#2341 = CYLINDRICAL_SURFACE('',#2342,1.2);
#2342 = AXIS2_PLACEMENT_3D('',#2343,#2344,#2345);
#2343 = CARTESIAN_POINT('',(-1.,34.5,19.));
#2344 = DIRECTION('',(-1.,-0.,-0.));
#2345 = DIRECTION('',(0.,1.,0.));
#2346 = DEFINITIONAL_REPRESENTATION('',(#2347),#2351);
#2347 = LINE('',#2348,#2349);
#2348 = CARTESIAN_POINT('',(-6.28318530718,-1.));
#2349 = VECTOR('',#2350,1.);
#2350 = DIRECTION('',(1.,-0.));
#2351 = ( GEOMETRIC_REPRESENTATION_CONTEXT(2) 
PARAMETRIC_REPRESENTATION_CONTEXT() REPRESENTATION_CONTEXT('2D SPACE',''
  ) );
#2352 = FACE_BOUND('',#2353,.F.);
#2353 = EDGE_LOOP('',(#2354));
#2354 = ORIENTED_EDGE('',*,*,#2355,.T.);
#2355 = EDGE_CURVE('',#2356,#2356,#2358,.T.);
#2356 = VERTEX_POINT('',#2357);
#2357 = CARTESIAN_POINT('',(0.,30.2,19.));
#2358 = SURFACE_CURVE('',#2359,(#2364,#2375),.PCURVE_S1.);
#2359 = CIRCLE('',#2360,1.2);
#2360 = AXIS2_PLACEMENT_3D('',#2361,#2362,#2363);
#2361 = CARTESIAN_POINT('',(0.,29.,19.));
#2362 = DIRECTION('',(-1.,0.,0.));
#2363 = DIRECTION('',(0.,1.,0.));
#2364 = PCURVE('',#215,#2365);
#2365 = DEFINITIONAL_REPRESENTATION('',(#2366),#2374);
#2366 = ( BOUNDED_CURVE() B_SPLINE_CURVE(2,(#2367,#2368,#2369,#2370,
#2371,#2372,#2373),.UNSPECIFIED.,.T.,.F.) B_SPLINE_CURVE_WITH_KNOTS((1,2
    ,2,2,2,1),(-2.094395102393,0.,2.094395102393,4.188790204786,
6.28318530718,8.377580409573),.UNSPECIFIED.) CURVE() 
GEOMETRIC_REPRESENTATION_ITEM() RATIONAL_B_SPLINE_CURVE((1.,0.5,1.,0.5,
1.,0.5,1.)) REPRESENTATION_ITEM('') );
#2367 = CARTESIAN_POINT('',(-0.469293388316,47.009474163815));
#2368 = CARTESIAN_POINT('',(-2.547754357398,47.009474163815));
#2369 = CARTESIAN_POINT('',(-1.508523872857,48.809474163815));
#2370 = CARTESIAN_POINT('',(-0.469293388316,50.609474163815));
#2371 = CARTESIAN_POINT('',(0.569937096225,48.809474163815));
#2372 = CARTESIAN_POINT('',(1.609167580767,47.009474163815));
#2373 = CARTESIAN_POINT('',(-0.469293388316,47.009474163815));
#2374 = ( GEOMETRIC_REPRESENTATION_CONTEXT(2) 
PARAMETRIC_REPRESENTATION_CONTEXT() REPRESENTATION_CONTEXT('2D SPACE',''
  ) );
#2375 = PCURVE('',#2376,#2381);
#2376 = CYLINDRICAL_SURFACE('',#2377,1.2);
#2377 = AXIS2_PLACEMENT_3D('',#2378,#2379,#2380);
#2378 = CARTESIAN_POINT('',(-1.,29.,19.));
#2379 = DIRECTION('',(-1.,-0.,-0.));
#2380 = DIRECTION('',(0.,1.,0.));
#2381 = DEFINITIONAL_REPRESENTATION('',(#2382),#2386);
#2382 = LINE('',#2383,#2384);
#2383 = CARTESIAN_POINT('',(-6.28318530718,-1.));
#2384 = VECTOR('',#2385,1.);
#2385 = DIRECTION('',(1.,-0.));
#2386 = ( GEOMETRIC_REPRESENTATION_CONTEXT(2) 
PARAMETRIC_REPRESENTATION_CONTEXT() REPRESENTATION_CONTEXT('2D SPACE',''
  ) );
#2387 = FACE_BOUND('',#2388,.F.);
#2388 = EDGE_LOOP('',(#2389));
#2389 = ORIENTED_EDGE('',*,*,#2390,.T.);
#2390 = EDGE_CURVE('',#2391,#2391,#2393,.T.);
#2391 = VERTEX_POINT('',#2392);
#2392 = CARTESIAN_POINT('',(0.,24.7,19.));
#2393 = SURFACE_CURVE('',#2394,(#2399,#2410),.PCURVE_S1.);
#2394 = CIRCLE('',#2395,1.2);
#2395 = AXIS2_PLACEMENT_3D('',#2396,#2397,#2398);
#2396 = CARTESIAN_POINT('',(0.,23.5,19.));
#2397 = DIRECTION('',(-1.,0.,0.));
#2398 = DIRECTION('',(0.,1.,0.));
#2399 = PCURVE('',#215,#2400);
#2400 = DEFINITIONAL_REPRESENTATION('',(#2401),#2409);
#2401 = ( BOUNDED_CURVE() B_SPLINE_CURVE(2,(#2402,#2403,#2404,#2405,
#2406,#2407,#2408),.UNSPECIFIED.,.T.,.F.) B_SPLINE_CURVE_WITH_KNOTS((1,2
    ,2,2,2,1),(-2.094395102393,0.,2.094395102393,4.188790204786,
6.28318530718,8.377580409573),.UNSPECIFIED.) CURVE() 
GEOMETRIC_REPRESENTATION_ITEM() RATIONAL_B_SPLINE_CURVE((1.,0.5,1.,0.5,
1.,0.5,1.)) REPRESENTATION_ITEM('') );
#2402 = CARTESIAN_POINT('',(-0.469293388316,52.509474163815));
#2403 = CARTESIAN_POINT('',(-2.547754357398,52.509474163815));
#2404 = CARTESIAN_POINT('',(-1.508523872857,54.309474163815));
#2405 = CARTESIAN_POINT('',(-0.469293388316,56.109474163815));
#2406 = CARTESIAN_POINT('',(0.569937096225,54.309474163815));
#2407 = CARTESIAN_POINT('',(1.609167580767,52.509474163815));
#2408 = CARTESIAN_POINT('',(-0.469293388316,52.509474163815));
#2409 = ( GEOMETRIC_REPRESENTATION_CONTEXT(2) 
PARAMETRIC_REPRESENTATION_CONTEXT() REPRESENTATION_CONTEXT('2D SPACE',''
  ) );
#2410 = PCURVE('',#2411,#2416);
#2411 = CYLINDRICAL_SURFACE('',#2412,1.2);
#2412 = AXIS2_PLACEMENT_3D('',#2413,#2414,#2415);
#2413 = CARTESIAN_POINT('',(-1.,23.5,19.));
#2414 = DIRECTION('',(-1.,-0.,-0.));
#2415 = DIRECTION('',(0.,1.,0.));
#2416 = DEFINITIONAL_REPRESENTATION('',(#2417),#2421);
#2417 = LINE('',#2418,#2419);
#2418 = CARTESIAN_POINT('',(-6.28318530718,-1.));
#2419 = VECTOR('',#2420,1.);
#2420 = DIRECTION('',(1.,-0.));
#2421 = ( GEOMETRIC_REPRESENTATION_CONTEXT(2) 
PARAMETRIC_REPRESENTATION_CONTEXT() REPRESENTATION_CONTEXT('2D SPACE',''
  ) );
#2422 = FACE_BOUND('',#2423,.F.);
#2423 = EDGE_LOOP('',(#2424));
#2424 = ORIENTED_EDGE('',*,*,#2425,.T.);
#2425 = EDGE_CURVE('',#2426,#2426,#2428,.T.);
#2426 = VERTEX_POINT('',#2427);
#2427 = CARTESIAN_POINT('',(0.,19.2,19.));
#2428 = SURFACE_CURVE('',#2429,(#2434,#2445),.PCURVE_S1.);
#2429 = CIRCLE('',#2430,1.2);
#2430 = AXIS2_PLACEMENT_3D('',#2431,#2432,#2433);
#2431 = CARTESIAN_POINT('',(0.,18.,19.));
#2432 = DIRECTION('',(-1.,0.,0.));
#2433 = DIRECTION('',(0.,1.,0.));
#2434 = PCURVE('',#215,#2435);
#2435 = DEFINITIONAL_REPRESENTATION('',(#2436),#2444);
#2436 = ( BOUNDED_CURVE() B_SPLINE_CURVE(2,(#2437,#2438,#2439,#2440,
#2441,#2442,#2443),.UNSPECIFIED.,.T.,.F.) B_SPLINE_CURVE_WITH_KNOTS((1,2
    ,2,2,2,1),(-2.094395102393,0.,2.094395102393,4.188790204786,
6.28318530718,8.377580409573),.UNSPECIFIED.) CURVE() 
GEOMETRIC_REPRESENTATION_ITEM() RATIONAL_B_SPLINE_CURVE((1.,0.5,1.,0.5,
1.,0.5,1.)) REPRESENTATION_ITEM('') );
#2437 = CARTESIAN_POINT('',(-0.469293388316,58.009474163815));
#2438 = CARTESIAN_POINT('',(-2.547754357398,58.009474163815));
#2439 = CARTESIAN_POINT('',(-1.508523872857,59.809474163815));
#2440 = CARTESIAN_POINT('',(-0.469293388316,61.609474163815));
#2441 = CARTESIAN_POINT('',(0.569937096225,59.809474163815));
#2442 = CARTESIAN_POINT('',(1.609167580767,58.009474163815));
#2443 = CARTESIAN_POINT('',(-0.469293388316,58.009474163815));
#2444 = ( GEOMETRIC_REPRESENTATION_CONTEXT(2) 
PARAMETRIC_REPRESENTATION_CONTEXT() REPRESENTATION_CONTEXT('2D SPACE',''
  ) );
#2445 = PCURVE('',#2446,#2451);
#2446 = CYLINDRICAL_SURFACE('',#2447,1.2);
#2447 = AXIS2_PLACEMENT_3D('',#2448,#2449,#2450);
#2448 = CARTESIAN_POINT('',(-1.,18.,19.));
#2449 = DIRECTION('',(-1.,-0.,-0.));
#2450 = DIRECTION('',(0.,1.,0.));
#2451 = DEFINITIONAL_REPRESENTATION('',(#2452),#2456);
#2452 = LINE('',#2453,#2454);
#2453 = CARTESIAN_POINT('',(-6.28318530718,-1.));
#2454 = VECTOR('',#2455,1.);
#2455 = DIRECTION('',(1.,-0.));
#2456 = ( GEOMETRIC_REPRESENTATION_CONTEXT(2) 
PARAMETRIC_REPRESENTATION_CONTEXT() REPRESENTATION_CONTEXT('2D SPACE',''
  ) );
#2457 = ADVANCED_FACE('',(#2458,#2506,#2537,#2568,#2599,#2630,#2661,
    #2692,#2723,#2754,#2785,#2816,#2847,#2878,#2909,#2940,#2971,#3002,
    #3033,#3064,#3095,#3126,#3157,#3188,#3219,#3250,#3281,#3312,#3343,
    #3374,#3405,#3436,#3467,#3498,#3529,#3560,#3591,#3622,#3653,#3684,
    #3715,#3746,#3777),#101,.T.);
#2458 = FACE_BOUND('',#2459,.T.);
#2459 = EDGE_LOOP('',(#2460,#2461,#2462,#2485));
#2460 = ORIENTED_EDGE('',*,*,#614,.F.);
#2461 = ORIENTED_EDGE('',*,*,#85,.T.);
#2462 = ORIENTED_EDGE('',*,*,#2463,.T.);
#2463 = EDGE_CURVE('',#86,#2464,#2466,.T.);
#2464 = VERTEX_POINT('',#2465);
#2465 = CARTESIAN_POINT('',(150.,142.,24.));
#2466 = SURFACE_CURVE('',#2467,(#2471,#2478),.PCURVE_S1.);
#2467 = LINE('',#2468,#2469);
#2468 = CARTESIAN_POINT('',(150.,142.,0.));
#2469 = VECTOR('',#2470,1.);
#2470 = DIRECTION('',(0.,0.,1.));
#2471 = PCURVE('',#101,#2472);
#2472 = DEFINITIONAL_REPRESENTATION('',(#2473),#2477);
#2473 = LINE('',#2474,#2475);
#2474 = CARTESIAN_POINT('',(-19.46929338831,-64.79052583618));
#2475 = VECTOR('',#2476,1.);
#2476 = DIRECTION('',(1.,0.));
#2477 = ( GEOMETRIC_REPRESENTATION_CONTEXT(2) 
PARAMETRIC_REPRESENTATION_CONTEXT() REPRESENTATION_CONTEXT('2D SPACE',''
  ) );
#2478 = PCURVE('',#130,#2479);
#2479 = DEFINITIONAL_REPRESENTATION('',(#2480),#2484);
#2480 = LINE('',#2481,#2482);
#2481 = CARTESIAN_POINT('',(0.,0.));
#2482 = VECTOR('',#2483,1.);
#2483 = DIRECTION('',(0.,1.));
#2484 = ( GEOMETRIC_REPRESENTATION_CONTEXT(2) 
PARAMETRIC_REPRESENTATION_CONTEXT() REPRESENTATION_CONTEXT('2D SPACE',''
  ) );
#2485 = ORIENTED_EDGE('',*,*,#2486,.F.);
#2486 = EDGE_CURVE('',#615,#2464,#2487,.T.);
#2487 = SURFACE_CURVE('',#2488,(#2492,#2499),.PCURVE_S1.);
#2488 = LINE('',#2489,#2490);
#2489 = CARTESIAN_POINT('',(150.,0.,24.));
#2490 = VECTOR('',#2491,1.);
#2491 = DIRECTION('',(0.,1.,0.));
#2492 = PCURVE('',#101,#2493);
#2493 = DEFINITIONAL_REPRESENTATION('',(#2494),#2498);
#2494 = LINE('',#2495,#2496);
#2495 = CARTESIAN_POINT('',(4.530706611684,77.209474163815));
#2496 = VECTOR('',#2497,1.);
#2497 = DIRECTION('',(0.,-1.));
#2498 = ( GEOMETRIC_REPRESENTATION_CONTEXT(2) 
PARAMETRIC_REPRESENTATION_CONTEXT() REPRESENTATION_CONTEXT('2D SPACE',''
  ) );
#2499 = PCURVE('',#425,#2500);
#2500 = DEFINITIONAL_REPRESENTATION('',(#2501),#2505);
#2501 = LINE('',#2502,#2503);
#2502 = CARTESIAN_POINT('',(150.,0.));
#2503 = VECTOR('',#2504,1.);
#2504 = DIRECTION('',(0.,1.));
#2505 = ( GEOMETRIC_REPRESENTATION_CONTEXT(2) 
PARAMETRIC_REPRESENTATION_CONTEXT() REPRESENTATION_CONTEXT('2D SPACE',''
  ) );
#2506 = FACE_BOUND('',#2507,.T.);
#2507 = EDGE_LOOP('',(#2508));
#2508 = ORIENTED_EDGE('',*,*,#2509,.F.);
#2509 = EDGE_CURVE('',#2510,#2510,#2512,.T.);
#2510 = VERTEX_POINT('',#2511);
#2511 = CARTESIAN_POINT('',(150.,134.7,9.));
#2512 = SURFACE_CURVE('',#2513,(#2518,#2525),.PCURVE_S1.);
#2513 = CIRCLE('',#2514,1.2);
#2514 = AXIS2_PLACEMENT_3D('',#2515,#2516,#2517);
#2515 = CARTESIAN_POINT('',(150.,133.5,9.));
#2516 = DIRECTION('',(1.,0.,-0.));
#2517 = DIRECTION('',(0.,1.,0.));
#2518 = PCURVE('',#101,#2519);
#2519 = DEFINITIONAL_REPRESENTATION('',(#2520),#2524);
#2520 = CIRCLE('',#2521,1.2);
#2521 = AXIS2_PLACEMENT_2D('',#2522,#2523);
#2522 = CARTESIAN_POINT('',(-10.46929338831,-56.29052583618));
#2523 = DIRECTION('',(0.,-1.));
#2524 = ( GEOMETRIC_REPRESENTATION_CONTEXT(2) 
PARAMETRIC_REPRESENTATION_CONTEXT() REPRESENTATION_CONTEXT('2D SPACE',''
  ) );
#2525 = PCURVE('',#2526,#2531);
#2526 = CYLINDRICAL_SURFACE('',#2527,1.2);
#2527 = AXIS2_PLACEMENT_3D('',#2528,#2529,#2530);
#2528 = CARTESIAN_POINT('',(151.,133.5,9.));
#2529 = DIRECTION('',(1.,-0.,-0.));
#2530 = DIRECTION('',(0.,1.,0.));
#2531 = DEFINITIONAL_REPRESENTATION('',(#2532),#2536);
#2532 = LINE('',#2533,#2534);
#2533 = CARTESIAN_POINT('',(-6.28318530718,-1.));
#2534 = VECTOR('',#2535,1.);
#2535 = DIRECTION('',(1.,-0.));
#2536 = ( GEOMETRIC_REPRESENTATION_CONTEXT(2) 
PARAMETRIC_REPRESENTATION_CONTEXT() REPRESENTATION_CONTEXT('2D SPACE',''
  ) );
#2537 = FACE_BOUND('',#2538,.T.);
#2538 = EDGE_LOOP('',(#2539));
#2539 = ORIENTED_EDGE('',*,*,#2540,.F.);
#2540 = EDGE_CURVE('',#2541,#2541,#2543,.T.);
#2541 = VERTEX_POINT('',#2542);
#2542 = CARTESIAN_POINT('',(150.,129.2,9.));
#2543 = SURFACE_CURVE('',#2544,(#2549,#2556),.PCURVE_S1.);
#2544 = CIRCLE('',#2545,1.2);
#2545 = AXIS2_PLACEMENT_3D('',#2546,#2547,#2548);
#2546 = CARTESIAN_POINT('',(150.,128.,9.));
#2547 = DIRECTION('',(1.,0.,-0.));
#2548 = DIRECTION('',(0.,1.,0.));
#2549 = PCURVE('',#101,#2550);
#2550 = DEFINITIONAL_REPRESENTATION('',(#2551),#2555);
#2551 = CIRCLE('',#2552,1.2);
#2552 = AXIS2_PLACEMENT_2D('',#2553,#2554);
#2553 = CARTESIAN_POINT('',(-10.46929338831,-50.79052583618));
#2554 = DIRECTION('',(0.,-1.));
#2555 = ( GEOMETRIC_REPRESENTATION_CONTEXT(2) 
PARAMETRIC_REPRESENTATION_CONTEXT() REPRESENTATION_CONTEXT('2D SPACE',''
  ) );
#2556 = PCURVE('',#2557,#2562);
#2557 = CYLINDRICAL_SURFACE('',#2558,1.2);
#2558 = AXIS2_PLACEMENT_3D('',#2559,#2560,#2561);
#2559 = CARTESIAN_POINT('',(151.,128.,9.));
#2560 = DIRECTION('',(1.,-0.,-0.));
#2561 = DIRECTION('',(0.,1.,0.));
#2562 = DEFINITIONAL_REPRESENTATION('',(#2563),#2567);
#2563 = LINE('',#2564,#2565);
#2564 = CARTESIAN_POINT('',(-6.28318530718,-1.));
#2565 = VECTOR('',#2566,1.);
#2566 = DIRECTION('',(1.,-0.));
#2567 = ( GEOMETRIC_REPRESENTATION_CONTEXT(2) 
PARAMETRIC_REPRESENTATION_CONTEXT() REPRESENTATION_CONTEXT('2D SPACE',''
  ) );
#2568 = FACE_BOUND('',#2569,.T.);
#2569 = EDGE_LOOP('',(#2570));
#2570 = ORIENTED_EDGE('',*,*,#2571,.F.);
#2571 = EDGE_CURVE('',#2572,#2572,#2574,.T.);
#2572 = VERTEX_POINT('',#2573);
#2573 = CARTESIAN_POINT('',(150.,123.7,9.));
#2574 = SURFACE_CURVE('',#2575,(#2580,#2587),.PCURVE_S1.);
#2575 = CIRCLE('',#2576,1.2);
#2576 = AXIS2_PLACEMENT_3D('',#2577,#2578,#2579);
#2577 = CARTESIAN_POINT('',(150.,122.5,9.));
#2578 = DIRECTION('',(1.,0.,-0.));
#2579 = DIRECTION('',(0.,1.,0.));
#2580 = PCURVE('',#101,#2581);
#2581 = DEFINITIONAL_REPRESENTATION('',(#2582),#2586);
#2582 = CIRCLE('',#2583,1.2);
#2583 = AXIS2_PLACEMENT_2D('',#2584,#2585);
#2584 = CARTESIAN_POINT('',(-10.46929338831,-45.29052583618));
#2585 = DIRECTION('',(0.,-1.));
#2586 = ( GEOMETRIC_REPRESENTATION_CONTEXT(2) 
PARAMETRIC_REPRESENTATION_CONTEXT() REPRESENTATION_CONTEXT('2D SPACE',''
  ) );
#2587 = PCURVE('',#2588,#2593);
#2588 = CYLINDRICAL_SURFACE('',#2589,1.2);
#2589 = AXIS2_PLACEMENT_3D('',#2590,#2591,#2592);
#2590 = CARTESIAN_POINT('',(151.,122.5,9.));
#2591 = DIRECTION('',(1.,-0.,-0.));
#2592 = DIRECTION('',(0.,1.,0.));
#2593 = DEFINITIONAL_REPRESENTATION('',(#2594),#2598);
#2594 = LINE('',#2595,#2596);
#2595 = CARTESIAN_POINT('',(-6.28318530718,-1.));
#2596 = VECTOR('',#2597,1.);
#2597 = DIRECTION('',(1.,-0.));
#2598 = ( GEOMETRIC_REPRESENTATION_CONTEXT(2) 
PARAMETRIC_REPRESENTATION_CONTEXT() REPRESENTATION_CONTEXT('2D SPACE',''
  ) );
#2599 = FACE_BOUND('',#2600,.T.);
#2600 = EDGE_LOOP('',(#2601));
#2601 = ORIENTED_EDGE('',*,*,#2602,.F.);
#2602 = EDGE_CURVE('',#2603,#2603,#2605,.T.);
#2603 = VERTEX_POINT('',#2604);
#2604 = CARTESIAN_POINT('',(150.,118.2,9.));
#2605 = SURFACE_CURVE('',#2606,(#2611,#2618),.PCURVE_S1.);
#2606 = CIRCLE('',#2607,1.2);
#2607 = AXIS2_PLACEMENT_3D('',#2608,#2609,#2610);
#2608 = CARTESIAN_POINT('',(150.,117.,9.));
#2609 = DIRECTION('',(1.,0.,-0.));
#2610 = DIRECTION('',(0.,1.,0.));
#2611 = PCURVE('',#101,#2612);
#2612 = DEFINITIONAL_REPRESENTATION('',(#2613),#2617);
#2613 = CIRCLE('',#2614,1.2);
#2614 = AXIS2_PLACEMENT_2D('',#2615,#2616);
#2615 = CARTESIAN_POINT('',(-10.46929338831,-39.79052583618));
#2616 = DIRECTION('',(0.,-1.));
#2617 = ( GEOMETRIC_REPRESENTATION_CONTEXT(2) 
PARAMETRIC_REPRESENTATION_CONTEXT() REPRESENTATION_CONTEXT('2D SPACE',''
  ) );
#2618 = PCURVE('',#2619,#2624);
#2619 = CYLINDRICAL_SURFACE('',#2620,1.2);
#2620 = AXIS2_PLACEMENT_3D('',#2621,#2622,#2623);
#2621 = CARTESIAN_POINT('',(151.,117.,9.));
#2622 = DIRECTION('',(1.,-0.,-0.));
#2623 = DIRECTION('',(0.,1.,0.));
#2624 = DEFINITIONAL_REPRESENTATION('',(#2625),#2629);
#2625 = LINE('',#2626,#2627);
#2626 = CARTESIAN_POINT('',(-6.28318530718,-1.));
#2627 = VECTOR('',#2628,1.);
#2628 = DIRECTION('',(1.,-0.));
#2629 = ( GEOMETRIC_REPRESENTATION_CONTEXT(2) 
PARAMETRIC_REPRESENTATION_CONTEXT() REPRESENTATION_CONTEXT('2D SPACE',''
  ) );
#2630 = FACE_BOUND('',#2631,.T.);
#2631 = EDGE_LOOP('',(#2632));
#2632 = ORIENTED_EDGE('',*,*,#2633,.F.);
#2633 = EDGE_CURVE('',#2634,#2634,#2636,.T.);
#2634 = VERTEX_POINT('',#2635);
#2635 = CARTESIAN_POINT('',(150.,112.7,9.));
#2636 = SURFACE_CURVE('',#2637,(#2642,#2649),.PCURVE_S1.);
#2637 = CIRCLE('',#2638,1.2);
#2638 = AXIS2_PLACEMENT_3D('',#2639,#2640,#2641);
#2639 = CARTESIAN_POINT('',(150.,111.5,9.));
#2640 = DIRECTION('',(1.,0.,-0.));
#2641 = DIRECTION('',(0.,1.,0.));
#2642 = PCURVE('',#101,#2643);
#2643 = DEFINITIONAL_REPRESENTATION('',(#2644),#2648);
#2644 = CIRCLE('',#2645,1.2);
#2645 = AXIS2_PLACEMENT_2D('',#2646,#2647);
#2646 = CARTESIAN_POINT('',(-10.46929338831,-34.29052583618));
#2647 = DIRECTION('',(0.,-1.));
#2648 = ( GEOMETRIC_REPRESENTATION_CONTEXT(2) 
PARAMETRIC_REPRESENTATION_CONTEXT() REPRESENTATION_CONTEXT('2D SPACE',''
  ) );
#2649 = PCURVE('',#2650,#2655);
#2650 = CYLINDRICAL_SURFACE('',#2651,1.2);
#2651 = AXIS2_PLACEMENT_3D('',#2652,#2653,#2654);
#2652 = CARTESIAN_POINT('',(151.,111.5,9.));
#2653 = DIRECTION('',(1.,-0.,-0.));
#2654 = DIRECTION('',(0.,1.,0.));
#2655 = DEFINITIONAL_REPRESENTATION('',(#2656),#2660);
#2656 = LINE('',#2657,#2658);
#2657 = CARTESIAN_POINT('',(-6.28318530718,-1.));
#2658 = VECTOR('',#2659,1.);
#2659 = DIRECTION('',(1.,-0.));
#2660 = ( GEOMETRIC_REPRESENTATION_CONTEXT(2) 
PARAMETRIC_REPRESENTATION_CONTEXT() REPRESENTATION_CONTEXT('2D SPACE',''
  ) );
#2661 = FACE_BOUND('',#2662,.T.);
#2662 = EDGE_LOOP('',(#2663));
#2663 = ORIENTED_EDGE('',*,*,#2664,.F.);
#2664 = EDGE_CURVE('',#2665,#2665,#2667,.T.);
#2665 = VERTEX_POINT('',#2666);
#2666 = CARTESIAN_POINT('',(150.,107.2,9.));
#2667 = SURFACE_CURVE('',#2668,(#2673,#2680),.PCURVE_S1.);
#2668 = CIRCLE('',#2669,1.2);
#2669 = AXIS2_PLACEMENT_3D('',#2670,#2671,#2672);
#2670 = CARTESIAN_POINT('',(150.,106.,9.));
#2671 = DIRECTION('',(1.,0.,-0.));
#2672 = DIRECTION('',(0.,1.,0.));
#2673 = PCURVE('',#101,#2674);
#2674 = DEFINITIONAL_REPRESENTATION('',(#2675),#2679);
#2675 = CIRCLE('',#2676,1.2);
#2676 = AXIS2_PLACEMENT_2D('',#2677,#2678);
#2677 = CARTESIAN_POINT('',(-10.46929338831,-28.79052583618));
#2678 = DIRECTION('',(0.,-1.));
#2679 = ( GEOMETRIC_REPRESENTATION_CONTEXT(2) 
PARAMETRIC_REPRESENTATION_CONTEXT() REPRESENTATION_CONTEXT('2D SPACE',''
  ) );
#2680 = PCURVE('',#2681,#2686);
#2681 = CYLINDRICAL_SURFACE('',#2682,1.2);
#2682 = AXIS2_PLACEMENT_3D('',#2683,#2684,#2685);
#2683 = CARTESIAN_POINT('',(151.,106.,9.));
#2684 = DIRECTION('',(1.,-0.,-0.));
#2685 = DIRECTION('',(0.,1.,0.));
#2686 = DEFINITIONAL_REPRESENTATION('',(#2687),#2691);
#2687 = LINE('',#2688,#2689);
#2688 = CARTESIAN_POINT('',(-6.28318530718,-1.));
#2689 = VECTOR('',#2690,1.);
#2690 = DIRECTION('',(1.,-0.));
#2691 = ( GEOMETRIC_REPRESENTATION_CONTEXT(2) 
PARAMETRIC_REPRESENTATION_CONTEXT() REPRESENTATION_CONTEXT('2D SPACE',''
  ) );
#2692 = FACE_BOUND('',#2693,.T.);
#2693 = EDGE_LOOP('',(#2694));
#2694 = ORIENTED_EDGE('',*,*,#2695,.F.);
#2695 = EDGE_CURVE('',#2696,#2696,#2698,.T.);
#2696 = VERTEX_POINT('',#2697);
#2697 = CARTESIAN_POINT('',(150.,101.7,9.));
#2698 = SURFACE_CURVE('',#2699,(#2704,#2711),.PCURVE_S1.);
#2699 = CIRCLE('',#2700,1.2);
#2700 = AXIS2_PLACEMENT_3D('',#2701,#2702,#2703);
#2701 = CARTESIAN_POINT('',(150.,100.5,9.));
#2702 = DIRECTION('',(1.,0.,-0.));
#2703 = DIRECTION('',(0.,1.,0.));
#2704 = PCURVE('',#101,#2705);
#2705 = DEFINITIONAL_REPRESENTATION('',(#2706),#2710);
#2706 = CIRCLE('',#2707,1.2);
#2707 = AXIS2_PLACEMENT_2D('',#2708,#2709);
#2708 = CARTESIAN_POINT('',(-10.46929338831,-23.29052583618));
#2709 = DIRECTION('',(0.,-1.));
#2710 = ( GEOMETRIC_REPRESENTATION_CONTEXT(2) 
PARAMETRIC_REPRESENTATION_CONTEXT() REPRESENTATION_CONTEXT('2D SPACE',''
  ) );
#2711 = PCURVE('',#2712,#2717);
#2712 = CYLINDRICAL_SURFACE('',#2713,1.2);
#2713 = AXIS2_PLACEMENT_3D('',#2714,#2715,#2716);
#2714 = CARTESIAN_POINT('',(151.,100.5,9.));
#2715 = DIRECTION('',(1.,-0.,-0.));
#2716 = DIRECTION('',(0.,1.,0.));
#2717 = DEFINITIONAL_REPRESENTATION('',(#2718),#2722);
#2718 = LINE('',#2719,#2720);
#2719 = CARTESIAN_POINT('',(-6.28318530718,-1.));
#2720 = VECTOR('',#2721,1.);
#2721 = DIRECTION('',(1.,-0.));
#2722 = ( GEOMETRIC_REPRESENTATION_CONTEXT(2) 
PARAMETRIC_REPRESENTATION_CONTEXT() REPRESENTATION_CONTEXT('2D SPACE',''
  ) );
#2723 = FACE_BOUND('',#2724,.T.);
#2724 = EDGE_LOOP('',(#2725));
#2725 = ORIENTED_EDGE('',*,*,#2726,.F.);
#2726 = EDGE_CURVE('',#2727,#2727,#2729,.T.);
#2727 = VERTEX_POINT('',#2728);
#2728 = CARTESIAN_POINT('',(150.,96.2,9.));
#2729 = SURFACE_CURVE('',#2730,(#2735,#2742),.PCURVE_S1.);
#2730 = CIRCLE('',#2731,1.2);
#2731 = AXIS2_PLACEMENT_3D('',#2732,#2733,#2734);
#2732 = CARTESIAN_POINT('',(150.,95.,9.));
#2733 = DIRECTION('',(1.,0.,-0.));
#2734 = DIRECTION('',(0.,1.,0.));
#2735 = PCURVE('',#101,#2736);
#2736 = DEFINITIONAL_REPRESENTATION('',(#2737),#2741);
#2737 = CIRCLE('',#2738,1.2);
#2738 = AXIS2_PLACEMENT_2D('',#2739,#2740);
#2739 = CARTESIAN_POINT('',(-10.46929338831,-17.79052583618));
#2740 = DIRECTION('',(0.,-1.));
#2741 = ( GEOMETRIC_REPRESENTATION_CONTEXT(2) 
PARAMETRIC_REPRESENTATION_CONTEXT() REPRESENTATION_CONTEXT('2D SPACE',''
  ) );
#2742 = PCURVE('',#2743,#2748);
#2743 = CYLINDRICAL_SURFACE('',#2744,1.2);
#2744 = AXIS2_PLACEMENT_3D('',#2745,#2746,#2747);
#2745 = CARTESIAN_POINT('',(151.,95.,9.));
#2746 = DIRECTION('',(1.,-0.,-0.));
#2747 = DIRECTION('',(0.,1.,0.));
#2748 = DEFINITIONAL_REPRESENTATION('',(#2749),#2753);
#2749 = LINE('',#2750,#2751);
#2750 = CARTESIAN_POINT('',(-6.28318530718,-1.));
#2751 = VECTOR('',#2752,1.);
#2752 = DIRECTION('',(1.,-0.));
#2753 = ( GEOMETRIC_REPRESENTATION_CONTEXT(2) 
PARAMETRIC_REPRESENTATION_CONTEXT() REPRESENTATION_CONTEXT('2D SPACE',''
  ) );
#2754 = FACE_BOUND('',#2755,.T.);
#2755 = EDGE_LOOP('',(#2756));
#2756 = ORIENTED_EDGE('',*,*,#2757,.F.);
#2757 = EDGE_CURVE('',#2758,#2758,#2760,.T.);
#2758 = VERTEX_POINT('',#2759);
#2759 = CARTESIAN_POINT('',(150.,90.7,9.));
#2760 = SURFACE_CURVE('',#2761,(#2766,#2773),.PCURVE_S1.);
#2761 = CIRCLE('',#2762,1.2);
#2762 = AXIS2_PLACEMENT_3D('',#2763,#2764,#2765);
#2763 = CARTESIAN_POINT('',(150.,89.5,9.));
#2764 = DIRECTION('',(1.,0.,-0.));
#2765 = DIRECTION('',(0.,1.,0.));
#2766 = PCURVE('',#101,#2767);
#2767 = DEFINITIONAL_REPRESENTATION('',(#2768),#2772);
#2768 = CIRCLE('',#2769,1.2);
#2769 = AXIS2_PLACEMENT_2D('',#2770,#2771);
#2770 = CARTESIAN_POINT('',(-10.46929338831,-12.29052583618));
#2771 = DIRECTION('',(0.,-1.));
#2772 = ( GEOMETRIC_REPRESENTATION_CONTEXT(2) 
PARAMETRIC_REPRESENTATION_CONTEXT() REPRESENTATION_CONTEXT('2D SPACE',''
  ) );
#2773 = PCURVE('',#2774,#2779);
#2774 = CYLINDRICAL_SURFACE('',#2775,1.2);
#2775 = AXIS2_PLACEMENT_3D('',#2776,#2777,#2778);
#2776 = CARTESIAN_POINT('',(151.,89.5,9.));
#2777 = DIRECTION('',(1.,-0.,-0.));
#2778 = DIRECTION('',(0.,1.,0.));
#2779 = DEFINITIONAL_REPRESENTATION('',(#2780),#2784);
#2780 = LINE('',#2781,#2782);
#2781 = CARTESIAN_POINT('',(-6.28318530718,-1.));
#2782 = VECTOR('',#2783,1.);
#2783 = DIRECTION('',(1.,-0.));
#2784 = ( GEOMETRIC_REPRESENTATION_CONTEXT(2) 
PARAMETRIC_REPRESENTATION_CONTEXT() REPRESENTATION_CONTEXT('2D SPACE',''
  ) );
#2785 = FACE_BOUND('',#2786,.T.);
#2786 = EDGE_LOOP('',(#2787));
#2787 = ORIENTED_EDGE('',*,*,#2788,.F.);
#2788 = EDGE_CURVE('',#2789,#2789,#2791,.T.);
#2789 = VERTEX_POINT('',#2790);
#2790 = CARTESIAN_POINT('',(150.,131.95,14.));
#2791 = SURFACE_CURVE('',#2792,(#2797,#2804),.PCURVE_S1.);
#2792 = CIRCLE('',#2793,1.2);
#2793 = AXIS2_PLACEMENT_3D('',#2794,#2795,#2796);
#2794 = CARTESIAN_POINT('',(150.,130.75,14.));
#2795 = DIRECTION('',(1.,0.,-0.));
#2796 = DIRECTION('',(0.,1.,0.));
#2797 = PCURVE('',#101,#2798);
#2798 = DEFINITIONAL_REPRESENTATION('',(#2799),#2803);
#2799 = CIRCLE('',#2800,1.2);
#2800 = AXIS2_PLACEMENT_2D('',#2801,#2802);
#2801 = CARTESIAN_POINT('',(-5.469293388316,-53.54052583618));
#2802 = DIRECTION('',(0.,-1.));
#2803 = ( GEOMETRIC_REPRESENTATION_CONTEXT(2) 
PARAMETRIC_REPRESENTATION_CONTEXT() REPRESENTATION_CONTEXT('2D SPACE',''
  ) );
#2804 = PCURVE('',#2805,#2810);
#2805 = CYLINDRICAL_SURFACE('',#2806,1.2);
#2806 = AXIS2_PLACEMENT_3D('',#2807,#2808,#2809);
#2807 = CARTESIAN_POINT('',(151.,130.75,14.));
#2808 = DIRECTION('',(1.,-0.,-0.));
#2809 = DIRECTION('',(0.,1.,0.));
#2810 = DEFINITIONAL_REPRESENTATION('',(#2811),#2815);
#2811 = LINE('',#2812,#2813);
#2812 = CARTESIAN_POINT('',(-6.28318530718,-1.));
#2813 = VECTOR('',#2814,1.);
#2814 = DIRECTION('',(1.,-0.));
#2815 = ( GEOMETRIC_REPRESENTATION_CONTEXT(2) 
PARAMETRIC_REPRESENTATION_CONTEXT() REPRESENTATION_CONTEXT('2D SPACE',''
  ) );
#2816 = FACE_BOUND('',#2817,.T.);
#2817 = EDGE_LOOP('',(#2818));
#2818 = ORIENTED_EDGE('',*,*,#2819,.F.);
#2819 = EDGE_CURVE('',#2820,#2820,#2822,.T.);
#2820 = VERTEX_POINT('',#2821);
#2821 = CARTESIAN_POINT('',(150.,126.45,14.));
#2822 = SURFACE_CURVE('',#2823,(#2828,#2835),.PCURVE_S1.);
#2823 = CIRCLE('',#2824,1.2);
#2824 = AXIS2_PLACEMENT_3D('',#2825,#2826,#2827);
#2825 = CARTESIAN_POINT('',(150.,125.25,14.));
#2826 = DIRECTION('',(1.,0.,-0.));
#2827 = DIRECTION('',(0.,1.,0.));
#2828 = PCURVE('',#101,#2829);
#2829 = DEFINITIONAL_REPRESENTATION('',(#2830),#2834);
#2830 = CIRCLE('',#2831,1.2);
#2831 = AXIS2_PLACEMENT_2D('',#2832,#2833);
#2832 = CARTESIAN_POINT('',(-5.469293388316,-48.04052583618));
#2833 = DIRECTION('',(0.,-1.));
#2834 = ( GEOMETRIC_REPRESENTATION_CONTEXT(2) 
PARAMETRIC_REPRESENTATION_CONTEXT() REPRESENTATION_CONTEXT('2D SPACE',''
  ) );
#2835 = PCURVE('',#2836,#2841);
#2836 = CYLINDRICAL_SURFACE('',#2837,1.2);
#2837 = AXIS2_PLACEMENT_3D('',#2838,#2839,#2840);
#2838 = CARTESIAN_POINT('',(151.,125.25,14.));
#2839 = DIRECTION('',(1.,-0.,-0.));
#2840 = DIRECTION('',(0.,1.,0.));
#2841 = DEFINITIONAL_REPRESENTATION('',(#2842),#2846);
#2842 = LINE('',#2843,#2844);
#2843 = CARTESIAN_POINT('',(-6.28318530718,-1.));
#2844 = VECTOR('',#2845,1.);
#2845 = DIRECTION('',(1.,-0.));
#2846 = ( GEOMETRIC_REPRESENTATION_CONTEXT(2) 
PARAMETRIC_REPRESENTATION_CONTEXT() REPRESENTATION_CONTEXT('2D SPACE',''
  ) );
#2847 = FACE_BOUND('',#2848,.T.);
#2848 = EDGE_LOOP('',(#2849));
#2849 = ORIENTED_EDGE('',*,*,#2850,.F.);
#2850 = EDGE_CURVE('',#2851,#2851,#2853,.T.);
#2851 = VERTEX_POINT('',#2852);
#2852 = CARTESIAN_POINT('',(150.,120.95,14.));
#2853 = SURFACE_CURVE('',#2854,(#2859,#2866),.PCURVE_S1.);
#2854 = CIRCLE('',#2855,1.2);
#2855 = AXIS2_PLACEMENT_3D('',#2856,#2857,#2858);
#2856 = CARTESIAN_POINT('',(150.,119.75,14.));
#2857 = DIRECTION('',(1.,0.,-0.));
#2858 = DIRECTION('',(0.,1.,0.));
#2859 = PCURVE('',#101,#2860);
#2860 = DEFINITIONAL_REPRESENTATION('',(#2861),#2865);
#2861 = CIRCLE('',#2862,1.2);
#2862 = AXIS2_PLACEMENT_2D('',#2863,#2864);
#2863 = CARTESIAN_POINT('',(-5.469293388316,-42.54052583618));
#2864 = DIRECTION('',(0.,-1.));
#2865 = ( GEOMETRIC_REPRESENTATION_CONTEXT(2) 
PARAMETRIC_REPRESENTATION_CONTEXT() REPRESENTATION_CONTEXT('2D SPACE',''
  ) );
#2866 = PCURVE('',#2867,#2872);
#2867 = CYLINDRICAL_SURFACE('',#2868,1.2);
#2868 = AXIS2_PLACEMENT_3D('',#2869,#2870,#2871);
#2869 = CARTESIAN_POINT('',(151.,119.75,14.));
#2870 = DIRECTION('',(1.,-0.,-0.));
#2871 = DIRECTION('',(0.,1.,0.));
#2872 = DEFINITIONAL_REPRESENTATION('',(#2873),#2877);
#2873 = LINE('',#2874,#2875);
#2874 = CARTESIAN_POINT('',(-6.28318530718,-1.));
#2875 = VECTOR('',#2876,1.);
#2876 = DIRECTION('',(1.,-0.));
#2877 = ( GEOMETRIC_REPRESENTATION_CONTEXT(2) 
PARAMETRIC_REPRESENTATION_CONTEXT() REPRESENTATION_CONTEXT('2D SPACE',''
  ) );
#2878 = FACE_BOUND('',#2879,.T.);
#2879 = EDGE_LOOP('',(#2880));
#2880 = ORIENTED_EDGE('',*,*,#2881,.F.);
#2881 = EDGE_CURVE('',#2882,#2882,#2884,.T.);
#2882 = VERTEX_POINT('',#2883);
#2883 = CARTESIAN_POINT('',(150.,115.45,14.));
#2884 = SURFACE_CURVE('',#2885,(#2890,#2897),.PCURVE_S1.);
#2885 = CIRCLE('',#2886,1.2);
#2886 = AXIS2_PLACEMENT_3D('',#2887,#2888,#2889);
#2887 = CARTESIAN_POINT('',(150.,114.25,14.));
#2888 = DIRECTION('',(1.,0.,-0.));
#2889 = DIRECTION('',(0.,1.,0.));
#2890 = PCURVE('',#101,#2891);
#2891 = DEFINITIONAL_REPRESENTATION('',(#2892),#2896);
#2892 = CIRCLE('',#2893,1.2);
#2893 = AXIS2_PLACEMENT_2D('',#2894,#2895);
#2894 = CARTESIAN_POINT('',(-5.469293388316,-37.04052583618));
#2895 = DIRECTION('',(0.,-1.));
#2896 = ( GEOMETRIC_REPRESENTATION_CONTEXT(2) 
PARAMETRIC_REPRESENTATION_CONTEXT() REPRESENTATION_CONTEXT('2D SPACE',''
  ) );
#2897 = PCURVE('',#2898,#2903);
#2898 = CYLINDRICAL_SURFACE('',#2899,1.2);
#2899 = AXIS2_PLACEMENT_3D('',#2900,#2901,#2902);
#2900 = CARTESIAN_POINT('',(151.,114.25,14.));
#2901 = DIRECTION('',(1.,-0.,-0.));
#2902 = DIRECTION('',(0.,1.,0.));
#2903 = DEFINITIONAL_REPRESENTATION('',(#2904),#2908);
#2904 = LINE('',#2905,#2906);
#2905 = CARTESIAN_POINT('',(-6.28318530718,-1.));
#2906 = VECTOR('',#2907,1.);
#2907 = DIRECTION('',(1.,-0.));
#2908 = ( GEOMETRIC_REPRESENTATION_CONTEXT(2) 
PARAMETRIC_REPRESENTATION_CONTEXT() REPRESENTATION_CONTEXT('2D SPACE',''
  ) );
#2909 = FACE_BOUND('',#2910,.T.);
#2910 = EDGE_LOOP('',(#2911));
#2911 = ORIENTED_EDGE('',*,*,#2912,.F.);
#2912 = EDGE_CURVE('',#2913,#2913,#2915,.T.);
#2913 = VERTEX_POINT('',#2914);
#2914 = CARTESIAN_POINT('',(150.,134.7,19.));
#2915 = SURFACE_CURVE('',#2916,(#2921,#2928),.PCURVE_S1.);
#2916 = CIRCLE('',#2917,1.2);
#2917 = AXIS2_PLACEMENT_3D('',#2918,#2919,#2920);
#2918 = CARTESIAN_POINT('',(150.,133.5,19.));
#2919 = DIRECTION('',(1.,0.,-0.));
#2920 = DIRECTION('',(0.,1.,0.));
#2921 = PCURVE('',#101,#2922);
#2922 = DEFINITIONAL_REPRESENTATION('',(#2923),#2927);
#2923 = CIRCLE('',#2924,1.2);
#2924 = AXIS2_PLACEMENT_2D('',#2925,#2926);
#2925 = CARTESIAN_POINT('',(-0.469293388316,-56.29052583618));
#2926 = DIRECTION('',(0.,-1.));
#2927 = ( GEOMETRIC_REPRESENTATION_CONTEXT(2) 
PARAMETRIC_REPRESENTATION_CONTEXT() REPRESENTATION_CONTEXT('2D SPACE',''
  ) );
#2928 = PCURVE('',#2929,#2934);
#2929 = CYLINDRICAL_SURFACE('',#2930,1.2);
#2930 = AXIS2_PLACEMENT_3D('',#2931,#2932,#2933);
#2931 = CARTESIAN_POINT('',(151.,133.5,19.));
#2932 = DIRECTION('',(1.,-0.,-0.));
#2933 = DIRECTION('',(0.,1.,0.));
#2934 = DEFINITIONAL_REPRESENTATION('',(#2935),#2939);
#2935 = LINE('',#2936,#2937);
#2936 = CARTESIAN_POINT('',(-6.28318530718,-1.));
#2937 = VECTOR('',#2938,1.);
#2938 = DIRECTION('',(1.,-0.));
#2939 = ( GEOMETRIC_REPRESENTATION_CONTEXT(2) 
PARAMETRIC_REPRESENTATION_CONTEXT() REPRESENTATION_CONTEXT('2D SPACE',''
  ) );
#2940 = FACE_BOUND('',#2941,.T.);
#2941 = EDGE_LOOP('',(#2942));
#2942 = ORIENTED_EDGE('',*,*,#2943,.F.);
#2943 = EDGE_CURVE('',#2944,#2944,#2946,.T.);
#2944 = VERTEX_POINT('',#2945);
#2945 = CARTESIAN_POINT('',(150.,129.2,19.));
#2946 = SURFACE_CURVE('',#2947,(#2952,#2959),.PCURVE_S1.);
#2947 = CIRCLE('',#2948,1.2);
#2948 = AXIS2_PLACEMENT_3D('',#2949,#2950,#2951);
#2949 = CARTESIAN_POINT('',(150.,128.,19.));
#2950 = DIRECTION('',(1.,0.,-0.));
#2951 = DIRECTION('',(0.,1.,0.));
#2952 = PCURVE('',#101,#2953);
#2953 = DEFINITIONAL_REPRESENTATION('',(#2954),#2958);
#2954 = CIRCLE('',#2955,1.2);
#2955 = AXIS2_PLACEMENT_2D('',#2956,#2957);
#2956 = CARTESIAN_POINT('',(-0.469293388316,-50.79052583618));
#2957 = DIRECTION('',(0.,-1.));
#2958 = ( GEOMETRIC_REPRESENTATION_CONTEXT(2) 
PARAMETRIC_REPRESENTATION_CONTEXT() REPRESENTATION_CONTEXT('2D SPACE',''
  ) );
#2959 = PCURVE('',#2960,#2965);
#2960 = CYLINDRICAL_SURFACE('',#2961,1.2);
#2961 = AXIS2_PLACEMENT_3D('',#2962,#2963,#2964);
#2962 = CARTESIAN_POINT('',(151.,128.,19.));
#2963 = DIRECTION('',(1.,-0.,-0.));
#2964 = DIRECTION('',(0.,1.,0.));
#2965 = DEFINITIONAL_REPRESENTATION('',(#2966),#2970);
#2966 = LINE('',#2967,#2968);
#2967 = CARTESIAN_POINT('',(-6.28318530718,-1.));
#2968 = VECTOR('',#2969,1.);
#2969 = DIRECTION('',(1.,-0.));
#2970 = ( GEOMETRIC_REPRESENTATION_CONTEXT(2) 
PARAMETRIC_REPRESENTATION_CONTEXT() REPRESENTATION_CONTEXT('2D SPACE',''
  ) );
#2971 = FACE_BOUND('',#2972,.T.);
#2972 = EDGE_LOOP('',(#2973));
#2973 = ORIENTED_EDGE('',*,*,#2974,.F.);
#2974 = EDGE_CURVE('',#2975,#2975,#2977,.T.);
#2975 = VERTEX_POINT('',#2976);
#2976 = CARTESIAN_POINT('',(150.,123.7,19.));
#2977 = SURFACE_CURVE('',#2978,(#2983,#2990),.PCURVE_S1.);
#2978 = CIRCLE('',#2979,1.2);
#2979 = AXIS2_PLACEMENT_3D('',#2980,#2981,#2982);
#2980 = CARTESIAN_POINT('',(150.,122.5,19.));
#2981 = DIRECTION('',(1.,0.,-0.));
#2982 = DIRECTION('',(0.,1.,0.));
#2983 = PCURVE('',#101,#2984);
#2984 = DEFINITIONAL_REPRESENTATION('',(#2985),#2989);
#2985 = CIRCLE('',#2986,1.2);
#2986 = AXIS2_PLACEMENT_2D('',#2987,#2988);
#2987 = CARTESIAN_POINT('',(-0.469293388316,-45.29052583618));
#2988 = DIRECTION('',(0.,-1.));
#2989 = ( GEOMETRIC_REPRESENTATION_CONTEXT(2) 
PARAMETRIC_REPRESENTATION_CONTEXT() REPRESENTATION_CONTEXT('2D SPACE',''
  ) );
#2990 = PCURVE('',#2991,#2996);
#2991 = CYLINDRICAL_SURFACE('',#2992,1.2);
#2992 = AXIS2_PLACEMENT_3D('',#2993,#2994,#2995);
#2993 = CARTESIAN_POINT('',(151.,122.5,19.));
#2994 = DIRECTION('',(1.,-0.,-0.));
#2995 = DIRECTION('',(0.,1.,0.));
#2996 = DEFINITIONAL_REPRESENTATION('',(#2997),#3001);
#2997 = LINE('',#2998,#2999);
#2998 = CARTESIAN_POINT('',(-6.28318530718,-1.));
#2999 = VECTOR('',#3000,1.);
#3000 = DIRECTION('',(1.,-0.));
#3001 = ( GEOMETRIC_REPRESENTATION_CONTEXT(2) 
PARAMETRIC_REPRESENTATION_CONTEXT() REPRESENTATION_CONTEXT('2D SPACE',''
  ) );
#3002 = FACE_BOUND('',#3003,.T.);
#3003 = EDGE_LOOP('',(#3004));
#3004 = ORIENTED_EDGE('',*,*,#3005,.F.);
#3005 = EDGE_CURVE('',#3006,#3006,#3008,.T.);
#3006 = VERTEX_POINT('',#3007);
#3007 = CARTESIAN_POINT('',(150.,118.2,19.));
#3008 = SURFACE_CURVE('',#3009,(#3014,#3021),.PCURVE_S1.);
#3009 = CIRCLE('',#3010,1.2);
#3010 = AXIS2_PLACEMENT_3D('',#3011,#3012,#3013);
#3011 = CARTESIAN_POINT('',(150.,117.,19.));
#3012 = DIRECTION('',(1.,0.,-0.));
#3013 = DIRECTION('',(0.,1.,0.));
#3014 = PCURVE('',#101,#3015);
#3015 = DEFINITIONAL_REPRESENTATION('',(#3016),#3020);
#3016 = CIRCLE('',#3017,1.2);
#3017 = AXIS2_PLACEMENT_2D('',#3018,#3019);
#3018 = CARTESIAN_POINT('',(-0.469293388316,-39.79052583618));
#3019 = DIRECTION('',(0.,-1.));
#3020 = ( GEOMETRIC_REPRESENTATION_CONTEXT(2) 
PARAMETRIC_REPRESENTATION_CONTEXT() REPRESENTATION_CONTEXT('2D SPACE',''
  ) );
#3021 = PCURVE('',#3022,#3027);
#3022 = CYLINDRICAL_SURFACE('',#3023,1.2);
#3023 = AXIS2_PLACEMENT_3D('',#3024,#3025,#3026);
#3024 = CARTESIAN_POINT('',(151.,117.,19.));
#3025 = DIRECTION('',(1.,-0.,-0.));
#3026 = DIRECTION('',(0.,1.,0.));
#3027 = DEFINITIONAL_REPRESENTATION('',(#3028),#3032);
#3028 = LINE('',#3029,#3030);
#3029 = CARTESIAN_POINT('',(-6.28318530718,-1.));
#3030 = VECTOR('',#3031,1.);
#3031 = DIRECTION('',(1.,-0.));
#3032 = ( GEOMETRIC_REPRESENTATION_CONTEXT(2) 
PARAMETRIC_REPRESENTATION_CONTEXT() REPRESENTATION_CONTEXT('2D SPACE',''
  ) );
#3033 = FACE_BOUND('',#3034,.T.);
#3034 = EDGE_LOOP('',(#3035));
#3035 = ORIENTED_EDGE('',*,*,#3036,.F.);
#3036 = EDGE_CURVE('',#3037,#3037,#3039,.T.);
#3037 = VERTEX_POINT('',#3038);
#3038 = CARTESIAN_POINT('',(150.,112.7,19.));
#3039 = SURFACE_CURVE('',#3040,(#3045,#3052),.PCURVE_S1.);
#3040 = CIRCLE('',#3041,1.2);
#3041 = AXIS2_PLACEMENT_3D('',#3042,#3043,#3044);
#3042 = CARTESIAN_POINT('',(150.,111.5,19.));
#3043 = DIRECTION('',(1.,0.,-0.));
#3044 = DIRECTION('',(0.,1.,0.));
#3045 = PCURVE('',#101,#3046);
#3046 = DEFINITIONAL_REPRESENTATION('',(#3047),#3051);
#3047 = CIRCLE('',#3048,1.2);
#3048 = AXIS2_PLACEMENT_2D('',#3049,#3050);
#3049 = CARTESIAN_POINT('',(-0.469293388316,-34.29052583618));
#3050 = DIRECTION('',(0.,-1.));
#3051 = ( GEOMETRIC_REPRESENTATION_CONTEXT(2) 
PARAMETRIC_REPRESENTATION_CONTEXT() REPRESENTATION_CONTEXT('2D SPACE',''
  ) );
#3052 = PCURVE('',#3053,#3058);
#3053 = CYLINDRICAL_SURFACE('',#3054,1.2);
#3054 = AXIS2_PLACEMENT_3D('',#3055,#3056,#3057);
#3055 = CARTESIAN_POINT('',(151.,111.5,19.));
#3056 = DIRECTION('',(1.,-0.,-0.));
#3057 = DIRECTION('',(0.,1.,0.));
#3058 = DEFINITIONAL_REPRESENTATION('',(#3059),#3063);
#3059 = LINE('',#3060,#3061);
#3060 = CARTESIAN_POINT('',(-6.28318530718,-1.));
#3061 = VECTOR('',#3062,1.);
#3062 = DIRECTION('',(1.,-0.));
#3063 = ( GEOMETRIC_REPRESENTATION_CONTEXT(2) 
PARAMETRIC_REPRESENTATION_CONTEXT() REPRESENTATION_CONTEXT('2D SPACE',''
  ) );
#3064 = FACE_BOUND('',#3065,.T.);
#3065 = EDGE_LOOP('',(#3066));
#3066 = ORIENTED_EDGE('',*,*,#3067,.F.);
#3067 = EDGE_CURVE('',#3068,#3068,#3070,.T.);
#3068 = VERTEX_POINT('',#3069);
#3069 = CARTESIAN_POINT('',(150.,109.95,14.));
#3070 = SURFACE_CURVE('',#3071,(#3076,#3083),.PCURVE_S1.);
#3071 = CIRCLE('',#3072,1.2);
#3072 = AXIS2_PLACEMENT_3D('',#3073,#3074,#3075);
#3073 = CARTESIAN_POINT('',(150.,108.75,14.));
#3074 = DIRECTION('',(1.,0.,-0.));
#3075 = DIRECTION('',(0.,1.,0.));
#3076 = PCURVE('',#101,#3077);
#3077 = DEFINITIONAL_REPRESENTATION('',(#3078),#3082);
#3078 = CIRCLE('',#3079,1.2);
#3079 = AXIS2_PLACEMENT_2D('',#3080,#3081);
#3080 = CARTESIAN_POINT('',(-5.469293388316,-31.54052583618));
#3081 = DIRECTION('',(0.,-1.));
#3082 = ( GEOMETRIC_REPRESENTATION_CONTEXT(2) 
PARAMETRIC_REPRESENTATION_CONTEXT() REPRESENTATION_CONTEXT('2D SPACE',''
  ) );
#3083 = PCURVE('',#3084,#3089);
#3084 = CYLINDRICAL_SURFACE('',#3085,1.2);
#3085 = AXIS2_PLACEMENT_3D('',#3086,#3087,#3088);
#3086 = CARTESIAN_POINT('',(151.,108.75,14.));
#3087 = DIRECTION('',(1.,-0.,-0.));
#3088 = DIRECTION('',(0.,1.,0.));
#3089 = DEFINITIONAL_REPRESENTATION('',(#3090),#3094);
#3090 = LINE('',#3091,#3092);
#3091 = CARTESIAN_POINT('',(-6.28318530718,-1.));
#3092 = VECTOR('',#3093,1.);
#3093 = DIRECTION('',(1.,-0.));
#3094 = ( GEOMETRIC_REPRESENTATION_CONTEXT(2) 
PARAMETRIC_REPRESENTATION_CONTEXT() REPRESENTATION_CONTEXT('2D SPACE',''
  ) );
#3095 = FACE_BOUND('',#3096,.T.);
#3096 = EDGE_LOOP('',(#3097));
#3097 = ORIENTED_EDGE('',*,*,#3098,.F.);
#3098 = EDGE_CURVE('',#3099,#3099,#3101,.T.);
#3099 = VERTEX_POINT('',#3100);
#3100 = CARTESIAN_POINT('',(150.,104.45,14.));
#3101 = SURFACE_CURVE('',#3102,(#3107,#3114),.PCURVE_S1.);
#3102 = CIRCLE('',#3103,1.2);
#3103 = AXIS2_PLACEMENT_3D('',#3104,#3105,#3106);
#3104 = CARTESIAN_POINT('',(150.,103.25,14.));
#3105 = DIRECTION('',(1.,0.,-0.));
#3106 = DIRECTION('',(0.,1.,0.));
#3107 = PCURVE('',#101,#3108);
#3108 = DEFINITIONAL_REPRESENTATION('',(#3109),#3113);
#3109 = CIRCLE('',#3110,1.2);
#3110 = AXIS2_PLACEMENT_2D('',#3111,#3112);
#3111 = CARTESIAN_POINT('',(-5.469293388316,-26.04052583618));
#3112 = DIRECTION('',(0.,-1.));
#3113 = ( GEOMETRIC_REPRESENTATION_CONTEXT(2) 
PARAMETRIC_REPRESENTATION_CONTEXT() REPRESENTATION_CONTEXT('2D SPACE',''
  ) );
#3114 = PCURVE('',#3115,#3120);
#3115 = CYLINDRICAL_SURFACE('',#3116,1.2);
#3116 = AXIS2_PLACEMENT_3D('',#3117,#3118,#3119);
#3117 = CARTESIAN_POINT('',(151.,103.25,14.));
#3118 = DIRECTION('',(1.,-0.,-0.));
#3119 = DIRECTION('',(0.,1.,0.));
#3120 = DEFINITIONAL_REPRESENTATION('',(#3121),#3125);
#3121 = LINE('',#3122,#3123);
#3122 = CARTESIAN_POINT('',(-6.28318530718,-1.));
#3123 = VECTOR('',#3124,1.);
#3124 = DIRECTION('',(1.,-0.));
#3125 = ( GEOMETRIC_REPRESENTATION_CONTEXT(2) 
PARAMETRIC_REPRESENTATION_CONTEXT() REPRESENTATION_CONTEXT('2D SPACE',''
  ) );
#3126 = FACE_BOUND('',#3127,.T.);
#3127 = EDGE_LOOP('',(#3128));
#3128 = ORIENTED_EDGE('',*,*,#3129,.F.);
#3129 = EDGE_CURVE('',#3130,#3130,#3132,.T.);
#3130 = VERTEX_POINT('',#3131);
#3131 = CARTESIAN_POINT('',(150.,98.95,14.));
#3132 = SURFACE_CURVE('',#3133,(#3138,#3145),.PCURVE_S1.);
#3133 = CIRCLE('',#3134,1.2);
#3134 = AXIS2_PLACEMENT_3D('',#3135,#3136,#3137);
#3135 = CARTESIAN_POINT('',(150.,97.75,14.));
#3136 = DIRECTION('',(1.,0.,-0.));
#3137 = DIRECTION('',(0.,1.,0.));
#3138 = PCURVE('',#101,#3139);
#3139 = DEFINITIONAL_REPRESENTATION('',(#3140),#3144);
#3140 = CIRCLE('',#3141,1.2);
#3141 = AXIS2_PLACEMENT_2D('',#3142,#3143);
#3142 = CARTESIAN_POINT('',(-5.469293388316,-20.54052583618));
#3143 = DIRECTION('',(0.,-1.));
#3144 = ( GEOMETRIC_REPRESENTATION_CONTEXT(2) 
PARAMETRIC_REPRESENTATION_CONTEXT() REPRESENTATION_CONTEXT('2D SPACE',''
  ) );
#3145 = PCURVE('',#3146,#3151);
#3146 = CYLINDRICAL_SURFACE('',#3147,1.2);
#3147 = AXIS2_PLACEMENT_3D('',#3148,#3149,#3150);
#3148 = CARTESIAN_POINT('',(151.,97.75,14.));
#3149 = DIRECTION('',(1.,-0.,-0.));
#3150 = DIRECTION('',(0.,1.,0.));
#3151 = DEFINITIONAL_REPRESENTATION('',(#3152),#3156);
#3152 = LINE('',#3153,#3154);
#3153 = CARTESIAN_POINT('',(-6.28318530718,-1.));
#3154 = VECTOR('',#3155,1.);
#3155 = DIRECTION('',(1.,-0.));
#3156 = ( GEOMETRIC_REPRESENTATION_CONTEXT(2) 
PARAMETRIC_REPRESENTATION_CONTEXT() REPRESENTATION_CONTEXT('2D SPACE',''
  ) );
#3157 = FACE_BOUND('',#3158,.T.);
#3158 = EDGE_LOOP('',(#3159));
#3159 = ORIENTED_EDGE('',*,*,#3160,.F.);
#3160 = EDGE_CURVE('',#3161,#3161,#3163,.T.);
#3161 = VERTEX_POINT('',#3162);
#3162 = CARTESIAN_POINT('',(150.,93.45,14.));
#3163 = SURFACE_CURVE('',#3164,(#3169,#3176),.PCURVE_S1.);
#3164 = CIRCLE('',#3165,1.2);
#3165 = AXIS2_PLACEMENT_3D('',#3166,#3167,#3168);
#3166 = CARTESIAN_POINT('',(150.,92.25,14.));
#3167 = DIRECTION('',(1.,0.,-0.));
#3168 = DIRECTION('',(0.,1.,0.));
#3169 = PCURVE('',#101,#3170);
#3170 = DEFINITIONAL_REPRESENTATION('',(#3171),#3175);
#3171 = CIRCLE('',#3172,1.2);
#3172 = AXIS2_PLACEMENT_2D('',#3173,#3174);
#3173 = CARTESIAN_POINT('',(-5.469293388316,-15.04052583618));
#3174 = DIRECTION('',(0.,-1.));
#3175 = ( GEOMETRIC_REPRESENTATION_CONTEXT(2) 
PARAMETRIC_REPRESENTATION_CONTEXT() REPRESENTATION_CONTEXT('2D SPACE',''
  ) );
#3176 = PCURVE('',#3177,#3182);
#3177 = CYLINDRICAL_SURFACE('',#3178,1.2);
#3178 = AXIS2_PLACEMENT_3D('',#3179,#3180,#3181);
#3179 = CARTESIAN_POINT('',(151.,92.25,14.));
#3180 = DIRECTION('',(1.,-0.,-0.));
#3181 = DIRECTION('',(0.,1.,0.));
#3182 = DEFINITIONAL_REPRESENTATION('',(#3183),#3187);
#3183 = LINE('',#3184,#3185);
#3184 = CARTESIAN_POINT('',(-6.28318530718,-1.));
#3185 = VECTOR('',#3186,1.);
#3186 = DIRECTION('',(1.,-0.));
#3187 = ( GEOMETRIC_REPRESENTATION_CONTEXT(2) 
PARAMETRIC_REPRESENTATION_CONTEXT() REPRESENTATION_CONTEXT('2D SPACE',''
  ) );
#3188 = FACE_BOUND('',#3189,.T.);
#3189 = EDGE_LOOP('',(#3190));
#3190 = ORIENTED_EDGE('',*,*,#3191,.F.);
#3191 = EDGE_CURVE('',#3192,#3192,#3194,.T.);
#3192 = VERTEX_POINT('',#3193);
#3193 = CARTESIAN_POINT('',(150.,87.95,14.));
#3194 = SURFACE_CURVE('',#3195,(#3200,#3207),.PCURVE_S1.);
#3195 = CIRCLE('',#3196,1.2);
#3196 = AXIS2_PLACEMENT_3D('',#3197,#3198,#3199);
#3197 = CARTESIAN_POINT('',(150.,86.75,14.));
#3198 = DIRECTION('',(1.,0.,-0.));
#3199 = DIRECTION('',(0.,1.,0.));
#3200 = PCURVE('',#101,#3201);
#3201 = DEFINITIONAL_REPRESENTATION('',(#3202),#3206);
#3202 = CIRCLE('',#3203,1.2);
#3203 = AXIS2_PLACEMENT_2D('',#3204,#3205);
#3204 = CARTESIAN_POINT('',(-5.469293388316,-9.540525836185));
#3205 = DIRECTION('',(0.,-1.));
#3206 = ( GEOMETRIC_REPRESENTATION_CONTEXT(2) 
PARAMETRIC_REPRESENTATION_CONTEXT() REPRESENTATION_CONTEXT('2D SPACE',''
  ) );
#3207 = PCURVE('',#3208,#3213);
#3208 = CYLINDRICAL_SURFACE('',#3209,1.2);
#3209 = AXIS2_PLACEMENT_3D('',#3210,#3211,#3212);
#3210 = CARTESIAN_POINT('',(151.,86.75,14.));
#3211 = DIRECTION('',(1.,-0.,-0.));
#3212 = DIRECTION('',(0.,1.,0.));
#3213 = DEFINITIONAL_REPRESENTATION('',(#3214),#3218);
#3214 = LINE('',#3215,#3216);
#3215 = CARTESIAN_POINT('',(-6.28318530718,-1.));
#3216 = VECTOR('',#3217,1.);
#3217 = DIRECTION('',(1.,-0.));
#3218 = ( GEOMETRIC_REPRESENTATION_CONTEXT(2) 
PARAMETRIC_REPRESENTATION_CONTEXT() REPRESENTATION_CONTEXT('2D SPACE',''
  ) );
#3219 = FACE_BOUND('',#3220,.T.);
#3220 = EDGE_LOOP('',(#3221));
#3221 = ORIENTED_EDGE('',*,*,#3222,.F.);
#3222 = EDGE_CURVE('',#3223,#3223,#3225,.T.);
#3223 = VERTEX_POINT('',#3224);
#3224 = CARTESIAN_POINT('',(150.,107.2,19.));
#3225 = SURFACE_CURVE('',#3226,(#3231,#3238),.PCURVE_S1.);
#3226 = CIRCLE('',#3227,1.2);
#3227 = AXIS2_PLACEMENT_3D('',#3228,#3229,#3230);
#3228 = CARTESIAN_POINT('',(150.,106.,19.));
#3229 = DIRECTION('',(1.,0.,-0.));
#3230 = DIRECTION('',(0.,1.,0.));
#3231 = PCURVE('',#101,#3232);
#3232 = DEFINITIONAL_REPRESENTATION('',(#3233),#3237);
#3233 = CIRCLE('',#3234,1.2);
#3234 = AXIS2_PLACEMENT_2D('',#3235,#3236);
#3235 = CARTESIAN_POINT('',(-0.469293388316,-28.79052583618));
#3236 = DIRECTION('',(0.,-1.));
#3237 = ( GEOMETRIC_REPRESENTATION_CONTEXT(2) 
PARAMETRIC_REPRESENTATION_CONTEXT() REPRESENTATION_CONTEXT('2D SPACE',''
  ) );
#3238 = PCURVE('',#3239,#3244);
#3239 = CYLINDRICAL_SURFACE('',#3240,1.2);
#3240 = AXIS2_PLACEMENT_3D('',#3241,#3242,#3243);
#3241 = CARTESIAN_POINT('',(151.,106.,19.));
#3242 = DIRECTION('',(1.,-0.,-0.));
#3243 = DIRECTION('',(0.,1.,0.));
#3244 = DEFINITIONAL_REPRESENTATION('',(#3245),#3249);
#3245 = LINE('',#3246,#3247);
#3246 = CARTESIAN_POINT('',(-6.28318530718,-1.));
#3247 = VECTOR('',#3248,1.);
#3248 = DIRECTION('',(1.,-0.));
#3249 = ( GEOMETRIC_REPRESENTATION_CONTEXT(2) 
PARAMETRIC_REPRESENTATION_CONTEXT() REPRESENTATION_CONTEXT('2D SPACE',''
  ) );
#3250 = FACE_BOUND('',#3251,.T.);
#3251 = EDGE_LOOP('',(#3252));
#3252 = ORIENTED_EDGE('',*,*,#3253,.F.);
#3253 = EDGE_CURVE('',#3254,#3254,#3256,.T.);
#3254 = VERTEX_POINT('',#3255);
#3255 = CARTESIAN_POINT('',(150.,101.7,19.));
#3256 = SURFACE_CURVE('',#3257,(#3262,#3269),.PCURVE_S1.);
#3257 = CIRCLE('',#3258,1.2);
#3258 = AXIS2_PLACEMENT_3D('',#3259,#3260,#3261);
#3259 = CARTESIAN_POINT('',(150.,100.5,19.));
#3260 = DIRECTION('',(1.,0.,-0.));
#3261 = DIRECTION('',(0.,1.,0.));
#3262 = PCURVE('',#101,#3263);
#3263 = DEFINITIONAL_REPRESENTATION('',(#3264),#3268);
#3264 = CIRCLE('',#3265,1.2);
#3265 = AXIS2_PLACEMENT_2D('',#3266,#3267);
#3266 = CARTESIAN_POINT('',(-0.469293388316,-23.29052583618));
#3267 = DIRECTION('',(0.,-1.));
#3268 = ( GEOMETRIC_REPRESENTATION_CONTEXT(2) 
PARAMETRIC_REPRESENTATION_CONTEXT() REPRESENTATION_CONTEXT('2D SPACE',''
  ) );
#3269 = PCURVE('',#3270,#3275);
#3270 = CYLINDRICAL_SURFACE('',#3271,1.2);
#3271 = AXIS2_PLACEMENT_3D('',#3272,#3273,#3274);
#3272 = CARTESIAN_POINT('',(151.,100.5,19.));
#3273 = DIRECTION('',(1.,-0.,-0.));
#3274 = DIRECTION('',(0.,1.,0.));
#3275 = DEFINITIONAL_REPRESENTATION('',(#3276),#3280);
#3276 = LINE('',#3277,#3278);
#3277 = CARTESIAN_POINT('',(-6.28318530718,-1.));
#3278 = VECTOR('',#3279,1.);
#3279 = DIRECTION('',(1.,-0.));
#3280 = ( GEOMETRIC_REPRESENTATION_CONTEXT(2) 
PARAMETRIC_REPRESENTATION_CONTEXT() REPRESENTATION_CONTEXT('2D SPACE',''
  ) );
#3281 = FACE_BOUND('',#3282,.T.);
#3282 = EDGE_LOOP('',(#3283));
#3283 = ORIENTED_EDGE('',*,*,#3284,.F.);
#3284 = EDGE_CURVE('',#3285,#3285,#3287,.T.);
#3285 = VERTEX_POINT('',#3286);
#3286 = CARTESIAN_POINT('',(150.,96.2,19.));
#3287 = SURFACE_CURVE('',#3288,(#3293,#3300),.PCURVE_S1.);
#3288 = CIRCLE('',#3289,1.2);
#3289 = AXIS2_PLACEMENT_3D('',#3290,#3291,#3292);
#3290 = CARTESIAN_POINT('',(150.,95.,19.));
#3291 = DIRECTION('',(1.,0.,-0.));
#3292 = DIRECTION('',(0.,1.,0.));
#3293 = PCURVE('',#101,#3294);
#3294 = DEFINITIONAL_REPRESENTATION('',(#3295),#3299);
#3295 = CIRCLE('',#3296,1.2);
#3296 = AXIS2_PLACEMENT_2D('',#3297,#3298);
#3297 = CARTESIAN_POINT('',(-0.469293388316,-17.79052583618));
#3298 = DIRECTION('',(0.,-1.));
#3299 = ( GEOMETRIC_REPRESENTATION_CONTEXT(2) 
PARAMETRIC_REPRESENTATION_CONTEXT() REPRESENTATION_CONTEXT('2D SPACE',''
  ) );
#3300 = PCURVE('',#3301,#3306);
#3301 = CYLINDRICAL_SURFACE('',#3302,1.2);
#3302 = AXIS2_PLACEMENT_3D('',#3303,#3304,#3305);
#3303 = CARTESIAN_POINT('',(151.,95.,19.));
#3304 = DIRECTION('',(1.,-0.,-0.));
#3305 = DIRECTION('',(0.,1.,0.));
#3306 = DEFINITIONAL_REPRESENTATION('',(#3307),#3311);
#3307 = LINE('',#3308,#3309);
#3308 = CARTESIAN_POINT('',(-6.28318530718,-1.));
#3309 = VECTOR('',#3310,1.);
#3310 = DIRECTION('',(1.,-0.));
#3311 = ( GEOMETRIC_REPRESENTATION_CONTEXT(2) 
PARAMETRIC_REPRESENTATION_CONTEXT() REPRESENTATION_CONTEXT('2D SPACE',''
  ) );
#3312 = FACE_BOUND('',#3313,.T.);
#3313 = EDGE_LOOP('',(#3314));
#3314 = ORIENTED_EDGE('',*,*,#3315,.F.);
#3315 = EDGE_CURVE('',#3316,#3316,#3318,.T.);
#3316 = VERTEX_POINT('',#3317);
#3317 = CARTESIAN_POINT('',(150.,90.7,19.));
#3318 = SURFACE_CURVE('',#3319,(#3324,#3331),.PCURVE_S1.);
#3319 = CIRCLE('',#3320,1.2);
#3320 = AXIS2_PLACEMENT_3D('',#3321,#3322,#3323);
#3321 = CARTESIAN_POINT('',(150.,89.5,19.));
#3322 = DIRECTION('',(1.,0.,-0.));
#3323 = DIRECTION('',(0.,1.,0.));
#3324 = PCURVE('',#101,#3325);
#3325 = DEFINITIONAL_REPRESENTATION('',(#3326),#3330);
#3326 = CIRCLE('',#3327,1.2);
#3327 = AXIS2_PLACEMENT_2D('',#3328,#3329);
#3328 = CARTESIAN_POINT('',(-0.469293388316,-12.29052583618));
#3329 = DIRECTION('',(0.,-1.));
#3330 = ( GEOMETRIC_REPRESENTATION_CONTEXT(2) 
PARAMETRIC_REPRESENTATION_CONTEXT() REPRESENTATION_CONTEXT('2D SPACE',''
  ) );
#3331 = PCURVE('',#3332,#3337);
#3332 = CYLINDRICAL_SURFACE('',#3333,1.2);
#3333 = AXIS2_PLACEMENT_3D('',#3334,#3335,#3336);
#3334 = CARTESIAN_POINT('',(151.,89.5,19.));
#3335 = DIRECTION('',(1.,-0.,-0.));
#3336 = DIRECTION('',(0.,1.,0.));
#3337 = DEFINITIONAL_REPRESENTATION('',(#3338),#3342);
#3338 = LINE('',#3339,#3340);
#3339 = CARTESIAN_POINT('',(-6.28318530718,-1.));
#3340 = VECTOR('',#3341,1.);
#3341 = DIRECTION('',(1.,-0.));
#3342 = ( GEOMETRIC_REPRESENTATION_CONTEXT(2) 
PARAMETRIC_REPRESENTATION_CONTEXT() REPRESENTATION_CONTEXT('2D SPACE',''
  ) );
#3343 = FACE_BOUND('',#3344,.T.);
#3344 = EDGE_LOOP('',(#3345));
#3345 = ORIENTED_EDGE('',*,*,#3346,.F.);
#3346 = EDGE_CURVE('',#3347,#3347,#3349,.T.);
#3347 = VERTEX_POINT('',#3348);
#3348 = CARTESIAN_POINT('',(150.,85.2,9.));
#3349 = SURFACE_CURVE('',#3350,(#3355,#3362),.PCURVE_S1.);
#3350 = CIRCLE('',#3351,1.2);
#3351 = AXIS2_PLACEMENT_3D('',#3352,#3353,#3354);
#3352 = CARTESIAN_POINT('',(150.,84.,9.));
#3353 = DIRECTION('',(1.,0.,-0.));
#3354 = DIRECTION('',(0.,1.,0.));
#3355 = PCURVE('',#101,#3356);
#3356 = DEFINITIONAL_REPRESENTATION('',(#3357),#3361);
#3357 = CIRCLE('',#3358,1.2);
#3358 = AXIS2_PLACEMENT_2D('',#3359,#3360);
#3359 = CARTESIAN_POINT('',(-10.46929338831,-6.790525836185));
#3360 = DIRECTION('',(0.,-1.));
#3361 = ( GEOMETRIC_REPRESENTATION_CONTEXT(2) 
PARAMETRIC_REPRESENTATION_CONTEXT() REPRESENTATION_CONTEXT('2D SPACE',''
  ) );
#3362 = PCURVE('',#3363,#3368);
#3363 = CYLINDRICAL_SURFACE('',#3364,1.2);
#3364 = AXIS2_PLACEMENT_3D('',#3365,#3366,#3367);
#3365 = CARTESIAN_POINT('',(151.,84.,9.));
#3366 = DIRECTION('',(1.,-0.,-0.));
#3367 = DIRECTION('',(0.,1.,0.));
#3368 = DEFINITIONAL_REPRESENTATION('',(#3369),#3373);
#3369 = LINE('',#3370,#3371);
#3370 = CARTESIAN_POINT('',(-6.28318530718,-1.));
#3371 = VECTOR('',#3372,1.);
#3372 = DIRECTION('',(1.,-0.));
#3373 = ( GEOMETRIC_REPRESENTATION_CONTEXT(2) 
PARAMETRIC_REPRESENTATION_CONTEXT() REPRESENTATION_CONTEXT('2D SPACE',''
  ) );
#3374 = FACE_BOUND('',#3375,.T.);
#3375 = EDGE_LOOP('',(#3376));
#3376 = ORIENTED_EDGE('',*,*,#3377,.F.);
#3377 = EDGE_CURVE('',#3378,#3378,#3380,.T.);
#3378 = VERTEX_POINT('',#3379);
#3379 = CARTESIAN_POINT('',(150.,79.7,9.));
#3380 = SURFACE_CURVE('',#3381,(#3386,#3393),.PCURVE_S1.);
#3381 = CIRCLE('',#3382,1.2);
#3382 = AXIS2_PLACEMENT_3D('',#3383,#3384,#3385);
#3383 = CARTESIAN_POINT('',(150.,78.5,9.));
#3384 = DIRECTION('',(1.,0.,-0.));
#3385 = DIRECTION('',(0.,1.,0.));
#3386 = PCURVE('',#101,#3387);
#3387 = DEFINITIONAL_REPRESENTATION('',(#3388),#3392);
#3388 = CIRCLE('',#3389,1.2);
#3389 = AXIS2_PLACEMENT_2D('',#3390,#3391);
#3390 = CARTESIAN_POINT('',(-10.46929338831,-1.290525836185));
#3391 = DIRECTION('',(0.,-1.));
#3392 = ( GEOMETRIC_REPRESENTATION_CONTEXT(2) 
PARAMETRIC_REPRESENTATION_CONTEXT() REPRESENTATION_CONTEXT('2D SPACE',''
  ) );
#3393 = PCURVE('',#3394,#3399);
#3394 = CYLINDRICAL_SURFACE('',#3395,1.2);
#3395 = AXIS2_PLACEMENT_3D('',#3396,#3397,#3398);
#3396 = CARTESIAN_POINT('',(151.,78.5,9.));
#3397 = DIRECTION('',(1.,-0.,-0.));
#3398 = DIRECTION('',(0.,1.,0.));
#3399 = DEFINITIONAL_REPRESENTATION('',(#3400),#3404);
#3400 = LINE('',#3401,#3402);
#3401 = CARTESIAN_POINT('',(-6.28318530718,-1.));
#3402 = VECTOR('',#3403,1.);
#3403 = DIRECTION('',(1.,-0.));
#3404 = ( GEOMETRIC_REPRESENTATION_CONTEXT(2) 
PARAMETRIC_REPRESENTATION_CONTEXT() REPRESENTATION_CONTEXT('2D SPACE',''
  ) );
#3405 = FACE_BOUND('',#3406,.T.);
#3406 = EDGE_LOOP('',(#3407));
#3407 = ORIENTED_EDGE('',*,*,#3408,.F.);
#3408 = EDGE_CURVE('',#3409,#3409,#3411,.T.);
#3409 = VERTEX_POINT('',#3410);
#3410 = CARTESIAN_POINT('',(150.,74.2,9.));
#3411 = SURFACE_CURVE('',#3412,(#3417,#3424),.PCURVE_S1.);
#3412 = CIRCLE('',#3413,1.2);
#3413 = AXIS2_PLACEMENT_3D('',#3414,#3415,#3416);
#3414 = CARTESIAN_POINT('',(150.,73.,9.));
#3415 = DIRECTION('',(1.,0.,-0.));
#3416 = DIRECTION('',(0.,1.,0.));
#3417 = PCURVE('',#101,#3418);
#3418 = DEFINITIONAL_REPRESENTATION('',(#3419),#3423);
#3419 = CIRCLE('',#3420,1.2);
#3420 = AXIS2_PLACEMENT_2D('',#3421,#3422);
#3421 = CARTESIAN_POINT('',(-10.46929338831,4.209474163815));
#3422 = DIRECTION('',(0.,-1.));
#3423 = ( GEOMETRIC_REPRESENTATION_CONTEXT(2) 
PARAMETRIC_REPRESENTATION_CONTEXT() REPRESENTATION_CONTEXT('2D SPACE',''
  ) );
#3424 = PCURVE('',#3425,#3430);
#3425 = CYLINDRICAL_SURFACE('',#3426,1.2);
#3426 = AXIS2_PLACEMENT_3D('',#3427,#3428,#3429);
#3427 = CARTESIAN_POINT('',(151.,73.,9.));
#3428 = DIRECTION('',(1.,-0.,-0.));
#3429 = DIRECTION('',(0.,1.,0.));
#3430 = DEFINITIONAL_REPRESENTATION('',(#3431),#3435);
#3431 = LINE('',#3432,#3433);
#3432 = CARTESIAN_POINT('',(-6.28318530718,-1.));
#3433 = VECTOR('',#3434,1.);
#3434 = DIRECTION('',(1.,-0.));
#3435 = ( GEOMETRIC_REPRESENTATION_CONTEXT(2) 
PARAMETRIC_REPRESENTATION_CONTEXT() REPRESENTATION_CONTEXT('2D SPACE',''
  ) );
#3436 = FACE_BOUND('',#3437,.T.);
#3437 = EDGE_LOOP('',(#3438));
#3438 = ORIENTED_EDGE('',*,*,#3439,.F.);
#3439 = EDGE_CURVE('',#3440,#3440,#3442,.T.);
#3440 = VERTEX_POINT('',#3441);
#3441 = CARTESIAN_POINT('',(150.,68.7,9.));
#3442 = SURFACE_CURVE('',#3443,(#3448,#3455),.PCURVE_S1.);
#3443 = CIRCLE('',#3444,1.2);
#3444 = AXIS2_PLACEMENT_3D('',#3445,#3446,#3447);
#3445 = CARTESIAN_POINT('',(150.,67.5,9.));
#3446 = DIRECTION('',(1.,0.,-0.));
#3447 = DIRECTION('',(0.,1.,0.));
#3448 = PCURVE('',#101,#3449);
#3449 = DEFINITIONAL_REPRESENTATION('',(#3450),#3454);
#3450 = CIRCLE('',#3451,1.2);
#3451 = AXIS2_PLACEMENT_2D('',#3452,#3453);
#3452 = CARTESIAN_POINT('',(-10.46929338831,9.709474163815));
#3453 = DIRECTION('',(0.,-1.));
#3454 = ( GEOMETRIC_REPRESENTATION_CONTEXT(2) 
PARAMETRIC_REPRESENTATION_CONTEXT() REPRESENTATION_CONTEXT('2D SPACE',''
  ) );
#3455 = PCURVE('',#3456,#3461);
#3456 = CYLINDRICAL_SURFACE('',#3457,1.2);
#3457 = AXIS2_PLACEMENT_3D('',#3458,#3459,#3460);
#3458 = CARTESIAN_POINT('',(151.,67.5,9.));
#3459 = DIRECTION('',(1.,-0.,-0.));
#3460 = DIRECTION('',(0.,1.,0.));
#3461 = DEFINITIONAL_REPRESENTATION('',(#3462),#3466);
#3462 = LINE('',#3463,#3464);
#3463 = CARTESIAN_POINT('',(-6.28318530718,-1.));
#3464 = VECTOR('',#3465,1.);
#3465 = DIRECTION('',(1.,-0.));
#3466 = ( GEOMETRIC_REPRESENTATION_CONTEXT(2) 
PARAMETRIC_REPRESENTATION_CONTEXT() REPRESENTATION_CONTEXT('2D SPACE',''
  ) );
#3467 = FACE_BOUND('',#3468,.T.);
#3468 = EDGE_LOOP('',(#3469));
#3469 = ORIENTED_EDGE('',*,*,#3470,.F.);
#3470 = EDGE_CURVE('',#3471,#3471,#3473,.T.);
#3471 = VERTEX_POINT('',#3472);
#3472 = CARTESIAN_POINT('',(150.,63.2,9.));
#3473 = SURFACE_CURVE('',#3474,(#3479,#3486),.PCURVE_S1.);
#3474 = CIRCLE('',#3475,1.2);
#3475 = AXIS2_PLACEMENT_3D('',#3476,#3477,#3478);
#3476 = CARTESIAN_POINT('',(150.,62.,9.));
#3477 = DIRECTION('',(1.,0.,-0.));
#3478 = DIRECTION('',(0.,1.,0.));
#3479 = PCURVE('',#101,#3480);
#3480 = DEFINITIONAL_REPRESENTATION('',(#3481),#3485);
#3481 = CIRCLE('',#3482,1.2);
#3482 = AXIS2_PLACEMENT_2D('',#3483,#3484);
#3483 = CARTESIAN_POINT('',(-10.46929338831,15.209474163815));
#3484 = DIRECTION('',(0.,-1.));
#3485 = ( GEOMETRIC_REPRESENTATION_CONTEXT(2) 
PARAMETRIC_REPRESENTATION_CONTEXT() REPRESENTATION_CONTEXT('2D SPACE',''
  ) );
#3486 = PCURVE('',#3487,#3492);
#3487 = CYLINDRICAL_SURFACE('',#3488,1.2);
#3488 = AXIS2_PLACEMENT_3D('',#3489,#3490,#3491);
#3489 = CARTESIAN_POINT('',(151.,62.,9.));
#3490 = DIRECTION('',(1.,-0.,-0.));
#3491 = DIRECTION('',(0.,1.,0.));
#3492 = DEFINITIONAL_REPRESENTATION('',(#3493),#3497);
#3493 = LINE('',#3494,#3495);
#3494 = CARTESIAN_POINT('',(-6.28318530718,-1.));
#3495 = VECTOR('',#3496,1.);
#3496 = DIRECTION('',(1.,-0.));
#3497 = ( GEOMETRIC_REPRESENTATION_CONTEXT(2) 
PARAMETRIC_REPRESENTATION_CONTEXT() REPRESENTATION_CONTEXT('2D SPACE',''
  ) );
#3498 = FACE_BOUND('',#3499,.T.);
#3499 = EDGE_LOOP('',(#3500));
#3500 = ORIENTED_EDGE('',*,*,#3501,.F.);
#3501 = EDGE_CURVE('',#3502,#3502,#3504,.T.);
#3502 = VERTEX_POINT('',#3503);
#3503 = CARTESIAN_POINT('',(150.,82.45,14.));
#3504 = SURFACE_CURVE('',#3505,(#3510,#3517),.PCURVE_S1.);
#3505 = CIRCLE('',#3506,1.2);
#3506 = AXIS2_PLACEMENT_3D('',#3507,#3508,#3509);
#3507 = CARTESIAN_POINT('',(150.,81.25,14.));
#3508 = DIRECTION('',(1.,0.,-0.));
#3509 = DIRECTION('',(0.,1.,0.));
#3510 = PCURVE('',#101,#3511);
#3511 = DEFINITIONAL_REPRESENTATION('',(#3512),#3516);
#3512 = CIRCLE('',#3513,1.2);
#3513 = AXIS2_PLACEMENT_2D('',#3514,#3515);
#3514 = CARTESIAN_POINT('',(-5.469293388316,-4.040525836185));
#3515 = DIRECTION('',(0.,-1.));
#3516 = ( GEOMETRIC_REPRESENTATION_CONTEXT(2) 
PARAMETRIC_REPRESENTATION_CONTEXT() REPRESENTATION_CONTEXT('2D SPACE',''
  ) );
#3517 = PCURVE('',#3518,#3523);
#3518 = CYLINDRICAL_SURFACE('',#3519,1.2);
#3519 = AXIS2_PLACEMENT_3D('',#3520,#3521,#3522);
#3520 = CARTESIAN_POINT('',(151.,81.25,14.));
#3521 = DIRECTION('',(1.,-0.,-0.));
#3522 = DIRECTION('',(0.,1.,0.));
#3523 = DEFINITIONAL_REPRESENTATION('',(#3524),#3528);
#3524 = LINE('',#3525,#3526);
#3525 = CARTESIAN_POINT('',(-6.28318530718,-1.));
#3526 = VECTOR('',#3527,1.);
#3527 = DIRECTION('',(1.,-0.));
#3528 = ( GEOMETRIC_REPRESENTATION_CONTEXT(2) 
PARAMETRIC_REPRESENTATION_CONTEXT() REPRESENTATION_CONTEXT('2D SPACE',''
  ) );
#3529 = FACE_BOUND('',#3530,.T.);
#3530 = EDGE_LOOP('',(#3531));
#3531 = ORIENTED_EDGE('',*,*,#3532,.F.);
#3532 = EDGE_CURVE('',#3533,#3533,#3535,.T.);
#3533 = VERTEX_POINT('',#3534);
#3534 = CARTESIAN_POINT('',(150.,76.95,14.));
#3535 = SURFACE_CURVE('',#3536,(#3541,#3548),.PCURVE_S1.);
#3536 = CIRCLE('',#3537,1.2);
#3537 = AXIS2_PLACEMENT_3D('',#3538,#3539,#3540);
#3538 = CARTESIAN_POINT('',(150.,75.75,14.));
#3539 = DIRECTION('',(1.,0.,-0.));
#3540 = DIRECTION('',(0.,1.,0.));
#3541 = PCURVE('',#101,#3542);
#3542 = DEFINITIONAL_REPRESENTATION('',(#3543),#3547);
#3543 = CIRCLE('',#3544,1.2);
#3544 = AXIS2_PLACEMENT_2D('',#3545,#3546);
#3545 = CARTESIAN_POINT('',(-5.469293388316,1.459474163815));
#3546 = DIRECTION('',(0.,-1.));
#3547 = ( GEOMETRIC_REPRESENTATION_CONTEXT(2) 
PARAMETRIC_REPRESENTATION_CONTEXT() REPRESENTATION_CONTEXT('2D SPACE',''
  ) );
#3548 = PCURVE('',#3549,#3554);
#3549 = CYLINDRICAL_SURFACE('',#3550,1.2);
#3550 = AXIS2_PLACEMENT_3D('',#3551,#3552,#3553);
#3551 = CARTESIAN_POINT('',(151.,75.75,14.));
#3552 = DIRECTION('',(1.,-0.,-0.));
#3553 = DIRECTION('',(0.,1.,0.));
#3554 = DEFINITIONAL_REPRESENTATION('',(#3555),#3559);
#3555 = LINE('',#3556,#3557);
#3556 = CARTESIAN_POINT('',(-6.28318530718,-1.));
#3557 = VECTOR('',#3558,1.);
#3558 = DIRECTION('',(1.,-0.));
#3559 = ( GEOMETRIC_REPRESENTATION_CONTEXT(2) 
PARAMETRIC_REPRESENTATION_CONTEXT() REPRESENTATION_CONTEXT('2D SPACE',''
  ) );
#3560 = FACE_BOUND('',#3561,.T.);
#3561 = EDGE_LOOP('',(#3562));
#3562 = ORIENTED_EDGE('',*,*,#3563,.F.);
#3563 = EDGE_CURVE('',#3564,#3564,#3566,.T.);
#3564 = VERTEX_POINT('',#3565);
#3565 = CARTESIAN_POINT('',(150.,71.45,14.));
#3566 = SURFACE_CURVE('',#3567,(#3572,#3579),.PCURVE_S1.);
#3567 = CIRCLE('',#3568,1.2);
#3568 = AXIS2_PLACEMENT_3D('',#3569,#3570,#3571);
#3569 = CARTESIAN_POINT('',(150.,70.25,14.));
#3570 = DIRECTION('',(1.,0.,-0.));
#3571 = DIRECTION('',(0.,1.,0.));
#3572 = PCURVE('',#101,#3573);
#3573 = DEFINITIONAL_REPRESENTATION('',(#3574),#3578);
#3574 = CIRCLE('',#3575,1.2);
#3575 = AXIS2_PLACEMENT_2D('',#3576,#3577);
#3576 = CARTESIAN_POINT('',(-5.469293388316,6.959474163815));
#3577 = DIRECTION('',(0.,-1.));
#3578 = ( GEOMETRIC_REPRESENTATION_CONTEXT(2) 
PARAMETRIC_REPRESENTATION_CONTEXT() REPRESENTATION_CONTEXT('2D SPACE',''
  ) );
#3579 = PCURVE('',#3580,#3585);
#3580 = CYLINDRICAL_SURFACE('',#3581,1.2);
#3581 = AXIS2_PLACEMENT_3D('',#3582,#3583,#3584);
#3582 = CARTESIAN_POINT('',(151.,70.25,14.));
#3583 = DIRECTION('',(1.,-0.,-0.));
#3584 = DIRECTION('',(0.,1.,0.));
#3585 = DEFINITIONAL_REPRESENTATION('',(#3586),#3590);
#3586 = LINE('',#3587,#3588);
#3587 = CARTESIAN_POINT('',(-6.28318530718,-1.));
#3588 = VECTOR('',#3589,1.);
#3589 = DIRECTION('',(1.,-0.));
#3590 = ( GEOMETRIC_REPRESENTATION_CONTEXT(2) 
PARAMETRIC_REPRESENTATION_CONTEXT() REPRESENTATION_CONTEXT('2D SPACE',''
  ) );
#3591 = FACE_BOUND('',#3592,.T.);
#3592 = EDGE_LOOP('',(#3593));
#3593 = ORIENTED_EDGE('',*,*,#3594,.F.);
#3594 = EDGE_CURVE('',#3595,#3595,#3597,.T.);
#3595 = VERTEX_POINT('',#3596);
#3596 = CARTESIAN_POINT('',(150.,65.95,14.));
#3597 = SURFACE_CURVE('',#3598,(#3603,#3610),.PCURVE_S1.);
#3598 = CIRCLE('',#3599,1.2);
#3599 = AXIS2_PLACEMENT_3D('',#3600,#3601,#3602);
#3600 = CARTESIAN_POINT('',(150.,64.75,14.));
#3601 = DIRECTION('',(1.,0.,-0.));
#3602 = DIRECTION('',(0.,1.,0.));
#3603 = PCURVE('',#101,#3604);
#3604 = DEFINITIONAL_REPRESENTATION('',(#3605),#3609);
#3605 = CIRCLE('',#3606,1.2);
#3606 = AXIS2_PLACEMENT_2D('',#3607,#3608);
#3607 = CARTESIAN_POINT('',(-5.469293388316,12.459474163815));
#3608 = DIRECTION('',(0.,-1.));
#3609 = ( GEOMETRIC_REPRESENTATION_CONTEXT(2) 
PARAMETRIC_REPRESENTATION_CONTEXT() REPRESENTATION_CONTEXT('2D SPACE',''
  ) );
#3610 = PCURVE('',#3611,#3616);
#3611 = CYLINDRICAL_SURFACE('',#3612,1.2);
#3612 = AXIS2_PLACEMENT_3D('',#3613,#3614,#3615);
#3613 = CARTESIAN_POINT('',(151.,64.75,14.));
#3614 = DIRECTION('',(1.,-0.,-0.));
#3615 = DIRECTION('',(0.,1.,0.));
#3616 = DEFINITIONAL_REPRESENTATION('',(#3617),#3621);
#3617 = LINE('',#3618,#3619);
#3618 = CARTESIAN_POINT('',(-6.28318530718,-1.));
#3619 = VECTOR('',#3620,1.);
#3620 = DIRECTION('',(1.,-0.));
#3621 = ( GEOMETRIC_REPRESENTATION_CONTEXT(2) 
PARAMETRIC_REPRESENTATION_CONTEXT() REPRESENTATION_CONTEXT('2D SPACE',''
  ) );
#3622 = FACE_BOUND('',#3623,.T.);
#3623 = EDGE_LOOP('',(#3624));
#3624 = ORIENTED_EDGE('',*,*,#3625,.F.);
#3625 = EDGE_CURVE('',#3626,#3626,#3628,.T.);
#3626 = VERTEX_POINT('',#3627);
#3627 = CARTESIAN_POINT('',(150.,85.2,19.));
#3628 = SURFACE_CURVE('',#3629,(#3634,#3641),.PCURVE_S1.);
#3629 = CIRCLE('',#3630,1.2);
#3630 = AXIS2_PLACEMENT_3D('',#3631,#3632,#3633);
#3631 = CARTESIAN_POINT('',(150.,84.,19.));
#3632 = DIRECTION('',(1.,0.,-0.));
#3633 = DIRECTION('',(0.,1.,0.));
#3634 = PCURVE('',#101,#3635);
#3635 = DEFINITIONAL_REPRESENTATION('',(#3636),#3640);
#3636 = CIRCLE('',#3637,1.2);
#3637 = AXIS2_PLACEMENT_2D('',#3638,#3639);
#3638 = CARTESIAN_POINT('',(-0.469293388316,-6.790525836185));
#3639 = DIRECTION('',(0.,-1.));
#3640 = ( GEOMETRIC_REPRESENTATION_CONTEXT(2) 
PARAMETRIC_REPRESENTATION_CONTEXT() REPRESENTATION_CONTEXT('2D SPACE',''
  ) );
#3641 = PCURVE('',#3642,#3647);
#3642 = CYLINDRICAL_SURFACE('',#3643,1.2);
#3643 = AXIS2_PLACEMENT_3D('',#3644,#3645,#3646);
#3644 = CARTESIAN_POINT('',(151.,84.,19.));
#3645 = DIRECTION('',(1.,-0.,-0.));
#3646 = DIRECTION('',(0.,1.,0.));
#3647 = DEFINITIONAL_REPRESENTATION('',(#3648),#3652);
#3648 = LINE('',#3649,#3650);
#3649 = CARTESIAN_POINT('',(-6.28318530718,-1.));
#3650 = VECTOR('',#3651,1.);
#3651 = DIRECTION('',(1.,-0.));
#3652 = ( GEOMETRIC_REPRESENTATION_CONTEXT(2) 
PARAMETRIC_REPRESENTATION_CONTEXT() REPRESENTATION_CONTEXT('2D SPACE',''
  ) );
#3653 = FACE_BOUND('',#3654,.T.);
#3654 = EDGE_LOOP('',(#3655));
#3655 = ORIENTED_EDGE('',*,*,#3656,.F.);
#3656 = EDGE_CURVE('',#3657,#3657,#3659,.T.);
#3657 = VERTEX_POINT('',#3658);
#3658 = CARTESIAN_POINT('',(150.,79.7,19.));
#3659 = SURFACE_CURVE('',#3660,(#3665,#3672),.PCURVE_S1.);
#3660 = CIRCLE('',#3661,1.2);
#3661 = AXIS2_PLACEMENT_3D('',#3662,#3663,#3664);
#3662 = CARTESIAN_POINT('',(150.,78.5,19.));
#3663 = DIRECTION('',(1.,0.,-0.));
#3664 = DIRECTION('',(0.,1.,0.));
#3665 = PCURVE('',#101,#3666);
#3666 = DEFINITIONAL_REPRESENTATION('',(#3667),#3671);
#3667 = CIRCLE('',#3668,1.2);
#3668 = AXIS2_PLACEMENT_2D('',#3669,#3670);
#3669 = CARTESIAN_POINT('',(-0.469293388316,-1.290525836185));
#3670 = DIRECTION('',(0.,-1.));
#3671 = ( GEOMETRIC_REPRESENTATION_CONTEXT(2) 
PARAMETRIC_REPRESENTATION_CONTEXT() REPRESENTATION_CONTEXT('2D SPACE',''
  ) );
#3672 = PCURVE('',#3673,#3678);
#3673 = CYLINDRICAL_SURFACE('',#3674,1.2);
#3674 = AXIS2_PLACEMENT_3D('',#3675,#3676,#3677);
#3675 = CARTESIAN_POINT('',(151.,78.5,19.));
#3676 = DIRECTION('',(1.,-0.,-0.));
#3677 = DIRECTION('',(0.,1.,0.));
#3678 = DEFINITIONAL_REPRESENTATION('',(#3679),#3683);
#3679 = LINE('',#3680,#3681);
#3680 = CARTESIAN_POINT('',(-6.28318530718,-1.));
#3681 = VECTOR('',#3682,1.);
#3682 = DIRECTION('',(1.,-0.));
#3683 = ( GEOMETRIC_REPRESENTATION_CONTEXT(2) 
PARAMETRIC_REPRESENTATION_CONTEXT() REPRESENTATION_CONTEXT('2D SPACE',''
  ) );
#3684 = FACE_BOUND('',#3685,.T.);
#3685 = EDGE_LOOP('',(#3686));
#3686 = ORIENTED_EDGE('',*,*,#3687,.F.);
#3687 = EDGE_CURVE('',#3688,#3688,#3690,.T.);
#3688 = VERTEX_POINT('',#3689);
#3689 = CARTESIAN_POINT('',(150.,74.2,19.));
#3690 = SURFACE_CURVE('',#3691,(#3696,#3703),.PCURVE_S1.);
#3691 = CIRCLE('',#3692,1.2);
#3692 = AXIS2_PLACEMENT_3D('',#3693,#3694,#3695);
#3693 = CARTESIAN_POINT('',(150.,73.,19.));
#3694 = DIRECTION('',(1.,0.,-0.));
#3695 = DIRECTION('',(0.,1.,0.));
#3696 = PCURVE('',#101,#3697);
#3697 = DEFINITIONAL_REPRESENTATION('',(#3698),#3702);
#3698 = CIRCLE('',#3699,1.2);
#3699 = AXIS2_PLACEMENT_2D('',#3700,#3701);
#3700 = CARTESIAN_POINT('',(-0.469293388316,4.209474163815));
#3701 = DIRECTION('',(0.,-1.));
#3702 = ( GEOMETRIC_REPRESENTATION_CONTEXT(2) 
PARAMETRIC_REPRESENTATION_CONTEXT() REPRESENTATION_CONTEXT('2D SPACE',''
  ) );
#3703 = PCURVE('',#3704,#3709);
#3704 = CYLINDRICAL_SURFACE('',#3705,1.2);
#3705 = AXIS2_PLACEMENT_3D('',#3706,#3707,#3708);
#3706 = CARTESIAN_POINT('',(151.,73.,19.));
#3707 = DIRECTION('',(1.,-0.,-0.));
#3708 = DIRECTION('',(0.,1.,0.));
#3709 = DEFINITIONAL_REPRESENTATION('',(#3710),#3714);
#3710 = LINE('',#3711,#3712);
#3711 = CARTESIAN_POINT('',(-6.28318530718,-1.));
#3712 = VECTOR('',#3713,1.);
#3713 = DIRECTION('',(1.,-0.));
#3714 = ( GEOMETRIC_REPRESENTATION_CONTEXT(2) 
PARAMETRIC_REPRESENTATION_CONTEXT() REPRESENTATION_CONTEXT('2D SPACE',''
  ) );
#3715 = FACE_BOUND('',#3716,.T.);
#3716 = EDGE_LOOP('',(#3717));
#3717 = ORIENTED_EDGE('',*,*,#3718,.F.);
#3718 = EDGE_CURVE('',#3719,#3719,#3721,.T.);
#3719 = VERTEX_POINT('',#3720);
#3720 = CARTESIAN_POINT('',(150.,68.7,19.));
#3721 = SURFACE_CURVE('',#3722,(#3727,#3734),.PCURVE_S1.);
#3722 = CIRCLE('',#3723,1.2);
#3723 = AXIS2_PLACEMENT_3D('',#3724,#3725,#3726);
#3724 = CARTESIAN_POINT('',(150.,67.5,19.));
#3725 = DIRECTION('',(1.,0.,-0.));
#3726 = DIRECTION('',(0.,1.,0.));
#3727 = PCURVE('',#101,#3728);
#3728 = DEFINITIONAL_REPRESENTATION('',(#3729),#3733);
#3729 = CIRCLE('',#3730,1.2);
#3730 = AXIS2_PLACEMENT_2D('',#3731,#3732);
#3731 = CARTESIAN_POINT('',(-0.469293388316,9.709474163815));
#3732 = DIRECTION('',(0.,-1.));
#3733 = ( GEOMETRIC_REPRESENTATION_CONTEXT(2) 
PARAMETRIC_REPRESENTATION_CONTEXT() REPRESENTATION_CONTEXT('2D SPACE',''
  ) );
#3734 = PCURVE('',#3735,#3740);
#3735 = CYLINDRICAL_SURFACE('',#3736,1.2);
#3736 = AXIS2_PLACEMENT_3D('',#3737,#3738,#3739);
#3737 = CARTESIAN_POINT('',(151.,67.5,19.));
#3738 = DIRECTION('',(1.,-0.,-0.));
#3739 = DIRECTION('',(0.,1.,0.));
#3740 = DEFINITIONAL_REPRESENTATION('',(#3741),#3745);
#3741 = LINE('',#3742,#3743);
#3742 = CARTESIAN_POINT('',(-6.28318530718,-1.));
#3743 = VECTOR('',#3744,1.);
#3744 = DIRECTION('',(1.,-0.));
#3745 = ( GEOMETRIC_REPRESENTATION_CONTEXT(2) 
PARAMETRIC_REPRESENTATION_CONTEXT() REPRESENTATION_CONTEXT('2D SPACE',''
  ) );
#3746 = FACE_BOUND('',#3747,.T.);
#3747 = EDGE_LOOP('',(#3748));
#3748 = ORIENTED_EDGE('',*,*,#3749,.F.);
#3749 = EDGE_CURVE('',#3750,#3750,#3752,.T.);
#3750 = VERTEX_POINT('',#3751);
#3751 = CARTESIAN_POINT('',(150.,50.1,14.));
#3752 = SURFACE_CURVE('',#3753,(#3758,#3765),.PCURVE_S1.);
#3753 = CIRCLE('',#3754,6.1);
#3754 = AXIS2_PLACEMENT_3D('',#3755,#3756,#3757);
#3755 = CARTESIAN_POINT('',(150.,44.,14.));
#3756 = DIRECTION('',(1.,0.,-0.));
#3757 = DIRECTION('',(0.,1.,0.));
#3758 = PCURVE('',#101,#3759);
#3759 = DEFINITIONAL_REPRESENTATION('',(#3760),#3764);
#3760 = CIRCLE('',#3761,6.1);
#3761 = AXIS2_PLACEMENT_2D('',#3762,#3763);
#3762 = CARTESIAN_POINT('',(-5.469293388316,33.209474163815));
#3763 = DIRECTION('',(0.,-1.));
#3764 = ( GEOMETRIC_REPRESENTATION_CONTEXT(2) 
PARAMETRIC_REPRESENTATION_CONTEXT() REPRESENTATION_CONTEXT('2D SPACE',''
  ) );
#3765 = PCURVE('',#3766,#3771);
#3766 = CYLINDRICAL_SURFACE('',#3767,6.1);
#3767 = AXIS2_PLACEMENT_3D('',#3768,#3769,#3770);
#3768 = CARTESIAN_POINT('',(151.,44.,14.));
#3769 = DIRECTION('',(1.,-0.,-0.));
#3770 = DIRECTION('',(0.,1.,0.));
#3771 = DEFINITIONAL_REPRESENTATION('',(#3772),#3776);
#3772 = LINE('',#3773,#3774);
#3773 = CARTESIAN_POINT('',(-6.28318530718,-1.));
#3774 = VECTOR('',#3775,1.);
#3775 = DIRECTION('',(1.,-0.));
#3776 = ( GEOMETRIC_REPRESENTATION_CONTEXT(2) 
PARAMETRIC_REPRESENTATION_CONTEXT() REPRESENTATION_CONTEXT('2D SPACE',''
  ) );
#3777 = FACE_BOUND('',#3778,.T.);
#3778 = EDGE_LOOP('',(#3779));
#3779 = ORIENTED_EDGE('',*,*,#3780,.F.);
#3780 = EDGE_CURVE('',#3781,#3781,#3783,.T.);
#3781 = VERTEX_POINT('',#3782);
#3782 = CARTESIAN_POINT('',(150.,63.2,19.));
#3783 = SURFACE_CURVE('',#3784,(#3789,#3796),.PCURVE_S1.);
#3784 = CIRCLE('',#3785,1.2);
#3785 = AXIS2_PLACEMENT_3D('',#3786,#3787,#3788);
#3786 = CARTESIAN_POINT('',(150.,62.,19.));
#3787 = DIRECTION('',(1.,0.,-0.));
#3788 = DIRECTION('',(0.,1.,0.));
#3789 = PCURVE('',#101,#3790);
#3790 = DEFINITIONAL_REPRESENTATION('',(#3791),#3795);
#3791 = CIRCLE('',#3792,1.2);
#3792 = AXIS2_PLACEMENT_2D('',#3793,#3794);
#3793 = CARTESIAN_POINT('',(-0.469293388316,15.209474163815));
#3794 = DIRECTION('',(0.,-1.));
#3795 = ( GEOMETRIC_REPRESENTATION_CONTEXT(2) 
PARAMETRIC_REPRESENTATION_CONTEXT() REPRESENTATION_CONTEXT('2D SPACE',''
  ) );
#3796 = PCURVE('',#3797,#3802);
#3797 = CYLINDRICAL_SURFACE('',#3798,1.2);
#3798 = AXIS2_PLACEMENT_3D('',#3799,#3800,#3801);
#3799 = CARTESIAN_POINT('',(151.,62.,19.));
#3800 = DIRECTION('',(1.,-0.,-0.));
#3801 = DIRECTION('',(0.,1.,0.));
#3802 = DEFINITIONAL_REPRESENTATION('',(#3803),#3807);
#3803 = LINE('',#3804,#3805);
#3804 = CARTESIAN_POINT('',(-6.28318530718,-1.));
#3805 = VECTOR('',#3806,1.);
#3806 = DIRECTION('',(1.,-0.));
#3807 = ( GEOMETRIC_REPRESENTATION_CONTEXT(2) 
PARAMETRIC_REPRESENTATION_CONTEXT() REPRESENTATION_CONTEXT('2D SPACE',''
  ) );
#3808 = ADVANCED_FACE('',(#3809),#187,.T.);
#3809 = FACE_BOUND('',#3810,.T.);
#3810 = EDGE_LOOP('',(#3811,#3834,#3835,#3836));
#3811 = ORIENTED_EDGE('',*,*,#3812,.F.);
#3812 = EDGE_CURVE('',#143,#3813,#3815,.T.);
#3813 = VERTEX_POINT('',#3814);
#3814 = CARTESIAN_POINT('',(8.,150.,24.));
#3815 = SURFACE_CURVE('',#3816,(#3820,#3827),.PCURVE_S1.);
#3816 = LINE('',#3817,#3818);
#3817 = CARTESIAN_POINT('',(8.,150.,0.));
#3818 = VECTOR('',#3819,1.);
#3819 = DIRECTION('',(0.,0.,1.));
#3820 = PCURVE('',#187,#3821);
#3821 = DEFINITIONAL_REPRESENTATION('',(#3822),#3826);
#3822 = LINE('',#3823,#3824);
#3823 = CARTESIAN_POINT('',(0.,0.));
#3824 = VECTOR('',#3825,1.);
#3825 = DIRECTION('',(0.,1.));
#3826 = ( GEOMETRIC_REPRESENTATION_CONTEXT(2) 
PARAMETRIC_REPRESENTATION_CONTEXT() REPRESENTATION_CONTEXT('2D SPACE',''
  ) );
#3827 = PCURVE('',#158,#3828);
#3828 = DEFINITIONAL_REPRESENTATION('',(#3829),#3833);
#3829 = LINE('',#3830,#3831);
#3830 = CARTESIAN_POINT('',(0.,-8.));
#3831 = VECTOR('',#3832,1.);
#3832 = DIRECTION('',(1.,0.));
#3833 = ( GEOMETRIC_REPRESENTATION_CONTEXT(2) 
PARAMETRIC_REPRESENTATION_CONTEXT() REPRESENTATION_CONTEXT('2D SPACE',''
  ) );
#3834 = ORIENTED_EDGE('',*,*,#170,.T.);
#3835 = ORIENTED_EDGE('',*,*,#664,.T.);
#3836 = ORIENTED_EDGE('',*,*,#3837,.F.);
#3837 = EDGE_CURVE('',#3813,#665,#3838,.T.);
#3838 = SURFACE_CURVE('',#3839,(#3844,#3851),.PCURVE_S1.);
#3839 = CIRCLE('',#3840,8.);
#3840 = AXIS2_PLACEMENT_3D('',#3841,#3842,#3843);
#3841 = CARTESIAN_POINT('',(8.,142.,24.));
#3842 = DIRECTION('',(0.,0.,1.));
#3843 = DIRECTION('',(-0.,1.,0.));
#3844 = PCURVE('',#187,#3845);
#3845 = DEFINITIONAL_REPRESENTATION('',(#3846),#3850);
#3846 = LINE('',#3847,#3848);
#3847 = CARTESIAN_POINT('',(0.,24.));
#3848 = VECTOR('',#3849,1.);
#3849 = DIRECTION('',(1.,0.));
#3850 = ( GEOMETRIC_REPRESENTATION_CONTEXT(2) 
PARAMETRIC_REPRESENTATION_CONTEXT() REPRESENTATION_CONTEXT('2D SPACE',''
  ) );
#3851 = PCURVE('',#425,#3852);
#3852 = DEFINITIONAL_REPRESENTATION('',(#3853),#3857);
#3853 = CIRCLE('',#3854,8.);
#3854 = AXIS2_PLACEMENT_2D('',#3855,#3856);
#3855 = CARTESIAN_POINT('',(8.,142.));
#3856 = DIRECTION('',(0.,1.));
#3857 = ( GEOMETRIC_REPRESENTATION_CONTEXT(2) 
PARAMETRIC_REPRESENTATION_CONTEXT() REPRESENTATION_CONTEXT('2D SPACE',''
  ) );
#3858 = ADVANCED_FACE('',(#3859),#130,.T.);
#3859 = FACE_BOUND('',#3860,.T.);
#3860 = EDGE_LOOP('',(#3861,#3862,#3863,#3886));
#3861 = ORIENTED_EDGE('',*,*,#2463,.F.);
#3862 = ORIENTED_EDGE('',*,*,#113,.T.);
#3863 = ORIENTED_EDGE('',*,*,#3864,.T.);
#3864 = EDGE_CURVE('',#114,#3865,#3867,.T.);
#3865 = VERTEX_POINT('',#3866);
#3866 = CARTESIAN_POINT('',(142.,150.,24.));
#3867 = SURFACE_CURVE('',#3868,(#3872,#3879),.PCURVE_S1.);
#3868 = LINE('',#3869,#3870);
#3869 = CARTESIAN_POINT('',(142.,150.,0.));
#3870 = VECTOR('',#3871,1.);
#3871 = DIRECTION('',(0.,0.,1.));
#3872 = PCURVE('',#130,#3873);
#3873 = DEFINITIONAL_REPRESENTATION('',(#3874),#3878);
#3874 = LINE('',#3875,#3876);
#3875 = CARTESIAN_POINT('',(1.570796326795,0.));
#3876 = VECTOR('',#3877,1.);
#3877 = DIRECTION('',(0.,1.));
#3878 = ( GEOMETRIC_REPRESENTATION_CONTEXT(2) 
PARAMETRIC_REPRESENTATION_CONTEXT() REPRESENTATION_CONTEXT('2D SPACE',''
  ) );
#3879 = PCURVE('',#158,#3880);
#3880 = DEFINITIONAL_REPRESENTATION('',(#3881),#3885);
#3881 = LINE('',#3882,#3883);
#3882 = CARTESIAN_POINT('',(0.,-142.));
#3883 = VECTOR('',#3884,1.);
#3884 = DIRECTION('',(1.,0.));
#3885 = ( GEOMETRIC_REPRESENTATION_CONTEXT(2) 
PARAMETRIC_REPRESENTATION_CONTEXT() REPRESENTATION_CONTEXT('2D SPACE',''
  ) );
#3886 = ORIENTED_EDGE('',*,*,#3887,.F.);
#3887 = EDGE_CURVE('',#2464,#3865,#3888,.T.);
#3888 = SURFACE_CURVE('',#3889,(#3894,#3901),.PCURVE_S1.);
#3889 = CIRCLE('',#3890,8.);
#3890 = AXIS2_PLACEMENT_3D('',#3891,#3892,#3893);
#3891 = CARTESIAN_POINT('',(142.,142.,24.));
#3892 = DIRECTION('',(0.,0.,1.));
#3893 = DIRECTION('',(1.,0.,-0.));
#3894 = PCURVE('',#130,#3895);
#3895 = DEFINITIONAL_REPRESENTATION('',(#3896),#3900);
#3896 = LINE('',#3897,#3898);
#3897 = CARTESIAN_POINT('',(0.,24.));
#3898 = VECTOR('',#3899,1.);
#3899 = DIRECTION('',(1.,0.));
#3900 = ( GEOMETRIC_REPRESENTATION_CONTEXT(2) 
PARAMETRIC_REPRESENTATION_CONTEXT() REPRESENTATION_CONTEXT('2D SPACE',''
  ) );
#3901 = PCURVE('',#425,#3902);
#3902 = DEFINITIONAL_REPRESENTATION('',(#3903),#3907);
#3903 = CIRCLE('',#3904,8.);
#3904 = AXIS2_PLACEMENT_2D('',#3905,#3906);
#3905 = CARTESIAN_POINT('',(142.,142.));
#3906 = DIRECTION('',(1.,0.));
#3907 = ( GEOMETRIC_REPRESENTATION_CONTEXT(2) 
PARAMETRIC_REPRESENTATION_CONTEXT() REPRESENTATION_CONTEXT('2D SPACE',''
  ) );
#3908 = ADVANCED_FACE('',(#3909,#4036),#158,.F.);
#3909 = FACE_BOUND('',#3910,.F.);
#3910 = EDGE_LOOP('',(#3911,#3912,#3913,#3914,#3937,#3963,#3989,#4015));
#3911 = ORIENTED_EDGE('',*,*,#3812,.F.);
#3912 = ORIENTED_EDGE('',*,*,#142,.F.);
#3913 = ORIENTED_EDGE('',*,*,#3864,.T.);
#3914 = ORIENTED_EDGE('',*,*,#3915,.F.);
#3915 = EDGE_CURVE('',#3916,#3865,#3918,.T.);
#3916 = VERTEX_POINT('',#3917);
#3917 = CARTESIAN_POINT('',(83.,150.,24.));
#3918 = SURFACE_CURVE('',#3919,(#3923,#3930),.PCURVE_S1.);
#3919 = LINE('',#3920,#3921);
#3920 = CARTESIAN_POINT('',(0.,150.,24.));
#3921 = VECTOR('',#3922,1.);
#3922 = DIRECTION('',(1.,0.,0.));
#3923 = PCURVE('',#158,#3924);
#3924 = DEFINITIONAL_REPRESENTATION('',(#3925),#3929);
#3925 = LINE('',#3926,#3927);
#3926 = CARTESIAN_POINT('',(24.,0.));
#3927 = VECTOR('',#3928,1.);
#3928 = DIRECTION('',(0.,-1.));
#3929 = ( GEOMETRIC_REPRESENTATION_CONTEXT(2) 
PARAMETRIC_REPRESENTATION_CONTEXT() REPRESENTATION_CONTEXT('2D SPACE',''
  ) );
#3930 = PCURVE('',#425,#3931);
#3931 = DEFINITIONAL_REPRESENTATION('',(#3932),#3936);
#3932 = LINE('',#3933,#3934);
#3933 = CARTESIAN_POINT('',(0.,150.));
#3934 = VECTOR('',#3935,1.);
#3935 = DIRECTION('',(1.,0.));
#3936 = ( GEOMETRIC_REPRESENTATION_CONTEXT(2) 
PARAMETRIC_REPRESENTATION_CONTEXT() REPRESENTATION_CONTEXT('2D SPACE',''
  ) );
#3937 = ORIENTED_EDGE('',*,*,#3938,.F.);
#3938 = EDGE_CURVE('',#3939,#3916,#3941,.T.);
#3939 = VERTEX_POINT('',#3940);
#3940 = CARTESIAN_POINT('',(83.,150.,22.5));
#3941 = SURFACE_CURVE('',#3942,(#3946,#3952),.PCURVE_S1.);
#3942 = LINE('',#3943,#3944);
#3943 = CARTESIAN_POINT('',(83.,150.,11.25));
#3944 = VECTOR('',#3945,1.);
#3945 = DIRECTION('',(-0.,0.,1.));
#3946 = PCURVE('',#158,#3947);
#3947 = DEFINITIONAL_REPRESENTATION('',(#3948),#3951);
#3948 = B_SPLINE_CURVE_WITH_KNOTS('',1,(#3949,#3950),.UNSPECIFIED.,.F.,
  .F.,(2,2),(11.25,12.75),.PIECEWISE_BEZIER_KNOTS.);
#3949 = CARTESIAN_POINT('',(22.5,-83.));
#3950 = CARTESIAN_POINT('',(24.,-83.));
#3951 = ( GEOMETRIC_REPRESENTATION_CONTEXT(2) 
PARAMETRIC_REPRESENTATION_CONTEXT() REPRESENTATION_CONTEXT('2D SPACE',''
  ) );
#3952 = PCURVE('',#3953,#3958);
#3953 = PLANE('',#3954);
#3954 = AXIS2_PLACEMENT_3D('',#3955,#3956,#3957);
#3955 = CARTESIAN_POINT('',(83.,149.3,22.5));
#3956 = DIRECTION('',(1.,0.,0.));
#3957 = DIRECTION('',(0.,0.,1.));
#3958 = DEFINITIONAL_REPRESENTATION('',(#3959),#3962);
#3959 = B_SPLINE_CURVE_WITH_KNOTS('',1,(#3960,#3961),.UNSPECIFIED.,.F.,
  .F.,(2,2),(11.25,12.75),.PIECEWISE_BEZIER_KNOTS.);
#3960 = CARTESIAN_POINT('',(0.,-0.7));
#3961 = CARTESIAN_POINT('',(1.5,-0.7));
#3962 = ( GEOMETRIC_REPRESENTATION_CONTEXT(2) 
PARAMETRIC_REPRESENTATION_CONTEXT() REPRESENTATION_CONTEXT('2D SPACE',''
  ) );
#3963 = ORIENTED_EDGE('',*,*,#3964,.T.);
#3964 = EDGE_CURVE('',#3939,#3965,#3967,.T.);
#3965 = VERTEX_POINT('',#3966);
#3966 = CARTESIAN_POINT('',(67.,150.,22.5));
#3967 = SURFACE_CURVE('',#3968,(#3972,#3978),.PCURVE_S1.);
#3968 = LINE('',#3969,#3970);
#3969 = CARTESIAN_POINT('',(33.5,150.,22.5));
#3970 = VECTOR('',#3971,1.);
#3971 = DIRECTION('',(-1.,0.,0.));
#3972 = PCURVE('',#158,#3973);
#3973 = DEFINITIONAL_REPRESENTATION('',(#3974),#3977);
#3974 = B_SPLINE_CURVE_WITH_KNOTS('',1,(#3975,#3976),.UNSPECIFIED.,.F.,
  .F.,(2,2),(-49.5,-33.5),.PIECEWISE_BEZIER_KNOTS.);
#3975 = CARTESIAN_POINT('',(22.5,-83.));
#3976 = CARTESIAN_POINT('',(22.5,-67.));
#3977 = ( GEOMETRIC_REPRESENTATION_CONTEXT(2) 
PARAMETRIC_REPRESENTATION_CONTEXT() REPRESENTATION_CONTEXT('2D SPACE',''
  ) );
#3978 = PCURVE('',#3979,#3984);
#3979 = PLANE('',#3980);
#3980 = AXIS2_PLACEMENT_3D('',#3981,#3982,#3983);
#3981 = CARTESIAN_POINT('',(67.,149.3,22.5));
#3982 = DIRECTION('',(0.,0.,1.));
#3983 = DIRECTION('',(1.,0.,0.));
#3984 = DEFINITIONAL_REPRESENTATION('',(#3985),#3988);
#3985 = B_SPLINE_CURVE_WITH_KNOTS('',1,(#3986,#3987),.UNSPECIFIED.,.F.,
  .F.,(2,2),(-49.5,-33.5),.PIECEWISE_BEZIER_KNOTS.);
#3986 = CARTESIAN_POINT('',(16.,0.7));
#3987 = CARTESIAN_POINT('',(0.,0.7));
#3988 = ( GEOMETRIC_REPRESENTATION_CONTEXT(2) 
PARAMETRIC_REPRESENTATION_CONTEXT() REPRESENTATION_CONTEXT('2D SPACE',''
  ) );
#3989 = ORIENTED_EDGE('',*,*,#3990,.T.);
#3990 = EDGE_CURVE('',#3965,#3991,#3993,.T.);
#3991 = VERTEX_POINT('',#3992);
#3992 = CARTESIAN_POINT('',(67.,150.,24.));
#3993 = SURFACE_CURVE('',#3994,(#3998,#4004),.PCURVE_S1.);
#3994 = LINE('',#3995,#3996);
#3995 = CARTESIAN_POINT('',(67.,150.,11.25));
#3996 = VECTOR('',#3997,1.);
#3997 = DIRECTION('',(-0.,0.,1.));
#3998 = PCURVE('',#158,#3999);
#3999 = DEFINITIONAL_REPRESENTATION('',(#4000),#4003);
#4000 = B_SPLINE_CURVE_WITH_KNOTS('',1,(#4001,#4002),.UNSPECIFIED.,.F.,
  .F.,(2,2),(11.25,12.75),.PIECEWISE_BEZIER_KNOTS.);
#4001 = CARTESIAN_POINT('',(22.5,-67.));
#4002 = CARTESIAN_POINT('',(24.,-67.));
#4003 = ( GEOMETRIC_REPRESENTATION_CONTEXT(2) 
PARAMETRIC_REPRESENTATION_CONTEXT() REPRESENTATION_CONTEXT('2D SPACE',''
  ) );
#4004 = PCURVE('',#4005,#4010);
#4005 = PLANE('',#4006);
#4006 = AXIS2_PLACEMENT_3D('',#4007,#4008,#4009);
#4007 = CARTESIAN_POINT('',(67.,149.3,22.5));
#4008 = DIRECTION('',(1.,0.,0.));
#4009 = DIRECTION('',(0.,0.,1.));
#4010 = DEFINITIONAL_REPRESENTATION('',(#4011),#4014);
#4011 = B_SPLINE_CURVE_WITH_KNOTS('',1,(#4012,#4013),.UNSPECIFIED.,.F.,
  .F.,(2,2),(11.25,12.75),.PIECEWISE_BEZIER_KNOTS.);
#4012 = CARTESIAN_POINT('',(0.,-0.7));
#4013 = CARTESIAN_POINT('',(1.5,-0.7));
#4014 = ( GEOMETRIC_REPRESENTATION_CONTEXT(2) 
PARAMETRIC_REPRESENTATION_CONTEXT() REPRESENTATION_CONTEXT('2D SPACE',''
  ) );
#4015 = ORIENTED_EDGE('',*,*,#4016,.F.);
#4016 = EDGE_CURVE('',#3813,#3991,#4017,.T.);
#4017 = SURFACE_CURVE('',#4018,(#4022,#4029),.PCURVE_S1.);
#4018 = LINE('',#4019,#4020);
#4019 = CARTESIAN_POINT('',(0.,150.,24.));
#4020 = VECTOR('',#4021,1.);
#4021 = DIRECTION('',(1.,0.,0.));
#4022 = PCURVE('',#158,#4023);
#4023 = DEFINITIONAL_REPRESENTATION('',(#4024),#4028);
#4024 = LINE('',#4025,#4026);
#4025 = CARTESIAN_POINT('',(24.,0.));
#4026 = VECTOR('',#4027,1.);
#4027 = DIRECTION('',(0.,-1.));
#4028 = ( GEOMETRIC_REPRESENTATION_CONTEXT(2) 
PARAMETRIC_REPRESENTATION_CONTEXT() REPRESENTATION_CONTEXT('2D SPACE',''
  ) );
#4029 = PCURVE('',#425,#4030);
#4030 = DEFINITIONAL_REPRESENTATION('',(#4031),#4035);
#4031 = LINE('',#4032,#4033);
#4032 = CARTESIAN_POINT('',(0.,150.));
#4033 = VECTOR('',#4034,1.);
#4034 = DIRECTION('',(1.,0.));
#4035 = ( GEOMETRIC_REPRESENTATION_CONTEXT(2) 
PARAMETRIC_REPRESENTATION_CONTEXT() REPRESENTATION_CONTEXT('2D SPACE',''
  ) );
#4036 = FACE_BOUND('',#4037,.F.);
#4037 = EDGE_LOOP('',(#4038,#4069,#4095,#4124,#4150,#4179,#4205,#4234));
#4038 = ORIENTED_EDGE('',*,*,#4039,.F.);
#4039 = EDGE_CURVE('',#4040,#4042,#4044,.T.);
#4040 = VERTEX_POINT('',#4041);
#4041 = CARTESIAN_POINT('',(79.9,150.,11.25));
#4042 = VERTEX_POINT('',#4043);
#4043 = CARTESIAN_POINT('',(81.4,150.,12.75));
#4044 = SURFACE_CURVE('',#4045,(#4050,#4057),.PCURVE_S1.);
#4045 = CIRCLE('',#4046,1.5);
#4046 = AXIS2_PLACEMENT_3D('',#4047,#4048,#4049);
#4047 = CARTESIAN_POINT('',(79.9,150.,12.75));
#4048 = DIRECTION('',(0.,-1.,0.));
#4049 = DIRECTION('',(0.,-0.,-1.));
#4050 = PCURVE('',#158,#4051);
#4051 = DEFINITIONAL_REPRESENTATION('',(#4052),#4056);
#4052 = CIRCLE('',#4053,1.5);
#4053 = AXIS2_PLACEMENT_2D('',#4054,#4055);
#4054 = CARTESIAN_POINT('',(12.75,-79.9));
#4055 = DIRECTION('',(-1.,-0.));
#4056 = ( GEOMETRIC_REPRESENTATION_CONTEXT(2) 
PARAMETRIC_REPRESENTATION_CONTEXT() REPRESENTATION_CONTEXT('2D SPACE',''
  ) );
#4057 = PCURVE('',#4058,#4063);
#4058 = CYLINDRICAL_SURFACE('',#4059,1.5);
#4059 = AXIS2_PLACEMENT_3D('',#4060,#4061,#4062);
#4060 = CARTESIAN_POINT('',(79.9,151.,12.75));
#4061 = DIRECTION('',(0.,-1.,0.));
#4062 = DIRECTION('',(0.,-0.,-1.));
#4063 = DEFINITIONAL_REPRESENTATION('',(#4064),#4068);
#4064 = LINE('',#4065,#4066);
#4065 = CARTESIAN_POINT('',(0.,1.));
#4066 = VECTOR('',#4067,1.);
#4067 = DIRECTION('',(1.,0.));
#4068 = ( GEOMETRIC_REPRESENTATION_CONTEXT(2) 
PARAMETRIC_REPRESENTATION_CONTEXT() REPRESENTATION_CONTEXT('2D SPACE',''
  ) );
#4069 = ORIENTED_EDGE('',*,*,#4070,.T.);
#4070 = EDGE_CURVE('',#4040,#4071,#4073,.T.);
#4071 = VERTEX_POINT('',#4072);
#4072 = CARTESIAN_POINT('',(70.1,150.,11.25));
#4073 = SURFACE_CURVE('',#4074,(#4078,#4084),.PCURVE_S1.);
#4074 = LINE('',#4075,#4076);
#4075 = CARTESIAN_POINT('',(34.3,150.,11.25));
#4076 = VECTOR('',#4077,1.);
#4077 = DIRECTION('',(-1.,-0.,0.));
#4078 = PCURVE('',#158,#4079);
#4079 = DEFINITIONAL_REPRESENTATION('',(#4080),#4083);
#4080 = B_SPLINE_CURVE_WITH_KNOTS('',1,(#4081,#4082),.UNSPECIFIED.,.F.,
  .F.,(2,2),(-45.6,-35.8),.PIECEWISE_BEZIER_KNOTS.);
#4081 = CARTESIAN_POINT('',(11.25,-79.9));
#4082 = CARTESIAN_POINT('',(11.25,-70.1));
#4083 = ( GEOMETRIC_REPRESENTATION_CONTEXT(2) 
PARAMETRIC_REPRESENTATION_CONTEXT() REPRESENTATION_CONTEXT('2D SPACE',''
  ) );
#4084 = PCURVE('',#4085,#4090);
#4085 = PLANE('',#4086);
#4086 = AXIS2_PLACEMENT_3D('',#4087,#4088,#4089);
#4087 = CARTESIAN_POINT('',(68.6,151.,11.25));
#4088 = DIRECTION('',(-0.,0.,1.));
#4089 = DIRECTION('',(1.,0.,0.));
#4090 = DEFINITIONAL_REPRESENTATION('',(#4091),#4094);
#4091 = B_SPLINE_CURVE_WITH_KNOTS('',1,(#4092,#4093),.UNSPECIFIED.,.F.,
  .F.,(2,2),(-45.6,-35.8),.PIECEWISE_BEZIER_KNOTS.);
#4092 = CARTESIAN_POINT('',(11.3,-1.));
#4093 = CARTESIAN_POINT('',(1.5,-1.));
#4094 = ( GEOMETRIC_REPRESENTATION_CONTEXT(2) 
PARAMETRIC_REPRESENTATION_CONTEXT() REPRESENTATION_CONTEXT('2D SPACE',''
  ) );
#4095 = ORIENTED_EDGE('',*,*,#4096,.F.);
#4096 = EDGE_CURVE('',#4097,#4071,#4099,.T.);
#4097 = VERTEX_POINT('',#4098);
#4098 = CARTESIAN_POINT('',(68.6,150.,12.75));
#4099 = SURFACE_CURVE('',#4100,(#4105,#4112),.PCURVE_S1.);
#4100 = CIRCLE('',#4101,1.5);
#4101 = AXIS2_PLACEMENT_3D('',#4102,#4103,#4104);
#4102 = CARTESIAN_POINT('',(70.1,150.,12.75));
#4103 = DIRECTION('',(0.,-1.,0.));
#4104 = DIRECTION('',(0.,-0.,-1.));
#4105 = PCURVE('',#158,#4106);
#4106 = DEFINITIONAL_REPRESENTATION('',(#4107),#4111);
#4107 = CIRCLE('',#4108,1.5);
#4108 = AXIS2_PLACEMENT_2D('',#4109,#4110);
#4109 = CARTESIAN_POINT('',(12.75,-70.1));
#4110 = DIRECTION('',(-1.,-0.));
#4111 = ( GEOMETRIC_REPRESENTATION_CONTEXT(2) 
PARAMETRIC_REPRESENTATION_CONTEXT() REPRESENTATION_CONTEXT('2D SPACE',''
  ) );
#4112 = PCURVE('',#4113,#4118);
#4113 = CYLINDRICAL_SURFACE('',#4114,1.5);
#4114 = AXIS2_PLACEMENT_3D('',#4115,#4116,#4117);
#4115 = CARTESIAN_POINT('',(70.1,151.,12.75));
#4116 = DIRECTION('',(0.,-1.,0.));
#4117 = DIRECTION('',(0.,-0.,-1.));
#4118 = DEFINITIONAL_REPRESENTATION('',(#4119),#4123);
#4119 = LINE('',#4120,#4121);
#4120 = CARTESIAN_POINT('',(-6.28318530718,1.));
#4121 = VECTOR('',#4122,1.);
#4122 = DIRECTION('',(1.,-0.));
#4123 = ( GEOMETRIC_REPRESENTATION_CONTEXT(2) 
PARAMETRIC_REPRESENTATION_CONTEXT() REPRESENTATION_CONTEXT('2D SPACE',''
  ) );
#4124 = ORIENTED_EDGE('',*,*,#4125,.T.);
#4125 = EDGE_CURVE('',#4097,#4126,#4128,.T.);
#4126 = VERTEX_POINT('',#4127);
#4127 = CARTESIAN_POINT('',(68.6,150.,15.25));
#4128 = SURFACE_CURVE('',#4129,(#4133,#4139),.PCURVE_S1.);
#4129 = LINE('',#4130,#4131);
#4130 = CARTESIAN_POINT('',(68.6,150.,8.375));
#4131 = VECTOR('',#4132,1.);
#4132 = DIRECTION('',(-0.,0.,1.));
#4133 = PCURVE('',#158,#4134);
#4134 = DEFINITIONAL_REPRESENTATION('',(#4135),#4138);
#4135 = B_SPLINE_CURVE_WITH_KNOTS('',1,(#4136,#4137),.UNSPECIFIED.,.F.,
  .F.,(2,2),(4.375,6.875),.PIECEWISE_BEZIER_KNOTS.);
#4136 = CARTESIAN_POINT('',(12.75,-68.6));
#4137 = CARTESIAN_POINT('',(15.25,-68.6));
#4138 = ( GEOMETRIC_REPRESENTATION_CONTEXT(2) 
PARAMETRIC_REPRESENTATION_CONTEXT() REPRESENTATION_CONTEXT('2D SPACE',''
  ) );
#4139 = PCURVE('',#4140,#4145);
#4140 = PLANE('',#4141);
#4141 = AXIS2_PLACEMENT_3D('',#4142,#4143,#4144);
#4142 = CARTESIAN_POINT('',(68.6,151.,16.75));
#4143 = DIRECTION('',(1.,0.,0.));
#4144 = DIRECTION('',(0.,0.,-1.));
#4145 = DEFINITIONAL_REPRESENTATION('',(#4146),#4149);
#4146 = B_SPLINE_CURVE_WITH_KNOTS('',1,(#4147,#4148),.UNSPECIFIED.,.F.,
  .F.,(2,2),(4.375,6.875),.PIECEWISE_BEZIER_KNOTS.);
#4147 = CARTESIAN_POINT('',(4.,-1.));
#4148 = CARTESIAN_POINT('',(1.5,-1.));
#4149 = ( GEOMETRIC_REPRESENTATION_CONTEXT(2) 
PARAMETRIC_REPRESENTATION_CONTEXT() REPRESENTATION_CONTEXT('2D SPACE',''
  ) );
#4150 = ORIENTED_EDGE('',*,*,#4151,.F.);
#4151 = EDGE_CURVE('',#4152,#4126,#4154,.T.);
#4152 = VERTEX_POINT('',#4153);
#4153 = CARTESIAN_POINT('',(70.1,150.,16.75));
#4154 = SURFACE_CURVE('',#4155,(#4160,#4167),.PCURVE_S1.);
#4155 = CIRCLE('',#4156,1.5);
#4156 = AXIS2_PLACEMENT_3D('',#4157,#4158,#4159);
#4157 = CARTESIAN_POINT('',(70.1,150.,15.25));
#4158 = DIRECTION('',(0.,-1.,0.));
#4159 = DIRECTION('',(-0.,0.,1.));
#4160 = PCURVE('',#158,#4161);
#4161 = DEFINITIONAL_REPRESENTATION('',(#4162),#4166);
#4162 = CIRCLE('',#4163,1.5);
#4163 = AXIS2_PLACEMENT_2D('',#4164,#4165);
#4164 = CARTESIAN_POINT('',(15.25,-70.1));
#4165 = DIRECTION('',(1.,0.));
#4166 = ( GEOMETRIC_REPRESENTATION_CONTEXT(2) 
PARAMETRIC_REPRESENTATION_CONTEXT() REPRESENTATION_CONTEXT('2D SPACE',''
  ) );
#4167 = PCURVE('',#4168,#4173);
#4168 = CYLINDRICAL_SURFACE('',#4169,1.5);
#4169 = AXIS2_PLACEMENT_3D('',#4170,#4171,#4172);
#4170 = CARTESIAN_POINT('',(70.1,151.,15.25));
#4171 = DIRECTION('',(0.,-1.,0.));
#4172 = DIRECTION('',(-0.,0.,1.));
#4173 = DEFINITIONAL_REPRESENTATION('',(#4174),#4178);
#4174 = LINE('',#4175,#4176);
#4175 = CARTESIAN_POINT('',(0.,1.));
#4176 = VECTOR('',#4177,1.);
#4177 = DIRECTION('',(1.,0.));
#4178 = ( GEOMETRIC_REPRESENTATION_CONTEXT(2) 
PARAMETRIC_REPRESENTATION_CONTEXT() REPRESENTATION_CONTEXT('2D SPACE',''
  ) );
#4179 = ORIENTED_EDGE('',*,*,#4180,.T.);
#4180 = EDGE_CURVE('',#4152,#4181,#4183,.T.);
#4181 = VERTEX_POINT('',#4182);
#4182 = CARTESIAN_POINT('',(79.9,150.,16.75));
#4183 = SURFACE_CURVE('',#4184,(#4188,#4194),.PCURVE_S1.);
#4184 = LINE('',#4185,#4186);
#4185 = CARTESIAN_POINT('',(40.7,150.,16.75));
#4186 = VECTOR('',#4187,1.);
#4187 = DIRECTION('',(1.,0.,-0.));
#4188 = PCURVE('',#158,#4189);
#4189 = DEFINITIONAL_REPRESENTATION('',(#4190),#4193);
#4190 = B_SPLINE_CURVE_WITH_KNOTS('',1,(#4191,#4192),.UNSPECIFIED.,.F.,
  .F.,(2,2),(29.4,39.2),.PIECEWISE_BEZIER_KNOTS.);
#4191 = CARTESIAN_POINT('',(16.75,-70.1));
#4192 = CARTESIAN_POINT('',(16.75,-79.9));
#4193 = ( GEOMETRIC_REPRESENTATION_CONTEXT(2) 
PARAMETRIC_REPRESENTATION_CONTEXT() REPRESENTATION_CONTEXT('2D SPACE',''
  ) );
#4194 = PCURVE('',#4195,#4200);
#4195 = PLANE('',#4196);
#4196 = AXIS2_PLACEMENT_3D('',#4197,#4198,#4199);
#4197 = CARTESIAN_POINT('',(81.4,151.,16.75));
#4198 = DIRECTION('',(-0.,-0.,-1.));
#4199 = DIRECTION('',(-1.,0.,0.));
#4200 = DEFINITIONAL_REPRESENTATION('',(#4201),#4204);
#4201 = B_SPLINE_CURVE_WITH_KNOTS('',1,(#4202,#4203),.UNSPECIFIED.,.F.,
  .F.,(2,2),(29.4,39.2),.PIECEWISE_BEZIER_KNOTS.);
#4202 = CARTESIAN_POINT('',(11.3,-1.));
#4203 = CARTESIAN_POINT('',(1.5,-1.));
#4204 = ( GEOMETRIC_REPRESENTATION_CONTEXT(2) 
PARAMETRIC_REPRESENTATION_CONTEXT() REPRESENTATION_CONTEXT('2D SPACE',''
  ) );
#4205 = ORIENTED_EDGE('',*,*,#4206,.F.);
#4206 = EDGE_CURVE('',#4207,#4181,#4209,.T.);
#4207 = VERTEX_POINT('',#4208);
#4208 = CARTESIAN_POINT('',(81.4,150.,15.25));
#4209 = SURFACE_CURVE('',#4210,(#4215,#4222),.PCURVE_S1.);
#4210 = CIRCLE('',#4211,1.5);
#4211 = AXIS2_PLACEMENT_3D('',#4212,#4213,#4214);
#4212 = CARTESIAN_POINT('',(79.9,150.,15.25));
#4213 = DIRECTION('',(0.,-1.,0.));
#4214 = DIRECTION('',(1.,0.,0.));
#4215 = PCURVE('',#158,#4216);
#4216 = DEFINITIONAL_REPRESENTATION('',(#4217),#4221);
#4217 = CIRCLE('',#4218,1.5);
#4218 = AXIS2_PLACEMENT_2D('',#4219,#4220);
#4219 = CARTESIAN_POINT('',(15.25,-79.9));
#4220 = DIRECTION('',(0.,-1.));
#4221 = ( GEOMETRIC_REPRESENTATION_CONTEXT(2) 
PARAMETRIC_REPRESENTATION_CONTEXT() REPRESENTATION_CONTEXT('2D SPACE',''
  ) );
#4222 = PCURVE('',#4223,#4228);
#4223 = CYLINDRICAL_SURFACE('',#4224,1.5);
#4224 = AXIS2_PLACEMENT_3D('',#4225,#4226,#4227);
#4225 = CARTESIAN_POINT('',(79.9,151.,15.25));
#4226 = DIRECTION('',(0.,-1.,0.));
#4227 = DIRECTION('',(1.,0.,-0.));
#4228 = DEFINITIONAL_REPRESENTATION('',(#4229),#4233);
#4229 = LINE('',#4230,#4231);
#4230 = CARTESIAN_POINT('',(0.,1.));
#4231 = VECTOR('',#4232,1.);
#4232 = DIRECTION('',(1.,0.));
#4233 = ( GEOMETRIC_REPRESENTATION_CONTEXT(2) 
PARAMETRIC_REPRESENTATION_CONTEXT() REPRESENTATION_CONTEXT('2D SPACE',''
  ) );
#4234 = ORIENTED_EDGE('',*,*,#4235,.T.);
#4235 = EDGE_CURVE('',#4207,#4042,#4236,.T.);
#4236 = SURFACE_CURVE('',#4237,(#4241,#4247),.PCURVE_S1.);
#4237 = LINE('',#4238,#4239);
#4238 = CARTESIAN_POINT('',(81.4,150.,5.625));
#4239 = VECTOR('',#4240,1.);
#4240 = DIRECTION('',(-0.,-0.,-1.));
#4241 = PCURVE('',#158,#4242);
#4242 = DEFINITIONAL_REPRESENTATION('',(#4243),#4246);
#4243 = B_SPLINE_CURVE_WITH_KNOTS('',1,(#4244,#4245),.UNSPECIFIED.,.F.,
  .F.,(2,2),(-9.625,-7.125),.PIECEWISE_BEZIER_KNOTS.);
#4244 = CARTESIAN_POINT('',(15.25,-81.4));
#4245 = CARTESIAN_POINT('',(12.75,-81.4));
#4246 = ( GEOMETRIC_REPRESENTATION_CONTEXT(2) 
PARAMETRIC_REPRESENTATION_CONTEXT() REPRESENTATION_CONTEXT('2D SPACE',''
  ) );
#4247 = PCURVE('',#4248,#4253);
#4248 = PLANE('',#4249);
#4249 = AXIS2_PLACEMENT_3D('',#4250,#4251,#4252);
#4250 = CARTESIAN_POINT('',(81.4,151.,11.25));
#4251 = DIRECTION('',(-1.,0.,0.));
#4252 = DIRECTION('',(0.,0.,1.));
#4253 = DEFINITIONAL_REPRESENTATION('',(#4254),#4257);
#4254 = B_SPLINE_CURVE_WITH_KNOTS('',1,(#4255,#4256),.UNSPECIFIED.,.F.,
  .F.,(2,2),(-9.625,-7.125),.PIECEWISE_BEZIER_KNOTS.);
#4255 = CARTESIAN_POINT('',(4.,-1.));
#4256 = CARTESIAN_POINT('',(1.5,-1.));
#4257 = ( GEOMETRIC_REPRESENTATION_CONTEXT(2) 
PARAMETRIC_REPRESENTATION_CONTEXT() REPRESENTATION_CONTEXT('2D SPACE',''
  ) );
#4258 = ADVANCED_FACE('',(#4259),#277,.F.);
#4259 = FACE_BOUND('',#4260,.T.);
#4260 = EDGE_LOOP('',(#4261,#4284,#4311,#4312));
#4261 = ORIENTED_EDGE('',*,*,#4262,.T.);
#4262 = EDGE_CURVE('',#261,#4263,#4265,.T.);
#4263 = VERTEX_POINT('',#4264);
#4264 = CARTESIAN_POINT('',(18.5,14.,1.));
#4265 = SEAM_CURVE('',#4266,(#4270,#4277),.PCURVE_S1.);
#4266 = LINE('',#4267,#4268);
#4267 = CARTESIAN_POINT('',(18.5,14.,0.));
#4268 = VECTOR('',#4269,1.);
#4269 = DIRECTION('',(0.,0.,1.));
#4270 = PCURVE('',#277,#4271);
#4271 = DEFINITIONAL_REPRESENTATION('',(#4272),#4276);
#4272 = LINE('',#4273,#4274);
#4273 = CARTESIAN_POINT('',(-0.,0.));
#4274 = VECTOR('',#4275,1.);
#4275 = DIRECTION('',(-0.,-1.));
#4276 = ( GEOMETRIC_REPRESENTATION_CONTEXT(2) 
PARAMETRIC_REPRESENTATION_CONTEXT() REPRESENTATION_CONTEXT('2D SPACE',''
  ) );
#4277 = PCURVE('',#277,#4278);
#4278 = DEFINITIONAL_REPRESENTATION('',(#4279),#4283);
#4279 = LINE('',#4280,#4281);
#4280 = CARTESIAN_POINT('',(-6.28318530718,0.));
#4281 = VECTOR('',#4282,1.);
#4282 = DIRECTION('',(-0.,-1.));
#4283 = ( GEOMETRIC_REPRESENTATION_CONTEXT(2) 
PARAMETRIC_REPRESENTATION_CONTEXT() REPRESENTATION_CONTEXT('2D SPACE',''
  ) );
#4284 = ORIENTED_EDGE('',*,*,#4285,.T.);
#4285 = EDGE_CURVE('',#4263,#4263,#4286,.T.);
#4286 = SURFACE_CURVE('',#4287,(#4292,#4299),.PCURVE_S1.);
#4287 = CIRCLE('',#4288,4.5);
#4288 = AXIS2_PLACEMENT_3D('',#4289,#4290,#4291);
#4289 = CARTESIAN_POINT('',(14.,14.,1.));
#4290 = DIRECTION('',(0.,0.,1.));
#4291 = DIRECTION('',(1.,0.,0.));
#4292 = PCURVE('',#277,#4293);
#4293 = DEFINITIONAL_REPRESENTATION('',(#4294),#4298);
#4294 = LINE('',#4295,#4296);
#4295 = CARTESIAN_POINT('',(-0.,-1.));
#4296 = VECTOR('',#4297,1.);
#4297 = DIRECTION('',(-1.,0.));
#4298 = ( GEOMETRIC_REPRESENTATION_CONTEXT(2) 
PARAMETRIC_REPRESENTATION_CONTEXT() REPRESENTATION_CONTEXT('2D SPACE',''
  ) );
#4299 = PCURVE('',#4300,#4305);
#4300 = PLANE('',#4301);
#4301 = AXIS2_PLACEMENT_3D('',#4302,#4303,#4304);
#4302 = CARTESIAN_POINT('',(14.,14.,1.));
#4303 = DIRECTION('',(0.,0.,1.));
#4304 = DIRECTION('',(1.,0.,-0.));
#4305 = DEFINITIONAL_REPRESENTATION('',(#4306),#4310);
#4306 = CIRCLE('',#4307,4.5);
#4307 = AXIS2_PLACEMENT_2D('',#4308,#4309);
#4308 = CARTESIAN_POINT('',(1.7763568394E-15,1.7763568394E-15));
#4309 = DIRECTION('',(1.,0.));
#4310 = ( GEOMETRIC_REPRESENTATION_CONTEXT(2) 
PARAMETRIC_REPRESENTATION_CONTEXT() REPRESENTATION_CONTEXT('2D SPACE',''
  ) );
#4311 = ORIENTED_EDGE('',*,*,#4262,.F.);
#4312 = ORIENTED_EDGE('',*,*,#260,.F.);
#4313 = ADVANCED_FACE('',(#4314),#308,.F.);
#4314 = FACE_BOUND('',#4315,.T.);
#4315 = EDGE_LOOP('',(#4316,#4339,#4366,#4367));
#4316 = ORIENTED_EDGE('',*,*,#4317,.T.);
#4317 = EDGE_CURVE('',#292,#4318,#4320,.T.);
#4318 = VERTEX_POINT('',#4319);
#4319 = CARTESIAN_POINT('',(140.5,14.,1.));
#4320 = SEAM_CURVE('',#4321,(#4325,#4332),.PCURVE_S1.);
#4321 = LINE('',#4322,#4323);
#4322 = CARTESIAN_POINT('',(140.5,14.,0.));
#4323 = VECTOR('',#4324,1.);
#4324 = DIRECTION('',(0.,0.,1.));
#4325 = PCURVE('',#308,#4326);
#4326 = DEFINITIONAL_REPRESENTATION('',(#4327),#4331);
#4327 = LINE('',#4328,#4329);
#4328 = CARTESIAN_POINT('',(-0.,0.));
#4329 = VECTOR('',#4330,1.);
#4330 = DIRECTION('',(-0.,-1.));
#4331 = ( GEOMETRIC_REPRESENTATION_CONTEXT(2) 
PARAMETRIC_REPRESENTATION_CONTEXT() REPRESENTATION_CONTEXT('2D SPACE',''
  ) );
#4332 = PCURVE('',#308,#4333);
#4333 = DEFINITIONAL_REPRESENTATION('',(#4334),#4338);
#4334 = LINE('',#4335,#4336);
#4335 = CARTESIAN_POINT('',(-6.28318530718,0.));
#4336 = VECTOR('',#4337,1.);
#4337 = DIRECTION('',(-0.,-1.));
#4338 = ( GEOMETRIC_REPRESENTATION_CONTEXT(2) 
PARAMETRIC_REPRESENTATION_CONTEXT() REPRESENTATION_CONTEXT('2D SPACE',''
  ) );
#4339 = ORIENTED_EDGE('',*,*,#4340,.T.);
#4340 = EDGE_CURVE('',#4318,#4318,#4341,.T.);
#4341 = SURFACE_CURVE('',#4342,(#4347,#4354),.PCURVE_S1.);
#4342 = CIRCLE('',#4343,4.5);
#4343 = AXIS2_PLACEMENT_3D('',#4344,#4345,#4346);
#4344 = CARTESIAN_POINT('',(136.,14.,1.));
#4345 = DIRECTION('',(0.,0.,1.));
#4346 = DIRECTION('',(1.,0.,0.));
#4347 = PCURVE('',#308,#4348);
#4348 = DEFINITIONAL_REPRESENTATION('',(#4349),#4353);
#4349 = LINE('',#4350,#4351);
#4350 = CARTESIAN_POINT('',(-0.,-1.));
#4351 = VECTOR('',#4352,1.);
#4352 = DIRECTION('',(-1.,0.));
#4353 = ( GEOMETRIC_REPRESENTATION_CONTEXT(2) 
PARAMETRIC_REPRESENTATION_CONTEXT() REPRESENTATION_CONTEXT('2D SPACE',''
  ) );
#4354 = PCURVE('',#4355,#4360);
#4355 = PLANE('',#4356);
#4356 = AXIS2_PLACEMENT_3D('',#4357,#4358,#4359);
#4357 = CARTESIAN_POINT('',(136.,14.,1.));
#4358 = DIRECTION('',(0.,0.,1.));
#4359 = DIRECTION('',(1.,0.,-0.));
#4360 = DEFINITIONAL_REPRESENTATION('',(#4361),#4365);
#4361 = CIRCLE('',#4362,4.5);
#4362 = AXIS2_PLACEMENT_2D('',#4363,#4364);
#4363 = CARTESIAN_POINT('',(2.84217094304E-14,1.7763568394E-15));
#4364 = DIRECTION('',(1.,0.));
#4365 = ( GEOMETRIC_REPRESENTATION_CONTEXT(2) 
PARAMETRIC_REPRESENTATION_CONTEXT() REPRESENTATION_CONTEXT('2D SPACE',''
  ) );
#4366 = ORIENTED_EDGE('',*,*,#4317,.F.);
#4367 = ORIENTED_EDGE('',*,*,#291,.F.);
#4368 = ADVANCED_FACE('',(#4369),#339,.F.);
#4369 = FACE_BOUND('',#4370,.T.);
#4370 = EDGE_LOOP('',(#4371,#4394,#4421,#4422));
#4371 = ORIENTED_EDGE('',*,*,#4372,.T.);
#4372 = EDGE_CURVE('',#323,#4373,#4375,.T.);
#4373 = VERTEX_POINT('',#4374);
#4374 = CARTESIAN_POINT('',(18.5,136.,1.));
#4375 = SEAM_CURVE('',#4376,(#4380,#4387),.PCURVE_S1.);
#4376 = LINE('',#4377,#4378);
#4377 = CARTESIAN_POINT('',(18.5,136.,0.));
#4378 = VECTOR('',#4379,1.);
#4379 = DIRECTION('',(0.,0.,1.));
#4380 = PCURVE('',#339,#4381);
#4381 = DEFINITIONAL_REPRESENTATION('',(#4382),#4386);
#4382 = LINE('',#4383,#4384);
#4383 = CARTESIAN_POINT('',(-0.,0.));
#4384 = VECTOR('',#4385,1.);
#4385 = DIRECTION('',(-0.,-1.));
#4386 = ( GEOMETRIC_REPRESENTATION_CONTEXT(2) 
PARAMETRIC_REPRESENTATION_CONTEXT() REPRESENTATION_CONTEXT('2D SPACE',''
  ) );
#4387 = PCURVE('',#339,#4388);
#4388 = DEFINITIONAL_REPRESENTATION('',(#4389),#4393);
#4389 = LINE('',#4390,#4391);
#4390 = CARTESIAN_POINT('',(-6.28318530718,0.));
#4391 = VECTOR('',#4392,1.);
#4392 = DIRECTION('',(-0.,-1.));
#4393 = ( GEOMETRIC_REPRESENTATION_CONTEXT(2) 
PARAMETRIC_REPRESENTATION_CONTEXT() REPRESENTATION_CONTEXT('2D SPACE',''
  ) );
#4394 = ORIENTED_EDGE('',*,*,#4395,.T.);
#4395 = EDGE_CURVE('',#4373,#4373,#4396,.T.);
#4396 = SURFACE_CURVE('',#4397,(#4402,#4409),.PCURVE_S1.);
#4397 = CIRCLE('',#4398,4.5);
#4398 = AXIS2_PLACEMENT_3D('',#4399,#4400,#4401);
#4399 = CARTESIAN_POINT('',(14.,136.,1.));
#4400 = DIRECTION('',(0.,0.,1.));
#4401 = DIRECTION('',(1.,0.,0.));
#4402 = PCURVE('',#339,#4403);
#4403 = DEFINITIONAL_REPRESENTATION('',(#4404),#4408);
#4404 = LINE('',#4405,#4406);
#4405 = CARTESIAN_POINT('',(-0.,-1.));
#4406 = VECTOR('',#4407,1.);
#4407 = DIRECTION('',(-1.,0.));
#4408 = ( GEOMETRIC_REPRESENTATION_CONTEXT(2) 
PARAMETRIC_REPRESENTATION_CONTEXT() REPRESENTATION_CONTEXT('2D SPACE',''
  ) );
#4409 = PCURVE('',#4410,#4415);
#4410 = PLANE('',#4411);
#4411 = AXIS2_PLACEMENT_3D('',#4412,#4413,#4414);
#4412 = CARTESIAN_POINT('',(14.,136.,1.));
#4413 = DIRECTION('',(0.,0.,1.));
#4414 = DIRECTION('',(1.,0.,-0.));
#4415 = DEFINITIONAL_REPRESENTATION('',(#4416),#4420);
#4416 = CIRCLE('',#4417,4.5);
#4417 = AXIS2_PLACEMENT_2D('',#4418,#4419);
#4418 = CARTESIAN_POINT('',(0.,0.));
#4419 = DIRECTION('',(1.,0.));
#4420 = ( GEOMETRIC_REPRESENTATION_CONTEXT(2) 
PARAMETRIC_REPRESENTATION_CONTEXT() REPRESENTATION_CONTEXT('2D SPACE',''
  ) );
#4421 = ORIENTED_EDGE('',*,*,#4372,.F.);
#4422 = ORIENTED_EDGE('',*,*,#322,.F.);
#4423 = ADVANCED_FACE('',(#4424),#370,.F.);
#4424 = FACE_BOUND('',#4425,.T.);
#4425 = EDGE_LOOP('',(#4426,#4449,#4476,#4477));
#4426 = ORIENTED_EDGE('',*,*,#4427,.T.);
#4427 = EDGE_CURVE('',#354,#4428,#4430,.T.);
#4428 = VERTEX_POINT('',#4429);
#4429 = CARTESIAN_POINT('',(140.5,136.,1.));
#4430 = SEAM_CURVE('',#4431,(#4435,#4442),.PCURVE_S1.);
#4431 = LINE('',#4432,#4433);
#4432 = CARTESIAN_POINT('',(140.5,136.,0.));
#4433 = VECTOR('',#4434,1.);
#4434 = DIRECTION('',(0.,0.,1.));
#4435 = PCURVE('',#370,#4436);
#4436 = DEFINITIONAL_REPRESENTATION('',(#4437),#4441);
#4437 = LINE('',#4438,#4439);
#4438 = CARTESIAN_POINT('',(-0.,0.));
#4439 = VECTOR('',#4440,1.);
#4440 = DIRECTION('',(-0.,-1.));
#4441 = ( GEOMETRIC_REPRESENTATION_CONTEXT(2) 
PARAMETRIC_REPRESENTATION_CONTEXT() REPRESENTATION_CONTEXT('2D SPACE',''
  ) );
#4442 = PCURVE('',#370,#4443);
#4443 = DEFINITIONAL_REPRESENTATION('',(#4444),#4448);
#4444 = LINE('',#4445,#4446);
#4445 = CARTESIAN_POINT('',(-6.28318530718,0.));
#4446 = VECTOR('',#4447,1.);
#4447 = DIRECTION('',(-0.,-1.));
#4448 = ( GEOMETRIC_REPRESENTATION_CONTEXT(2) 
PARAMETRIC_REPRESENTATION_CONTEXT() REPRESENTATION_CONTEXT('2D SPACE',''
  ) );
#4449 = ORIENTED_EDGE('',*,*,#4450,.T.);
#4450 = EDGE_CURVE('',#4428,#4428,#4451,.T.);
#4451 = SURFACE_CURVE('',#4452,(#4457,#4464),.PCURVE_S1.);
#4452 = CIRCLE('',#4453,4.5);
#4453 = AXIS2_PLACEMENT_3D('',#4454,#4455,#4456);
#4454 = CARTESIAN_POINT('',(136.,136.,1.));
#4455 = DIRECTION('',(0.,0.,1.));
#4456 = DIRECTION('',(1.,0.,0.));
#4457 = PCURVE('',#370,#4458);
#4458 = DEFINITIONAL_REPRESENTATION('',(#4459),#4463);
#4459 = LINE('',#4460,#4461);
#4460 = CARTESIAN_POINT('',(-0.,-1.));
#4461 = VECTOR('',#4462,1.);
#4462 = DIRECTION('',(-1.,0.));
#4463 = ( GEOMETRIC_REPRESENTATION_CONTEXT(2) 
PARAMETRIC_REPRESENTATION_CONTEXT() REPRESENTATION_CONTEXT('2D SPACE',''
  ) );
#4464 = PCURVE('',#4465,#4470);
#4465 = PLANE('',#4466);
#4466 = AXIS2_PLACEMENT_3D('',#4467,#4468,#4469);
#4467 = CARTESIAN_POINT('',(136.,136.,1.));
#4468 = DIRECTION('',(0.,0.,1.));
#4469 = DIRECTION('',(1.,0.,-0.));
#4470 = DEFINITIONAL_REPRESENTATION('',(#4471),#4475);
#4471 = CIRCLE('',#4472,4.5);
#4472 = AXIS2_PLACEMENT_2D('',#4473,#4474);
#4473 = CARTESIAN_POINT('',(-2.84217094304E-14,2.84217094304E-14));
#4474 = DIRECTION('',(1.,0.));
#4475 = ( GEOMETRIC_REPRESENTATION_CONTEXT(2) 
PARAMETRIC_REPRESENTATION_CONTEXT() REPRESENTATION_CONTEXT('2D SPACE',''
  ) );
#4476 = ORIENTED_EDGE('',*,*,#4427,.F.);
#4477 = ORIENTED_EDGE('',*,*,#353,.F.);
#4478 = ADVANCED_FACE('',(#4479,#4623),#425,.T.);
#4479 = FACE_BOUND('',#4480,.T.);
#4480 = EDGE_LOOP('',(#4481,#4482,#4483,#4484,#4505,#4531,#4550,#4551,
    #4552,#4553,#4554,#4555,#4576,#4602,#4621,#4622));
#4481 = ORIENTED_EDGE('',*,*,#687,.F.);
#4482 = ORIENTED_EDGE('',*,*,#587,.T.);
#4483 = ORIENTED_EDGE('',*,*,#409,.T.);
#4484 = ORIENTED_EDGE('',*,*,#4485,.T.);
#4485 = EDGE_CURVE('',#410,#4486,#4488,.T.);
#4486 = VERTEX_POINT('',#4487);
#4487 = CARTESIAN_POINT('',(67.,0.7,24.));
#4488 = SURFACE_CURVE('',#4489,(#4493,#4499),.PCURVE_S1.);
#4489 = LINE('',#4490,#4491);
#4490 = CARTESIAN_POINT('',(67.,-0.5,24.));
#4491 = VECTOR('',#4492,1.);
#4492 = DIRECTION('',(0.,1.,0.));
#4493 = PCURVE('',#425,#4494);
#4494 = DEFINITIONAL_REPRESENTATION('',(#4495),#4498);
#4495 = B_SPLINE_CURVE_WITH_KNOTS('',1,(#4496,#4497),.UNSPECIFIED.,.F.,
  .F.,(2,2),(0.5,1.2),.PIECEWISE_BEZIER_KNOTS.);
#4496 = CARTESIAN_POINT('',(67.,-1.7763568394E-15));
#4497 = CARTESIAN_POINT('',(67.,0.7));
#4498 = ( GEOMETRIC_REPRESENTATION_CONTEXT(2) 
PARAMETRIC_REPRESENTATION_CONTEXT() REPRESENTATION_CONTEXT('2D SPACE',''
  ) );
#4499 = PCURVE('',#452,#4500);
#4500 = DEFINITIONAL_REPRESENTATION('',(#4501),#4504);
#4501 = B_SPLINE_CURVE_WITH_KNOTS('',1,(#4502,#4503),.UNSPECIFIED.,.F.,
  .F.,(2,2),(0.5,1.2),.PIECEWISE_BEZIER_KNOTS.);
#4502 = CARTESIAN_POINT('',(1.5,-1.));
#4503 = CARTESIAN_POINT('',(1.5,-1.7));
#4504 = ( GEOMETRIC_REPRESENTATION_CONTEXT(2) 
PARAMETRIC_REPRESENTATION_CONTEXT() REPRESENTATION_CONTEXT('2D SPACE',''
  ) );
#4505 = ORIENTED_EDGE('',*,*,#4506,.F.);
#4506 = EDGE_CURVE('',#4507,#4486,#4509,.T.);
#4507 = VERTEX_POINT('',#4508);
#4508 = CARTESIAN_POINT('',(83.,0.7,24.));
#4509 = SURFACE_CURVE('',#4510,(#4514,#4520),.PCURVE_S1.);
#4510 = LINE('',#4511,#4512);
#4511 = CARTESIAN_POINT('',(33.5,0.7,24.));
#4512 = VECTOR('',#4513,1.);
#4513 = DIRECTION('',(-1.,0.,0.));
#4514 = PCURVE('',#425,#4515);
#4515 = DEFINITIONAL_REPRESENTATION('',(#4516),#4519);
#4516 = B_SPLINE_CURVE_WITH_KNOTS('',1,(#4517,#4518),.UNSPECIFIED.,.F.,
  .F.,(2,2),(-49.5,-33.5),.PIECEWISE_BEZIER_KNOTS.);
#4517 = CARTESIAN_POINT('',(83.,0.7));
#4518 = CARTESIAN_POINT('',(67.,0.7));
#4519 = ( GEOMETRIC_REPRESENTATION_CONTEXT(2) 
PARAMETRIC_REPRESENTATION_CONTEXT() REPRESENTATION_CONTEXT('2D SPACE',''
  ) );
#4520 = PCURVE('',#4521,#4526);
#4521 = PLANE('',#4522);
#4522 = AXIS2_PLACEMENT_3D('',#4523,#4524,#4525);
#4523 = CARTESIAN_POINT('',(67.,0.7,22.5));
#4524 = DIRECTION('',(0.,1.,0.));
#4525 = DIRECTION('',(0.,0.,1.));
#4526 = DEFINITIONAL_REPRESENTATION('',(#4527),#4530);
#4527 = B_SPLINE_CURVE_WITH_KNOTS('',1,(#4528,#4529),.UNSPECIFIED.,.F.,
  .F.,(2,2),(-49.5,-33.5),.PIECEWISE_BEZIER_KNOTS.);
#4528 = CARTESIAN_POINT('',(1.5,16.));
#4529 = CARTESIAN_POINT('',(1.5,0.));
#4530 = ( GEOMETRIC_REPRESENTATION_CONTEXT(2) 
PARAMETRIC_REPRESENTATION_CONTEXT() REPRESENTATION_CONTEXT('2D SPACE',''
  ) );
#4531 = ORIENTED_EDGE('',*,*,#4532,.F.);
#4532 = EDGE_CURVE('',#490,#4507,#4533,.T.);
#4533 = SURFACE_CURVE('',#4534,(#4538,#4544),.PCURVE_S1.);
#4534 = LINE('',#4535,#4536);
#4535 = CARTESIAN_POINT('',(83.,-0.5,24.));
#4536 = VECTOR('',#4537,1.);
#4537 = DIRECTION('',(0.,1.,0.));
#4538 = PCURVE('',#425,#4539);
#4539 = DEFINITIONAL_REPRESENTATION('',(#4540),#4543);
#4540 = B_SPLINE_CURVE_WITH_KNOTS('',1,(#4541,#4542),.UNSPECIFIED.,.F.,
  .F.,(2,2),(0.5,1.2),.PIECEWISE_BEZIER_KNOTS.);
#4541 = CARTESIAN_POINT('',(83.,-1.7763568394E-15));
#4542 = CARTESIAN_POINT('',(83.,0.7));
#4543 = ( GEOMETRIC_REPRESENTATION_CONTEXT(2) 
PARAMETRIC_REPRESENTATION_CONTEXT() REPRESENTATION_CONTEXT('2D SPACE',''
  ) );
#4544 = PCURVE('',#504,#4545);
#4545 = DEFINITIONAL_REPRESENTATION('',(#4546),#4549);
#4546 = B_SPLINE_CURVE_WITH_KNOTS('',1,(#4547,#4548),.UNSPECIFIED.,.F.,
  .F.,(2,2),(0.5,1.2),.PIECEWISE_BEZIER_KNOTS.);
#4547 = CARTESIAN_POINT('',(1.5,-1.));
#4548 = CARTESIAN_POINT('',(1.5,-1.7));
#4549 = ( GEOMETRIC_REPRESENTATION_CONTEXT(2) 
PARAMETRIC_REPRESENTATION_CONTEXT() REPRESENTATION_CONTEXT('2D SPACE',''
  ) );
#4550 = ORIENTED_EDGE('',*,*,#515,.T.);
#4551 = ORIENTED_EDGE('',*,*,#637,.T.);
#4552 = ORIENTED_EDGE('',*,*,#2486,.T.);
#4553 = ORIENTED_EDGE('',*,*,#3887,.T.);
#4554 = ORIENTED_EDGE('',*,*,#3915,.F.);
#4555 = ORIENTED_EDGE('',*,*,#4556,.F.);
#4556 = EDGE_CURVE('',#4557,#3916,#4559,.T.);
#4557 = VERTEX_POINT('',#4558);
#4558 = CARTESIAN_POINT('',(83.,149.3,24.));
#4559 = SURFACE_CURVE('',#4560,(#4564,#4570),.PCURVE_S1.);
#4560 = LINE('',#4561,#4562);
#4561 = CARTESIAN_POINT('',(83.,74.65,24.));
#4562 = VECTOR('',#4563,1.);
#4563 = DIRECTION('',(0.,1.,0.));
#4564 = PCURVE('',#425,#4565);
#4565 = DEFINITIONAL_REPRESENTATION('',(#4566),#4569);
#4566 = B_SPLINE_CURVE_WITH_KNOTS('',1,(#4567,#4568),.UNSPECIFIED.,.F.,
  .F.,(2,2),(74.65,75.35),.PIECEWISE_BEZIER_KNOTS.);
#4567 = CARTESIAN_POINT('',(83.,149.3));
#4568 = CARTESIAN_POINT('',(83.,150.));
#4569 = ( GEOMETRIC_REPRESENTATION_CONTEXT(2) 
PARAMETRIC_REPRESENTATION_CONTEXT() REPRESENTATION_CONTEXT('2D SPACE',''
  ) );
#4570 = PCURVE('',#3953,#4571);
#4571 = DEFINITIONAL_REPRESENTATION('',(#4572),#4575);
#4572 = B_SPLINE_CURVE_WITH_KNOTS('',1,(#4573,#4574),.UNSPECIFIED.,.F.,
  .F.,(2,2),(74.65,75.35),.PIECEWISE_BEZIER_KNOTS.);
#4573 = CARTESIAN_POINT('',(1.5,0.));
#4574 = CARTESIAN_POINT('',(1.5,-0.7));
#4575 = ( GEOMETRIC_REPRESENTATION_CONTEXT(2) 
PARAMETRIC_REPRESENTATION_CONTEXT() REPRESENTATION_CONTEXT('2D SPACE',''
  ) );
#4576 = ORIENTED_EDGE('',*,*,#4577,.T.);
#4577 = EDGE_CURVE('',#4557,#4578,#4580,.T.);
#4578 = VERTEX_POINT('',#4579);
#4579 = CARTESIAN_POINT('',(67.,149.3,24.));
#4580 = SURFACE_CURVE('',#4581,(#4585,#4591),.PCURVE_S1.);
#4581 = LINE('',#4582,#4583);
#4582 = CARTESIAN_POINT('',(33.5,149.3,24.));
#4583 = VECTOR('',#4584,1.);
#4584 = DIRECTION('',(-1.,0.,0.));
#4585 = PCURVE('',#425,#4586);
#4586 = DEFINITIONAL_REPRESENTATION('',(#4587),#4590);
#4587 = B_SPLINE_CURVE_WITH_KNOTS('',1,(#4588,#4589),.UNSPECIFIED.,.F.,
  .F.,(2,2),(-49.5,-33.5),.PIECEWISE_BEZIER_KNOTS.);
#4588 = CARTESIAN_POINT('',(83.,149.3));
#4589 = CARTESIAN_POINT('',(67.,149.3));
#4590 = ( GEOMETRIC_REPRESENTATION_CONTEXT(2) 
PARAMETRIC_REPRESENTATION_CONTEXT() REPRESENTATION_CONTEXT('2D SPACE',''
  ) );
#4591 = PCURVE('',#4592,#4597);
#4592 = PLANE('',#4593);
#4593 = AXIS2_PLACEMENT_3D('',#4594,#4595,#4596);
#4594 = CARTESIAN_POINT('',(67.,149.3,22.5));
#4595 = DIRECTION('',(0.,1.,0.));
#4596 = DIRECTION('',(0.,0.,1.));
#4597 = DEFINITIONAL_REPRESENTATION('',(#4598),#4601);
#4598 = B_SPLINE_CURVE_WITH_KNOTS('',1,(#4599,#4600),.UNSPECIFIED.,.F.,
  .F.,(2,2),(-49.5,-33.5),.PIECEWISE_BEZIER_KNOTS.);
#4599 = CARTESIAN_POINT('',(1.5,16.));
#4600 = CARTESIAN_POINT('',(1.5,0.));
#4601 = ( GEOMETRIC_REPRESENTATION_CONTEXT(2) 
PARAMETRIC_REPRESENTATION_CONTEXT() REPRESENTATION_CONTEXT('2D SPACE',''
  ) );
#4602 = ORIENTED_EDGE('',*,*,#4603,.T.);
#4603 = EDGE_CURVE('',#4578,#3991,#4604,.T.);
#4604 = SURFACE_CURVE('',#4605,(#4609,#4615),.PCURVE_S1.);
#4605 = LINE('',#4606,#4607);
#4606 = CARTESIAN_POINT('',(67.,74.65,24.));
#4607 = VECTOR('',#4608,1.);
#4608 = DIRECTION('',(0.,1.,0.));
#4609 = PCURVE('',#425,#4610);
#4610 = DEFINITIONAL_REPRESENTATION('',(#4611),#4614);
#4611 = B_SPLINE_CURVE_WITH_KNOTS('',1,(#4612,#4613),.UNSPECIFIED.,.F.,
  .F.,(2,2),(74.65,75.35),.PIECEWISE_BEZIER_KNOTS.);
#4612 = CARTESIAN_POINT('',(67.,149.3));
#4613 = CARTESIAN_POINT('',(67.,150.));
#4614 = ( GEOMETRIC_REPRESENTATION_CONTEXT(2) 
PARAMETRIC_REPRESENTATION_CONTEXT() REPRESENTATION_CONTEXT('2D SPACE',''
  ) );
#4615 = PCURVE('',#4005,#4616);
#4616 = DEFINITIONAL_REPRESENTATION('',(#4617),#4620);
#4617 = B_SPLINE_CURVE_WITH_KNOTS('',1,(#4618,#4619),.UNSPECIFIED.,.F.,
  .F.,(2,2),(74.65,75.35),.PIECEWISE_BEZIER_KNOTS.);
#4618 = CARTESIAN_POINT('',(1.5,0.));
#4619 = CARTESIAN_POINT('',(1.5,-0.7));
#4620 = ( GEOMETRIC_REPRESENTATION_CONTEXT(2) 
PARAMETRIC_REPRESENTATION_CONTEXT() REPRESENTATION_CONTEXT('2D SPACE',''
  ) );
#4621 = ORIENTED_EDGE('',*,*,#4016,.F.);
#4622 = ORIENTED_EDGE('',*,*,#3837,.T.);
#4623 = FACE_BOUND('',#4624,.T.);
#4624 = EDGE_LOOP('',(#4625,#4655,#4688,#4716,#4745,#4773,#4802,#4830));
#4625 = ORIENTED_EDGE('',*,*,#4626,.F.);
#4626 = EDGE_CURVE('',#4627,#4629,#4631,.T.);
#4627 = VERTEX_POINT('',#4628);
#4628 = CARTESIAN_POINT('',(8.,1.25,24.));
#4629 = VERTEX_POINT('',#4630);
#4630 = CARTESIAN_POINT('',(142.,1.25,24.));
#4631 = SURFACE_CURVE('',#4632,(#4636,#4643),.PCURVE_S1.);
#4632 = LINE('',#4633,#4634);
#4633 = CARTESIAN_POINT('',(1.25,1.25,24.));
#4634 = VECTOR('',#4635,1.);
#4635 = DIRECTION('',(1.,0.,0.));
#4636 = PCURVE('',#425,#4637);
#4637 = DEFINITIONAL_REPRESENTATION('',(#4638),#4642);
#4638 = LINE('',#4639,#4640);
#4639 = CARTESIAN_POINT('',(1.25,1.25));
#4640 = VECTOR('',#4641,1.);
#4641 = DIRECTION('',(1.,0.));
#4642 = ( GEOMETRIC_REPRESENTATION_CONTEXT(2) 
PARAMETRIC_REPRESENTATION_CONTEXT() REPRESENTATION_CONTEXT('2D SPACE',''
  ) );
#4643 = PCURVE('',#4644,#4649);
#4644 = PLANE('',#4645);
#4645 = AXIS2_PLACEMENT_3D('',#4646,#4647,#4648);
#4646 = CARTESIAN_POINT('',(1.25,1.25,24.));
#4647 = DIRECTION('',(0.,1.,0.));
#4648 = DIRECTION('',(1.,0.,0.));
#4649 = DEFINITIONAL_REPRESENTATION('',(#4650),#4654);
#4650 = LINE('',#4651,#4652);
#4651 = CARTESIAN_POINT('',(0.,0.));
#4652 = VECTOR('',#4653,1.);
#4653 = DIRECTION('',(1.,0.));
#4654 = ( GEOMETRIC_REPRESENTATION_CONTEXT(2) 
PARAMETRIC_REPRESENTATION_CONTEXT() REPRESENTATION_CONTEXT('2D SPACE',''
  ) );
#4655 = ORIENTED_EDGE('',*,*,#4656,.T.);
#4656 = EDGE_CURVE('',#4627,#4657,#4659,.T.);
#4657 = VERTEX_POINT('',#4658);
#4658 = CARTESIAN_POINT('',(1.25,8.,24.));
#4659 = SURFACE_CURVE('',#4660,(#4665,#4676),.PCURVE_S1.);
#4660 = CIRCLE('',#4661,6.75);
#4661 = AXIS2_PLACEMENT_3D('',#4662,#4663,#4664);
#4662 = CARTESIAN_POINT('',(8.,8.,24.));
#4663 = DIRECTION('',(-0.,-0.,-1.));
#4664 = DIRECTION('',(0.,-1.,0.));
#4665 = PCURVE('',#425,#4666);
#4666 = DEFINITIONAL_REPRESENTATION('',(#4667),#4675);
#4667 = ( BOUNDED_CURVE() B_SPLINE_CURVE(2,(#4668,#4669,#4670,#4671,
#4672,#4673,#4674),.UNSPECIFIED.,.T.,.F.) B_SPLINE_CURVE_WITH_KNOTS((1,2
    ,2,2,2,1),(-2.094395102393,0.,2.094395102393,4.188790204786,
6.28318530718,8.377580409573),.UNSPECIFIED.) CURVE() 
GEOMETRIC_REPRESENTATION_ITEM() RATIONAL_B_SPLINE_CURVE((1.,0.5,1.,0.5,
1.,0.5,1.)) REPRESENTATION_ITEM('') );
#4668 = CARTESIAN_POINT('',(8.,1.25));
#4669 = CARTESIAN_POINT('',(-3.69134295109,1.25));
#4670 = CARTESIAN_POINT('',(2.154328524455,11.375));
#4671 = CARTESIAN_POINT('',(8.,21.5));
#4672 = CARTESIAN_POINT('',(13.845671475545,11.375));
#4673 = CARTESIAN_POINT('',(19.69134295109,1.25));
#4674 = CARTESIAN_POINT('',(8.,1.25));
#4675 = ( GEOMETRIC_REPRESENTATION_CONTEXT(2) 
PARAMETRIC_REPRESENTATION_CONTEXT() REPRESENTATION_CONTEXT('2D SPACE',''
  ) );
#4676 = PCURVE('',#4677,#4682);
#4677 = CYLINDRICAL_SURFACE('',#4678,6.75);
#4678 = AXIS2_PLACEMENT_3D('',#4679,#4680,#4681);
#4679 = CARTESIAN_POINT('',(8.,8.,24.));
#4680 = DIRECTION('',(0.,0.,1.));
#4681 = DIRECTION('',(0.,-1.,0.));
#4682 = DEFINITIONAL_REPRESENTATION('',(#4683),#4687);
#4683 = LINE('',#4684,#4685);
#4684 = CARTESIAN_POINT('',(-0.,0.));
#4685 = VECTOR('',#4686,1.);
#4686 = DIRECTION('',(-1.,0.));
#4687 = ( GEOMETRIC_REPRESENTATION_CONTEXT(2) 
PARAMETRIC_REPRESENTATION_CONTEXT() REPRESENTATION_CONTEXT('2D SPACE',''
  ) );
#4688 = ORIENTED_EDGE('',*,*,#4689,.F.);
#4689 = EDGE_CURVE('',#4690,#4657,#4692,.T.);
#4690 = VERTEX_POINT('',#4691);
#4691 = CARTESIAN_POINT('',(1.25,142.,24.));
#4692 = SURFACE_CURVE('',#4693,(#4697,#4704),.PCURVE_S1.);
#4693 = LINE('',#4694,#4695);
#4694 = CARTESIAN_POINT('',(1.25,148.75,24.));
#4695 = VECTOR('',#4696,1.);
#4696 = DIRECTION('',(0.,-1.,0.));
#4697 = PCURVE('',#425,#4698);
#4698 = DEFINITIONAL_REPRESENTATION('',(#4699),#4703);
#4699 = LINE('',#4700,#4701);
#4700 = CARTESIAN_POINT('',(1.25,148.75));
#4701 = VECTOR('',#4702,1.);
#4702 = DIRECTION('',(0.,-1.));
#4703 = ( GEOMETRIC_REPRESENTATION_CONTEXT(2) 
PARAMETRIC_REPRESENTATION_CONTEXT() REPRESENTATION_CONTEXT('2D SPACE',''
  ) );
#4704 = PCURVE('',#4705,#4710);
#4705 = PLANE('',#4706);
#4706 = AXIS2_PLACEMENT_3D('',#4707,#4708,#4709);
#4707 = CARTESIAN_POINT('',(1.25,148.75,24.));
#4708 = DIRECTION('',(1.,0.,-0.));
#4709 = DIRECTION('',(0.,-1.,0.));
#4710 = DEFINITIONAL_REPRESENTATION('',(#4711),#4715);
#4711 = LINE('',#4712,#4713);
#4712 = CARTESIAN_POINT('',(0.,0.));
#4713 = VECTOR('',#4714,1.);
#4714 = DIRECTION('',(1.,0.));
#4715 = ( GEOMETRIC_REPRESENTATION_CONTEXT(2) 
PARAMETRIC_REPRESENTATION_CONTEXT() REPRESENTATION_CONTEXT('2D SPACE',''
  ) );
#4716 = ORIENTED_EDGE('',*,*,#4717,.F.);
#4717 = EDGE_CURVE('',#4718,#4690,#4720,.T.);
#4718 = VERTEX_POINT('',#4719);
#4719 = CARTESIAN_POINT('',(8.,148.75,24.));
#4720 = SURFACE_CURVE('',#4721,(#4726,#4733),.PCURVE_S1.);
#4721 = CIRCLE('',#4722,6.75);
#4722 = AXIS2_PLACEMENT_3D('',#4723,#4724,#4725);
#4723 = CARTESIAN_POINT('',(8.,142.,24.));
#4724 = DIRECTION('',(0.,0.,1.));
#4725 = DIRECTION('',(0.,-1.,0.));
#4726 = PCURVE('',#425,#4727);
#4727 = DEFINITIONAL_REPRESENTATION('',(#4728),#4732);
#4728 = CIRCLE('',#4729,6.75);
#4729 = AXIS2_PLACEMENT_2D('',#4730,#4731);
#4730 = CARTESIAN_POINT('',(8.,142.));
#4731 = DIRECTION('',(0.,-1.));
#4732 = ( GEOMETRIC_REPRESENTATION_CONTEXT(2) 
PARAMETRIC_REPRESENTATION_CONTEXT() REPRESENTATION_CONTEXT('2D SPACE',''
  ) );
#4733 = PCURVE('',#4734,#4739);
#4734 = CYLINDRICAL_SURFACE('',#4735,6.75);
#4735 = AXIS2_PLACEMENT_3D('',#4736,#4737,#4738);
#4736 = CARTESIAN_POINT('',(8.,142.,24.));
#4737 = DIRECTION('',(0.,0.,1.));
#4738 = DIRECTION('',(-0.,1.,0.));
#4739 = DEFINITIONAL_REPRESENTATION('',(#4740),#4744);
#4740 = LINE('',#4741,#4742);
#4741 = CARTESIAN_POINT('',(-3.14159265359,0.));
#4742 = VECTOR('',#4743,1.);
#4743 = DIRECTION('',(1.,0.));
#4744 = ( GEOMETRIC_REPRESENTATION_CONTEXT(2) 
PARAMETRIC_REPRESENTATION_CONTEXT() REPRESENTATION_CONTEXT('2D SPACE',''
  ) );
#4745 = ORIENTED_EDGE('',*,*,#4746,.F.);
#4746 = EDGE_CURVE('',#4747,#4718,#4749,.T.);
#4747 = VERTEX_POINT('',#4748);
#4748 = CARTESIAN_POINT('',(142.,148.75,24.));
#4749 = SURFACE_CURVE('',#4750,(#4754,#4761),.PCURVE_S1.);
#4750 = LINE('',#4751,#4752);
#4751 = CARTESIAN_POINT('',(148.75,148.75,24.));
#4752 = VECTOR('',#4753,1.);
#4753 = DIRECTION('',(-1.,0.,0.));
#4754 = PCURVE('',#425,#4755);
#4755 = DEFINITIONAL_REPRESENTATION('',(#4756),#4760);
#4756 = LINE('',#4757,#4758);
#4757 = CARTESIAN_POINT('',(148.75,148.75));
#4758 = VECTOR('',#4759,1.);
#4759 = DIRECTION('',(-1.,0.));
#4760 = ( GEOMETRIC_REPRESENTATION_CONTEXT(2) 
PARAMETRIC_REPRESENTATION_CONTEXT() REPRESENTATION_CONTEXT('2D SPACE',''
  ) );
#4761 = PCURVE('',#4762,#4767);
#4762 = PLANE('',#4763);
#4763 = AXIS2_PLACEMENT_3D('',#4764,#4765,#4766);
#4764 = CARTESIAN_POINT('',(148.75,148.75,24.));
#4765 = DIRECTION('',(0.,-1.,0.));
#4766 = DIRECTION('',(-1.,0.,0.));
#4767 = DEFINITIONAL_REPRESENTATION('',(#4768),#4772);
#4768 = LINE('',#4769,#4770);
#4769 = CARTESIAN_POINT('',(0.,-0.));
#4770 = VECTOR('',#4771,1.);
#4771 = DIRECTION('',(1.,0.));
#4772 = ( GEOMETRIC_REPRESENTATION_CONTEXT(2) 
PARAMETRIC_REPRESENTATION_CONTEXT() REPRESENTATION_CONTEXT('2D SPACE',''
  ) );
#4773 = ORIENTED_EDGE('',*,*,#4774,.F.);
#4774 = EDGE_CURVE('',#4775,#4747,#4777,.T.);
#4775 = VERTEX_POINT('',#4776);
#4776 = CARTESIAN_POINT('',(148.75,142.,24.));
#4777 = SURFACE_CURVE('',#4778,(#4783,#4790),.PCURVE_S1.);
#4778 = CIRCLE('',#4779,6.75);
#4779 = AXIS2_PLACEMENT_3D('',#4780,#4781,#4782);
#4780 = CARTESIAN_POINT('',(142.,142.,24.));
#4781 = DIRECTION('',(0.,0.,1.));
#4782 = DIRECTION('',(0.,-1.,0.));
#4783 = PCURVE('',#425,#4784);
#4784 = DEFINITIONAL_REPRESENTATION('',(#4785),#4789);
#4785 = CIRCLE('',#4786,6.75);
#4786 = AXIS2_PLACEMENT_2D('',#4787,#4788);
#4787 = CARTESIAN_POINT('',(142.,142.));
#4788 = DIRECTION('',(0.,-1.));
#4789 = ( GEOMETRIC_REPRESENTATION_CONTEXT(2) 
PARAMETRIC_REPRESENTATION_CONTEXT() REPRESENTATION_CONTEXT('2D SPACE',''
  ) );
#4790 = PCURVE('',#4791,#4796);
#4791 = CYLINDRICAL_SURFACE('',#4792,6.75);
#4792 = AXIS2_PLACEMENT_3D('',#4793,#4794,#4795);
#4793 = CARTESIAN_POINT('',(142.,142.,24.));
#4794 = DIRECTION('',(0.,0.,1.));
#4795 = DIRECTION('',(1.,0.,-0.));
#4796 = DEFINITIONAL_REPRESENTATION('',(#4797),#4801);
#4797 = LINE('',#4798,#4799);
#4798 = CARTESIAN_POINT('',(-1.570796326795,0.));
#4799 = VECTOR('',#4800,1.);
#4800 = DIRECTION('',(1.,0.));
#4801 = ( GEOMETRIC_REPRESENTATION_CONTEXT(2) 
PARAMETRIC_REPRESENTATION_CONTEXT() REPRESENTATION_CONTEXT('2D SPACE',''
  ) );
#4802 = ORIENTED_EDGE('',*,*,#4803,.F.);
#4803 = EDGE_CURVE('',#4804,#4775,#4806,.T.);
#4804 = VERTEX_POINT('',#4805);
#4805 = CARTESIAN_POINT('',(148.75,8.,24.));
#4806 = SURFACE_CURVE('',#4807,(#4811,#4818),.PCURVE_S1.);
#4807 = LINE('',#4808,#4809);
#4808 = CARTESIAN_POINT('',(148.75,1.25,24.));
#4809 = VECTOR('',#4810,1.);
#4810 = DIRECTION('',(0.,1.,0.));
#4811 = PCURVE('',#425,#4812);
#4812 = DEFINITIONAL_REPRESENTATION('',(#4813),#4817);
#4813 = LINE('',#4814,#4815);
#4814 = CARTESIAN_POINT('',(148.75,1.25));
#4815 = VECTOR('',#4816,1.);
#4816 = DIRECTION('',(0.,1.));
#4817 = ( GEOMETRIC_REPRESENTATION_CONTEXT(2) 
PARAMETRIC_REPRESENTATION_CONTEXT() REPRESENTATION_CONTEXT('2D SPACE',''
  ) );
#4818 = PCURVE('',#4819,#4824);
#4819 = PLANE('',#4820);
#4820 = AXIS2_PLACEMENT_3D('',#4821,#4822,#4823);
#4821 = CARTESIAN_POINT('',(148.75,1.25,24.));
#4822 = DIRECTION('',(-1.,0.,0.));
#4823 = DIRECTION('',(0.,1.,0.));
#4824 = DEFINITIONAL_REPRESENTATION('',(#4825),#4829);
#4825 = LINE('',#4826,#4827);
#4826 = CARTESIAN_POINT('',(0.,0.));
#4827 = VECTOR('',#4828,1.);
#4828 = DIRECTION('',(1.,0.));
#4829 = ( GEOMETRIC_REPRESENTATION_CONTEXT(2) 
PARAMETRIC_REPRESENTATION_CONTEXT() REPRESENTATION_CONTEXT('2D SPACE',''
  ) );
#4830 = ORIENTED_EDGE('',*,*,#4831,.F.);
#4831 = EDGE_CURVE('',#4629,#4804,#4832,.T.);
#4832 = SURFACE_CURVE('',#4833,(#4838,#4845),.PCURVE_S1.);
#4833 = CIRCLE('',#4834,6.75);
#4834 = AXIS2_PLACEMENT_3D('',#4835,#4836,#4837);
#4835 = CARTESIAN_POINT('',(142.,8.,24.));
#4836 = DIRECTION('',(0.,0.,1.));
#4837 = DIRECTION('',(0.,-1.,0.));
#4838 = PCURVE('',#425,#4839);
#4839 = DEFINITIONAL_REPRESENTATION('',(#4840),#4844);
#4840 = CIRCLE('',#4841,6.75);
#4841 = AXIS2_PLACEMENT_2D('',#4842,#4843);
#4842 = CARTESIAN_POINT('',(142.,8.));
#4843 = DIRECTION('',(0.,-1.));
#4844 = ( GEOMETRIC_REPRESENTATION_CONTEXT(2) 
PARAMETRIC_REPRESENTATION_CONTEXT() REPRESENTATION_CONTEXT('2D SPACE',''
  ) );
#4845 = PCURVE('',#4846,#4851);
#4846 = CYLINDRICAL_SURFACE('',#4847,6.75);
#4847 = AXIS2_PLACEMENT_3D('',#4848,#4849,#4850);
#4848 = CARTESIAN_POINT('',(142.,8.,24.));
#4849 = DIRECTION('',(0.,0.,1.));
#4850 = DIRECTION('',(0.,-1.,0.));
#4851 = DEFINITIONAL_REPRESENTATION('',(#4852),#4856);
#4852 = LINE('',#4853,#4854);
#4853 = CARTESIAN_POINT('',(0.,0.));
#4854 = VECTOR('',#4855,1.);
#4855 = DIRECTION('',(1.,0.));
#4856 = ( GEOMETRIC_REPRESENTATION_CONTEXT(2) 
PARAMETRIC_REPRESENTATION_CONTEXT() REPRESENTATION_CONTEXT('2D SPACE',''
  ) );
#4857 = ADVANCED_FACE('',(#4858),#504,.F.);
#4858 = FACE_BOUND('',#4859,.F.);
#4859 = EDGE_LOOP('',(#4860,#4861,#4884,#4905));
#4860 = ORIENTED_EDGE('',*,*,#489,.T.);
#4861 = ORIENTED_EDGE('',*,*,#4862,.T.);
#4862 = EDGE_CURVE('',#464,#4863,#4865,.T.);
#4863 = VERTEX_POINT('',#4864);
#4864 = CARTESIAN_POINT('',(83.,0.7,22.5));
#4865 = SURFACE_CURVE('',#4866,(#4870,#4877),.PCURVE_S1.);
#4866 = LINE('',#4867,#4868);
#4867 = CARTESIAN_POINT('',(83.,-1.,22.5));
#4868 = VECTOR('',#4869,1.);
#4869 = DIRECTION('',(0.,1.,0.));
#4870 = PCURVE('',#504,#4871);
#4871 = DEFINITIONAL_REPRESENTATION('',(#4872),#4876);
#4872 = LINE('',#4873,#4874);
#4873 = CARTESIAN_POINT('',(0.,0.));
#4874 = VECTOR('',#4875,1.);
#4875 = DIRECTION('',(0.,-1.));
#4876 = ( GEOMETRIC_REPRESENTATION_CONTEXT(2) 
PARAMETRIC_REPRESENTATION_CONTEXT() REPRESENTATION_CONTEXT('2D SPACE',''
  ) );
#4877 = PCURVE('',#478,#4878);
#4878 = DEFINITIONAL_REPRESENTATION('',(#4879),#4883);
#4879 = LINE('',#4880,#4881);
#4880 = CARTESIAN_POINT('',(16.,0.));
#4881 = VECTOR('',#4882,1.);
#4882 = DIRECTION('',(0.,1.));
#4883 = ( GEOMETRIC_REPRESENTATION_CONTEXT(2) 
PARAMETRIC_REPRESENTATION_CONTEXT() REPRESENTATION_CONTEXT('2D SPACE',''
  ) );
#4884 = ORIENTED_EDGE('',*,*,#4885,.T.);
#4885 = EDGE_CURVE('',#4863,#4507,#4886,.T.);
#4886 = SURFACE_CURVE('',#4887,(#4891,#4898),.PCURVE_S1.);
#4887 = LINE('',#4888,#4889);
#4888 = CARTESIAN_POINT('',(83.,0.7,22.5));
#4889 = VECTOR('',#4890,1.);
#4890 = DIRECTION('',(0.,0.,1.));
#4891 = PCURVE('',#504,#4892);
#4892 = DEFINITIONAL_REPRESENTATION('',(#4893),#4897);
#4893 = LINE('',#4894,#4895);
#4894 = CARTESIAN_POINT('',(0.,-1.7));
#4895 = VECTOR('',#4896,1.);
#4896 = DIRECTION('',(1.,0.));
#4897 = ( GEOMETRIC_REPRESENTATION_CONTEXT(2) 
PARAMETRIC_REPRESENTATION_CONTEXT() REPRESENTATION_CONTEXT('2D SPACE',''
  ) );
#4898 = PCURVE('',#4521,#4899);
#4899 = DEFINITIONAL_REPRESENTATION('',(#4900),#4904);
#4900 = LINE('',#4901,#4902);
#4901 = CARTESIAN_POINT('',(0.,16.));
#4902 = VECTOR('',#4903,1.);
#4903 = DIRECTION('',(1.,0.));
#4904 = ( GEOMETRIC_REPRESENTATION_CONTEXT(2) 
PARAMETRIC_REPRESENTATION_CONTEXT() REPRESENTATION_CONTEXT('2D SPACE',''
  ) );
#4905 = ORIENTED_EDGE('',*,*,#4532,.F.);
#4906 = ADVANCED_FACE('',(#4907),#478,.T.);
#4907 = FACE_BOUND('',#4908,.T.);
#4908 = EDGE_LOOP('',(#4909,#4932,#4933,#4934));
#4909 = ORIENTED_EDGE('',*,*,#4910,.F.);
#4910 = EDGE_CURVE('',#438,#4911,#4913,.T.);
#4911 = VERTEX_POINT('',#4912);
#4912 = CARTESIAN_POINT('',(67.,0.7,22.5));
#4913 = SURFACE_CURVE('',#4914,(#4918,#4925),.PCURVE_S1.);
#4914 = LINE('',#4915,#4916);
#4915 = CARTESIAN_POINT('',(67.,-1.,22.5));
#4916 = VECTOR('',#4917,1.);
#4917 = DIRECTION('',(0.,1.,0.));
#4918 = PCURVE('',#478,#4919);
#4919 = DEFINITIONAL_REPRESENTATION('',(#4920),#4924);
#4920 = LINE('',#4921,#4922);
#4921 = CARTESIAN_POINT('',(0.,0.));
#4922 = VECTOR('',#4923,1.);
#4923 = DIRECTION('',(0.,1.));
#4924 = ( GEOMETRIC_REPRESENTATION_CONTEXT(2) 
PARAMETRIC_REPRESENTATION_CONTEXT() REPRESENTATION_CONTEXT('2D SPACE',''
  ) );
#4925 = PCURVE('',#452,#4926);
#4926 = DEFINITIONAL_REPRESENTATION('',(#4927),#4931);
#4927 = LINE('',#4928,#4929);
#4928 = CARTESIAN_POINT('',(0.,0.));
#4929 = VECTOR('',#4930,1.);
#4930 = DIRECTION('',(0.,-1.));
#4931 = ( GEOMETRIC_REPRESENTATION_CONTEXT(2) 
PARAMETRIC_REPRESENTATION_CONTEXT() REPRESENTATION_CONTEXT('2D SPACE',''
  ) );
#4932 = ORIENTED_EDGE('',*,*,#463,.T.);
#4933 = ORIENTED_EDGE('',*,*,#4862,.T.);
#4934 = ORIENTED_EDGE('',*,*,#4935,.F.);
#4935 = EDGE_CURVE('',#4911,#4863,#4936,.T.);
#4936 = SURFACE_CURVE('',#4937,(#4941,#4948),.PCURVE_S1.);
#4937 = LINE('',#4938,#4939);
#4938 = CARTESIAN_POINT('',(67.,0.7,22.5));
#4939 = VECTOR('',#4940,1.);
#4940 = DIRECTION('',(1.,0.,0.));
#4941 = PCURVE('',#478,#4942);
#4942 = DEFINITIONAL_REPRESENTATION('',(#4943),#4947);
#4943 = LINE('',#4944,#4945);
#4944 = CARTESIAN_POINT('',(0.,1.7));
#4945 = VECTOR('',#4946,1.);
#4946 = DIRECTION('',(1.,0.));
#4947 = ( GEOMETRIC_REPRESENTATION_CONTEXT(2) 
PARAMETRIC_REPRESENTATION_CONTEXT() REPRESENTATION_CONTEXT('2D SPACE',''
  ) );
#4948 = PCURVE('',#4521,#4949);
#4949 = DEFINITIONAL_REPRESENTATION('',(#4950),#4954);
#4950 = LINE('',#4951,#4952);
#4951 = CARTESIAN_POINT('',(0.,0.));
#4952 = VECTOR('',#4953,1.);
#4953 = DIRECTION('',(0.,1.));
#4954 = ( GEOMETRIC_REPRESENTATION_CONTEXT(2) 
PARAMETRIC_REPRESENTATION_CONTEXT() REPRESENTATION_CONTEXT('2D SPACE',''
  ) );
#4955 = ADVANCED_FACE('',(#4956),#452,.T.);
#4956 = FACE_BOUND('',#4957,.T.);
#4957 = EDGE_LOOP('',(#4958,#4959,#4960,#4981));
#4958 = ORIENTED_EDGE('',*,*,#437,.T.);
#4959 = ORIENTED_EDGE('',*,*,#4910,.T.);
#4960 = ORIENTED_EDGE('',*,*,#4961,.T.);
#4961 = EDGE_CURVE('',#4911,#4486,#4962,.T.);
#4962 = SURFACE_CURVE('',#4963,(#4967,#4974),.PCURVE_S1.);
#4963 = LINE('',#4964,#4965);
#4964 = CARTESIAN_POINT('',(67.,0.7,22.5));
#4965 = VECTOR('',#4966,1.);
#4966 = DIRECTION('',(0.,0.,1.));
#4967 = PCURVE('',#452,#4968);
#4968 = DEFINITIONAL_REPRESENTATION('',(#4969),#4973);
#4969 = LINE('',#4970,#4971);
#4970 = CARTESIAN_POINT('',(0.,-1.7));
#4971 = VECTOR('',#4972,1.);
#4972 = DIRECTION('',(1.,0.));
#4973 = ( GEOMETRIC_REPRESENTATION_CONTEXT(2) 
PARAMETRIC_REPRESENTATION_CONTEXT() REPRESENTATION_CONTEXT('2D SPACE',''
  ) );
#4974 = PCURVE('',#4521,#4975);
#4975 = DEFINITIONAL_REPRESENTATION('',(#4976),#4980);
#4976 = LINE('',#4977,#4978);
#4977 = CARTESIAN_POINT('',(0.,0.));
#4978 = VECTOR('',#4979,1.);
#4979 = DIRECTION('',(1.,0.));
#4980 = ( GEOMETRIC_REPRESENTATION_CONTEXT(2) 
PARAMETRIC_REPRESENTATION_CONTEXT() REPRESENTATION_CONTEXT('2D SPACE',''
  ) );
#4981 = ORIENTED_EDGE('',*,*,#4485,.F.);
#4982 = ADVANCED_FACE('',(#4983),#731,.F.);
#4983 = FACE_BOUND('',#4984,.T.);
#4984 = EDGE_LOOP('',(#4985,#4986,#5009,#5040));
#4985 = ORIENTED_EDGE('',*,*,#710,.T.);
#4986 = ORIENTED_EDGE('',*,*,#4987,.T.);
#4987 = EDGE_CURVE('',#711,#4988,#4990,.T.);
#4988 = VERTEX_POINT('',#4989);
#4989 = CARTESIAN_POINT('',(2.5,134.2,9.));
#4990 = SEAM_CURVE('',#4991,(#4995,#5002),.PCURVE_S1.);
#4991 = LINE('',#4992,#4993);
#4992 = CARTESIAN_POINT('',(-1.,134.2,9.));
#4993 = VECTOR('',#4994,1.);
#4994 = DIRECTION('',(1.,0.,0.));
#4995 = PCURVE('',#731,#4996);
#4996 = DEFINITIONAL_REPRESENTATION('',(#4997),#5001);
#4997 = LINE('',#4998,#4999);
#4998 = CARTESIAN_POINT('',(-6.28318530718,0.));
#4999 = VECTOR('',#5000,1.);
#5000 = DIRECTION('',(-0.,-1.));
#5001 = ( GEOMETRIC_REPRESENTATION_CONTEXT(2) 
PARAMETRIC_REPRESENTATION_CONTEXT() REPRESENTATION_CONTEXT('2D SPACE',''
  ) );
#5002 = PCURVE('',#731,#5003);
#5003 = DEFINITIONAL_REPRESENTATION('',(#5004),#5008);
#5004 = LINE('',#5005,#5006);
#5005 = CARTESIAN_POINT('',(-0.,0.));
#5006 = VECTOR('',#5007,1.);
#5007 = DIRECTION('',(-0.,-1.));
#5008 = ( GEOMETRIC_REPRESENTATION_CONTEXT(2) 
PARAMETRIC_REPRESENTATION_CONTEXT() REPRESENTATION_CONTEXT('2D SPACE',''
  ) );
#5009 = ORIENTED_EDGE('',*,*,#5010,.F.);
#5010 = EDGE_CURVE('',#4988,#4988,#5011,.T.);
#5011 = SURFACE_CURVE('',#5012,(#5017,#5024),.PCURVE_S1.);
#5012 = CIRCLE('',#5013,1.2);
#5013 = AXIS2_PLACEMENT_3D('',#5014,#5015,#5016);
#5014 = CARTESIAN_POINT('',(2.5,133.,9.));
#5015 = DIRECTION('',(-1.,0.,0.));
#5016 = DIRECTION('',(0.,1.,0.));
#5017 = PCURVE('',#731,#5018);
#5018 = DEFINITIONAL_REPRESENTATION('',(#5019),#5023);
#5019 = LINE('',#5020,#5021);
#5020 = CARTESIAN_POINT('',(-6.28318530718,-3.5));
#5021 = VECTOR('',#5022,1.);
#5022 = DIRECTION('',(1.,-0.));
#5023 = ( GEOMETRIC_REPRESENTATION_CONTEXT(2) 
PARAMETRIC_REPRESENTATION_CONTEXT() REPRESENTATION_CONTEXT('2D SPACE',''
  ) );
#5024 = PCURVE('',#5025,#5030);
#5025 = PLANE('',#5026);
#5026 = AXIS2_PLACEMENT_3D('',#5027,#5028,#5029);
#5027 = CARTESIAN_POINT('',(2.5,147.5,24.));
#5028 = DIRECTION('',(1.,0.,-0.));
#5029 = DIRECTION('',(0.,-1.,0.));
#5030 = DEFINITIONAL_REPRESENTATION('',(#5031),#5039);
#5031 = ( BOUNDED_CURVE() B_SPLINE_CURVE(2,(#5032,#5033,#5034,#5035,
#5036,#5037,#5038),.UNSPECIFIED.,.T.,.F.) B_SPLINE_CURVE_WITH_KNOTS((1,2
    ,2,2,2,1),(-2.094395102393,0.,2.094395102393,4.188790204786,
6.28318530718,8.377580409573),.UNSPECIFIED.) CURVE() 
GEOMETRIC_REPRESENTATION_ITEM() RATIONAL_B_SPLINE_CURVE((1.,0.5,1.,0.5,
1.,0.5,1.)) REPRESENTATION_ITEM('') );
#5032 = CARTESIAN_POINT('',(13.3,15.));
#5033 = CARTESIAN_POINT('',(13.3,17.078460969083));
#5034 = CARTESIAN_POINT('',(15.1,16.039230484541));
#5035 = CARTESIAN_POINT('',(16.9,15.));
#5036 = CARTESIAN_POINT('',(15.1,13.960769515459));
#5037 = CARTESIAN_POINT('',(13.3,12.921539030917));
#5038 = CARTESIAN_POINT('',(13.3,15.));
#5039 = ( GEOMETRIC_REPRESENTATION_CONTEXT(2) 
PARAMETRIC_REPRESENTATION_CONTEXT() REPRESENTATION_CONTEXT('2D SPACE',''
  ) );
#5040 = ORIENTED_EDGE('',*,*,#4987,.F.);
#5041 = ADVANCED_FACE('',(#5042),#766,.F.);
#5042 = FACE_BOUND('',#5043,.T.);
#5043 = EDGE_LOOP('',(#5044,#5045,#5068,#5094));
#5044 = ORIENTED_EDGE('',*,*,#745,.T.);
#5045 = ORIENTED_EDGE('',*,*,#5046,.T.);
#5046 = EDGE_CURVE('',#746,#5047,#5049,.T.);
#5047 = VERTEX_POINT('',#5048);
#5048 = CARTESIAN_POINT('',(2.5,128.7,9.));
#5049 = SEAM_CURVE('',#5050,(#5054,#5061),.PCURVE_S1.);
#5050 = LINE('',#5051,#5052);
#5051 = CARTESIAN_POINT('',(-1.,128.7,9.));
#5052 = VECTOR('',#5053,1.);
#5053 = DIRECTION('',(1.,0.,0.));
#5054 = PCURVE('',#766,#5055);
#5055 = DEFINITIONAL_REPRESENTATION('',(#5056),#5060);
#5056 = LINE('',#5057,#5058);
#5057 = CARTESIAN_POINT('',(-6.28318530718,0.));
#5058 = VECTOR('',#5059,1.);
#5059 = DIRECTION('',(-0.,-1.));
#5060 = ( GEOMETRIC_REPRESENTATION_CONTEXT(2) 
PARAMETRIC_REPRESENTATION_CONTEXT() REPRESENTATION_CONTEXT('2D SPACE',''
  ) );
#5061 = PCURVE('',#766,#5062);
#5062 = DEFINITIONAL_REPRESENTATION('',(#5063),#5067);
#5063 = LINE('',#5064,#5065);
#5064 = CARTESIAN_POINT('',(-0.,0.));
#5065 = VECTOR('',#5066,1.);
#5066 = DIRECTION('',(-0.,-1.));
#5067 = ( GEOMETRIC_REPRESENTATION_CONTEXT(2) 
PARAMETRIC_REPRESENTATION_CONTEXT() REPRESENTATION_CONTEXT('2D SPACE',''
  ) );
#5068 = ORIENTED_EDGE('',*,*,#5069,.F.);
#5069 = EDGE_CURVE('',#5047,#5047,#5070,.T.);
#5070 = SURFACE_CURVE('',#5071,(#5076,#5083),.PCURVE_S1.);
#5071 = CIRCLE('',#5072,1.2);
#5072 = AXIS2_PLACEMENT_3D('',#5073,#5074,#5075);
#5073 = CARTESIAN_POINT('',(2.5,127.5,9.));
#5074 = DIRECTION('',(-1.,0.,0.));
#5075 = DIRECTION('',(0.,1.,0.));
#5076 = PCURVE('',#766,#5077);
#5077 = DEFINITIONAL_REPRESENTATION('',(#5078),#5082);
#5078 = LINE('',#5079,#5080);
#5079 = CARTESIAN_POINT('',(-6.28318530718,-3.5));
#5080 = VECTOR('',#5081,1.);
#5081 = DIRECTION('',(1.,-0.));
#5082 = ( GEOMETRIC_REPRESENTATION_CONTEXT(2) 
PARAMETRIC_REPRESENTATION_CONTEXT() REPRESENTATION_CONTEXT('2D SPACE',''
  ) );
#5083 = PCURVE('',#5025,#5084);
#5084 = DEFINITIONAL_REPRESENTATION('',(#5085),#5093);
#5085 = ( BOUNDED_CURVE() B_SPLINE_CURVE(2,(#5086,#5087,#5088,#5089,
#5090,#5091,#5092),.UNSPECIFIED.,.T.,.F.) B_SPLINE_CURVE_WITH_KNOTS((1,2
    ,2,2,2,1),(-2.094395102393,0.,2.094395102393,4.188790204786,
6.28318530718,8.377580409573),.UNSPECIFIED.) CURVE() 
GEOMETRIC_REPRESENTATION_ITEM() RATIONAL_B_SPLINE_CURVE((1.,0.5,1.,0.5,
1.,0.5,1.)) REPRESENTATION_ITEM('') );
#5086 = CARTESIAN_POINT('',(18.8,15.));
#5087 = CARTESIAN_POINT('',(18.8,17.078460969083));
#5088 = CARTESIAN_POINT('',(20.6,16.039230484541));
#5089 = CARTESIAN_POINT('',(22.4,15.));
#5090 = CARTESIAN_POINT('',(20.6,13.960769515459));
#5091 = CARTESIAN_POINT('',(18.8,12.921539030917));
#5092 = CARTESIAN_POINT('',(18.8,15.));
#5093 = ( GEOMETRIC_REPRESENTATION_CONTEXT(2) 
PARAMETRIC_REPRESENTATION_CONTEXT() REPRESENTATION_CONTEXT('2D SPACE',''
  ) );
#5094 = ORIENTED_EDGE('',*,*,#5046,.F.);
#5095 = ADVANCED_FACE('',(#5096),#801,.F.);
#5096 = FACE_BOUND('',#5097,.T.);
#5097 = EDGE_LOOP('',(#5098,#5099,#5122,#5148));
#5098 = ORIENTED_EDGE('',*,*,#780,.T.);
#5099 = ORIENTED_EDGE('',*,*,#5100,.T.);
#5100 = EDGE_CURVE('',#781,#5101,#5103,.T.);
#5101 = VERTEX_POINT('',#5102);
#5102 = CARTESIAN_POINT('',(2.5,123.2,9.));
#5103 = SEAM_CURVE('',#5104,(#5108,#5115),.PCURVE_S1.);
#5104 = LINE('',#5105,#5106);
#5105 = CARTESIAN_POINT('',(-1.,123.2,9.));
#5106 = VECTOR('',#5107,1.);
#5107 = DIRECTION('',(1.,0.,0.));
#5108 = PCURVE('',#801,#5109);
#5109 = DEFINITIONAL_REPRESENTATION('',(#5110),#5114);
#5110 = LINE('',#5111,#5112);
#5111 = CARTESIAN_POINT('',(-6.28318530718,0.));
#5112 = VECTOR('',#5113,1.);
#5113 = DIRECTION('',(-0.,-1.));
#5114 = ( GEOMETRIC_REPRESENTATION_CONTEXT(2) 
PARAMETRIC_REPRESENTATION_CONTEXT() REPRESENTATION_CONTEXT('2D SPACE',''
  ) );
#5115 = PCURVE('',#801,#5116);
#5116 = DEFINITIONAL_REPRESENTATION('',(#5117),#5121);
#5117 = LINE('',#5118,#5119);
#5118 = CARTESIAN_POINT('',(-0.,0.));
#5119 = VECTOR('',#5120,1.);
#5120 = DIRECTION('',(-0.,-1.));
#5121 = ( GEOMETRIC_REPRESENTATION_CONTEXT(2) 
PARAMETRIC_REPRESENTATION_CONTEXT() REPRESENTATION_CONTEXT('2D SPACE',''
  ) );
#5122 = ORIENTED_EDGE('',*,*,#5123,.F.);
#5123 = EDGE_CURVE('',#5101,#5101,#5124,.T.);
#5124 = SURFACE_CURVE('',#5125,(#5130,#5137),.PCURVE_S1.);
#5125 = CIRCLE('',#5126,1.2);
#5126 = AXIS2_PLACEMENT_3D('',#5127,#5128,#5129);
#5127 = CARTESIAN_POINT('',(2.5,122.,9.));
#5128 = DIRECTION('',(-1.,0.,0.));
#5129 = DIRECTION('',(0.,1.,0.));
#5130 = PCURVE('',#801,#5131);
#5131 = DEFINITIONAL_REPRESENTATION('',(#5132),#5136);
#5132 = LINE('',#5133,#5134);
#5133 = CARTESIAN_POINT('',(-6.28318530718,-3.5));
#5134 = VECTOR('',#5135,1.);
#5135 = DIRECTION('',(1.,-0.));
#5136 = ( GEOMETRIC_REPRESENTATION_CONTEXT(2) 
PARAMETRIC_REPRESENTATION_CONTEXT() REPRESENTATION_CONTEXT('2D SPACE',''
  ) );
#5137 = PCURVE('',#5025,#5138);
#5138 = DEFINITIONAL_REPRESENTATION('',(#5139),#5147);
#5139 = ( BOUNDED_CURVE() B_SPLINE_CURVE(2,(#5140,#5141,#5142,#5143,
#5144,#5145,#5146),.UNSPECIFIED.,.T.,.F.) B_SPLINE_CURVE_WITH_KNOTS((1,2
    ,2,2,2,1),(-2.094395102393,0.,2.094395102393,4.188790204786,
6.28318530718,8.377580409573),.UNSPECIFIED.) CURVE() 
GEOMETRIC_REPRESENTATION_ITEM() RATIONAL_B_SPLINE_CURVE((1.,0.5,1.,0.5,
1.,0.5,1.)) REPRESENTATION_ITEM('') );
#5140 = CARTESIAN_POINT('',(24.3,15.));
#5141 = CARTESIAN_POINT('',(24.3,17.078460969083));
#5142 = CARTESIAN_POINT('',(26.1,16.039230484541));
#5143 = CARTESIAN_POINT('',(27.9,15.));
#5144 = CARTESIAN_POINT('',(26.1,13.960769515459));
#5145 = CARTESIAN_POINT('',(24.3,12.921539030917));
#5146 = CARTESIAN_POINT('',(24.3,15.));
#5147 = ( GEOMETRIC_REPRESENTATION_CONTEXT(2) 
PARAMETRIC_REPRESENTATION_CONTEXT() REPRESENTATION_CONTEXT('2D SPACE',''
  ) );
#5148 = ORIENTED_EDGE('',*,*,#5100,.F.);
#5149 = ADVANCED_FACE('',(#5150),#836,.F.);
#5150 = FACE_BOUND('',#5151,.T.);
#5151 = EDGE_LOOP('',(#5152,#5153,#5176,#5202));
#5152 = ORIENTED_EDGE('',*,*,#815,.T.);
#5153 = ORIENTED_EDGE('',*,*,#5154,.T.);
#5154 = EDGE_CURVE('',#816,#5155,#5157,.T.);
#5155 = VERTEX_POINT('',#5156);
#5156 = CARTESIAN_POINT('',(2.5,117.7,9.));
#5157 = SEAM_CURVE('',#5158,(#5162,#5169),.PCURVE_S1.);
#5158 = LINE('',#5159,#5160);
#5159 = CARTESIAN_POINT('',(-1.,117.7,9.));
#5160 = VECTOR('',#5161,1.);
#5161 = DIRECTION('',(1.,0.,0.));
#5162 = PCURVE('',#836,#5163);
#5163 = DEFINITIONAL_REPRESENTATION('',(#5164),#5168);
#5164 = LINE('',#5165,#5166);
#5165 = CARTESIAN_POINT('',(-6.28318530718,0.));
#5166 = VECTOR('',#5167,1.);
#5167 = DIRECTION('',(-0.,-1.));
#5168 = ( GEOMETRIC_REPRESENTATION_CONTEXT(2) 
PARAMETRIC_REPRESENTATION_CONTEXT() REPRESENTATION_CONTEXT('2D SPACE',''
  ) );
#5169 = PCURVE('',#836,#5170);
#5170 = DEFINITIONAL_REPRESENTATION('',(#5171),#5175);
#5171 = LINE('',#5172,#5173);
#5172 = CARTESIAN_POINT('',(-0.,0.));
#5173 = VECTOR('',#5174,1.);
#5174 = DIRECTION('',(-0.,-1.));
#5175 = ( GEOMETRIC_REPRESENTATION_CONTEXT(2) 
PARAMETRIC_REPRESENTATION_CONTEXT() REPRESENTATION_CONTEXT('2D SPACE',''
  ) );
#5176 = ORIENTED_EDGE('',*,*,#5177,.F.);
#5177 = EDGE_CURVE('',#5155,#5155,#5178,.T.);
#5178 = SURFACE_CURVE('',#5179,(#5184,#5191),.PCURVE_S1.);
#5179 = CIRCLE('',#5180,1.2);
#5180 = AXIS2_PLACEMENT_3D('',#5181,#5182,#5183);
#5181 = CARTESIAN_POINT('',(2.5,116.5,9.));
#5182 = DIRECTION('',(-1.,0.,0.));
#5183 = DIRECTION('',(0.,1.,0.));
#5184 = PCURVE('',#836,#5185);
#5185 = DEFINITIONAL_REPRESENTATION('',(#5186),#5190);
#5186 = LINE('',#5187,#5188);
#5187 = CARTESIAN_POINT('',(-6.28318530718,-3.5));
#5188 = VECTOR('',#5189,1.);
#5189 = DIRECTION('',(1.,-0.));
#5190 = ( GEOMETRIC_REPRESENTATION_CONTEXT(2) 
PARAMETRIC_REPRESENTATION_CONTEXT() REPRESENTATION_CONTEXT('2D SPACE',''
  ) );
#5191 = PCURVE('',#5025,#5192);
#5192 = DEFINITIONAL_REPRESENTATION('',(#5193),#5201);
#5193 = ( BOUNDED_CURVE() B_SPLINE_CURVE(2,(#5194,#5195,#5196,#5197,
#5198,#5199,#5200),.UNSPECIFIED.,.T.,.F.) B_SPLINE_CURVE_WITH_KNOTS((1,2
    ,2,2,2,1),(-2.094395102393,0.,2.094395102393,4.188790204786,
6.28318530718,8.377580409573),.UNSPECIFIED.) CURVE() 
GEOMETRIC_REPRESENTATION_ITEM() RATIONAL_B_SPLINE_CURVE((1.,0.5,1.,0.5,
1.,0.5,1.)) REPRESENTATION_ITEM('') );
#5194 = CARTESIAN_POINT('',(29.8,15.));
#5195 = CARTESIAN_POINT('',(29.8,17.078460969083));
#5196 = CARTESIAN_POINT('',(31.6,16.039230484541));
#5197 = CARTESIAN_POINT('',(33.4,15.));
#5198 = CARTESIAN_POINT('',(31.6,13.960769515459));
#5199 = CARTESIAN_POINT('',(29.8,12.921539030917));
#5200 = CARTESIAN_POINT('',(29.8,15.));
#5201 = ( GEOMETRIC_REPRESENTATION_CONTEXT(2) 
PARAMETRIC_REPRESENTATION_CONTEXT() REPRESENTATION_CONTEXT('2D SPACE',''
  ) );
#5202 = ORIENTED_EDGE('',*,*,#5154,.F.);
#5203 = ADVANCED_FACE('',(#5204),#871,.F.);
#5204 = FACE_BOUND('',#5205,.T.);
#5205 = EDGE_LOOP('',(#5206,#5207,#5230,#5256));
#5206 = ORIENTED_EDGE('',*,*,#850,.T.);
#5207 = ORIENTED_EDGE('',*,*,#5208,.T.);
#5208 = EDGE_CURVE('',#851,#5209,#5211,.T.);
#5209 = VERTEX_POINT('',#5210);
#5210 = CARTESIAN_POINT('',(2.5,112.2,9.));
#5211 = SEAM_CURVE('',#5212,(#5216,#5223),.PCURVE_S1.);
#5212 = LINE('',#5213,#5214);
#5213 = CARTESIAN_POINT('',(-1.,112.2,9.));
#5214 = VECTOR('',#5215,1.);
#5215 = DIRECTION('',(1.,0.,0.));
#5216 = PCURVE('',#871,#5217);
#5217 = DEFINITIONAL_REPRESENTATION('',(#5218),#5222);
#5218 = LINE('',#5219,#5220);
#5219 = CARTESIAN_POINT('',(-6.28318530718,0.));
#5220 = VECTOR('',#5221,1.);
#5221 = DIRECTION('',(-0.,-1.));
#5222 = ( GEOMETRIC_REPRESENTATION_CONTEXT(2) 
PARAMETRIC_REPRESENTATION_CONTEXT() REPRESENTATION_CONTEXT('2D SPACE',''
  ) );
#5223 = PCURVE('',#871,#5224);
#5224 = DEFINITIONAL_REPRESENTATION('',(#5225),#5229);
#5225 = LINE('',#5226,#5227);
#5226 = CARTESIAN_POINT('',(-0.,0.));
#5227 = VECTOR('',#5228,1.);
#5228 = DIRECTION('',(-0.,-1.));
#5229 = ( GEOMETRIC_REPRESENTATION_CONTEXT(2) 
PARAMETRIC_REPRESENTATION_CONTEXT() REPRESENTATION_CONTEXT('2D SPACE',''
  ) );
#5230 = ORIENTED_EDGE('',*,*,#5231,.F.);
#5231 = EDGE_CURVE('',#5209,#5209,#5232,.T.);
#5232 = SURFACE_CURVE('',#5233,(#5238,#5245),.PCURVE_S1.);
#5233 = CIRCLE('',#5234,1.2);
#5234 = AXIS2_PLACEMENT_3D('',#5235,#5236,#5237);
#5235 = CARTESIAN_POINT('',(2.5,111.,9.));
#5236 = DIRECTION('',(-1.,0.,0.));
#5237 = DIRECTION('',(0.,1.,0.));
#5238 = PCURVE('',#871,#5239);
#5239 = DEFINITIONAL_REPRESENTATION('',(#5240),#5244);
#5240 = LINE('',#5241,#5242);
#5241 = CARTESIAN_POINT('',(-6.28318530718,-3.5));
#5242 = VECTOR('',#5243,1.);
#5243 = DIRECTION('',(1.,-0.));
#5244 = ( GEOMETRIC_REPRESENTATION_CONTEXT(2) 
PARAMETRIC_REPRESENTATION_CONTEXT() REPRESENTATION_CONTEXT('2D SPACE',''
  ) );
#5245 = PCURVE('',#5025,#5246);
#5246 = DEFINITIONAL_REPRESENTATION('',(#5247),#5255);
#5247 = ( BOUNDED_CURVE() B_SPLINE_CURVE(2,(#5248,#5249,#5250,#5251,
#5252,#5253,#5254),.UNSPECIFIED.,.T.,.F.) B_SPLINE_CURVE_WITH_KNOTS((1,2
    ,2,2,2,1),(-2.094395102393,0.,2.094395102393,4.188790204786,
6.28318530718,8.377580409573),.UNSPECIFIED.) CURVE() 
GEOMETRIC_REPRESENTATION_ITEM() RATIONAL_B_SPLINE_CURVE((1.,0.5,1.,0.5,
1.,0.5,1.)) REPRESENTATION_ITEM('') );
#5248 = CARTESIAN_POINT('',(35.3,15.));
#5249 = CARTESIAN_POINT('',(35.3,17.078460969083));
#5250 = CARTESIAN_POINT('',(37.1,16.039230484541));
#5251 = CARTESIAN_POINT('',(38.9,15.));
#5252 = CARTESIAN_POINT('',(37.1,13.960769515459));
#5253 = CARTESIAN_POINT('',(35.3,12.921539030917));
#5254 = CARTESIAN_POINT('',(35.3,15.));
#5255 = ( GEOMETRIC_REPRESENTATION_CONTEXT(2) 
PARAMETRIC_REPRESENTATION_CONTEXT() REPRESENTATION_CONTEXT('2D SPACE',''
  ) );
#5256 = ORIENTED_EDGE('',*,*,#5208,.F.);
#5257 = ADVANCED_FACE('',(#5258),#906,.F.);
#5258 = FACE_BOUND('',#5259,.T.);
#5259 = EDGE_LOOP('',(#5260,#5261,#5284,#5310));
#5260 = ORIENTED_EDGE('',*,*,#885,.T.);
#5261 = ORIENTED_EDGE('',*,*,#5262,.T.);
#5262 = EDGE_CURVE('',#886,#5263,#5265,.T.);
#5263 = VERTEX_POINT('',#5264);
#5264 = CARTESIAN_POINT('',(2.5,136.95,14.));
#5265 = SEAM_CURVE('',#5266,(#5270,#5277),.PCURVE_S1.);
#5266 = LINE('',#5267,#5268);
#5267 = CARTESIAN_POINT('',(-1.,136.95,14.));
#5268 = VECTOR('',#5269,1.);
#5269 = DIRECTION('',(1.,0.,0.));
#5270 = PCURVE('',#906,#5271);
#5271 = DEFINITIONAL_REPRESENTATION('',(#5272),#5276);
#5272 = LINE('',#5273,#5274);
#5273 = CARTESIAN_POINT('',(-6.28318530718,0.));
#5274 = VECTOR('',#5275,1.);
#5275 = DIRECTION('',(-0.,-1.));
#5276 = ( GEOMETRIC_REPRESENTATION_CONTEXT(2) 
PARAMETRIC_REPRESENTATION_CONTEXT() REPRESENTATION_CONTEXT('2D SPACE',''
  ) );
#5277 = PCURVE('',#906,#5278);
#5278 = DEFINITIONAL_REPRESENTATION('',(#5279),#5283);
#5279 = LINE('',#5280,#5281);
#5280 = CARTESIAN_POINT('',(-0.,0.));
#5281 = VECTOR('',#5282,1.);
#5282 = DIRECTION('',(-0.,-1.));
#5283 = ( GEOMETRIC_REPRESENTATION_CONTEXT(2) 
PARAMETRIC_REPRESENTATION_CONTEXT() REPRESENTATION_CONTEXT('2D SPACE',''
  ) );
#5284 = ORIENTED_EDGE('',*,*,#5285,.F.);
#5285 = EDGE_CURVE('',#5263,#5263,#5286,.T.);
#5286 = SURFACE_CURVE('',#5287,(#5292,#5299),.PCURVE_S1.);
#5287 = CIRCLE('',#5288,1.2);
#5288 = AXIS2_PLACEMENT_3D('',#5289,#5290,#5291);
#5289 = CARTESIAN_POINT('',(2.5,135.75,14.));
#5290 = DIRECTION('',(-1.,0.,0.));
#5291 = DIRECTION('',(0.,1.,0.));
#5292 = PCURVE('',#906,#5293);
#5293 = DEFINITIONAL_REPRESENTATION('',(#5294),#5298);
#5294 = LINE('',#5295,#5296);
#5295 = CARTESIAN_POINT('',(-6.28318530718,-3.5));
#5296 = VECTOR('',#5297,1.);
#5297 = DIRECTION('',(1.,-0.));
#5298 = ( GEOMETRIC_REPRESENTATION_CONTEXT(2) 
PARAMETRIC_REPRESENTATION_CONTEXT() REPRESENTATION_CONTEXT('2D SPACE',''
  ) );
#5299 = PCURVE('',#5025,#5300);
#5300 = DEFINITIONAL_REPRESENTATION('',(#5301),#5309);
#5301 = ( BOUNDED_CURVE() B_SPLINE_CURVE(2,(#5302,#5303,#5304,#5305,
#5306,#5307,#5308),.UNSPECIFIED.,.T.,.F.) B_SPLINE_CURVE_WITH_KNOTS((1,2
    ,2,2,2,1),(-2.094395102393,0.,2.094395102393,4.188790204786,
6.28318530718,8.377580409573),.UNSPECIFIED.) CURVE() 
GEOMETRIC_REPRESENTATION_ITEM() RATIONAL_B_SPLINE_CURVE((1.,0.5,1.,0.5,
1.,0.5,1.)) REPRESENTATION_ITEM('') );
#5302 = CARTESIAN_POINT('',(10.55,10.));
#5303 = CARTESIAN_POINT('',(10.55,12.078460969083));
#5304 = CARTESIAN_POINT('',(12.35,11.039230484541));
#5305 = CARTESIAN_POINT('',(14.15,10.));
#5306 = CARTESIAN_POINT('',(12.35,8.960769515459));
#5307 = CARTESIAN_POINT('',(10.55,7.921539030917));
#5308 = CARTESIAN_POINT('',(10.55,10.));
#5309 = ( GEOMETRIC_REPRESENTATION_CONTEXT(2) 
PARAMETRIC_REPRESENTATION_CONTEXT() REPRESENTATION_CONTEXT('2D SPACE',''
  ) );
#5310 = ORIENTED_EDGE('',*,*,#5262,.F.);
#5311 = ADVANCED_FACE('',(#5312),#941,.F.);
#5312 = FACE_BOUND('',#5313,.T.);
#5313 = EDGE_LOOP('',(#5314,#5315,#5338,#5364));
#5314 = ORIENTED_EDGE('',*,*,#920,.T.);
#5315 = ORIENTED_EDGE('',*,*,#5316,.T.);
#5316 = EDGE_CURVE('',#921,#5317,#5319,.T.);
#5317 = VERTEX_POINT('',#5318);
#5318 = CARTESIAN_POINT('',(2.5,131.45,14.));
#5319 = SEAM_CURVE('',#5320,(#5324,#5331),.PCURVE_S1.);
#5320 = LINE('',#5321,#5322);
#5321 = CARTESIAN_POINT('',(-1.,131.45,14.));
#5322 = VECTOR('',#5323,1.);
#5323 = DIRECTION('',(1.,0.,0.));
#5324 = PCURVE('',#941,#5325);
#5325 = DEFINITIONAL_REPRESENTATION('',(#5326),#5330);
#5326 = LINE('',#5327,#5328);
#5327 = CARTESIAN_POINT('',(-6.28318530718,0.));
#5328 = VECTOR('',#5329,1.);
#5329 = DIRECTION('',(-0.,-1.));
#5330 = ( GEOMETRIC_REPRESENTATION_CONTEXT(2) 
PARAMETRIC_REPRESENTATION_CONTEXT() REPRESENTATION_CONTEXT('2D SPACE',''
  ) );
#5331 = PCURVE('',#941,#5332);
#5332 = DEFINITIONAL_REPRESENTATION('',(#5333),#5337);
#5333 = LINE('',#5334,#5335);
#5334 = CARTESIAN_POINT('',(-0.,0.));
#5335 = VECTOR('',#5336,1.);
#5336 = DIRECTION('',(-0.,-1.));
#5337 = ( GEOMETRIC_REPRESENTATION_CONTEXT(2) 
PARAMETRIC_REPRESENTATION_CONTEXT() REPRESENTATION_CONTEXT('2D SPACE',''
  ) );
#5338 = ORIENTED_EDGE('',*,*,#5339,.F.);
#5339 = EDGE_CURVE('',#5317,#5317,#5340,.T.);
#5340 = SURFACE_CURVE('',#5341,(#5346,#5353),.PCURVE_S1.);
#5341 = CIRCLE('',#5342,1.2);
#5342 = AXIS2_PLACEMENT_3D('',#5343,#5344,#5345);
#5343 = CARTESIAN_POINT('',(2.5,130.25,14.));
#5344 = DIRECTION('',(-1.,0.,0.));
#5345 = DIRECTION('',(0.,1.,0.));
#5346 = PCURVE('',#941,#5347);
#5347 = DEFINITIONAL_REPRESENTATION('',(#5348),#5352);
#5348 = LINE('',#5349,#5350);
#5349 = CARTESIAN_POINT('',(-6.28318530718,-3.5));
#5350 = VECTOR('',#5351,1.);
#5351 = DIRECTION('',(1.,-0.));
#5352 = ( GEOMETRIC_REPRESENTATION_CONTEXT(2) 
PARAMETRIC_REPRESENTATION_CONTEXT() REPRESENTATION_CONTEXT('2D SPACE',''
  ) );
#5353 = PCURVE('',#5025,#5354);
#5354 = DEFINITIONAL_REPRESENTATION('',(#5355),#5363);
#5355 = ( BOUNDED_CURVE() B_SPLINE_CURVE(2,(#5356,#5357,#5358,#5359,
#5360,#5361,#5362),.UNSPECIFIED.,.T.,.F.) B_SPLINE_CURVE_WITH_KNOTS((1,2
    ,2,2,2,1),(-2.094395102393,0.,2.094395102393,4.188790204786,
6.28318530718,8.377580409573),.UNSPECIFIED.) CURVE() 
GEOMETRIC_REPRESENTATION_ITEM() RATIONAL_B_SPLINE_CURVE((1.,0.5,1.,0.5,
1.,0.5,1.)) REPRESENTATION_ITEM('') );
#5356 = CARTESIAN_POINT('',(16.05,10.));
#5357 = CARTESIAN_POINT('',(16.05,12.078460969083));
#5358 = CARTESIAN_POINT('',(17.85,11.039230484541));
#5359 = CARTESIAN_POINT('',(19.65,10.));
#5360 = CARTESIAN_POINT('',(17.85,8.960769515459));
#5361 = CARTESIAN_POINT('',(16.05,7.921539030917));
#5362 = CARTESIAN_POINT('',(16.05,10.));
#5363 = ( GEOMETRIC_REPRESENTATION_CONTEXT(2) 
PARAMETRIC_REPRESENTATION_CONTEXT() REPRESENTATION_CONTEXT('2D SPACE',''
  ) );
#5364 = ORIENTED_EDGE('',*,*,#5316,.F.);
#5365 = ADVANCED_FACE('',(#5366),#976,.F.);
#5366 = FACE_BOUND('',#5367,.T.);
#5367 = EDGE_LOOP('',(#5368,#5369,#5392,#5418));
#5368 = ORIENTED_EDGE('',*,*,#955,.T.);
#5369 = ORIENTED_EDGE('',*,*,#5370,.T.);
#5370 = EDGE_CURVE('',#956,#5371,#5373,.T.);
#5371 = VERTEX_POINT('',#5372);
#5372 = CARTESIAN_POINT('',(2.5,125.95,14.));
#5373 = SEAM_CURVE('',#5374,(#5378,#5385),.PCURVE_S1.);
#5374 = LINE('',#5375,#5376);
#5375 = CARTESIAN_POINT('',(-1.,125.95,14.));
#5376 = VECTOR('',#5377,1.);
#5377 = DIRECTION('',(1.,0.,0.));
#5378 = PCURVE('',#976,#5379);
#5379 = DEFINITIONAL_REPRESENTATION('',(#5380),#5384);
#5380 = LINE('',#5381,#5382);
#5381 = CARTESIAN_POINT('',(-6.28318530718,0.));
#5382 = VECTOR('',#5383,1.);
#5383 = DIRECTION('',(-0.,-1.));
#5384 = ( GEOMETRIC_REPRESENTATION_CONTEXT(2) 
PARAMETRIC_REPRESENTATION_CONTEXT() REPRESENTATION_CONTEXT('2D SPACE',''
  ) );
#5385 = PCURVE('',#976,#5386);
#5386 = DEFINITIONAL_REPRESENTATION('',(#5387),#5391);
#5387 = LINE('',#5388,#5389);
#5388 = CARTESIAN_POINT('',(-0.,0.));
#5389 = VECTOR('',#5390,1.);
#5390 = DIRECTION('',(-0.,-1.));
#5391 = ( GEOMETRIC_REPRESENTATION_CONTEXT(2) 
PARAMETRIC_REPRESENTATION_CONTEXT() REPRESENTATION_CONTEXT('2D SPACE',''
  ) );
#5392 = ORIENTED_EDGE('',*,*,#5393,.F.);
#5393 = EDGE_CURVE('',#5371,#5371,#5394,.T.);
#5394 = SURFACE_CURVE('',#5395,(#5400,#5407),.PCURVE_S1.);
#5395 = CIRCLE('',#5396,1.2);
#5396 = AXIS2_PLACEMENT_3D('',#5397,#5398,#5399);
#5397 = CARTESIAN_POINT('',(2.5,124.75,14.));
#5398 = DIRECTION('',(-1.,0.,0.));
#5399 = DIRECTION('',(0.,1.,0.));
#5400 = PCURVE('',#976,#5401);
#5401 = DEFINITIONAL_REPRESENTATION('',(#5402),#5406);
#5402 = LINE('',#5403,#5404);
#5403 = CARTESIAN_POINT('',(-6.28318530718,-3.5));
#5404 = VECTOR('',#5405,1.);
#5405 = DIRECTION('',(1.,-0.));
#5406 = ( GEOMETRIC_REPRESENTATION_CONTEXT(2) 
PARAMETRIC_REPRESENTATION_CONTEXT() REPRESENTATION_CONTEXT('2D SPACE',''
  ) );
#5407 = PCURVE('',#5025,#5408);
#5408 = DEFINITIONAL_REPRESENTATION('',(#5409),#5417);
#5409 = ( BOUNDED_CURVE() B_SPLINE_CURVE(2,(#5410,#5411,#5412,#5413,
#5414,#5415,#5416),.UNSPECIFIED.,.T.,.F.) B_SPLINE_CURVE_WITH_KNOTS((1,2
    ,2,2,2,1),(-2.094395102393,0.,2.094395102393,4.188790204786,
6.28318530718,8.377580409573),.UNSPECIFIED.) CURVE() 
GEOMETRIC_REPRESENTATION_ITEM() RATIONAL_B_SPLINE_CURVE((1.,0.5,1.,0.5,
1.,0.5,1.)) REPRESENTATION_ITEM('') );
#5410 = CARTESIAN_POINT('',(21.55,10.));
#5411 = CARTESIAN_POINT('',(21.55,12.078460969083));
#5412 = CARTESIAN_POINT('',(23.35,11.039230484541));
#5413 = CARTESIAN_POINT('',(25.15,10.));
#5414 = CARTESIAN_POINT('',(23.35,8.960769515459));
#5415 = CARTESIAN_POINT('',(21.55,7.921539030917));
#5416 = CARTESIAN_POINT('',(21.55,10.));
#5417 = ( GEOMETRIC_REPRESENTATION_CONTEXT(2) 
PARAMETRIC_REPRESENTATION_CONTEXT() REPRESENTATION_CONTEXT('2D SPACE',''
  ) );
#5418 = ORIENTED_EDGE('',*,*,#5370,.F.);
#5419 = ADVANCED_FACE('',(#5420),#1011,.F.);
#5420 = FACE_BOUND('',#5421,.T.);
#5421 = EDGE_LOOP('',(#5422,#5423,#5446,#5472));
#5422 = ORIENTED_EDGE('',*,*,#990,.T.);
#5423 = ORIENTED_EDGE('',*,*,#5424,.T.);
#5424 = EDGE_CURVE('',#991,#5425,#5427,.T.);
#5425 = VERTEX_POINT('',#5426);
#5426 = CARTESIAN_POINT('',(2.5,120.45,14.));
#5427 = SEAM_CURVE('',#5428,(#5432,#5439),.PCURVE_S1.);
#5428 = LINE('',#5429,#5430);
#5429 = CARTESIAN_POINT('',(-1.,120.45,14.));
#5430 = VECTOR('',#5431,1.);
#5431 = DIRECTION('',(1.,0.,0.));
#5432 = PCURVE('',#1011,#5433);
#5433 = DEFINITIONAL_REPRESENTATION('',(#5434),#5438);
#5434 = LINE('',#5435,#5436);
#5435 = CARTESIAN_POINT('',(-6.28318530718,0.));
#5436 = VECTOR('',#5437,1.);
#5437 = DIRECTION('',(-0.,-1.));
#5438 = ( GEOMETRIC_REPRESENTATION_CONTEXT(2) 
PARAMETRIC_REPRESENTATION_CONTEXT() REPRESENTATION_CONTEXT('2D SPACE',''
  ) );
#5439 = PCURVE('',#1011,#5440);
#5440 = DEFINITIONAL_REPRESENTATION('',(#5441),#5445);
#5441 = LINE('',#5442,#5443);
#5442 = CARTESIAN_POINT('',(-0.,0.));
#5443 = VECTOR('',#5444,1.);
#5444 = DIRECTION('',(-0.,-1.));
#5445 = ( GEOMETRIC_REPRESENTATION_CONTEXT(2) 
PARAMETRIC_REPRESENTATION_CONTEXT() REPRESENTATION_CONTEXT('2D SPACE',''
  ) );
#5446 = ORIENTED_EDGE('',*,*,#5447,.F.);
#5447 = EDGE_CURVE('',#5425,#5425,#5448,.T.);
#5448 = SURFACE_CURVE('',#5449,(#5454,#5461),.PCURVE_S1.);
#5449 = CIRCLE('',#5450,1.2);
#5450 = AXIS2_PLACEMENT_3D('',#5451,#5452,#5453);
#5451 = CARTESIAN_POINT('',(2.5,119.25,14.));
#5452 = DIRECTION('',(-1.,0.,0.));
#5453 = DIRECTION('',(0.,1.,0.));
#5454 = PCURVE('',#1011,#5455);
#5455 = DEFINITIONAL_REPRESENTATION('',(#5456),#5460);
#5456 = LINE('',#5457,#5458);
#5457 = CARTESIAN_POINT('',(-6.28318530718,-3.5));
#5458 = VECTOR('',#5459,1.);
#5459 = DIRECTION('',(1.,-0.));
#5460 = ( GEOMETRIC_REPRESENTATION_CONTEXT(2) 
PARAMETRIC_REPRESENTATION_CONTEXT() REPRESENTATION_CONTEXT('2D SPACE',''
  ) );
#5461 = PCURVE('',#5025,#5462);
#5462 = DEFINITIONAL_REPRESENTATION('',(#5463),#5471);
#5463 = ( BOUNDED_CURVE() B_SPLINE_CURVE(2,(#5464,#5465,#5466,#5467,
#5468,#5469,#5470),.UNSPECIFIED.,.T.,.F.) B_SPLINE_CURVE_WITH_KNOTS((1,2
    ,2,2,2,1),(-2.094395102393,0.,2.094395102393,4.188790204786,
6.28318530718,8.377580409573),.UNSPECIFIED.) CURVE() 
GEOMETRIC_REPRESENTATION_ITEM() RATIONAL_B_SPLINE_CURVE((1.,0.5,1.,0.5,
1.,0.5,1.)) REPRESENTATION_ITEM('') );
#5464 = CARTESIAN_POINT('',(27.05,10.));
#5465 = CARTESIAN_POINT('',(27.05,12.078460969083));
#5466 = CARTESIAN_POINT('',(28.85,11.039230484541));
#5467 = CARTESIAN_POINT('',(30.65,10.));
#5468 = CARTESIAN_POINT('',(28.85,8.960769515459));
#5469 = CARTESIAN_POINT('',(27.05,7.921539030917));
#5470 = CARTESIAN_POINT('',(27.05,10.));
#5471 = ( GEOMETRIC_REPRESENTATION_CONTEXT(2) 
PARAMETRIC_REPRESENTATION_CONTEXT() REPRESENTATION_CONTEXT('2D SPACE',''
  ) );
#5472 = ORIENTED_EDGE('',*,*,#5424,.F.);
#5473 = ADVANCED_FACE('',(#5474),#1046,.F.);
#5474 = FACE_BOUND('',#5475,.T.);
#5475 = EDGE_LOOP('',(#5476,#5477,#5500,#5526));
#5476 = ORIENTED_EDGE('',*,*,#1025,.T.);
#5477 = ORIENTED_EDGE('',*,*,#5478,.T.);
#5478 = EDGE_CURVE('',#1026,#5479,#5481,.T.);
#5479 = VERTEX_POINT('',#5480);
#5480 = CARTESIAN_POINT('',(2.5,114.95,14.));
#5481 = SEAM_CURVE('',#5482,(#5486,#5493),.PCURVE_S1.);
#5482 = LINE('',#5483,#5484);
#5483 = CARTESIAN_POINT('',(-1.,114.95,14.));
#5484 = VECTOR('',#5485,1.);
#5485 = DIRECTION('',(1.,0.,0.));
#5486 = PCURVE('',#1046,#5487);
#5487 = DEFINITIONAL_REPRESENTATION('',(#5488),#5492);
#5488 = LINE('',#5489,#5490);
#5489 = CARTESIAN_POINT('',(-6.28318530718,0.));
#5490 = VECTOR('',#5491,1.);
#5491 = DIRECTION('',(-0.,-1.));
#5492 = ( GEOMETRIC_REPRESENTATION_CONTEXT(2) 
PARAMETRIC_REPRESENTATION_CONTEXT() REPRESENTATION_CONTEXT('2D SPACE',''
  ) );
#5493 = PCURVE('',#1046,#5494);
#5494 = DEFINITIONAL_REPRESENTATION('',(#5495),#5499);
#5495 = LINE('',#5496,#5497);
#5496 = CARTESIAN_POINT('',(-0.,0.));
#5497 = VECTOR('',#5498,1.);
#5498 = DIRECTION('',(-0.,-1.));
#5499 = ( GEOMETRIC_REPRESENTATION_CONTEXT(2) 
PARAMETRIC_REPRESENTATION_CONTEXT() REPRESENTATION_CONTEXT('2D SPACE',''
  ) );
#5500 = ORIENTED_EDGE('',*,*,#5501,.F.);
#5501 = EDGE_CURVE('',#5479,#5479,#5502,.T.);
#5502 = SURFACE_CURVE('',#5503,(#5508,#5515),.PCURVE_S1.);
#5503 = CIRCLE('',#5504,1.2);
#5504 = AXIS2_PLACEMENT_3D('',#5505,#5506,#5507);
#5505 = CARTESIAN_POINT('',(2.5,113.75,14.));
#5506 = DIRECTION('',(-1.,0.,0.));
#5507 = DIRECTION('',(0.,1.,0.));
#5508 = PCURVE('',#1046,#5509);
#5509 = DEFINITIONAL_REPRESENTATION('',(#5510),#5514);
#5510 = LINE('',#5511,#5512);
#5511 = CARTESIAN_POINT('',(-6.28318530718,-3.5));
#5512 = VECTOR('',#5513,1.);
#5513 = DIRECTION('',(1.,-0.));
#5514 = ( GEOMETRIC_REPRESENTATION_CONTEXT(2) 
PARAMETRIC_REPRESENTATION_CONTEXT() REPRESENTATION_CONTEXT('2D SPACE',''
  ) );
#5515 = PCURVE('',#5025,#5516);
#5516 = DEFINITIONAL_REPRESENTATION('',(#5517),#5525);
#5517 = ( BOUNDED_CURVE() B_SPLINE_CURVE(2,(#5518,#5519,#5520,#5521,
#5522,#5523,#5524),.UNSPECIFIED.,.T.,.F.) B_SPLINE_CURVE_WITH_KNOTS((1,2
    ,2,2,2,1),(-2.094395102393,0.,2.094395102393,4.188790204786,
6.28318530718,8.377580409573),.UNSPECIFIED.) CURVE() 
GEOMETRIC_REPRESENTATION_ITEM() RATIONAL_B_SPLINE_CURVE((1.,0.5,1.,0.5,
1.,0.5,1.)) REPRESENTATION_ITEM('') );
#5518 = CARTESIAN_POINT('',(32.55,10.));
#5519 = CARTESIAN_POINT('',(32.55,12.078460969083));
#5520 = CARTESIAN_POINT('',(34.35,11.039230484541));
#5521 = CARTESIAN_POINT('',(36.15,10.));
#5522 = CARTESIAN_POINT('',(34.35,8.960769515459));
#5523 = CARTESIAN_POINT('',(32.55,7.921539030917));
#5524 = CARTESIAN_POINT('',(32.55,10.));
#5525 = ( GEOMETRIC_REPRESENTATION_CONTEXT(2) 
PARAMETRIC_REPRESENTATION_CONTEXT() REPRESENTATION_CONTEXT('2D SPACE',''
  ) );
#5526 = ORIENTED_EDGE('',*,*,#5478,.F.);
#5527 = ADVANCED_FACE('',(#5528),#1081,.F.);
#5528 = FACE_BOUND('',#5529,.T.);
#5529 = EDGE_LOOP('',(#5530,#5531,#5554,#5580));
#5530 = ORIENTED_EDGE('',*,*,#1060,.T.);
#5531 = ORIENTED_EDGE('',*,*,#5532,.T.);
#5532 = EDGE_CURVE('',#1061,#5533,#5535,.T.);
#5533 = VERTEX_POINT('',#5534);
#5534 = CARTESIAN_POINT('',(2.5,109.45,14.));
#5535 = SEAM_CURVE('',#5536,(#5540,#5547),.PCURVE_S1.);
#5536 = LINE('',#5537,#5538);
#5537 = CARTESIAN_POINT('',(-1.,109.45,14.));
#5538 = VECTOR('',#5539,1.);
#5539 = DIRECTION('',(1.,0.,0.));
#5540 = PCURVE('',#1081,#5541);
#5541 = DEFINITIONAL_REPRESENTATION('',(#5542),#5546);
#5542 = LINE('',#5543,#5544);
#5543 = CARTESIAN_POINT('',(-6.28318530718,0.));
#5544 = VECTOR('',#5545,1.);
#5545 = DIRECTION('',(-0.,-1.));
#5546 = ( GEOMETRIC_REPRESENTATION_CONTEXT(2) 
PARAMETRIC_REPRESENTATION_CONTEXT() REPRESENTATION_CONTEXT('2D SPACE',''
  ) );
#5547 = PCURVE('',#1081,#5548);
#5548 = DEFINITIONAL_REPRESENTATION('',(#5549),#5553);
#5549 = LINE('',#5550,#5551);
#5550 = CARTESIAN_POINT('',(-0.,0.));
#5551 = VECTOR('',#5552,1.);
#5552 = DIRECTION('',(-0.,-1.));
#5553 = ( GEOMETRIC_REPRESENTATION_CONTEXT(2) 
PARAMETRIC_REPRESENTATION_CONTEXT() REPRESENTATION_CONTEXT('2D SPACE',''
  ) );
#5554 = ORIENTED_EDGE('',*,*,#5555,.F.);
#5555 = EDGE_CURVE('',#5533,#5533,#5556,.T.);
#5556 = SURFACE_CURVE('',#5557,(#5562,#5569),.PCURVE_S1.);
#5557 = CIRCLE('',#5558,1.2);
#5558 = AXIS2_PLACEMENT_3D('',#5559,#5560,#5561);
#5559 = CARTESIAN_POINT('',(2.5,108.25,14.));
#5560 = DIRECTION('',(-1.,0.,0.));
#5561 = DIRECTION('',(0.,1.,0.));
#5562 = PCURVE('',#1081,#5563);
#5563 = DEFINITIONAL_REPRESENTATION('',(#5564),#5568);
#5564 = LINE('',#5565,#5566);
#5565 = CARTESIAN_POINT('',(-6.28318530718,-3.5));
#5566 = VECTOR('',#5567,1.);
#5567 = DIRECTION('',(1.,-0.));
#5568 = ( GEOMETRIC_REPRESENTATION_CONTEXT(2) 
PARAMETRIC_REPRESENTATION_CONTEXT() REPRESENTATION_CONTEXT('2D SPACE',''
  ) );
#5569 = PCURVE('',#5025,#5570);
#5570 = DEFINITIONAL_REPRESENTATION('',(#5571),#5579);
#5571 = ( BOUNDED_CURVE() B_SPLINE_CURVE(2,(#5572,#5573,#5574,#5575,
#5576,#5577,#5578),.UNSPECIFIED.,.T.,.F.) B_SPLINE_CURVE_WITH_KNOTS((1,2
    ,2,2,2,1),(-2.094395102393,0.,2.094395102393,4.188790204786,
6.28318530718,8.377580409573),.UNSPECIFIED.) CURVE() 
GEOMETRIC_REPRESENTATION_ITEM() RATIONAL_B_SPLINE_CURVE((1.,0.5,1.,0.5,
1.,0.5,1.)) REPRESENTATION_ITEM('') );
#5572 = CARTESIAN_POINT('',(38.05,10.));
#5573 = CARTESIAN_POINT('',(38.05,12.078460969083));
#5574 = CARTESIAN_POINT('',(39.85,11.039230484541));
#5575 = CARTESIAN_POINT('',(41.65,10.));
#5576 = CARTESIAN_POINT('',(39.85,8.960769515459));
#5577 = CARTESIAN_POINT('',(38.05,7.921539030917));
#5578 = CARTESIAN_POINT('',(38.05,10.));
#5579 = ( GEOMETRIC_REPRESENTATION_CONTEXT(2) 
PARAMETRIC_REPRESENTATION_CONTEXT() REPRESENTATION_CONTEXT('2D SPACE',''
  ) );
#5580 = ORIENTED_EDGE('',*,*,#5532,.F.);
#5581 = ADVANCED_FACE('',(#5582),#1116,.F.);
#5582 = FACE_BOUND('',#5583,.T.);
#5583 = EDGE_LOOP('',(#5584,#5585,#5608,#5634));
#5584 = ORIENTED_EDGE('',*,*,#1095,.T.);
#5585 = ORIENTED_EDGE('',*,*,#5586,.T.);
#5586 = EDGE_CURVE('',#1096,#5587,#5589,.T.);
#5587 = VERTEX_POINT('',#5588);
#5588 = CARTESIAN_POINT('',(2.5,106.7,9.));
#5589 = SEAM_CURVE('',#5590,(#5594,#5601),.PCURVE_S1.);
#5590 = LINE('',#5591,#5592);
#5591 = CARTESIAN_POINT('',(-1.,106.7,9.));
#5592 = VECTOR('',#5593,1.);
#5593 = DIRECTION('',(1.,0.,0.));
#5594 = PCURVE('',#1116,#5595);
#5595 = DEFINITIONAL_REPRESENTATION('',(#5596),#5600);
#5596 = LINE('',#5597,#5598);
#5597 = CARTESIAN_POINT('',(-6.28318530718,0.));
#5598 = VECTOR('',#5599,1.);
#5599 = DIRECTION('',(-0.,-1.));
#5600 = ( GEOMETRIC_REPRESENTATION_CONTEXT(2) 
PARAMETRIC_REPRESENTATION_CONTEXT() REPRESENTATION_CONTEXT('2D SPACE',''
  ) );
#5601 = PCURVE('',#1116,#5602);
#5602 = DEFINITIONAL_REPRESENTATION('',(#5603),#5607);
#5603 = LINE('',#5604,#5605);
#5604 = CARTESIAN_POINT('',(-0.,0.));
#5605 = VECTOR('',#5606,1.);
#5606 = DIRECTION('',(-0.,-1.));
#5607 = ( GEOMETRIC_REPRESENTATION_CONTEXT(2) 
PARAMETRIC_REPRESENTATION_CONTEXT() REPRESENTATION_CONTEXT('2D SPACE',''
  ) );
#5608 = ORIENTED_EDGE('',*,*,#5609,.F.);
#5609 = EDGE_CURVE('',#5587,#5587,#5610,.T.);
#5610 = SURFACE_CURVE('',#5611,(#5616,#5623),.PCURVE_S1.);
#5611 = CIRCLE('',#5612,1.2);
#5612 = AXIS2_PLACEMENT_3D('',#5613,#5614,#5615);
#5613 = CARTESIAN_POINT('',(2.5,105.5,9.));
#5614 = DIRECTION('',(-1.,0.,0.));
#5615 = DIRECTION('',(0.,1.,0.));
#5616 = PCURVE('',#1116,#5617);
#5617 = DEFINITIONAL_REPRESENTATION('',(#5618),#5622);
#5618 = LINE('',#5619,#5620);
#5619 = CARTESIAN_POINT('',(-6.28318530718,-3.5));
#5620 = VECTOR('',#5621,1.);
#5621 = DIRECTION('',(1.,-0.));
#5622 = ( GEOMETRIC_REPRESENTATION_CONTEXT(2) 
PARAMETRIC_REPRESENTATION_CONTEXT() REPRESENTATION_CONTEXT('2D SPACE',''
  ) );
#5623 = PCURVE('',#5025,#5624);
#5624 = DEFINITIONAL_REPRESENTATION('',(#5625),#5633);
#5625 = ( BOUNDED_CURVE() B_SPLINE_CURVE(2,(#5626,#5627,#5628,#5629,
#5630,#5631,#5632),.UNSPECIFIED.,.T.,.F.) B_SPLINE_CURVE_WITH_KNOTS((1,2
    ,2,2,2,1),(-2.094395102393,0.,2.094395102393,4.188790204786,
6.28318530718,8.377580409573),.UNSPECIFIED.) CURVE() 
GEOMETRIC_REPRESENTATION_ITEM() RATIONAL_B_SPLINE_CURVE((1.,0.5,1.,0.5,
1.,0.5,1.)) REPRESENTATION_ITEM('') );
#5626 = CARTESIAN_POINT('',(40.8,15.));
#5627 = CARTESIAN_POINT('',(40.8,17.078460969083));
#5628 = CARTESIAN_POINT('',(42.6,16.039230484541));
#5629 = CARTESIAN_POINT('',(44.4,15.));
#5630 = CARTESIAN_POINT('',(42.6,13.960769515459));
#5631 = CARTESIAN_POINT('',(40.8,12.921539030917));
#5632 = CARTESIAN_POINT('',(40.8,15.));
#5633 = ( GEOMETRIC_REPRESENTATION_CONTEXT(2) 
PARAMETRIC_REPRESENTATION_CONTEXT() REPRESENTATION_CONTEXT('2D SPACE',''
  ) );
#5634 = ORIENTED_EDGE('',*,*,#5586,.F.);
#5635 = ADVANCED_FACE('',(#5636),#1151,.F.);
#5636 = FACE_BOUND('',#5637,.T.);
#5637 = EDGE_LOOP('',(#5638,#5639,#5662,#5688));
#5638 = ORIENTED_EDGE('',*,*,#1130,.T.);
#5639 = ORIENTED_EDGE('',*,*,#5640,.T.);
#5640 = EDGE_CURVE('',#1131,#5641,#5643,.T.);
#5641 = VERTEX_POINT('',#5642);
#5642 = CARTESIAN_POINT('',(2.5,101.2,9.));
#5643 = SEAM_CURVE('',#5644,(#5648,#5655),.PCURVE_S1.);
#5644 = LINE('',#5645,#5646);
#5645 = CARTESIAN_POINT('',(-1.,101.2,9.));
#5646 = VECTOR('',#5647,1.);
#5647 = DIRECTION('',(1.,0.,0.));
#5648 = PCURVE('',#1151,#5649);
#5649 = DEFINITIONAL_REPRESENTATION('',(#5650),#5654);
#5650 = LINE('',#5651,#5652);
#5651 = CARTESIAN_POINT('',(-6.28318530718,0.));
#5652 = VECTOR('',#5653,1.);
#5653 = DIRECTION('',(-0.,-1.));
#5654 = ( GEOMETRIC_REPRESENTATION_CONTEXT(2) 
PARAMETRIC_REPRESENTATION_CONTEXT() REPRESENTATION_CONTEXT('2D SPACE',''
  ) );
#5655 = PCURVE('',#1151,#5656);
#5656 = DEFINITIONAL_REPRESENTATION('',(#5657),#5661);
#5657 = LINE('',#5658,#5659);
#5658 = CARTESIAN_POINT('',(-0.,0.));
#5659 = VECTOR('',#5660,1.);
#5660 = DIRECTION('',(-0.,-1.));
#5661 = ( GEOMETRIC_REPRESENTATION_CONTEXT(2) 
PARAMETRIC_REPRESENTATION_CONTEXT() REPRESENTATION_CONTEXT('2D SPACE',''
  ) );
#5662 = ORIENTED_EDGE('',*,*,#5663,.F.);
#5663 = EDGE_CURVE('',#5641,#5641,#5664,.T.);
#5664 = SURFACE_CURVE('',#5665,(#5670,#5677),.PCURVE_S1.);
#5665 = CIRCLE('',#5666,1.2);
#5666 = AXIS2_PLACEMENT_3D('',#5667,#5668,#5669);
#5667 = CARTESIAN_POINT('',(2.5,100.,9.));
#5668 = DIRECTION('',(-1.,0.,0.));
#5669 = DIRECTION('',(0.,1.,0.));
#5670 = PCURVE('',#1151,#5671);
#5671 = DEFINITIONAL_REPRESENTATION('',(#5672),#5676);
#5672 = LINE('',#5673,#5674);
#5673 = CARTESIAN_POINT('',(-6.28318530718,-3.5));
#5674 = VECTOR('',#5675,1.);
#5675 = DIRECTION('',(1.,-0.));
#5676 = ( GEOMETRIC_REPRESENTATION_CONTEXT(2) 
PARAMETRIC_REPRESENTATION_CONTEXT() REPRESENTATION_CONTEXT('2D SPACE',''
  ) );
#5677 = PCURVE('',#5025,#5678);
#5678 = DEFINITIONAL_REPRESENTATION('',(#5679),#5687);
#5679 = ( BOUNDED_CURVE() B_SPLINE_CURVE(2,(#5680,#5681,#5682,#5683,
#5684,#5685,#5686),.UNSPECIFIED.,.T.,.F.) B_SPLINE_CURVE_WITH_KNOTS((1,2
    ,2,2,2,1),(-2.094395102393,0.,2.094395102393,4.188790204786,
6.28318530718,8.377580409573),.UNSPECIFIED.) CURVE() 
GEOMETRIC_REPRESENTATION_ITEM() RATIONAL_B_SPLINE_CURVE((1.,0.5,1.,0.5,
1.,0.5,1.)) REPRESENTATION_ITEM('') );
#5680 = CARTESIAN_POINT('',(46.3,15.));
#5681 = CARTESIAN_POINT('',(46.3,17.078460969083));
#5682 = CARTESIAN_POINT('',(48.1,16.039230484541));
#5683 = CARTESIAN_POINT('',(49.9,15.));
#5684 = CARTESIAN_POINT('',(48.1,13.960769515459));
#5685 = CARTESIAN_POINT('',(46.3,12.921539030917));
#5686 = CARTESIAN_POINT('',(46.3,15.));
#5687 = ( GEOMETRIC_REPRESENTATION_CONTEXT(2) 
PARAMETRIC_REPRESENTATION_CONTEXT() REPRESENTATION_CONTEXT('2D SPACE',''
  ) );
#5688 = ORIENTED_EDGE('',*,*,#5640,.F.);
#5689 = ADVANCED_FACE('',(#5690),#1186,.F.);
#5690 = FACE_BOUND('',#5691,.T.);
#5691 = EDGE_LOOP('',(#5692,#5693,#5716,#5742));
#5692 = ORIENTED_EDGE('',*,*,#1165,.T.);
#5693 = ORIENTED_EDGE('',*,*,#5694,.T.);
#5694 = EDGE_CURVE('',#1166,#5695,#5697,.T.);
#5695 = VERTEX_POINT('',#5696);
#5696 = CARTESIAN_POINT('',(2.5,103.95,14.));
#5697 = SEAM_CURVE('',#5698,(#5702,#5709),.PCURVE_S1.);
#5698 = LINE('',#5699,#5700);
#5699 = CARTESIAN_POINT('',(-1.,103.95,14.));
#5700 = VECTOR('',#5701,1.);
#5701 = DIRECTION('',(1.,0.,0.));
#5702 = PCURVE('',#1186,#5703);
#5703 = DEFINITIONAL_REPRESENTATION('',(#5704),#5708);
#5704 = LINE('',#5705,#5706);
#5705 = CARTESIAN_POINT('',(-6.28318530718,0.));
#5706 = VECTOR('',#5707,1.);
#5707 = DIRECTION('',(-0.,-1.));
#5708 = ( GEOMETRIC_REPRESENTATION_CONTEXT(2) 
PARAMETRIC_REPRESENTATION_CONTEXT() REPRESENTATION_CONTEXT('2D SPACE',''
  ) );
#5709 = PCURVE('',#1186,#5710);
#5710 = DEFINITIONAL_REPRESENTATION('',(#5711),#5715);
#5711 = LINE('',#5712,#5713);
#5712 = CARTESIAN_POINT('',(-0.,0.));
#5713 = VECTOR('',#5714,1.);
#5714 = DIRECTION('',(-0.,-1.));
#5715 = ( GEOMETRIC_REPRESENTATION_CONTEXT(2) 
PARAMETRIC_REPRESENTATION_CONTEXT() REPRESENTATION_CONTEXT('2D SPACE',''
  ) );
#5716 = ORIENTED_EDGE('',*,*,#5717,.F.);
#5717 = EDGE_CURVE('',#5695,#5695,#5718,.T.);
#5718 = SURFACE_CURVE('',#5719,(#5724,#5731),.PCURVE_S1.);
#5719 = CIRCLE('',#5720,1.2);
#5720 = AXIS2_PLACEMENT_3D('',#5721,#5722,#5723);
#5721 = CARTESIAN_POINT('',(2.5,102.75,14.));
#5722 = DIRECTION('',(-1.,0.,0.));
#5723 = DIRECTION('',(0.,1.,0.));
#5724 = PCURVE('',#1186,#5725);
#5725 = DEFINITIONAL_REPRESENTATION('',(#5726),#5730);
#5726 = LINE('',#5727,#5728);
#5727 = CARTESIAN_POINT('',(-6.28318530718,-3.5));
#5728 = VECTOR('',#5729,1.);
#5729 = DIRECTION('',(1.,-0.));
#5730 = ( GEOMETRIC_REPRESENTATION_CONTEXT(2) 
PARAMETRIC_REPRESENTATION_CONTEXT() REPRESENTATION_CONTEXT('2D SPACE',''
  ) );
#5731 = PCURVE('',#5025,#5732);
#5732 = DEFINITIONAL_REPRESENTATION('',(#5733),#5741);
#5733 = ( BOUNDED_CURVE() B_SPLINE_CURVE(2,(#5734,#5735,#5736,#5737,
#5738,#5739,#5740),.UNSPECIFIED.,.T.,.F.) B_SPLINE_CURVE_WITH_KNOTS((1,2
    ,2,2,2,1),(-2.094395102393,0.,2.094395102393,4.188790204786,
6.28318530718,8.377580409573),.UNSPECIFIED.) CURVE() 
GEOMETRIC_REPRESENTATION_ITEM() RATIONAL_B_SPLINE_CURVE((1.,0.5,1.,0.5,
1.,0.5,1.)) REPRESENTATION_ITEM('') );
#5734 = CARTESIAN_POINT('',(43.55,10.));
#5735 = CARTESIAN_POINT('',(43.55,12.078460969083));
#5736 = CARTESIAN_POINT('',(45.35,11.039230484541));
#5737 = CARTESIAN_POINT('',(47.15,10.));
#5738 = CARTESIAN_POINT('',(45.35,8.960769515459));
#5739 = CARTESIAN_POINT('',(43.55,7.921539030917));
#5740 = CARTESIAN_POINT('',(43.55,10.));
#5741 = ( GEOMETRIC_REPRESENTATION_CONTEXT(2) 
PARAMETRIC_REPRESENTATION_CONTEXT() REPRESENTATION_CONTEXT('2D SPACE',''
  ) );
#5742 = ORIENTED_EDGE('',*,*,#5694,.F.);
#5743 = ADVANCED_FACE('',(#5744),#1221,.F.);
#5744 = FACE_BOUND('',#5745,.T.);
#5745 = EDGE_LOOP('',(#5746,#5747,#5770,#5796));
#5746 = ORIENTED_EDGE('',*,*,#1200,.T.);
#5747 = ORIENTED_EDGE('',*,*,#5748,.T.);
#5748 = EDGE_CURVE('',#1201,#5749,#5751,.T.);
#5749 = VERTEX_POINT('',#5750);
#5750 = CARTESIAN_POINT('',(2.5,81.5,13.339745962156));
#5751 = SEAM_CURVE('',#5752,(#5756,#5763),.PCURVE_S1.);
#5752 = LINE('',#5753,#5754);
#5753 = CARTESIAN_POINT('',(-1.,81.5,13.339745962156));
#5754 = VECTOR('',#5755,1.);
#5755 = DIRECTION('',(1.,0.,0.));
#5756 = PCURVE('',#1221,#5757);
#5757 = DEFINITIONAL_REPRESENTATION('',(#5758),#5762);
#5758 = LINE('',#5759,#5760);
#5759 = CARTESIAN_POINT('',(-6.28318530718,0.));
#5760 = VECTOR('',#5761,1.);
#5761 = DIRECTION('',(-0.,-1.));
#5762 = ( GEOMETRIC_REPRESENTATION_CONTEXT(2) 
PARAMETRIC_REPRESENTATION_CONTEXT() REPRESENTATION_CONTEXT('2D SPACE',''
  ) );
#5763 = PCURVE('',#1221,#5764);
#5764 = DEFINITIONAL_REPRESENTATION('',(#5765),#5769);
#5765 = LINE('',#5766,#5767);
#5766 = CARTESIAN_POINT('',(-0.,0.));
#5767 = VECTOR('',#5768,1.);
#5768 = DIRECTION('',(-0.,-1.));
#5769 = ( GEOMETRIC_REPRESENTATION_CONTEXT(2) 
PARAMETRIC_REPRESENTATION_CONTEXT() REPRESENTATION_CONTEXT('2D SPACE',''
  ) );
#5770 = ORIENTED_EDGE('',*,*,#5771,.F.);
#5771 = EDGE_CURVE('',#5749,#5749,#5772,.T.);
#5772 = SURFACE_CURVE('',#5773,(#5778,#5785),.PCURVE_S1.);
#5773 = CIRCLE('',#5774,1.5);
#5774 = AXIS2_PLACEMENT_3D('',#5775,#5776,#5777);
#5775 = CARTESIAN_POINT('',(2.5,80.,13.339745962156));
#5776 = DIRECTION('',(-1.,0.,0.));
#5777 = DIRECTION('',(0.,1.,0.));
#5778 = PCURVE('',#1221,#5779);
#5779 = DEFINITIONAL_REPRESENTATION('',(#5780),#5784);
#5780 = LINE('',#5781,#5782);
#5781 = CARTESIAN_POINT('',(-6.28318530718,-3.5));
#5782 = VECTOR('',#5783,1.);
#5783 = DIRECTION('',(1.,-0.));
#5784 = ( GEOMETRIC_REPRESENTATION_CONTEXT(2) 
PARAMETRIC_REPRESENTATION_CONTEXT() REPRESENTATION_CONTEXT('2D SPACE',''
  ) );
#5785 = PCURVE('',#5025,#5786);
#5786 = DEFINITIONAL_REPRESENTATION('',(#5787),#5795);
#5787 = ( BOUNDED_CURVE() B_SPLINE_CURVE(2,(#5788,#5789,#5790,#5791,
#5792,#5793,#5794),.UNSPECIFIED.,.T.,.F.) B_SPLINE_CURVE_WITH_KNOTS((1,2
    ,2,2,2,1),(-2.094395102393,0.,2.094395102393,4.188790204786,
6.28318530718,8.377580409573),.UNSPECIFIED.) CURVE() 
GEOMETRIC_REPRESENTATION_ITEM() RATIONAL_B_SPLINE_CURVE((1.,0.5,1.,0.5,
1.,0.5,1.)) REPRESENTATION_ITEM('') );
#5788 = CARTESIAN_POINT('',(66.,10.660254037844));
#5789 = CARTESIAN_POINT('',(66.,13.258330249198));
#5790 = CARTESIAN_POINT('',(68.25,11.959292143521));
#5791 = CARTESIAN_POINT('',(70.5,10.660254037844));
#5792 = CARTESIAN_POINT('',(68.25,9.361215932168));
#5793 = CARTESIAN_POINT('',(66.,8.062177826491));
#5794 = CARTESIAN_POINT('',(66.,10.660254037844));
#5795 = ( GEOMETRIC_REPRESENTATION_CONTEXT(2) 
PARAMETRIC_REPRESENTATION_CONTEXT() REPRESENTATION_CONTEXT('2D SPACE',''
  ) );
#5796 = ORIENTED_EDGE('',*,*,#5748,.F.);
#5797 = ADVANCED_FACE('',(#5798),#1256,.F.);
#5798 = FACE_BOUND('',#5799,.T.);
#5799 = EDGE_LOOP('',(#5800,#5801,#5824,#5850));
#5800 = ORIENTED_EDGE('',*,*,#1235,.T.);
#5801 = ORIENTED_EDGE('',*,*,#5802,.T.);
#5802 = EDGE_CURVE('',#1236,#5803,#5805,.T.);
#5803 = VERTEX_POINT('',#5804);
#5804 = CARTESIAN_POINT('',(2.5,134.2,19.));
#5805 = SEAM_CURVE('',#5806,(#5810,#5817),.PCURVE_S1.);
#5806 = LINE('',#5807,#5808);
#5807 = CARTESIAN_POINT('',(-1.,134.2,19.));
#5808 = VECTOR('',#5809,1.);
#5809 = DIRECTION('',(1.,0.,0.));
#5810 = PCURVE('',#1256,#5811);
#5811 = DEFINITIONAL_REPRESENTATION('',(#5812),#5816);
#5812 = LINE('',#5813,#5814);
#5813 = CARTESIAN_POINT('',(-6.28318530718,0.));
#5814 = VECTOR('',#5815,1.);
#5815 = DIRECTION('',(-0.,-1.));
#5816 = ( GEOMETRIC_REPRESENTATION_CONTEXT(2) 
PARAMETRIC_REPRESENTATION_CONTEXT() REPRESENTATION_CONTEXT('2D SPACE',''
  ) );
#5817 = PCURVE('',#1256,#5818);
#5818 = DEFINITIONAL_REPRESENTATION('',(#5819),#5823);
#5819 = LINE('',#5820,#5821);
#5820 = CARTESIAN_POINT('',(-0.,0.));
#5821 = VECTOR('',#5822,1.);
#5822 = DIRECTION('',(-0.,-1.));
#5823 = ( GEOMETRIC_REPRESENTATION_CONTEXT(2) 
PARAMETRIC_REPRESENTATION_CONTEXT() REPRESENTATION_CONTEXT('2D SPACE',''
  ) );
#5824 = ORIENTED_EDGE('',*,*,#5825,.F.);
#5825 = EDGE_CURVE('',#5803,#5803,#5826,.T.);
#5826 = SURFACE_CURVE('',#5827,(#5832,#5839),.PCURVE_S1.);
#5827 = CIRCLE('',#5828,1.2);
#5828 = AXIS2_PLACEMENT_3D('',#5829,#5830,#5831);
#5829 = CARTESIAN_POINT('',(2.5,133.,19.));
#5830 = DIRECTION('',(-1.,0.,0.));
#5831 = DIRECTION('',(0.,1.,0.));
#5832 = PCURVE('',#1256,#5833);
#5833 = DEFINITIONAL_REPRESENTATION('',(#5834),#5838);
#5834 = LINE('',#5835,#5836);
#5835 = CARTESIAN_POINT('',(-6.28318530718,-3.5));
#5836 = VECTOR('',#5837,1.);
#5837 = DIRECTION('',(1.,-0.));
#5838 = ( GEOMETRIC_REPRESENTATION_CONTEXT(2) 
PARAMETRIC_REPRESENTATION_CONTEXT() REPRESENTATION_CONTEXT('2D SPACE',''
  ) );
#5839 = PCURVE('',#5025,#5840);
#5840 = DEFINITIONAL_REPRESENTATION('',(#5841),#5849);
#5841 = ( BOUNDED_CURVE() B_SPLINE_CURVE(2,(#5842,#5843,#5844,#5845,
#5846,#5847,#5848),.UNSPECIFIED.,.T.,.F.) B_SPLINE_CURVE_WITH_KNOTS((1,2
    ,2,2,2,1),(-2.094395102393,0.,2.094395102393,4.188790204786,
6.28318530718,8.377580409573),.UNSPECIFIED.) CURVE() 
GEOMETRIC_REPRESENTATION_ITEM() RATIONAL_B_SPLINE_CURVE((1.,0.5,1.,0.5,
1.,0.5,1.)) REPRESENTATION_ITEM('') );
#5842 = CARTESIAN_POINT('',(13.3,5.));
#5843 = CARTESIAN_POINT('',(13.3,7.078460969083));
#5844 = CARTESIAN_POINT('',(15.1,6.039230484541));
#5845 = CARTESIAN_POINT('',(16.9,5.));
#5846 = CARTESIAN_POINT('',(15.1,3.960769515459));
#5847 = CARTESIAN_POINT('',(13.3,2.921539030917));
#5848 = CARTESIAN_POINT('',(13.3,5.));
#5849 = ( GEOMETRIC_REPRESENTATION_CONTEXT(2) 
PARAMETRIC_REPRESENTATION_CONTEXT() REPRESENTATION_CONTEXT('2D SPACE',''
  ) );
#5850 = ORIENTED_EDGE('',*,*,#5802,.F.);
#5851 = ADVANCED_FACE('',(#5852),#1291,.F.);
#5852 = FACE_BOUND('',#5853,.T.);
#5853 = EDGE_LOOP('',(#5854,#5855,#5878,#5904));
#5854 = ORIENTED_EDGE('',*,*,#1270,.T.);
#5855 = ORIENTED_EDGE('',*,*,#5856,.T.);
#5856 = EDGE_CURVE('',#1271,#5857,#5859,.T.);
#5857 = VERTEX_POINT('',#5858);
#5858 = CARTESIAN_POINT('',(2.5,128.7,19.));
#5859 = SEAM_CURVE('',#5860,(#5864,#5871),.PCURVE_S1.);
#5860 = LINE('',#5861,#5862);
#5861 = CARTESIAN_POINT('',(-1.,128.7,19.));
#5862 = VECTOR('',#5863,1.);
#5863 = DIRECTION('',(1.,0.,0.));
#5864 = PCURVE('',#1291,#5865);
#5865 = DEFINITIONAL_REPRESENTATION('',(#5866),#5870);
#5866 = LINE('',#5867,#5868);
#5867 = CARTESIAN_POINT('',(-6.28318530718,0.));
#5868 = VECTOR('',#5869,1.);
#5869 = DIRECTION('',(-0.,-1.));
#5870 = ( GEOMETRIC_REPRESENTATION_CONTEXT(2) 
PARAMETRIC_REPRESENTATION_CONTEXT() REPRESENTATION_CONTEXT('2D SPACE',''
  ) );
#5871 = PCURVE('',#1291,#5872);
#5872 = DEFINITIONAL_REPRESENTATION('',(#5873),#5877);
#5873 = LINE('',#5874,#5875);
#5874 = CARTESIAN_POINT('',(-0.,0.));
#5875 = VECTOR('',#5876,1.);
#5876 = DIRECTION('',(-0.,-1.));
#5877 = ( GEOMETRIC_REPRESENTATION_CONTEXT(2) 
PARAMETRIC_REPRESENTATION_CONTEXT() REPRESENTATION_CONTEXT('2D SPACE',''
  ) );
#5878 = ORIENTED_EDGE('',*,*,#5879,.F.);
#5879 = EDGE_CURVE('',#5857,#5857,#5880,.T.);
#5880 = SURFACE_CURVE('',#5881,(#5886,#5893),.PCURVE_S1.);
#5881 = CIRCLE('',#5882,1.2);
#5882 = AXIS2_PLACEMENT_3D('',#5883,#5884,#5885);
#5883 = CARTESIAN_POINT('',(2.5,127.5,19.));
#5884 = DIRECTION('',(-1.,0.,0.));
#5885 = DIRECTION('',(0.,1.,0.));
#5886 = PCURVE('',#1291,#5887);
#5887 = DEFINITIONAL_REPRESENTATION('',(#5888),#5892);
#5888 = LINE('',#5889,#5890);
#5889 = CARTESIAN_POINT('',(-6.28318530718,-3.5));
#5890 = VECTOR('',#5891,1.);
#5891 = DIRECTION('',(1.,-0.));
#5892 = ( GEOMETRIC_REPRESENTATION_CONTEXT(2) 
PARAMETRIC_REPRESENTATION_CONTEXT() REPRESENTATION_CONTEXT('2D SPACE',''
  ) );
#5893 = PCURVE('',#5025,#5894);
#5894 = DEFINITIONAL_REPRESENTATION('',(#5895),#5903);
#5895 = ( BOUNDED_CURVE() B_SPLINE_CURVE(2,(#5896,#5897,#5898,#5899,
#5900,#5901,#5902),.UNSPECIFIED.,.T.,.F.) B_SPLINE_CURVE_WITH_KNOTS((1,2
    ,2,2,2,1),(-2.094395102393,0.,2.094395102393,4.188790204786,
6.28318530718,8.377580409573),.UNSPECIFIED.) CURVE() 
GEOMETRIC_REPRESENTATION_ITEM() RATIONAL_B_SPLINE_CURVE((1.,0.5,1.,0.5,
1.,0.5,1.)) REPRESENTATION_ITEM('') );
#5896 = CARTESIAN_POINT('',(18.8,5.));
#5897 = CARTESIAN_POINT('',(18.8,7.078460969083));
#5898 = CARTESIAN_POINT('',(20.6,6.039230484541));
#5899 = CARTESIAN_POINT('',(22.4,5.));
#5900 = CARTESIAN_POINT('',(20.6,3.960769515459));
#5901 = CARTESIAN_POINT('',(18.8,2.921539030917));
#5902 = CARTESIAN_POINT('',(18.8,5.));
#5903 = ( GEOMETRIC_REPRESENTATION_CONTEXT(2) 
PARAMETRIC_REPRESENTATION_CONTEXT() REPRESENTATION_CONTEXT('2D SPACE',''
  ) );
#5904 = ORIENTED_EDGE('',*,*,#5856,.F.);
#5905 = ADVANCED_FACE('',(#5906),#1326,.F.);
#5906 = FACE_BOUND('',#5907,.T.);
#5907 = EDGE_LOOP('',(#5908,#5909,#5932,#5958));
#5908 = ORIENTED_EDGE('',*,*,#1305,.T.);
#5909 = ORIENTED_EDGE('',*,*,#5910,.T.);
#5910 = EDGE_CURVE('',#1306,#5911,#5913,.T.);
#5911 = VERTEX_POINT('',#5912);
#5912 = CARTESIAN_POINT('',(2.5,123.2,19.));
#5913 = SEAM_CURVE('',#5914,(#5918,#5925),.PCURVE_S1.);
#5914 = LINE('',#5915,#5916);
#5915 = CARTESIAN_POINT('',(-1.,123.2,19.));
#5916 = VECTOR('',#5917,1.);
#5917 = DIRECTION('',(1.,0.,0.));
#5918 = PCURVE('',#1326,#5919);
#5919 = DEFINITIONAL_REPRESENTATION('',(#5920),#5924);
#5920 = LINE('',#5921,#5922);
#5921 = CARTESIAN_POINT('',(-6.28318530718,0.));
#5922 = VECTOR('',#5923,1.);
#5923 = DIRECTION('',(-0.,-1.));
#5924 = ( GEOMETRIC_REPRESENTATION_CONTEXT(2) 
PARAMETRIC_REPRESENTATION_CONTEXT() REPRESENTATION_CONTEXT('2D SPACE',''
  ) );
#5925 = PCURVE('',#1326,#5926);
#5926 = DEFINITIONAL_REPRESENTATION('',(#5927),#5931);
#5927 = LINE('',#5928,#5929);
#5928 = CARTESIAN_POINT('',(-0.,0.));
#5929 = VECTOR('',#5930,1.);
#5930 = DIRECTION('',(-0.,-1.));
#5931 = ( GEOMETRIC_REPRESENTATION_CONTEXT(2) 
PARAMETRIC_REPRESENTATION_CONTEXT() REPRESENTATION_CONTEXT('2D SPACE',''
  ) );
#5932 = ORIENTED_EDGE('',*,*,#5933,.F.);
#5933 = EDGE_CURVE('',#5911,#5911,#5934,.T.);
#5934 = SURFACE_CURVE('',#5935,(#5940,#5947),.PCURVE_S1.);
#5935 = CIRCLE('',#5936,1.2);
#5936 = AXIS2_PLACEMENT_3D('',#5937,#5938,#5939);
#5937 = CARTESIAN_POINT('',(2.5,122.,19.));
#5938 = DIRECTION('',(-1.,0.,0.));
#5939 = DIRECTION('',(0.,1.,0.));
#5940 = PCURVE('',#1326,#5941);
#5941 = DEFINITIONAL_REPRESENTATION('',(#5942),#5946);
#5942 = LINE('',#5943,#5944);
#5943 = CARTESIAN_POINT('',(-6.28318530718,-3.5));
#5944 = VECTOR('',#5945,1.);
#5945 = DIRECTION('',(1.,-0.));
#5946 = ( GEOMETRIC_REPRESENTATION_CONTEXT(2) 
PARAMETRIC_REPRESENTATION_CONTEXT() REPRESENTATION_CONTEXT('2D SPACE',''
  ) );
#5947 = PCURVE('',#5025,#5948);
#5948 = DEFINITIONAL_REPRESENTATION('',(#5949),#5957);
#5949 = ( BOUNDED_CURVE() B_SPLINE_CURVE(2,(#5950,#5951,#5952,#5953,
#5954,#5955,#5956),.UNSPECIFIED.,.T.,.F.) B_SPLINE_CURVE_WITH_KNOTS((1,2
    ,2,2,2,1),(-2.094395102393,0.,2.094395102393,4.188790204786,
6.28318530718,8.377580409573),.UNSPECIFIED.) CURVE() 
GEOMETRIC_REPRESENTATION_ITEM() RATIONAL_B_SPLINE_CURVE((1.,0.5,1.,0.5,
1.,0.5,1.)) REPRESENTATION_ITEM('') );
#5950 = CARTESIAN_POINT('',(24.3,5.));
#5951 = CARTESIAN_POINT('',(24.3,7.078460969083));
#5952 = CARTESIAN_POINT('',(26.1,6.039230484541));
#5953 = CARTESIAN_POINT('',(27.9,5.));
#5954 = CARTESIAN_POINT('',(26.1,3.960769515459));
#5955 = CARTESIAN_POINT('',(24.3,2.921539030917));
#5956 = CARTESIAN_POINT('',(24.3,5.));
#5957 = ( GEOMETRIC_REPRESENTATION_CONTEXT(2) 
PARAMETRIC_REPRESENTATION_CONTEXT() REPRESENTATION_CONTEXT('2D SPACE',''
  ) );
#5958 = ORIENTED_EDGE('',*,*,#5910,.F.);
#5959 = ADVANCED_FACE('',(#5960),#1361,.F.);
#5960 = FACE_BOUND('',#5961,.T.);
#5961 = EDGE_LOOP('',(#5962,#5963,#5986,#6012));
#5962 = ORIENTED_EDGE('',*,*,#1340,.T.);
#5963 = ORIENTED_EDGE('',*,*,#5964,.T.);
#5964 = EDGE_CURVE('',#1341,#5965,#5967,.T.);
#5965 = VERTEX_POINT('',#5966);
#5966 = CARTESIAN_POINT('',(2.5,117.7,19.));
#5967 = SEAM_CURVE('',#5968,(#5972,#5979),.PCURVE_S1.);
#5968 = LINE('',#5969,#5970);
#5969 = CARTESIAN_POINT('',(-1.,117.7,19.));
#5970 = VECTOR('',#5971,1.);
#5971 = DIRECTION('',(1.,0.,0.));
#5972 = PCURVE('',#1361,#5973);
#5973 = DEFINITIONAL_REPRESENTATION('',(#5974),#5978);
#5974 = LINE('',#5975,#5976);
#5975 = CARTESIAN_POINT('',(-6.28318530718,0.));
#5976 = VECTOR('',#5977,1.);
#5977 = DIRECTION('',(-0.,-1.));
#5978 = ( GEOMETRIC_REPRESENTATION_CONTEXT(2) 
PARAMETRIC_REPRESENTATION_CONTEXT() REPRESENTATION_CONTEXT('2D SPACE',''
  ) );
#5979 = PCURVE('',#1361,#5980);
#5980 = DEFINITIONAL_REPRESENTATION('',(#5981),#5985);
#5981 = LINE('',#5982,#5983);
#5982 = CARTESIAN_POINT('',(-0.,0.));
#5983 = VECTOR('',#5984,1.);
#5984 = DIRECTION('',(-0.,-1.));
#5985 = ( GEOMETRIC_REPRESENTATION_CONTEXT(2) 
PARAMETRIC_REPRESENTATION_CONTEXT() REPRESENTATION_CONTEXT('2D SPACE',''
  ) );
#5986 = ORIENTED_EDGE('',*,*,#5987,.F.);
#5987 = EDGE_CURVE('',#5965,#5965,#5988,.T.);
#5988 = SURFACE_CURVE('',#5989,(#5994,#6001),.PCURVE_S1.);
#5989 = CIRCLE('',#5990,1.2);
#5990 = AXIS2_PLACEMENT_3D('',#5991,#5992,#5993);
#5991 = CARTESIAN_POINT('',(2.5,116.5,19.));
#5992 = DIRECTION('',(-1.,0.,0.));
#5993 = DIRECTION('',(0.,1.,0.));
#5994 = PCURVE('',#1361,#5995);
#5995 = DEFINITIONAL_REPRESENTATION('',(#5996),#6000);
#5996 = LINE('',#5997,#5998);
#5997 = CARTESIAN_POINT('',(-6.28318530718,-3.5));
#5998 = VECTOR('',#5999,1.);
#5999 = DIRECTION('',(1.,-0.));
#6000 = ( GEOMETRIC_REPRESENTATION_CONTEXT(2) 
PARAMETRIC_REPRESENTATION_CONTEXT() REPRESENTATION_CONTEXT('2D SPACE',''
  ) );
#6001 = PCURVE('',#5025,#6002);
#6002 = DEFINITIONAL_REPRESENTATION('',(#6003),#6011);
#6003 = ( BOUNDED_CURVE() B_SPLINE_CURVE(2,(#6004,#6005,#6006,#6007,
#6008,#6009,#6010),.UNSPECIFIED.,.T.,.F.) B_SPLINE_CURVE_WITH_KNOTS((1,2
    ,2,2,2,1),(-2.094395102393,0.,2.094395102393,4.188790204786,
6.28318530718,8.377580409573),.UNSPECIFIED.) CURVE() 
GEOMETRIC_REPRESENTATION_ITEM() RATIONAL_B_SPLINE_CURVE((1.,0.5,1.,0.5,
1.,0.5,1.)) REPRESENTATION_ITEM('') );
#6004 = CARTESIAN_POINT('',(29.8,5.));
#6005 = CARTESIAN_POINT('',(29.8,7.078460969083));
#6006 = CARTESIAN_POINT('',(31.6,6.039230484541));
#6007 = CARTESIAN_POINT('',(33.4,5.));
#6008 = CARTESIAN_POINT('',(31.6,3.960769515459));
#6009 = CARTESIAN_POINT('',(29.8,2.921539030917));
#6010 = CARTESIAN_POINT('',(29.8,5.));
#6011 = ( GEOMETRIC_REPRESENTATION_CONTEXT(2) 
PARAMETRIC_REPRESENTATION_CONTEXT() REPRESENTATION_CONTEXT('2D SPACE',''
  ) );
#6012 = ORIENTED_EDGE('',*,*,#5964,.F.);
#6013 = ADVANCED_FACE('',(#6014),#1396,.F.);
#6014 = FACE_BOUND('',#6015,.T.);
#6015 = EDGE_LOOP('',(#6016,#6017,#6040,#6066));
#6016 = ORIENTED_EDGE('',*,*,#1375,.T.);
#6017 = ORIENTED_EDGE('',*,*,#6018,.T.);
#6018 = EDGE_CURVE('',#1376,#6019,#6021,.T.);
#6019 = VERTEX_POINT('',#6020);
#6020 = CARTESIAN_POINT('',(2.5,112.2,19.));
#6021 = SEAM_CURVE('',#6022,(#6026,#6033),.PCURVE_S1.);
#6022 = LINE('',#6023,#6024);
#6023 = CARTESIAN_POINT('',(-1.,112.2,19.));
#6024 = VECTOR('',#6025,1.);
#6025 = DIRECTION('',(1.,0.,0.));
#6026 = PCURVE('',#1396,#6027);
#6027 = DEFINITIONAL_REPRESENTATION('',(#6028),#6032);
#6028 = LINE('',#6029,#6030);
#6029 = CARTESIAN_POINT('',(-6.28318530718,0.));
#6030 = VECTOR('',#6031,1.);
#6031 = DIRECTION('',(-0.,-1.));
#6032 = ( GEOMETRIC_REPRESENTATION_CONTEXT(2) 
PARAMETRIC_REPRESENTATION_CONTEXT() REPRESENTATION_CONTEXT('2D SPACE',''
  ) );
#6033 = PCURVE('',#1396,#6034);
#6034 = DEFINITIONAL_REPRESENTATION('',(#6035),#6039);
#6035 = LINE('',#6036,#6037);
#6036 = CARTESIAN_POINT('',(-0.,0.));
#6037 = VECTOR('',#6038,1.);
#6038 = DIRECTION('',(-0.,-1.));
#6039 = ( GEOMETRIC_REPRESENTATION_CONTEXT(2) 
PARAMETRIC_REPRESENTATION_CONTEXT() REPRESENTATION_CONTEXT('2D SPACE',''
  ) );
#6040 = ORIENTED_EDGE('',*,*,#6041,.F.);
#6041 = EDGE_CURVE('',#6019,#6019,#6042,.T.);
#6042 = SURFACE_CURVE('',#6043,(#6048,#6055),.PCURVE_S1.);
#6043 = CIRCLE('',#6044,1.2);
#6044 = AXIS2_PLACEMENT_3D('',#6045,#6046,#6047);
#6045 = CARTESIAN_POINT('',(2.5,111.,19.));
#6046 = DIRECTION('',(-1.,0.,0.));
#6047 = DIRECTION('',(0.,1.,0.));
#6048 = PCURVE('',#1396,#6049);
#6049 = DEFINITIONAL_REPRESENTATION('',(#6050),#6054);
#6050 = LINE('',#6051,#6052);
#6051 = CARTESIAN_POINT('',(-6.28318530718,-3.5));
#6052 = VECTOR('',#6053,1.);
#6053 = DIRECTION('',(1.,-0.));
#6054 = ( GEOMETRIC_REPRESENTATION_CONTEXT(2) 
PARAMETRIC_REPRESENTATION_CONTEXT() REPRESENTATION_CONTEXT('2D SPACE',''
  ) );
#6055 = PCURVE('',#5025,#6056);
#6056 = DEFINITIONAL_REPRESENTATION('',(#6057),#6065);
#6057 = ( BOUNDED_CURVE() B_SPLINE_CURVE(2,(#6058,#6059,#6060,#6061,
#6062,#6063,#6064),.UNSPECIFIED.,.T.,.F.) B_SPLINE_CURVE_WITH_KNOTS((1,2
    ,2,2,2,1),(-2.094395102393,0.,2.094395102393,4.188790204786,
6.28318530718,8.377580409573),.UNSPECIFIED.) CURVE() 
GEOMETRIC_REPRESENTATION_ITEM() RATIONAL_B_SPLINE_CURVE((1.,0.5,1.,0.5,
1.,0.5,1.)) REPRESENTATION_ITEM('') );
#6058 = CARTESIAN_POINT('',(35.3,5.));
#6059 = CARTESIAN_POINT('',(35.3,7.078460969083));
#6060 = CARTESIAN_POINT('',(37.1,6.039230484541));
#6061 = CARTESIAN_POINT('',(38.9,5.));
#6062 = CARTESIAN_POINT('',(37.1,3.960769515459));
#6063 = CARTESIAN_POINT('',(35.3,2.921539030917));
#6064 = CARTESIAN_POINT('',(35.3,5.));
#6065 = ( GEOMETRIC_REPRESENTATION_CONTEXT(2) 
PARAMETRIC_REPRESENTATION_CONTEXT() REPRESENTATION_CONTEXT('2D SPACE',''
  ) );
#6066 = ORIENTED_EDGE('',*,*,#6018,.F.);
#6067 = ADVANCED_FACE('',(#6068),#1431,.F.);
#6068 = FACE_BOUND('',#6069,.T.);
#6069 = EDGE_LOOP('',(#6070,#6071,#6094,#6120));
#6070 = ORIENTED_EDGE('',*,*,#1410,.T.);
#6071 = ORIENTED_EDGE('',*,*,#6072,.T.);
#6072 = EDGE_CURVE('',#1411,#6073,#6075,.T.);
#6073 = VERTEX_POINT('',#6074);
#6074 = CARTESIAN_POINT('',(2.5,106.7,19.));
#6075 = SEAM_CURVE('',#6076,(#6080,#6087),.PCURVE_S1.);
#6076 = LINE('',#6077,#6078);
#6077 = CARTESIAN_POINT('',(-1.,106.7,19.));
#6078 = VECTOR('',#6079,1.);
#6079 = DIRECTION('',(1.,0.,0.));
#6080 = PCURVE('',#1431,#6081);
#6081 = DEFINITIONAL_REPRESENTATION('',(#6082),#6086);
#6082 = LINE('',#6083,#6084);
#6083 = CARTESIAN_POINT('',(-6.28318530718,0.));
#6084 = VECTOR('',#6085,1.);
#6085 = DIRECTION('',(-0.,-1.));
#6086 = ( GEOMETRIC_REPRESENTATION_CONTEXT(2) 
PARAMETRIC_REPRESENTATION_CONTEXT() REPRESENTATION_CONTEXT('2D SPACE',''
  ) );
#6087 = PCURVE('',#1431,#6088);
#6088 = DEFINITIONAL_REPRESENTATION('',(#6089),#6093);
#6089 = LINE('',#6090,#6091);
#6090 = CARTESIAN_POINT('',(-0.,0.));
#6091 = VECTOR('',#6092,1.);
#6092 = DIRECTION('',(-0.,-1.));
#6093 = ( GEOMETRIC_REPRESENTATION_CONTEXT(2) 
PARAMETRIC_REPRESENTATION_CONTEXT() REPRESENTATION_CONTEXT('2D SPACE',''
  ) );
#6094 = ORIENTED_EDGE('',*,*,#6095,.F.);
#6095 = EDGE_CURVE('',#6073,#6073,#6096,.T.);
#6096 = SURFACE_CURVE('',#6097,(#6102,#6109),.PCURVE_S1.);
#6097 = CIRCLE('',#6098,1.2);
#6098 = AXIS2_PLACEMENT_3D('',#6099,#6100,#6101);
#6099 = CARTESIAN_POINT('',(2.5,105.5,19.));
#6100 = DIRECTION('',(-1.,0.,0.));
#6101 = DIRECTION('',(0.,1.,0.));
#6102 = PCURVE('',#1431,#6103);
#6103 = DEFINITIONAL_REPRESENTATION('',(#6104),#6108);
#6104 = LINE('',#6105,#6106);
#6105 = CARTESIAN_POINT('',(-6.28318530718,-3.5));
#6106 = VECTOR('',#6107,1.);
#6107 = DIRECTION('',(1.,-0.));
#6108 = ( GEOMETRIC_REPRESENTATION_CONTEXT(2) 
PARAMETRIC_REPRESENTATION_CONTEXT() REPRESENTATION_CONTEXT('2D SPACE',''
  ) );
#6109 = PCURVE('',#5025,#6110);
#6110 = DEFINITIONAL_REPRESENTATION('',(#6111),#6119);
#6111 = ( BOUNDED_CURVE() B_SPLINE_CURVE(2,(#6112,#6113,#6114,#6115,
#6116,#6117,#6118),.UNSPECIFIED.,.T.,.F.) B_SPLINE_CURVE_WITH_KNOTS((1,2
    ,2,2,2,1),(-2.094395102393,0.,2.094395102393,4.188790204786,
6.28318530718,8.377580409573),.UNSPECIFIED.) CURVE() 
GEOMETRIC_REPRESENTATION_ITEM() RATIONAL_B_SPLINE_CURVE((1.,0.5,1.,0.5,
1.,0.5,1.)) REPRESENTATION_ITEM('') );
#6112 = CARTESIAN_POINT('',(40.8,5.));
#6113 = CARTESIAN_POINT('',(40.8,7.078460969083));
#6114 = CARTESIAN_POINT('',(42.6,6.039230484541));
#6115 = CARTESIAN_POINT('',(44.4,5.));
#6116 = CARTESIAN_POINT('',(42.6,3.960769515459));
#6117 = CARTESIAN_POINT('',(40.8,2.921539030917));
#6118 = CARTESIAN_POINT('',(40.8,5.));
#6119 = ( GEOMETRIC_REPRESENTATION_CONTEXT(2) 
PARAMETRIC_REPRESENTATION_CONTEXT() REPRESENTATION_CONTEXT('2D SPACE',''
  ) );
#6120 = ORIENTED_EDGE('',*,*,#6072,.F.);
#6121 = ADVANCED_FACE('',(#6122),#1466,.F.);
#6122 = FACE_BOUND('',#6123,.T.);
#6123 = EDGE_LOOP('',(#6124,#6125,#6148,#6174));
#6124 = ORIENTED_EDGE('',*,*,#1445,.T.);
#6125 = ORIENTED_EDGE('',*,*,#6126,.T.);
#6126 = EDGE_CURVE('',#1446,#6127,#6129,.T.);
#6127 = VERTEX_POINT('',#6128);
#6128 = CARTESIAN_POINT('',(2.5,101.2,19.));
#6129 = SEAM_CURVE('',#6130,(#6134,#6141),.PCURVE_S1.);
#6130 = LINE('',#6131,#6132);
#6131 = CARTESIAN_POINT('',(-1.,101.2,19.));
#6132 = VECTOR('',#6133,1.);
#6133 = DIRECTION('',(1.,0.,0.));
#6134 = PCURVE('',#1466,#6135);
#6135 = DEFINITIONAL_REPRESENTATION('',(#6136),#6140);
#6136 = LINE('',#6137,#6138);
#6137 = CARTESIAN_POINT('',(-6.28318530718,0.));
#6138 = VECTOR('',#6139,1.);
#6139 = DIRECTION('',(-0.,-1.));
#6140 = ( GEOMETRIC_REPRESENTATION_CONTEXT(2) 
PARAMETRIC_REPRESENTATION_CONTEXT() REPRESENTATION_CONTEXT('2D SPACE',''
  ) );
#6141 = PCURVE('',#1466,#6142);
#6142 = DEFINITIONAL_REPRESENTATION('',(#6143),#6147);
#6143 = LINE('',#6144,#6145);
#6144 = CARTESIAN_POINT('',(-0.,0.));
#6145 = VECTOR('',#6146,1.);
#6146 = DIRECTION('',(-0.,-1.));
#6147 = ( GEOMETRIC_REPRESENTATION_CONTEXT(2) 
PARAMETRIC_REPRESENTATION_CONTEXT() REPRESENTATION_CONTEXT('2D SPACE',''
  ) );
#6148 = ORIENTED_EDGE('',*,*,#6149,.F.);
#6149 = EDGE_CURVE('',#6127,#6127,#6150,.T.);
#6150 = SURFACE_CURVE('',#6151,(#6156,#6163),.PCURVE_S1.);
#6151 = CIRCLE('',#6152,1.2);
#6152 = AXIS2_PLACEMENT_3D('',#6153,#6154,#6155);
#6153 = CARTESIAN_POINT('',(2.5,100.,19.));
#6154 = DIRECTION('',(-1.,0.,0.));
#6155 = DIRECTION('',(0.,1.,0.));
#6156 = PCURVE('',#1466,#6157);
#6157 = DEFINITIONAL_REPRESENTATION('',(#6158),#6162);
#6158 = LINE('',#6159,#6160);
#6159 = CARTESIAN_POINT('',(-6.28318530718,-3.5));
#6160 = VECTOR('',#6161,1.);
#6161 = DIRECTION('',(1.,-0.));
#6162 = ( GEOMETRIC_REPRESENTATION_CONTEXT(2) 
PARAMETRIC_REPRESENTATION_CONTEXT() REPRESENTATION_CONTEXT('2D SPACE',''
  ) );
#6163 = PCURVE('',#5025,#6164);
#6164 = DEFINITIONAL_REPRESENTATION('',(#6165),#6173);
#6165 = ( BOUNDED_CURVE() B_SPLINE_CURVE(2,(#6166,#6167,#6168,#6169,
#6170,#6171,#6172),.UNSPECIFIED.,.T.,.F.) B_SPLINE_CURVE_WITH_KNOTS((1,2
    ,2,2,2,1),(-2.094395102393,0.,2.094395102393,4.188790204786,
6.28318530718,8.377580409573),.UNSPECIFIED.) CURVE() 
GEOMETRIC_REPRESENTATION_ITEM() RATIONAL_B_SPLINE_CURVE((1.,0.5,1.,0.5,
1.,0.5,1.)) REPRESENTATION_ITEM('') );
#6166 = CARTESIAN_POINT('',(46.3,5.));
#6167 = CARTESIAN_POINT('',(46.3,7.078460969083));
#6168 = CARTESIAN_POINT('',(48.1,6.039230484541));
#6169 = CARTESIAN_POINT('',(49.9,5.));
#6170 = CARTESIAN_POINT('',(48.1,3.960769515459));
#6171 = CARTESIAN_POINT('',(46.3,2.921539030917));
#6172 = CARTESIAN_POINT('',(46.3,5.));
#6173 = ( GEOMETRIC_REPRESENTATION_CONTEXT(2) 
PARAMETRIC_REPRESENTATION_CONTEXT() REPRESENTATION_CONTEXT('2D SPACE',''
  ) );
#6174 = ORIENTED_EDGE('',*,*,#6126,.F.);
#6175 = ADVANCED_FACE('',(#6176),#1501,.F.);
#6176 = FACE_BOUND('',#6177,.T.);
#6177 = EDGE_LOOP('',(#6178,#6179,#6202,#6228));
#6178 = ORIENTED_EDGE('',*,*,#1480,.T.);
#6179 = ORIENTED_EDGE('',*,*,#6180,.T.);
#6180 = EDGE_CURVE('',#1481,#6181,#6183,.T.);
#6181 = VERTEX_POINT('',#6182);
#6182 = CARTESIAN_POINT('',(2.5,85.160254037844,17.));
#6183 = SEAM_CURVE('',#6184,(#6188,#6195),.PCURVE_S1.);
#6184 = LINE('',#6185,#6186);
#6185 = CARTESIAN_POINT('',(-1.,85.160254037844,17.));
#6186 = VECTOR('',#6187,1.);
#6187 = DIRECTION('',(1.,0.,0.));
#6188 = PCURVE('',#1501,#6189);
#6189 = DEFINITIONAL_REPRESENTATION('',(#6190),#6194);
#6190 = LINE('',#6191,#6192);
#6191 = CARTESIAN_POINT('',(-6.28318530718,0.));
#6192 = VECTOR('',#6193,1.);
#6193 = DIRECTION('',(-0.,-1.));
#6194 = ( GEOMETRIC_REPRESENTATION_CONTEXT(2) 
PARAMETRIC_REPRESENTATION_CONTEXT() REPRESENTATION_CONTEXT('2D SPACE',''
  ) );
#6195 = PCURVE('',#1501,#6196);
#6196 = DEFINITIONAL_REPRESENTATION('',(#6197),#6201);
#6197 = LINE('',#6198,#6199);
#6198 = CARTESIAN_POINT('',(-0.,0.));
#6199 = VECTOR('',#6200,1.);
#6200 = DIRECTION('',(-0.,-1.));
#6201 = ( GEOMETRIC_REPRESENTATION_CONTEXT(2) 
PARAMETRIC_REPRESENTATION_CONTEXT() REPRESENTATION_CONTEXT('2D SPACE',''
  ) );
#6202 = ORIENTED_EDGE('',*,*,#6203,.F.);
#6203 = EDGE_CURVE('',#6181,#6181,#6204,.T.);
#6204 = SURFACE_CURVE('',#6205,(#6210,#6217),.PCURVE_S1.);
#6205 = CIRCLE('',#6206,1.5);
#6206 = AXIS2_PLACEMENT_3D('',#6207,#6208,#6209);
#6207 = CARTESIAN_POINT('',(2.5,83.660254037844,17.));
#6208 = DIRECTION('',(-1.,0.,0.));
#6209 = DIRECTION('',(0.,1.,0.));
#6210 = PCURVE('',#1501,#6211);
#6211 = DEFINITIONAL_REPRESENTATION('',(#6212),#6216);
#6212 = LINE('',#6213,#6214);
#6213 = CARTESIAN_POINT('',(-6.28318530718,-3.5));
#6214 = VECTOR('',#6215,1.);
#6215 = DIRECTION('',(1.,-0.));
#6216 = ( GEOMETRIC_REPRESENTATION_CONTEXT(2) 
PARAMETRIC_REPRESENTATION_CONTEXT() REPRESENTATION_CONTEXT('2D SPACE',''
  ) );
#6217 = PCURVE('',#5025,#6218);
#6218 = DEFINITIONAL_REPRESENTATION('',(#6219),#6227);
#6219 = ( BOUNDED_CURVE() B_SPLINE_CURVE(2,(#6220,#6221,#6222,#6223,
#6224,#6225,#6226),.UNSPECIFIED.,.T.,.F.) B_SPLINE_CURVE_WITH_KNOTS((1,2
    ,2,2,2,1),(-2.094395102393,0.,2.094395102393,4.188790204786,
6.28318530718,8.377580409573),.UNSPECIFIED.) CURVE() 
GEOMETRIC_REPRESENTATION_ITEM() RATIONAL_B_SPLINE_CURVE((1.,0.5,1.,0.5,
1.,0.5,1.)) REPRESENTATION_ITEM('') );
#6220 = CARTESIAN_POINT('',(62.339745962156,7.));
#6221 = CARTESIAN_POINT('',(62.339745962156,9.598076211353));
#6222 = CARTESIAN_POINT('',(64.589745962156,8.299038105677));
#6223 = CARTESIAN_POINT('',(66.839745962156,7.));
#6224 = CARTESIAN_POINT('',(64.589745962156,5.700961894323));
#6225 = CARTESIAN_POINT('',(62.339745962156,4.401923788647));
#6226 = CARTESIAN_POINT('',(62.339745962156,7.));
#6227 = ( GEOMETRIC_REPRESENTATION_CONTEXT(2) 
PARAMETRIC_REPRESENTATION_CONTEXT() REPRESENTATION_CONTEXT('2D SPACE',''
  ) );
#6228 = ORIENTED_EDGE('',*,*,#6180,.F.);
#6229 = ADVANCED_FACE('',(#6230),#1536,.F.);
#6230 = FACE_BOUND('',#6231,.T.);
#6231 = EDGE_LOOP('',(#6232,#6233,#6256,#6282));
#6232 = ORIENTED_EDGE('',*,*,#1515,.T.);
#6233 = ORIENTED_EDGE('',*,*,#6234,.T.);
#6234 = EDGE_CURVE('',#1516,#6235,#6237,.T.);
#6235 = VERTEX_POINT('',#6236);
#6236 = CARTESIAN_POINT('',(2.5,79.25,17.236860279186));
#6237 = SEAM_CURVE('',#6238,(#6242,#6249),.PCURVE_S1.);
#6238 = LINE('',#6239,#6240);
#6239 = CARTESIAN_POINT('',(-1.,79.25,17.236860279186));
#6240 = VECTOR('',#6241,1.);
#6241 = DIRECTION('',(1.,0.,0.));
#6242 = PCURVE('',#1536,#6243);
#6243 = DEFINITIONAL_REPRESENTATION('',(#6244),#6248);
#6244 = LINE('',#6245,#6246);
#6245 = CARTESIAN_POINT('',(-6.28318530718,0.));
#6246 = VECTOR('',#6247,1.);
#6247 = DIRECTION('',(-0.,-1.));
#6248 = ( GEOMETRIC_REPRESENTATION_CONTEXT(2) 
PARAMETRIC_REPRESENTATION_CONTEXT() REPRESENTATION_CONTEXT('2D SPACE',''
  ) );
#6249 = PCURVE('',#1536,#6250);
#6250 = DEFINITIONAL_REPRESENTATION('',(#6251),#6255);
#6251 = LINE('',#6252,#6253);
#6252 = CARTESIAN_POINT('',(-0.,0.));
#6253 = VECTOR('',#6254,1.);
#6254 = DIRECTION('',(-0.,-1.));
#6255 = ( GEOMETRIC_REPRESENTATION_CONTEXT(2) 
PARAMETRIC_REPRESENTATION_CONTEXT() REPRESENTATION_CONTEXT('2D SPACE',''
  ) );
#6256 = ORIENTED_EDGE('',*,*,#6257,.F.);
#6257 = EDGE_CURVE('',#6235,#6235,#6258,.T.);
#6258 = SURFACE_CURVE('',#6259,(#6264,#6271),.PCURVE_S1.);
#6259 = CIRCLE('',#6260,1.5);
#6260 = AXIS2_PLACEMENT_3D('',#6261,#6262,#6263);
#6261 = CARTESIAN_POINT('',(2.5,77.75,17.236860279186));
#6262 = DIRECTION('',(-1.,0.,0.));
#6263 = DIRECTION('',(0.,1.,0.));
#6264 = PCURVE('',#1536,#6265);
#6265 = DEFINITIONAL_REPRESENTATION('',(#6266),#6270);
#6266 = LINE('',#6267,#6268);
#6267 = CARTESIAN_POINT('',(-6.28318530718,-3.5));
#6268 = VECTOR('',#6269,1.);
#6269 = DIRECTION('',(1.,-0.));
#6270 = ( GEOMETRIC_REPRESENTATION_CONTEXT(2) 
PARAMETRIC_REPRESENTATION_CONTEXT() REPRESENTATION_CONTEXT('2D SPACE',''
  ) );
#6271 = PCURVE('',#5025,#6272);
#6272 = DEFINITIONAL_REPRESENTATION('',(#6273),#6281);
#6273 = ( BOUNDED_CURVE() B_SPLINE_CURVE(2,(#6274,#6275,#6276,#6277,
#6278,#6279,#6280),.UNSPECIFIED.,.T.,.F.) B_SPLINE_CURVE_WITH_KNOTS((1,2
    ,2,2,2,1),(-2.094395102393,0.,2.094395102393,4.188790204786,
6.28318530718,8.377580409573),.UNSPECIFIED.) CURVE() 
GEOMETRIC_REPRESENTATION_ITEM() RATIONAL_B_SPLINE_CURVE((1.,0.5,1.,0.5,
1.,0.5,1.)) REPRESENTATION_ITEM('') );
#6274 = CARTESIAN_POINT('',(68.25,6.763139720814));
#6275 = CARTESIAN_POINT('',(68.25,9.361215932168));
#6276 = CARTESIAN_POINT('',(70.5,8.062177826491));
#6277 = CARTESIAN_POINT('',(72.75,6.763139720814));
#6278 = CARTESIAN_POINT('',(70.5,5.464101615138));
#6279 = CARTESIAN_POINT('',(68.25,4.165063509461));
#6280 = CARTESIAN_POINT('',(68.25,6.763139720814));
#6281 = ( GEOMETRIC_REPRESENTATION_CONTEXT(2) 
PARAMETRIC_REPRESENTATION_CONTEXT() REPRESENTATION_CONTEXT('2D SPACE',''
  ) );
#6282 = ORIENTED_EDGE('',*,*,#6234,.F.);
#6283 = ADVANCED_FACE('',(#6284),#1571,.F.);
#6284 = FACE_BOUND('',#6285,.T.);
#6285 = EDGE_LOOP('',(#6286,#6287,#6310,#6336));
#6286 = ORIENTED_EDGE('',*,*,#1550,.T.);
#6287 = ORIENTED_EDGE('',*,*,#6288,.T.);
#6288 = EDGE_CURVE('',#1551,#6289,#6291,.T.);
#6289 = VERTEX_POINT('',#6290);
#6290 = CARTESIAN_POINT('',(2.5,86.5,22.));
#6291 = SEAM_CURVE('',#6292,(#6296,#6303),.PCURVE_S1.);
#6292 = LINE('',#6293,#6294);
#6293 = CARTESIAN_POINT('',(-1.,86.5,22.));
#6294 = VECTOR('',#6295,1.);
#6295 = DIRECTION('',(1.,0.,0.));
#6296 = PCURVE('',#1571,#6297);
#6297 = DEFINITIONAL_REPRESENTATION('',(#6298),#6302);
#6298 = LINE('',#6299,#6300);
#6299 = CARTESIAN_POINT('',(-6.28318530718,0.));
#6300 = VECTOR('',#6301,1.);
#6301 = DIRECTION('',(-0.,-1.));
#6302 = ( GEOMETRIC_REPRESENTATION_CONTEXT(2) 
PARAMETRIC_REPRESENTATION_CONTEXT() REPRESENTATION_CONTEXT('2D SPACE',''
  ) );
#6303 = PCURVE('',#1571,#6304);
#6304 = DEFINITIONAL_REPRESENTATION('',(#6305),#6309);
#6305 = LINE('',#6306,#6307);
#6306 = CARTESIAN_POINT('',(-0.,0.));
#6307 = VECTOR('',#6308,1.);
#6308 = DIRECTION('',(-0.,-1.));
#6309 = ( GEOMETRIC_REPRESENTATION_CONTEXT(2) 
PARAMETRIC_REPRESENTATION_CONTEXT() REPRESENTATION_CONTEXT('2D SPACE',''
  ) );
#6310 = ORIENTED_EDGE('',*,*,#6311,.F.);
#6311 = EDGE_CURVE('',#6289,#6289,#6312,.T.);
#6312 = SURFACE_CURVE('',#6313,(#6318,#6325),.PCURVE_S1.);
#6313 = CIRCLE('',#6314,1.5);
#6314 = AXIS2_PLACEMENT_3D('',#6315,#6316,#6317);
#6315 = CARTESIAN_POINT('',(2.5,85.,22.));
#6316 = DIRECTION('',(-1.,0.,0.));
#6317 = DIRECTION('',(0.,1.,0.));
#6318 = PCURVE('',#1571,#6319);
#6319 = DEFINITIONAL_REPRESENTATION('',(#6320),#6324);
#6320 = LINE('',#6321,#6322);
#6321 = CARTESIAN_POINT('',(-6.28318530718,-3.5));
#6322 = VECTOR('',#6323,1.);
#6323 = DIRECTION('',(1.,-0.));
#6324 = ( GEOMETRIC_REPRESENTATION_CONTEXT(2) 
PARAMETRIC_REPRESENTATION_CONTEXT() REPRESENTATION_CONTEXT('2D SPACE',''
  ) );
#6325 = PCURVE('',#5025,#6326);
#6326 = DEFINITIONAL_REPRESENTATION('',(#6327),#6335);
#6327 = ( BOUNDED_CURVE() B_SPLINE_CURVE(2,(#6328,#6329,#6330,#6331,
#6332,#6333,#6334),.UNSPECIFIED.,.T.,.F.) B_SPLINE_CURVE_WITH_KNOTS((1,2
    ,2,2,2,1),(-2.094395102393,0.,2.094395102393,4.188790204786,
6.28318530718,8.377580409573),.UNSPECIFIED.) CURVE() 
GEOMETRIC_REPRESENTATION_ITEM() RATIONAL_B_SPLINE_CURVE((1.,0.5,1.,0.5,
1.,0.5,1.)) REPRESENTATION_ITEM('') );
#6328 = CARTESIAN_POINT('',(61.,2.));
#6329 = CARTESIAN_POINT('',(61.,4.598076211353));
#6330 = CARTESIAN_POINT('',(63.25,3.299038105677));
#6331 = CARTESIAN_POINT('',(65.5,2.));
#6332 = CARTESIAN_POINT('',(63.25,0.700961894323));
#6333 = CARTESIAN_POINT('',(61.,-0.598076211353));
#6334 = CARTESIAN_POINT('',(61.,2.));
#6335 = ( GEOMETRIC_REPRESENTATION_CONTEXT(2) 
PARAMETRIC_REPRESENTATION_CONTEXT() REPRESENTATION_CONTEXT('2D SPACE',''
  ) );
#6336 = ORIENTED_EDGE('',*,*,#6288,.F.);
#6337 = ADVANCED_FACE('',(#6338),#1606,.F.);
#6338 = FACE_BOUND('',#6339,.T.);
#6339 = EDGE_LOOP('',(#6340,#6341,#6364,#6390));
#6340 = ORIENTED_EDGE('',*,*,#1585,.T.);
#6341 = ORIENTED_EDGE('',*,*,#6342,.T.);
#6342 = EDGE_CURVE('',#1586,#6343,#6345,.T.);
#6343 = VERTEX_POINT('',#6344);
#6344 = CARTESIAN_POINT('',(2.5,82.,22.));
#6345 = SEAM_CURVE('',#6346,(#6350,#6357),.PCURVE_S1.);
#6346 = LINE('',#6347,#6348);
#6347 = CARTESIAN_POINT('',(-1.,82.,22.));
#6348 = VECTOR('',#6349,1.);
#6349 = DIRECTION('',(1.,0.,0.));
#6350 = PCURVE('',#1606,#6351);
#6351 = DEFINITIONAL_REPRESENTATION('',(#6352),#6356);
#6352 = LINE('',#6353,#6354);
#6353 = CARTESIAN_POINT('',(-6.28318530718,0.));
#6354 = VECTOR('',#6355,1.);
#6355 = DIRECTION('',(-0.,-1.));
#6356 = ( GEOMETRIC_REPRESENTATION_CONTEXT(2) 
PARAMETRIC_REPRESENTATION_CONTEXT() REPRESENTATION_CONTEXT('2D SPACE',''
  ) );
#6357 = PCURVE('',#1606,#6358);
#6358 = DEFINITIONAL_REPRESENTATION('',(#6359),#6363);
#6359 = LINE('',#6360,#6361);
#6360 = CARTESIAN_POINT('',(-0.,0.));
#6361 = VECTOR('',#6362,1.);
#6362 = DIRECTION('',(-0.,-1.));
#6363 = ( GEOMETRIC_REPRESENTATION_CONTEXT(2) 
PARAMETRIC_REPRESENTATION_CONTEXT() REPRESENTATION_CONTEXT('2D SPACE',''
  ) );
#6364 = ORIENTED_EDGE('',*,*,#6365,.F.);
#6365 = EDGE_CURVE('',#6343,#6343,#6366,.T.);
#6366 = SURFACE_CURVE('',#6367,(#6372,#6379),.PCURVE_S1.);
#6367 = CIRCLE('',#6368,1.5);
#6368 = AXIS2_PLACEMENT_3D('',#6369,#6370,#6371);
#6369 = CARTESIAN_POINT('',(2.5,80.5,22.));
#6370 = DIRECTION('',(-1.,0.,0.));
#6371 = DIRECTION('',(0.,1.,0.));
#6372 = PCURVE('',#1606,#6373);
#6373 = DEFINITIONAL_REPRESENTATION('',(#6374),#6378);
#6374 = LINE('',#6375,#6376);
#6375 = CARTESIAN_POINT('',(-6.28318530718,-3.5));
#6376 = VECTOR('',#6377,1.);
#6377 = DIRECTION('',(1.,-0.));
#6378 = ( GEOMETRIC_REPRESENTATION_CONTEXT(2) 
PARAMETRIC_REPRESENTATION_CONTEXT() REPRESENTATION_CONTEXT('2D SPACE',''
  ) );
#6379 = PCURVE('',#5025,#6380);
#6380 = DEFINITIONAL_REPRESENTATION('',(#6381),#6389);
#6381 = ( BOUNDED_CURVE() B_SPLINE_CURVE(2,(#6382,#6383,#6384,#6385,
#6386,#6387,#6388),.UNSPECIFIED.,.T.,.F.) B_SPLINE_CURVE_WITH_KNOTS((1,2
    ,2,2,2,1),(-2.094395102393,0.,2.094395102393,4.188790204786,
6.28318530718,8.377580409573),.UNSPECIFIED.) CURVE() 
GEOMETRIC_REPRESENTATION_ITEM() RATIONAL_B_SPLINE_CURVE((1.,0.5,1.,0.5,
1.,0.5,1.)) REPRESENTATION_ITEM('') );
#6382 = CARTESIAN_POINT('',(65.5,2.));
#6383 = CARTESIAN_POINT('',(65.5,4.598076211353));
#6384 = CARTESIAN_POINT('',(67.75,3.299038105677));
#6385 = CARTESIAN_POINT('',(70.,2.));
#6386 = CARTESIAN_POINT('',(67.75,0.700961894323));
#6387 = CARTESIAN_POINT('',(65.5,-0.598076211353));
#6388 = CARTESIAN_POINT('',(65.5,2.));
#6389 = ( GEOMETRIC_REPRESENTATION_CONTEXT(2) 
PARAMETRIC_REPRESENTATION_CONTEXT() REPRESENTATION_CONTEXT('2D SPACE',''
  ) );
#6390 = ORIENTED_EDGE('',*,*,#6342,.F.);
#6391 = ADVANCED_FACE('',(#6392),#1641,.F.);
#6392 = FACE_BOUND('',#6393,.T.);
#6393 = EDGE_LOOP('',(#6394,#6395,#6418,#6444));
#6394 = ORIENTED_EDGE('',*,*,#1620,.T.);
#6395 = ORIENTED_EDGE('',*,*,#6396,.T.);
#6396 = EDGE_CURVE('',#1621,#6397,#6399,.T.);
#6397 = VERTEX_POINT('',#6398);
#6398 = CARTESIAN_POINT('',(2.5,76.5,12.));
#6399 = SEAM_CURVE('',#6400,(#6404,#6411),.PCURVE_S1.);
#6400 = LINE('',#6401,#6402);
#6401 = CARTESIAN_POINT('',(-1.,76.5,12.));
#6402 = VECTOR('',#6403,1.);
#6403 = DIRECTION('',(1.,0.,0.));
#6404 = PCURVE('',#1641,#6405);
#6405 = DEFINITIONAL_REPRESENTATION('',(#6406),#6410);
#6406 = LINE('',#6407,#6408);
#6407 = CARTESIAN_POINT('',(-6.28318530718,0.));
#6408 = VECTOR('',#6409,1.);
#6409 = DIRECTION('',(-0.,-1.));
#6410 = ( GEOMETRIC_REPRESENTATION_CONTEXT(2) 
PARAMETRIC_REPRESENTATION_CONTEXT() REPRESENTATION_CONTEXT('2D SPACE',''
  ) );
#6411 = PCURVE('',#1641,#6412);
#6412 = DEFINITIONAL_REPRESENTATION('',(#6413),#6417);
#6413 = LINE('',#6414,#6415);
#6414 = CARTESIAN_POINT('',(-0.,0.));
#6415 = VECTOR('',#6416,1.);
#6416 = DIRECTION('',(-0.,-1.));
#6417 = ( GEOMETRIC_REPRESENTATION_CONTEXT(2) 
PARAMETRIC_REPRESENTATION_CONTEXT() REPRESENTATION_CONTEXT('2D SPACE',''
  ) );
#6418 = ORIENTED_EDGE('',*,*,#6419,.F.);
#6419 = EDGE_CURVE('',#6397,#6397,#6420,.T.);
#6420 = SURFACE_CURVE('',#6421,(#6426,#6433),.PCURVE_S1.);
#6421 = CIRCLE('',#6422,1.5);
#6422 = AXIS2_PLACEMENT_3D('',#6423,#6424,#6425);
#6423 = CARTESIAN_POINT('',(2.5,75.,12.));
#6424 = DIRECTION('',(-1.,0.,0.));
#6425 = DIRECTION('',(0.,1.,0.));
#6426 = PCURVE('',#1641,#6427);
#6427 = DEFINITIONAL_REPRESENTATION('',(#6428),#6432);
#6428 = LINE('',#6429,#6430);
#6429 = CARTESIAN_POINT('',(-6.28318530718,-3.5));
#6430 = VECTOR('',#6431,1.);
#6431 = DIRECTION('',(1.,-0.));
#6432 = ( GEOMETRIC_REPRESENTATION_CONTEXT(2) 
PARAMETRIC_REPRESENTATION_CONTEXT() REPRESENTATION_CONTEXT('2D SPACE',''
  ) );
#6433 = PCURVE('',#5025,#6434);
#6434 = DEFINITIONAL_REPRESENTATION('',(#6435),#6443);
#6435 = ( BOUNDED_CURVE() B_SPLINE_CURVE(2,(#6436,#6437,#6438,#6439,
#6440,#6441,#6442),.UNSPECIFIED.,.T.,.F.) B_SPLINE_CURVE_WITH_KNOTS((1,2
    ,2,2,2,1),(-2.094395102393,0.,2.094395102393,4.188790204786,
6.28318530718,8.377580409573),.UNSPECIFIED.) CURVE() 
GEOMETRIC_REPRESENTATION_ITEM() RATIONAL_B_SPLINE_CURVE((1.,0.5,1.,0.5,
1.,0.5,1.)) REPRESENTATION_ITEM('') );
#6436 = CARTESIAN_POINT('',(71.,12.));
#6437 = CARTESIAN_POINT('',(71.,14.598076211353));
#6438 = CARTESIAN_POINT('',(73.25,13.299038105677));
#6439 = CARTESIAN_POINT('',(75.5,12.));
#6440 = CARTESIAN_POINT('',(73.25,10.700961894323));
#6441 = CARTESIAN_POINT('',(71.,9.401923788647));
#6442 = CARTESIAN_POINT('',(71.,12.));
#6443 = ( GEOMETRIC_REPRESENTATION_CONTEXT(2) 
PARAMETRIC_REPRESENTATION_CONTEXT() REPRESENTATION_CONTEXT('2D SPACE',''
  ) );
#6444 = ORIENTED_EDGE('',*,*,#6396,.F.);
#6445 = ADVANCED_FACE('',(#6446),#1676,.F.);
#6446 = FACE_BOUND('',#6447,.T.);
#6447 = EDGE_LOOP('',(#6448,#6449,#6472,#6498));
#6448 = ORIENTED_EDGE('',*,*,#1655,.T.);
#6449 = ORIENTED_EDGE('',*,*,#6450,.T.);
#6450 = EDGE_CURVE('',#1656,#6451,#6453,.T.);
#6451 = VERTEX_POINT('',#6452);
#6452 = CARTESIAN_POINT('',(2.5,71.5,13.339745962156));
#6453 = SEAM_CURVE('',#6454,(#6458,#6465),.PCURVE_S1.);
#6454 = LINE('',#6455,#6456);
#6455 = CARTESIAN_POINT('',(-1.,71.5,13.339745962156));
#6456 = VECTOR('',#6457,1.);
#6457 = DIRECTION('',(1.,0.,0.));
#6458 = PCURVE('',#1676,#6459);
#6459 = DEFINITIONAL_REPRESENTATION('',(#6460),#6464);
#6460 = LINE('',#6461,#6462);
#6461 = CARTESIAN_POINT('',(-6.28318530718,0.));
#6462 = VECTOR('',#6463,1.);
#6463 = DIRECTION('',(-0.,-1.));
#6464 = ( GEOMETRIC_REPRESENTATION_CONTEXT(2) 
PARAMETRIC_REPRESENTATION_CONTEXT() REPRESENTATION_CONTEXT('2D SPACE',''
  ) );
#6465 = PCURVE('',#1676,#6466);
#6466 = DEFINITIONAL_REPRESENTATION('',(#6467),#6471);
#6467 = LINE('',#6468,#6469);
#6468 = CARTESIAN_POINT('',(-0.,0.));
#6469 = VECTOR('',#6470,1.);
#6470 = DIRECTION('',(-0.,-1.));
#6471 = ( GEOMETRIC_REPRESENTATION_CONTEXT(2) 
PARAMETRIC_REPRESENTATION_CONTEXT() REPRESENTATION_CONTEXT('2D SPACE',''
  ) );
#6472 = ORIENTED_EDGE('',*,*,#6473,.F.);
#6473 = EDGE_CURVE('',#6451,#6451,#6474,.T.);
#6474 = SURFACE_CURVE('',#6475,(#6480,#6487),.PCURVE_S1.);
#6475 = CIRCLE('',#6476,1.5);
#6476 = AXIS2_PLACEMENT_3D('',#6477,#6478,#6479);
#6477 = CARTESIAN_POINT('',(2.5,70.,13.339745962156));
#6478 = DIRECTION('',(-1.,0.,0.));
#6479 = DIRECTION('',(0.,1.,0.));
#6480 = PCURVE('',#1676,#6481);
#6481 = DEFINITIONAL_REPRESENTATION('',(#6482),#6486);
#6482 = LINE('',#6483,#6484);
#6483 = CARTESIAN_POINT('',(-6.28318530718,-3.5));
#6484 = VECTOR('',#6485,1.);
#6485 = DIRECTION('',(1.,-0.));
#6486 = ( GEOMETRIC_REPRESENTATION_CONTEXT(2) 
PARAMETRIC_REPRESENTATION_CONTEXT() REPRESENTATION_CONTEXT('2D SPACE',''
  ) );
#6487 = PCURVE('',#5025,#6488);
#6488 = DEFINITIONAL_REPRESENTATION('',(#6489),#6497);
#6489 = ( BOUNDED_CURVE() B_SPLINE_CURVE(2,(#6490,#6491,#6492,#6493,
#6494,#6495,#6496),.UNSPECIFIED.,.T.,.F.) B_SPLINE_CURVE_WITH_KNOTS((1,2
    ,2,2,2,1),(-2.094395102393,0.,2.094395102393,4.188790204786,
6.28318530718,8.377580409573),.UNSPECIFIED.) CURVE() 
GEOMETRIC_REPRESENTATION_ITEM() RATIONAL_B_SPLINE_CURVE((1.,0.5,1.,0.5,
1.,0.5,1.)) REPRESENTATION_ITEM('') );
#6490 = CARTESIAN_POINT('',(76.,10.660254037844));
#6491 = CARTESIAN_POINT('',(76.,13.258330249198));
#6492 = CARTESIAN_POINT('',(78.25,11.959292143521));
#6493 = CARTESIAN_POINT('',(80.5,10.660254037844));
#6494 = CARTESIAN_POINT('',(78.25,9.361215932168));
#6495 = CARTESIAN_POINT('',(76.,8.062177826491));
#6496 = CARTESIAN_POINT('',(76.,10.660254037844));
#6497 = ( GEOMETRIC_REPRESENTATION_CONTEXT(2) 
PARAMETRIC_REPRESENTATION_CONTEXT() REPRESENTATION_CONTEXT('2D SPACE',''
  ) );
#6498 = ORIENTED_EDGE('',*,*,#6450,.F.);
#6499 = ADVANCED_FACE('',(#6500),#1711,.F.);
#6500 = FACE_BOUND('',#6501,.T.);
#6501 = EDGE_LOOP('',(#6502,#6503,#6526,#6552));
#6502 = ORIENTED_EDGE('',*,*,#1690,.T.);
#6503 = ORIENTED_EDGE('',*,*,#6504,.T.);
#6504 = EDGE_CURVE('',#1691,#6505,#6507,.T.);
#6505 = VERTEX_POINT('',#6506);
#6506 = CARTESIAN_POINT('',(2.5,46.7,9.));
#6507 = SEAM_CURVE('',#6508,(#6512,#6519),.PCURVE_S1.);
#6508 = LINE('',#6509,#6510);
#6509 = CARTESIAN_POINT('',(-1.,46.7,9.));
#6510 = VECTOR('',#6511,1.);
#6511 = DIRECTION('',(1.,0.,0.));
#6512 = PCURVE('',#1711,#6513);
#6513 = DEFINITIONAL_REPRESENTATION('',(#6514),#6518);
#6514 = LINE('',#6515,#6516);
#6515 = CARTESIAN_POINT('',(-6.28318530718,0.));
#6516 = VECTOR('',#6517,1.);
#6517 = DIRECTION('',(-0.,-1.));
#6518 = ( GEOMETRIC_REPRESENTATION_CONTEXT(2) 
PARAMETRIC_REPRESENTATION_CONTEXT() REPRESENTATION_CONTEXT('2D SPACE',''
  ) );
#6519 = PCURVE('',#1711,#6520);
#6520 = DEFINITIONAL_REPRESENTATION('',(#6521),#6525);
#6521 = LINE('',#6522,#6523);
#6522 = CARTESIAN_POINT('',(-0.,0.));
#6523 = VECTOR('',#6524,1.);
#6524 = DIRECTION('',(-0.,-1.));
#6525 = ( GEOMETRIC_REPRESENTATION_CONTEXT(2) 
PARAMETRIC_REPRESENTATION_CONTEXT() REPRESENTATION_CONTEXT('2D SPACE',''
  ) );
#6526 = ORIENTED_EDGE('',*,*,#6527,.F.);
#6527 = EDGE_CURVE('',#6505,#6505,#6528,.T.);
#6528 = SURFACE_CURVE('',#6529,(#6534,#6541),.PCURVE_S1.);
#6529 = CIRCLE('',#6530,1.2);
#6530 = AXIS2_PLACEMENT_3D('',#6531,#6532,#6533);
#6531 = CARTESIAN_POINT('',(2.5,45.5,9.));
#6532 = DIRECTION('',(-1.,0.,0.));
#6533 = DIRECTION('',(0.,1.,0.));
#6534 = PCURVE('',#1711,#6535);
#6535 = DEFINITIONAL_REPRESENTATION('',(#6536),#6540);
#6536 = LINE('',#6537,#6538);
#6537 = CARTESIAN_POINT('',(-6.28318530718,-3.5));
#6538 = VECTOR('',#6539,1.);
#6539 = DIRECTION('',(1.,-0.));
#6540 = ( GEOMETRIC_REPRESENTATION_CONTEXT(2) 
PARAMETRIC_REPRESENTATION_CONTEXT() REPRESENTATION_CONTEXT('2D SPACE',''
  ) );
#6541 = PCURVE('',#5025,#6542);
#6542 = DEFINITIONAL_REPRESENTATION('',(#6543),#6551);
#6543 = ( BOUNDED_CURVE() B_SPLINE_CURVE(2,(#6544,#6545,#6546,#6547,
#6548,#6549,#6550),.UNSPECIFIED.,.T.,.F.) B_SPLINE_CURVE_WITH_KNOTS((1,2
    ,2,2,2,1),(-2.094395102393,0.,2.094395102393,4.188790204786,
6.28318530718,8.377580409573),.UNSPECIFIED.) CURVE() 
GEOMETRIC_REPRESENTATION_ITEM() RATIONAL_B_SPLINE_CURVE((1.,0.5,1.,0.5,
1.,0.5,1.)) REPRESENTATION_ITEM('') );
#6544 = CARTESIAN_POINT('',(100.8,15.));
#6545 = CARTESIAN_POINT('',(100.8,17.078460969083));
#6546 = CARTESIAN_POINT('',(102.6,16.039230484541));
#6547 = CARTESIAN_POINT('',(104.4,15.));
#6548 = CARTESIAN_POINT('',(102.6,13.960769515459));
#6549 = CARTESIAN_POINT('',(100.8,12.921539030917));
#6550 = CARTESIAN_POINT('',(100.8,15.));
#6551 = ( GEOMETRIC_REPRESENTATION_CONTEXT(2) 
PARAMETRIC_REPRESENTATION_CONTEXT() REPRESENTATION_CONTEXT('2D SPACE',''
  ) );
#6552 = ORIENTED_EDGE('',*,*,#6504,.F.);
#6553 = ADVANCED_FACE('',(#6554),#1746,.F.);
#6554 = FACE_BOUND('',#6555,.T.);
#6555 = EDGE_LOOP('',(#6556,#6557,#6580,#6606));
#6556 = ORIENTED_EDGE('',*,*,#1725,.T.);
#6557 = ORIENTED_EDGE('',*,*,#6558,.T.);
#6558 = EDGE_CURVE('',#1726,#6559,#6561,.T.);
#6559 = VERTEX_POINT('',#6560);
#6560 = CARTESIAN_POINT('',(2.5,41.2,9.));
#6561 = SEAM_CURVE('',#6562,(#6566,#6573),.PCURVE_S1.);
#6562 = LINE('',#6563,#6564);
#6563 = CARTESIAN_POINT('',(-1.,41.2,9.));
#6564 = VECTOR('',#6565,1.);
#6565 = DIRECTION('',(1.,0.,0.));
#6566 = PCURVE('',#1746,#6567);
#6567 = DEFINITIONAL_REPRESENTATION('',(#6568),#6572);
#6568 = LINE('',#6569,#6570);
#6569 = CARTESIAN_POINT('',(-6.28318530718,0.));
#6570 = VECTOR('',#6571,1.);
#6571 = DIRECTION('',(-0.,-1.));
#6572 = ( GEOMETRIC_REPRESENTATION_CONTEXT(2) 
PARAMETRIC_REPRESENTATION_CONTEXT() REPRESENTATION_CONTEXT('2D SPACE',''
  ) );
#6573 = PCURVE('',#1746,#6574);
#6574 = DEFINITIONAL_REPRESENTATION('',(#6575),#6579);
#6575 = LINE('',#6576,#6577);
#6576 = CARTESIAN_POINT('',(-0.,0.));
#6577 = VECTOR('',#6578,1.);
#6578 = DIRECTION('',(-0.,-1.));
#6579 = ( GEOMETRIC_REPRESENTATION_CONTEXT(2) 
PARAMETRIC_REPRESENTATION_CONTEXT() REPRESENTATION_CONTEXT('2D SPACE',''
  ) );
#6580 = ORIENTED_EDGE('',*,*,#6581,.F.);
#6581 = EDGE_CURVE('',#6559,#6559,#6582,.T.);
#6582 = SURFACE_CURVE('',#6583,(#6588,#6595),.PCURVE_S1.);
#6583 = CIRCLE('',#6584,1.2);
#6584 = AXIS2_PLACEMENT_3D('',#6585,#6586,#6587);
#6585 = CARTESIAN_POINT('',(2.5,40.,9.));
#6586 = DIRECTION('',(-1.,0.,0.));
#6587 = DIRECTION('',(0.,1.,0.));
#6588 = PCURVE('',#1746,#6589);
#6589 = DEFINITIONAL_REPRESENTATION('',(#6590),#6594);
#6590 = LINE('',#6591,#6592);
#6591 = CARTESIAN_POINT('',(-6.28318530718,-3.5));
#6592 = VECTOR('',#6593,1.);
#6593 = DIRECTION('',(1.,-0.));
#6594 = ( GEOMETRIC_REPRESENTATION_CONTEXT(2) 
PARAMETRIC_REPRESENTATION_CONTEXT() REPRESENTATION_CONTEXT('2D SPACE',''
  ) );
#6595 = PCURVE('',#5025,#6596);
#6596 = DEFINITIONAL_REPRESENTATION('',(#6597),#6605);
#6597 = ( BOUNDED_CURVE() B_SPLINE_CURVE(2,(#6598,#6599,#6600,#6601,
#6602,#6603,#6604),.UNSPECIFIED.,.T.,.F.) B_SPLINE_CURVE_WITH_KNOTS((1,2
    ,2,2,2,1),(-2.094395102393,0.,2.094395102393,4.188790204786,
6.28318530718,8.377580409573),.UNSPECIFIED.) CURVE() 
GEOMETRIC_REPRESENTATION_ITEM() RATIONAL_B_SPLINE_CURVE((1.,0.5,1.,0.5,
1.,0.5,1.)) REPRESENTATION_ITEM('') );
#6598 = CARTESIAN_POINT('',(106.3,15.));
#6599 = CARTESIAN_POINT('',(106.3,17.078460969083));
#6600 = CARTESIAN_POINT('',(108.1,16.039230484541));
#6601 = CARTESIAN_POINT('',(109.9,15.));
#6602 = CARTESIAN_POINT('',(108.1,13.960769515459));
#6603 = CARTESIAN_POINT('',(106.3,12.921539030917));
#6604 = CARTESIAN_POINT('',(106.3,15.));
#6605 = ( GEOMETRIC_REPRESENTATION_CONTEXT(2) 
PARAMETRIC_REPRESENTATION_CONTEXT() REPRESENTATION_CONTEXT('2D SPACE',''
  ) );
#6606 = ORIENTED_EDGE('',*,*,#6558,.F.);
#6607 = ADVANCED_FACE('',(#6608),#1781,.F.);
#6608 = FACE_BOUND('',#6609,.T.);
#6609 = EDGE_LOOP('',(#6610,#6611,#6634,#6660));
#6610 = ORIENTED_EDGE('',*,*,#1760,.T.);
#6611 = ORIENTED_EDGE('',*,*,#6612,.T.);
#6612 = EDGE_CURVE('',#1761,#6613,#6615,.T.);
#6613 = VERTEX_POINT('',#6614);
#6614 = CARTESIAN_POINT('',(2.5,35.7,9.));
#6615 = SEAM_CURVE('',#6616,(#6620,#6627),.PCURVE_S1.);
#6616 = LINE('',#6617,#6618);
#6617 = CARTESIAN_POINT('',(-1.,35.7,9.));
#6618 = VECTOR('',#6619,1.);
#6619 = DIRECTION('',(1.,0.,0.));
#6620 = PCURVE('',#1781,#6621);
#6621 = DEFINITIONAL_REPRESENTATION('',(#6622),#6626);
#6622 = LINE('',#6623,#6624);
#6623 = CARTESIAN_POINT('',(-6.28318530718,0.));
#6624 = VECTOR('',#6625,1.);
#6625 = DIRECTION('',(-0.,-1.));
#6626 = ( GEOMETRIC_REPRESENTATION_CONTEXT(2) 
PARAMETRIC_REPRESENTATION_CONTEXT() REPRESENTATION_CONTEXT('2D SPACE',''
  ) );
#6627 = PCURVE('',#1781,#6628);
#6628 = DEFINITIONAL_REPRESENTATION('',(#6629),#6633);
#6629 = LINE('',#6630,#6631);
#6630 = CARTESIAN_POINT('',(-0.,0.));
#6631 = VECTOR('',#6632,1.);
#6632 = DIRECTION('',(-0.,-1.));
#6633 = ( GEOMETRIC_REPRESENTATION_CONTEXT(2) 
PARAMETRIC_REPRESENTATION_CONTEXT() REPRESENTATION_CONTEXT('2D SPACE',''
  ) );
#6634 = ORIENTED_EDGE('',*,*,#6635,.F.);
#6635 = EDGE_CURVE('',#6613,#6613,#6636,.T.);
#6636 = SURFACE_CURVE('',#6637,(#6642,#6649),.PCURVE_S1.);
#6637 = CIRCLE('',#6638,1.2);
#6638 = AXIS2_PLACEMENT_3D('',#6639,#6640,#6641);
#6639 = CARTESIAN_POINT('',(2.5,34.5,9.));
#6640 = DIRECTION('',(-1.,0.,0.));
#6641 = DIRECTION('',(0.,1.,0.));
#6642 = PCURVE('',#1781,#6643);
#6643 = DEFINITIONAL_REPRESENTATION('',(#6644),#6648);
#6644 = LINE('',#6645,#6646);
#6645 = CARTESIAN_POINT('',(-6.28318530718,-3.5));
#6646 = VECTOR('',#6647,1.);
#6647 = DIRECTION('',(1.,-0.));
#6648 = ( GEOMETRIC_REPRESENTATION_CONTEXT(2) 
PARAMETRIC_REPRESENTATION_CONTEXT() REPRESENTATION_CONTEXT('2D SPACE',''
  ) );
#6649 = PCURVE('',#5025,#6650);
#6650 = DEFINITIONAL_REPRESENTATION('',(#6651),#6659);
#6651 = ( BOUNDED_CURVE() B_SPLINE_CURVE(2,(#6652,#6653,#6654,#6655,
#6656,#6657,#6658),.UNSPECIFIED.,.T.,.F.) B_SPLINE_CURVE_WITH_KNOTS((1,2
    ,2,2,2,1),(-2.094395102393,0.,2.094395102393,4.188790204786,
6.28318530718,8.377580409573),.UNSPECIFIED.) CURVE() 
GEOMETRIC_REPRESENTATION_ITEM() RATIONAL_B_SPLINE_CURVE((1.,0.5,1.,0.5,
1.,0.5,1.)) REPRESENTATION_ITEM('') );
#6652 = CARTESIAN_POINT('',(111.8,15.));
#6653 = CARTESIAN_POINT('',(111.8,17.078460969083));
#6654 = CARTESIAN_POINT('',(113.6,16.039230484541));
#6655 = CARTESIAN_POINT('',(115.4,15.));
#6656 = CARTESIAN_POINT('',(113.6,13.960769515459));
#6657 = CARTESIAN_POINT('',(111.8,12.921539030917));
#6658 = CARTESIAN_POINT('',(111.8,15.));
#6659 = ( GEOMETRIC_REPRESENTATION_CONTEXT(2) 
PARAMETRIC_REPRESENTATION_CONTEXT() REPRESENTATION_CONTEXT('2D SPACE',''
  ) );
#6660 = ORIENTED_EDGE('',*,*,#6612,.F.);
#6661 = ADVANCED_FACE('',(#6662),#1816,.F.);
#6662 = FACE_BOUND('',#6663,.T.);
#6663 = EDGE_LOOP('',(#6664,#6665,#6688,#6714));
#6664 = ORIENTED_EDGE('',*,*,#1795,.T.);
#6665 = ORIENTED_EDGE('',*,*,#6666,.T.);
#6666 = EDGE_CURVE('',#1796,#6667,#6669,.T.);
#6667 = VERTEX_POINT('',#6668);
#6668 = CARTESIAN_POINT('',(2.5,30.2,9.));
#6669 = SEAM_CURVE('',#6670,(#6674,#6681),.PCURVE_S1.);
#6670 = LINE('',#6671,#6672);
#6671 = CARTESIAN_POINT('',(-1.,30.2,9.));
#6672 = VECTOR('',#6673,1.);
#6673 = DIRECTION('',(1.,0.,0.));
#6674 = PCURVE('',#1816,#6675);
#6675 = DEFINITIONAL_REPRESENTATION('',(#6676),#6680);
#6676 = LINE('',#6677,#6678);
#6677 = CARTESIAN_POINT('',(-6.28318530718,0.));
#6678 = VECTOR('',#6679,1.);
#6679 = DIRECTION('',(-0.,-1.));
#6680 = ( GEOMETRIC_REPRESENTATION_CONTEXT(2) 
PARAMETRIC_REPRESENTATION_CONTEXT() REPRESENTATION_CONTEXT('2D SPACE',''
  ) );
#6681 = PCURVE('',#1816,#6682);
#6682 = DEFINITIONAL_REPRESENTATION('',(#6683),#6687);
#6683 = LINE('',#6684,#6685);
#6684 = CARTESIAN_POINT('',(-0.,0.));
#6685 = VECTOR('',#6686,1.);
#6686 = DIRECTION('',(-0.,-1.));
#6687 = ( GEOMETRIC_REPRESENTATION_CONTEXT(2) 
PARAMETRIC_REPRESENTATION_CONTEXT() REPRESENTATION_CONTEXT('2D SPACE',''
  ) );
#6688 = ORIENTED_EDGE('',*,*,#6689,.F.);
#6689 = EDGE_CURVE('',#6667,#6667,#6690,.T.);
#6690 = SURFACE_CURVE('',#6691,(#6696,#6703),.PCURVE_S1.);
#6691 = CIRCLE('',#6692,1.2);
#6692 = AXIS2_PLACEMENT_3D('',#6693,#6694,#6695);
#6693 = CARTESIAN_POINT('',(2.5,29.,9.));
#6694 = DIRECTION('',(-1.,0.,0.));
#6695 = DIRECTION('',(0.,1.,0.));
#6696 = PCURVE('',#1816,#6697);
#6697 = DEFINITIONAL_REPRESENTATION('',(#6698),#6702);
#6698 = LINE('',#6699,#6700);
#6699 = CARTESIAN_POINT('',(-6.28318530718,-3.5));
#6700 = VECTOR('',#6701,1.);
#6701 = DIRECTION('',(1.,-0.));
#6702 = ( GEOMETRIC_REPRESENTATION_CONTEXT(2) 
PARAMETRIC_REPRESENTATION_CONTEXT() REPRESENTATION_CONTEXT('2D SPACE',''
  ) );
#6703 = PCURVE('',#5025,#6704);
#6704 = DEFINITIONAL_REPRESENTATION('',(#6705),#6713);
#6705 = ( BOUNDED_CURVE() B_SPLINE_CURVE(2,(#6706,#6707,#6708,#6709,
#6710,#6711,#6712),.UNSPECIFIED.,.T.,.F.) B_SPLINE_CURVE_WITH_KNOTS((1,2
    ,2,2,2,1),(-2.094395102393,0.,2.094395102393,4.188790204786,
6.28318530718,8.377580409573),.UNSPECIFIED.) CURVE() 
GEOMETRIC_REPRESENTATION_ITEM() RATIONAL_B_SPLINE_CURVE((1.,0.5,1.,0.5,
1.,0.5,1.)) REPRESENTATION_ITEM('') );
#6706 = CARTESIAN_POINT('',(117.3,15.));
#6707 = CARTESIAN_POINT('',(117.3,17.078460969083));
#6708 = CARTESIAN_POINT('',(119.1,16.039230484541));
#6709 = CARTESIAN_POINT('',(120.9,15.));
#6710 = CARTESIAN_POINT('',(119.1,13.960769515459));
#6711 = CARTESIAN_POINT('',(117.3,12.921539030917));
#6712 = CARTESIAN_POINT('',(117.3,15.));
#6713 = ( GEOMETRIC_REPRESENTATION_CONTEXT(2) 
PARAMETRIC_REPRESENTATION_CONTEXT() REPRESENTATION_CONTEXT('2D SPACE',''
  ) );
#6714 = ORIENTED_EDGE('',*,*,#6666,.F.);
#6715 = ADVANCED_FACE('',(#6716),#1851,.F.);
#6716 = FACE_BOUND('',#6717,.T.);
#6717 = EDGE_LOOP('',(#6718,#6719,#6742,#6768));
#6718 = ORIENTED_EDGE('',*,*,#1830,.T.);
#6719 = ORIENTED_EDGE('',*,*,#6720,.T.);
#6720 = EDGE_CURVE('',#1831,#6721,#6723,.T.);
#6721 = VERTEX_POINT('',#6722);
#6722 = CARTESIAN_POINT('',(2.5,24.7,9.));
#6723 = SEAM_CURVE('',#6724,(#6728,#6735),.PCURVE_S1.);
#6724 = LINE('',#6725,#6726);
#6725 = CARTESIAN_POINT('',(-1.,24.7,9.));
#6726 = VECTOR('',#6727,1.);
#6727 = DIRECTION('',(1.,0.,0.));
#6728 = PCURVE('',#1851,#6729);
#6729 = DEFINITIONAL_REPRESENTATION('',(#6730),#6734);
#6730 = LINE('',#6731,#6732);
#6731 = CARTESIAN_POINT('',(-6.28318530718,0.));
#6732 = VECTOR('',#6733,1.);
#6733 = DIRECTION('',(-0.,-1.));
#6734 = ( GEOMETRIC_REPRESENTATION_CONTEXT(2) 
PARAMETRIC_REPRESENTATION_CONTEXT() REPRESENTATION_CONTEXT('2D SPACE',''
  ) );
#6735 = PCURVE('',#1851,#6736);
#6736 = DEFINITIONAL_REPRESENTATION('',(#6737),#6741);
#6737 = LINE('',#6738,#6739);
#6738 = CARTESIAN_POINT('',(-0.,0.));
#6739 = VECTOR('',#6740,1.);
#6740 = DIRECTION('',(-0.,-1.));
#6741 = ( GEOMETRIC_REPRESENTATION_CONTEXT(2) 
PARAMETRIC_REPRESENTATION_CONTEXT() REPRESENTATION_CONTEXT('2D SPACE',''
  ) );
#6742 = ORIENTED_EDGE('',*,*,#6743,.F.);
#6743 = EDGE_CURVE('',#6721,#6721,#6744,.T.);
#6744 = SURFACE_CURVE('',#6745,(#6750,#6757),.PCURVE_S1.);
#6745 = CIRCLE('',#6746,1.2);
#6746 = AXIS2_PLACEMENT_3D('',#6747,#6748,#6749);
#6747 = CARTESIAN_POINT('',(2.5,23.5,9.));
#6748 = DIRECTION('',(-1.,0.,0.));
#6749 = DIRECTION('',(0.,1.,0.));
#6750 = PCURVE('',#1851,#6751);
#6751 = DEFINITIONAL_REPRESENTATION('',(#6752),#6756);
#6752 = LINE('',#6753,#6754);
#6753 = CARTESIAN_POINT('',(-6.28318530718,-3.5));
#6754 = VECTOR('',#6755,1.);
#6755 = DIRECTION('',(1.,-0.));
#6756 = ( GEOMETRIC_REPRESENTATION_CONTEXT(2) 
PARAMETRIC_REPRESENTATION_CONTEXT() REPRESENTATION_CONTEXT('2D SPACE',''
  ) );
#6757 = PCURVE('',#5025,#6758);
#6758 = DEFINITIONAL_REPRESENTATION('',(#6759),#6767);
#6759 = ( BOUNDED_CURVE() B_SPLINE_CURVE(2,(#6760,#6761,#6762,#6763,
#6764,#6765,#6766),.UNSPECIFIED.,.T.,.F.) B_SPLINE_CURVE_WITH_KNOTS((1,2
    ,2,2,2,1),(-2.094395102393,0.,2.094395102393,4.188790204786,
6.28318530718,8.377580409573),.UNSPECIFIED.) CURVE() 
GEOMETRIC_REPRESENTATION_ITEM() RATIONAL_B_SPLINE_CURVE((1.,0.5,1.,0.5,
1.,0.5,1.)) REPRESENTATION_ITEM('') );
#6760 = CARTESIAN_POINT('',(122.8,15.));
#6761 = CARTESIAN_POINT('',(122.8,17.078460969083));
#6762 = CARTESIAN_POINT('',(124.6,16.039230484541));
#6763 = CARTESIAN_POINT('',(126.4,15.));
#6764 = CARTESIAN_POINT('',(124.6,13.960769515459));
#6765 = CARTESIAN_POINT('',(122.8,12.921539030917));
#6766 = CARTESIAN_POINT('',(122.8,15.));
#6767 = ( GEOMETRIC_REPRESENTATION_CONTEXT(2) 
PARAMETRIC_REPRESENTATION_CONTEXT() REPRESENTATION_CONTEXT('2D SPACE',''
  ) );
#6768 = ORIENTED_EDGE('',*,*,#6720,.F.);
#6769 = ADVANCED_FACE('',(#6770),#1886,.F.);
#6770 = FACE_BOUND('',#6771,.T.);
#6771 = EDGE_LOOP('',(#6772,#6773,#6796,#6822));
#6772 = ORIENTED_EDGE('',*,*,#1865,.T.);
#6773 = ORIENTED_EDGE('',*,*,#6774,.T.);
#6774 = EDGE_CURVE('',#1866,#6775,#6777,.T.);
#6775 = VERTEX_POINT('',#6776);
#6776 = CARTESIAN_POINT('',(2.5,19.2,9.));
#6777 = SEAM_CURVE('',#6778,(#6782,#6789),.PCURVE_S1.);
#6778 = LINE('',#6779,#6780);
#6779 = CARTESIAN_POINT('',(-1.,19.2,9.));
#6780 = VECTOR('',#6781,1.);
#6781 = DIRECTION('',(1.,0.,0.));
#6782 = PCURVE('',#1886,#6783);
#6783 = DEFINITIONAL_REPRESENTATION('',(#6784),#6788);
#6784 = LINE('',#6785,#6786);
#6785 = CARTESIAN_POINT('',(-6.28318530718,0.));
#6786 = VECTOR('',#6787,1.);
#6787 = DIRECTION('',(-0.,-1.));
#6788 = ( GEOMETRIC_REPRESENTATION_CONTEXT(2) 
PARAMETRIC_REPRESENTATION_CONTEXT() REPRESENTATION_CONTEXT('2D SPACE',''
  ) );
#6789 = PCURVE('',#1886,#6790);
#6790 = DEFINITIONAL_REPRESENTATION('',(#6791),#6795);
#6791 = LINE('',#6792,#6793);
#6792 = CARTESIAN_POINT('',(-0.,0.));
#6793 = VECTOR('',#6794,1.);
#6794 = DIRECTION('',(-0.,-1.));
#6795 = ( GEOMETRIC_REPRESENTATION_CONTEXT(2) 
PARAMETRIC_REPRESENTATION_CONTEXT() REPRESENTATION_CONTEXT('2D SPACE',''
  ) );
#6796 = ORIENTED_EDGE('',*,*,#6797,.F.);
#6797 = EDGE_CURVE('',#6775,#6775,#6798,.T.);
#6798 = SURFACE_CURVE('',#6799,(#6804,#6811),.PCURVE_S1.);
#6799 = CIRCLE('',#6800,1.2);
#6800 = AXIS2_PLACEMENT_3D('',#6801,#6802,#6803);
#6801 = CARTESIAN_POINT('',(2.5,18.,9.));
#6802 = DIRECTION('',(-1.,0.,0.));
#6803 = DIRECTION('',(0.,1.,0.));
#6804 = PCURVE('',#1886,#6805);
#6805 = DEFINITIONAL_REPRESENTATION('',(#6806),#6810);
#6806 = LINE('',#6807,#6808);
#6807 = CARTESIAN_POINT('',(-6.28318530718,-3.5));
#6808 = VECTOR('',#6809,1.);
#6809 = DIRECTION('',(1.,-0.));
#6810 = ( GEOMETRIC_REPRESENTATION_CONTEXT(2) 
PARAMETRIC_REPRESENTATION_CONTEXT() REPRESENTATION_CONTEXT('2D SPACE',''
  ) );
#6811 = PCURVE('',#5025,#6812);
#6812 = DEFINITIONAL_REPRESENTATION('',(#6813),#6821);
#6813 = ( BOUNDED_CURVE() B_SPLINE_CURVE(2,(#6814,#6815,#6816,#6817,
#6818,#6819,#6820),.UNSPECIFIED.,.T.,.F.) B_SPLINE_CURVE_WITH_KNOTS((1,2
    ,2,2,2,1),(-2.094395102393,0.,2.094395102393,4.188790204786,
6.28318530718,8.377580409573),.UNSPECIFIED.) CURVE() 
GEOMETRIC_REPRESENTATION_ITEM() RATIONAL_B_SPLINE_CURVE((1.,0.5,1.,0.5,
1.,0.5,1.)) REPRESENTATION_ITEM('') );
#6814 = CARTESIAN_POINT('',(128.3,15.));
#6815 = CARTESIAN_POINT('',(128.3,17.078460969083));
#6816 = CARTESIAN_POINT('',(130.1,16.039230484541));
#6817 = CARTESIAN_POINT('',(131.9,15.));
#6818 = CARTESIAN_POINT('',(130.1,13.960769515459));
#6819 = CARTESIAN_POINT('',(128.3,12.921539030917));
#6820 = CARTESIAN_POINT('',(128.3,15.));
#6821 = ( GEOMETRIC_REPRESENTATION_CONTEXT(2) 
PARAMETRIC_REPRESENTATION_CONTEXT() REPRESENTATION_CONTEXT('2D SPACE',''
  ) );
#6822 = ORIENTED_EDGE('',*,*,#6774,.F.);
#6823 = ADVANCED_FACE('',(#6824),#1921,.F.);
#6824 = FACE_BOUND('',#6825,.T.);
#6825 = EDGE_LOOP('',(#6826,#6827,#6850,#6876));
#6826 = ORIENTED_EDGE('',*,*,#1900,.T.);
#6827 = ORIENTED_EDGE('',*,*,#6828,.T.);
#6828 = EDGE_CURVE('',#1901,#6829,#6831,.T.);
#6829 = VERTEX_POINT('',#6830);
#6830 = CARTESIAN_POINT('',(2.5,43.95,14.));
#6831 = SEAM_CURVE('',#6832,(#6836,#6843),.PCURVE_S1.);
#6832 = LINE('',#6833,#6834);
#6833 = CARTESIAN_POINT('',(-1.,43.95,14.));
#6834 = VECTOR('',#6835,1.);
#6835 = DIRECTION('',(1.,0.,0.));
#6836 = PCURVE('',#1921,#6837);
#6837 = DEFINITIONAL_REPRESENTATION('',(#6838),#6842);
#6838 = LINE('',#6839,#6840);
#6839 = CARTESIAN_POINT('',(-6.28318530718,0.));
#6840 = VECTOR('',#6841,1.);
#6841 = DIRECTION('',(-0.,-1.));
#6842 = ( GEOMETRIC_REPRESENTATION_CONTEXT(2) 
PARAMETRIC_REPRESENTATION_CONTEXT() REPRESENTATION_CONTEXT('2D SPACE',''
  ) );
#6843 = PCURVE('',#1921,#6844);
#6844 = DEFINITIONAL_REPRESENTATION('',(#6845),#6849);
#6845 = LINE('',#6846,#6847);
#6846 = CARTESIAN_POINT('',(-0.,0.));
#6847 = VECTOR('',#6848,1.);
#6848 = DIRECTION('',(-0.,-1.));
#6849 = ( GEOMETRIC_REPRESENTATION_CONTEXT(2) 
PARAMETRIC_REPRESENTATION_CONTEXT() REPRESENTATION_CONTEXT('2D SPACE',''
  ) );
#6850 = ORIENTED_EDGE('',*,*,#6851,.F.);
#6851 = EDGE_CURVE('',#6829,#6829,#6852,.T.);
#6852 = SURFACE_CURVE('',#6853,(#6858,#6865),.PCURVE_S1.);
#6853 = CIRCLE('',#6854,1.2);
#6854 = AXIS2_PLACEMENT_3D('',#6855,#6856,#6857);
#6855 = CARTESIAN_POINT('',(2.5,42.75,14.));
#6856 = DIRECTION('',(-1.,0.,0.));
#6857 = DIRECTION('',(0.,1.,0.));
#6858 = PCURVE('',#1921,#6859);
#6859 = DEFINITIONAL_REPRESENTATION('',(#6860),#6864);
#6860 = LINE('',#6861,#6862);
#6861 = CARTESIAN_POINT('',(-6.28318530718,-3.5));
#6862 = VECTOR('',#6863,1.);
#6863 = DIRECTION('',(1.,-0.));
#6864 = ( GEOMETRIC_REPRESENTATION_CONTEXT(2) 
PARAMETRIC_REPRESENTATION_CONTEXT() REPRESENTATION_CONTEXT('2D SPACE',''
  ) );
#6865 = PCURVE('',#5025,#6866);
#6866 = DEFINITIONAL_REPRESENTATION('',(#6867),#6875);
#6867 = ( BOUNDED_CURVE() B_SPLINE_CURVE(2,(#6868,#6869,#6870,#6871,
#6872,#6873,#6874),.UNSPECIFIED.,.T.,.F.) B_SPLINE_CURVE_WITH_KNOTS((1,2
    ,2,2,2,1),(-2.094395102393,0.,2.094395102393,4.188790204786,
6.28318530718,8.377580409573),.UNSPECIFIED.) CURVE() 
GEOMETRIC_REPRESENTATION_ITEM() RATIONAL_B_SPLINE_CURVE((1.,0.5,1.,0.5,
1.,0.5,1.)) REPRESENTATION_ITEM('') );
#6868 = CARTESIAN_POINT('',(103.55,10.));
#6869 = CARTESIAN_POINT('',(103.55,12.078460969083));
#6870 = CARTESIAN_POINT('',(105.35,11.039230484541));
#6871 = CARTESIAN_POINT('',(107.15,10.));
#6872 = CARTESIAN_POINT('',(105.35,8.960769515459));
#6873 = CARTESIAN_POINT('',(103.55,7.921539030917));
#6874 = CARTESIAN_POINT('',(103.55,10.));
#6875 = ( GEOMETRIC_REPRESENTATION_CONTEXT(2) 
PARAMETRIC_REPRESENTATION_CONTEXT() REPRESENTATION_CONTEXT('2D SPACE',''
  ) );
#6876 = ORIENTED_EDGE('',*,*,#6828,.F.);
#6877 = ADVANCED_FACE('',(#6878),#1956,.F.);
#6878 = FACE_BOUND('',#6879,.T.);
#6879 = EDGE_LOOP('',(#6880,#6881,#6904,#6930));
#6880 = ORIENTED_EDGE('',*,*,#1935,.T.);
#6881 = ORIENTED_EDGE('',*,*,#6882,.T.);
#6882 = EDGE_CURVE('',#1936,#6883,#6885,.T.);
#6883 = VERTEX_POINT('',#6884);
#6884 = CARTESIAN_POINT('',(2.5,38.45,14.));
#6885 = SEAM_CURVE('',#6886,(#6890,#6897),.PCURVE_S1.);
#6886 = LINE('',#6887,#6888);
#6887 = CARTESIAN_POINT('',(-1.,38.45,14.));
#6888 = VECTOR('',#6889,1.);
#6889 = DIRECTION('',(1.,0.,0.));
#6890 = PCURVE('',#1956,#6891);
#6891 = DEFINITIONAL_REPRESENTATION('',(#6892),#6896);
#6892 = LINE('',#6893,#6894);
#6893 = CARTESIAN_POINT('',(-6.28318530718,0.));
#6894 = VECTOR('',#6895,1.);
#6895 = DIRECTION('',(-0.,-1.));
#6896 = ( GEOMETRIC_REPRESENTATION_CONTEXT(2) 
PARAMETRIC_REPRESENTATION_CONTEXT() REPRESENTATION_CONTEXT('2D SPACE',''
  ) );
#6897 = PCURVE('',#1956,#6898);
#6898 = DEFINITIONAL_REPRESENTATION('',(#6899),#6903);
#6899 = LINE('',#6900,#6901);
#6900 = CARTESIAN_POINT('',(-0.,0.));
#6901 = VECTOR('',#6902,1.);
#6902 = DIRECTION('',(-0.,-1.));
#6903 = ( GEOMETRIC_REPRESENTATION_CONTEXT(2) 
PARAMETRIC_REPRESENTATION_CONTEXT() REPRESENTATION_CONTEXT('2D SPACE',''
  ) );
#6904 = ORIENTED_EDGE('',*,*,#6905,.F.);
#6905 = EDGE_CURVE('',#6883,#6883,#6906,.T.);
#6906 = SURFACE_CURVE('',#6907,(#6912,#6919),.PCURVE_S1.);
#6907 = CIRCLE('',#6908,1.2);
#6908 = AXIS2_PLACEMENT_3D('',#6909,#6910,#6911);
#6909 = CARTESIAN_POINT('',(2.5,37.25,14.));
#6910 = DIRECTION('',(-1.,0.,0.));
#6911 = DIRECTION('',(0.,1.,0.));
#6912 = PCURVE('',#1956,#6913);
#6913 = DEFINITIONAL_REPRESENTATION('',(#6914),#6918);
#6914 = LINE('',#6915,#6916);
#6915 = CARTESIAN_POINT('',(-6.28318530718,-3.5));
#6916 = VECTOR('',#6917,1.);
#6917 = DIRECTION('',(1.,-0.));
#6918 = ( GEOMETRIC_REPRESENTATION_CONTEXT(2) 
PARAMETRIC_REPRESENTATION_CONTEXT() REPRESENTATION_CONTEXT('2D SPACE',''
  ) );
#6919 = PCURVE('',#5025,#6920);
#6920 = DEFINITIONAL_REPRESENTATION('',(#6921),#6929);
#6921 = ( BOUNDED_CURVE() B_SPLINE_CURVE(2,(#6922,#6923,#6924,#6925,
#6926,#6927,#6928),.UNSPECIFIED.,.T.,.F.) B_SPLINE_CURVE_WITH_KNOTS((1,2
    ,2,2,2,1),(-2.094395102393,0.,2.094395102393,4.188790204786,
6.28318530718,8.377580409573),.UNSPECIFIED.) CURVE() 
GEOMETRIC_REPRESENTATION_ITEM() RATIONAL_B_SPLINE_CURVE((1.,0.5,1.,0.5,
1.,0.5,1.)) REPRESENTATION_ITEM('') );
#6922 = CARTESIAN_POINT('',(109.05,10.));
#6923 = CARTESIAN_POINT('',(109.05,12.078460969083));
#6924 = CARTESIAN_POINT('',(110.85,11.039230484541));
#6925 = CARTESIAN_POINT('',(112.65,10.));
#6926 = CARTESIAN_POINT('',(110.85,8.960769515459));
#6927 = CARTESIAN_POINT('',(109.05,7.921539030917));
#6928 = CARTESIAN_POINT('',(109.05,10.));
#6929 = ( GEOMETRIC_REPRESENTATION_CONTEXT(2) 
PARAMETRIC_REPRESENTATION_CONTEXT() REPRESENTATION_CONTEXT('2D SPACE',''
  ) );
#6930 = ORIENTED_EDGE('',*,*,#6882,.F.);
#6931 = ADVANCED_FACE('',(#6932),#1991,.F.);
#6932 = FACE_BOUND('',#6933,.T.);
#6933 = EDGE_LOOP('',(#6934,#6935,#6958,#6984));
#6934 = ORIENTED_EDGE('',*,*,#1970,.T.);
#6935 = ORIENTED_EDGE('',*,*,#6936,.T.);
#6936 = EDGE_CURVE('',#1971,#6937,#6939,.T.);
#6937 = VERTEX_POINT('',#6938);
#6938 = CARTESIAN_POINT('',(2.5,32.95,14.));
#6939 = SEAM_CURVE('',#6940,(#6944,#6951),.PCURVE_S1.);
#6940 = LINE('',#6941,#6942);
#6941 = CARTESIAN_POINT('',(-1.,32.95,14.));
#6942 = VECTOR('',#6943,1.);
#6943 = DIRECTION('',(1.,0.,0.));
#6944 = PCURVE('',#1991,#6945);
#6945 = DEFINITIONAL_REPRESENTATION('',(#6946),#6950);
#6946 = LINE('',#6947,#6948);
#6947 = CARTESIAN_POINT('',(-6.28318530718,0.));
#6948 = VECTOR('',#6949,1.);
#6949 = DIRECTION('',(-0.,-1.));
#6950 = ( GEOMETRIC_REPRESENTATION_CONTEXT(2) 
PARAMETRIC_REPRESENTATION_CONTEXT() REPRESENTATION_CONTEXT('2D SPACE',''
  ) );
#6951 = PCURVE('',#1991,#6952);
#6952 = DEFINITIONAL_REPRESENTATION('',(#6953),#6957);
#6953 = LINE('',#6954,#6955);
#6954 = CARTESIAN_POINT('',(-0.,0.));
#6955 = VECTOR('',#6956,1.);
#6956 = DIRECTION('',(-0.,-1.));
#6957 = ( GEOMETRIC_REPRESENTATION_CONTEXT(2) 
PARAMETRIC_REPRESENTATION_CONTEXT() REPRESENTATION_CONTEXT('2D SPACE',''
  ) );
#6958 = ORIENTED_EDGE('',*,*,#6959,.F.);
#6959 = EDGE_CURVE('',#6937,#6937,#6960,.T.);
#6960 = SURFACE_CURVE('',#6961,(#6966,#6973),.PCURVE_S1.);
#6961 = CIRCLE('',#6962,1.2);
#6962 = AXIS2_PLACEMENT_3D('',#6963,#6964,#6965);
#6963 = CARTESIAN_POINT('',(2.5,31.75,14.));
#6964 = DIRECTION('',(-1.,0.,0.));
#6965 = DIRECTION('',(0.,1.,0.));
#6966 = PCURVE('',#1991,#6967);
#6967 = DEFINITIONAL_REPRESENTATION('',(#6968),#6972);
#6968 = LINE('',#6969,#6970);
#6969 = CARTESIAN_POINT('',(-6.28318530718,-3.5));
#6970 = VECTOR('',#6971,1.);
#6971 = DIRECTION('',(1.,-0.));
#6972 = ( GEOMETRIC_REPRESENTATION_CONTEXT(2) 
PARAMETRIC_REPRESENTATION_CONTEXT() REPRESENTATION_CONTEXT('2D SPACE',''
  ) );
#6973 = PCURVE('',#5025,#6974);
#6974 = DEFINITIONAL_REPRESENTATION('',(#6975),#6983);
#6975 = ( BOUNDED_CURVE() B_SPLINE_CURVE(2,(#6976,#6977,#6978,#6979,
#6980,#6981,#6982),.UNSPECIFIED.,.T.,.F.) B_SPLINE_CURVE_WITH_KNOTS((1,2
    ,2,2,2,1),(-2.094395102393,0.,2.094395102393,4.188790204786,
6.28318530718,8.377580409573),.UNSPECIFIED.) CURVE() 
GEOMETRIC_REPRESENTATION_ITEM() RATIONAL_B_SPLINE_CURVE((1.,0.5,1.,0.5,
1.,0.5,1.)) REPRESENTATION_ITEM('') );
#6976 = CARTESIAN_POINT('',(114.55,10.));
#6977 = CARTESIAN_POINT('',(114.55,12.078460969083));
#6978 = CARTESIAN_POINT('',(116.35,11.039230484541));
#6979 = CARTESIAN_POINT('',(118.15,10.));
#6980 = CARTESIAN_POINT('',(116.35,8.960769515459));
#6981 = CARTESIAN_POINT('',(114.55,7.921539030917));
#6982 = CARTESIAN_POINT('',(114.55,10.));
#6983 = ( GEOMETRIC_REPRESENTATION_CONTEXT(2) 
PARAMETRIC_REPRESENTATION_CONTEXT() REPRESENTATION_CONTEXT('2D SPACE',''
  ) );
#6984 = ORIENTED_EDGE('',*,*,#6936,.F.);
#6985 = ADVANCED_FACE('',(#6986),#2026,.F.);
#6986 = FACE_BOUND('',#6987,.T.);
#6987 = EDGE_LOOP('',(#6988,#6989,#7012,#7038));
#6988 = ORIENTED_EDGE('',*,*,#2005,.T.);
#6989 = ORIENTED_EDGE('',*,*,#6990,.T.);
#6990 = EDGE_CURVE('',#2006,#6991,#6993,.T.);
#6991 = VERTEX_POINT('',#6992);
#6992 = CARTESIAN_POINT('',(2.5,27.45,14.));
#6993 = SEAM_CURVE('',#6994,(#6998,#7005),.PCURVE_S1.);
#6994 = LINE('',#6995,#6996);
#6995 = CARTESIAN_POINT('',(-1.,27.45,14.));
#6996 = VECTOR('',#6997,1.);
#6997 = DIRECTION('',(1.,0.,0.));
#6998 = PCURVE('',#2026,#6999);
#6999 = DEFINITIONAL_REPRESENTATION('',(#7000),#7004);
#7000 = LINE('',#7001,#7002);
#7001 = CARTESIAN_POINT('',(-6.28318530718,0.));
#7002 = VECTOR('',#7003,1.);
#7003 = DIRECTION('',(-0.,-1.));
#7004 = ( GEOMETRIC_REPRESENTATION_CONTEXT(2) 
PARAMETRIC_REPRESENTATION_CONTEXT() REPRESENTATION_CONTEXT('2D SPACE',''
  ) );
#7005 = PCURVE('',#2026,#7006);
#7006 = DEFINITIONAL_REPRESENTATION('',(#7007),#7011);
#7007 = LINE('',#7008,#7009);
#7008 = CARTESIAN_POINT('',(-0.,0.));
#7009 = VECTOR('',#7010,1.);
#7010 = DIRECTION('',(-0.,-1.));
#7011 = ( GEOMETRIC_REPRESENTATION_CONTEXT(2) 
PARAMETRIC_REPRESENTATION_CONTEXT() REPRESENTATION_CONTEXT('2D SPACE',''
  ) );
#7012 = ORIENTED_EDGE('',*,*,#7013,.F.);
#7013 = EDGE_CURVE('',#6991,#6991,#7014,.T.);
#7014 = SURFACE_CURVE('',#7015,(#7020,#7027),.PCURVE_S1.);
#7015 = CIRCLE('',#7016,1.2);
#7016 = AXIS2_PLACEMENT_3D('',#7017,#7018,#7019);
#7017 = CARTESIAN_POINT('',(2.5,26.25,14.));
#7018 = DIRECTION('',(-1.,0.,0.));
#7019 = DIRECTION('',(0.,1.,0.));
#7020 = PCURVE('',#2026,#7021);
#7021 = DEFINITIONAL_REPRESENTATION('',(#7022),#7026);
#7022 = LINE('',#7023,#7024);
#7023 = CARTESIAN_POINT('',(-6.28318530718,-3.5));
#7024 = VECTOR('',#7025,1.);
#7025 = DIRECTION('',(1.,-0.));
#7026 = ( GEOMETRIC_REPRESENTATION_CONTEXT(2) 
PARAMETRIC_REPRESENTATION_CONTEXT() REPRESENTATION_CONTEXT('2D SPACE',''
  ) );
#7027 = PCURVE('',#5025,#7028);
#7028 = DEFINITIONAL_REPRESENTATION('',(#7029),#7037);
#7029 = ( BOUNDED_CURVE() B_SPLINE_CURVE(2,(#7030,#7031,#7032,#7033,
#7034,#7035,#7036),.UNSPECIFIED.,.T.,.F.) B_SPLINE_CURVE_WITH_KNOTS((1,2
    ,2,2,2,1),(-2.094395102393,0.,2.094395102393,4.188790204786,
6.28318530718,8.377580409573),.UNSPECIFIED.) CURVE() 
GEOMETRIC_REPRESENTATION_ITEM() RATIONAL_B_SPLINE_CURVE((1.,0.5,1.,0.5,
1.,0.5,1.)) REPRESENTATION_ITEM('') );
#7030 = CARTESIAN_POINT('',(120.05,10.));
#7031 = CARTESIAN_POINT('',(120.05,12.078460969083));
#7032 = CARTESIAN_POINT('',(121.85,11.039230484541));
#7033 = CARTESIAN_POINT('',(123.65,10.));
#7034 = CARTESIAN_POINT('',(121.85,8.960769515459));
#7035 = CARTESIAN_POINT('',(120.05,7.921539030917));
#7036 = CARTESIAN_POINT('',(120.05,10.));
#7037 = ( GEOMETRIC_REPRESENTATION_CONTEXT(2) 
PARAMETRIC_REPRESENTATION_CONTEXT() REPRESENTATION_CONTEXT('2D SPACE',''
  ) );
#7038 = ORIENTED_EDGE('',*,*,#6990,.F.);
#7039 = ADVANCED_FACE('',(#7040),#2061,.F.);
#7040 = FACE_BOUND('',#7041,.T.);
#7041 = EDGE_LOOP('',(#7042,#7043,#7066,#7092));
#7042 = ORIENTED_EDGE('',*,*,#2040,.T.);
#7043 = ORIENTED_EDGE('',*,*,#7044,.T.);
#7044 = EDGE_CURVE('',#2041,#7045,#7047,.T.);
#7045 = VERTEX_POINT('',#7046);
#7046 = CARTESIAN_POINT('',(2.5,21.95,14.));
#7047 = SEAM_CURVE('',#7048,(#7052,#7059),.PCURVE_S1.);
#7048 = LINE('',#7049,#7050);
#7049 = CARTESIAN_POINT('',(-1.,21.95,14.));
#7050 = VECTOR('',#7051,1.);
#7051 = DIRECTION('',(1.,0.,0.));
#7052 = PCURVE('',#2061,#7053);
#7053 = DEFINITIONAL_REPRESENTATION('',(#7054),#7058);
#7054 = LINE('',#7055,#7056);
#7055 = CARTESIAN_POINT('',(-6.28318530718,0.));
#7056 = VECTOR('',#7057,1.);
#7057 = DIRECTION('',(-0.,-1.));
#7058 = ( GEOMETRIC_REPRESENTATION_CONTEXT(2) 
PARAMETRIC_REPRESENTATION_CONTEXT() REPRESENTATION_CONTEXT('2D SPACE',''
  ) );
#7059 = PCURVE('',#2061,#7060);
#7060 = DEFINITIONAL_REPRESENTATION('',(#7061),#7065);
#7061 = LINE('',#7062,#7063);
#7062 = CARTESIAN_POINT('',(-0.,0.));
#7063 = VECTOR('',#7064,1.);
#7064 = DIRECTION('',(-0.,-1.));
#7065 = ( GEOMETRIC_REPRESENTATION_CONTEXT(2) 
PARAMETRIC_REPRESENTATION_CONTEXT() REPRESENTATION_CONTEXT('2D SPACE',''
  ) );
#7066 = ORIENTED_EDGE('',*,*,#7067,.F.);
#7067 = EDGE_CURVE('',#7045,#7045,#7068,.T.);
#7068 = SURFACE_CURVE('',#7069,(#7074,#7081),.PCURVE_S1.);
#7069 = CIRCLE('',#7070,1.2);
#7070 = AXIS2_PLACEMENT_3D('',#7071,#7072,#7073);
#7071 = CARTESIAN_POINT('',(2.5,20.75,14.));
#7072 = DIRECTION('',(-1.,0.,0.));
#7073 = DIRECTION('',(0.,1.,0.));
#7074 = PCURVE('',#2061,#7075);
#7075 = DEFINITIONAL_REPRESENTATION('',(#7076),#7080);
#7076 = LINE('',#7077,#7078);
#7077 = CARTESIAN_POINT('',(-6.28318530718,-3.5));
#7078 = VECTOR('',#7079,1.);
#7079 = DIRECTION('',(1.,-0.));
#7080 = ( GEOMETRIC_REPRESENTATION_CONTEXT(2) 
PARAMETRIC_REPRESENTATION_CONTEXT() REPRESENTATION_CONTEXT('2D SPACE',''
  ) );
#7081 = PCURVE('',#5025,#7082);
#7082 = DEFINITIONAL_REPRESENTATION('',(#7083),#7091);
#7083 = ( BOUNDED_CURVE() B_SPLINE_CURVE(2,(#7084,#7085,#7086,#7087,
#7088,#7089,#7090),.UNSPECIFIED.,.T.,.F.) B_SPLINE_CURVE_WITH_KNOTS((1,2
    ,2,2,2,1),(-2.094395102393,0.,2.094395102393,4.188790204786,
6.28318530718,8.377580409573),.UNSPECIFIED.) CURVE() 
GEOMETRIC_REPRESENTATION_ITEM() RATIONAL_B_SPLINE_CURVE((1.,0.5,1.,0.5,
1.,0.5,1.)) REPRESENTATION_ITEM('') );
#7084 = CARTESIAN_POINT('',(125.55,10.));
#7085 = CARTESIAN_POINT('',(125.55,12.078460969083));
#7086 = CARTESIAN_POINT('',(127.35,11.039230484541));
#7087 = CARTESIAN_POINT('',(129.15,10.));
#7088 = CARTESIAN_POINT('',(127.35,8.960769515459));
#7089 = CARTESIAN_POINT('',(125.55,7.921539030917));
#7090 = CARTESIAN_POINT('',(125.55,10.));
#7091 = ( GEOMETRIC_REPRESENTATION_CONTEXT(2) 
PARAMETRIC_REPRESENTATION_CONTEXT() REPRESENTATION_CONTEXT('2D SPACE',''
  ) );
#7092 = ORIENTED_EDGE('',*,*,#7044,.F.);
#7093 = ADVANCED_FACE('',(#7094),#2096,.F.);
#7094 = FACE_BOUND('',#7095,.T.);
#7095 = EDGE_LOOP('',(#7096,#7097,#7120,#7146));
#7096 = ORIENTED_EDGE('',*,*,#2075,.T.);
#7097 = ORIENTED_EDGE('',*,*,#7098,.T.);
#7098 = EDGE_CURVE('',#2076,#7099,#7101,.T.);
#7099 = VERTEX_POINT('',#7100);
#7100 = CARTESIAN_POINT('',(2.5,73.75,17.236860279186));
#7101 = SEAM_CURVE('',#7102,(#7106,#7113),.PCURVE_S1.);
#7102 = LINE('',#7103,#7104);
#7103 = CARTESIAN_POINT('',(-1.,73.75,17.236860279186));
#7104 = VECTOR('',#7105,1.);
#7105 = DIRECTION('',(1.,0.,0.));
#7106 = PCURVE('',#2096,#7107);
#7107 = DEFINITIONAL_REPRESENTATION('',(#7108),#7112);
#7108 = LINE('',#7109,#7110);
#7109 = CARTESIAN_POINT('',(-6.28318530718,0.));
#7110 = VECTOR('',#7111,1.);
#7111 = DIRECTION('',(-0.,-1.));
#7112 = ( GEOMETRIC_REPRESENTATION_CONTEXT(2) 
PARAMETRIC_REPRESENTATION_CONTEXT() REPRESENTATION_CONTEXT('2D SPACE',''
  ) );
#7113 = PCURVE('',#2096,#7114);
#7114 = DEFINITIONAL_REPRESENTATION('',(#7115),#7119);
#7115 = LINE('',#7116,#7117);
#7116 = CARTESIAN_POINT('',(-0.,0.));
#7117 = VECTOR('',#7118,1.);
#7118 = DIRECTION('',(-0.,-1.));
#7119 = ( GEOMETRIC_REPRESENTATION_CONTEXT(2) 
PARAMETRIC_REPRESENTATION_CONTEXT() REPRESENTATION_CONTEXT('2D SPACE',''
  ) );
#7120 = ORIENTED_EDGE('',*,*,#7121,.F.);
#7121 = EDGE_CURVE('',#7099,#7099,#7122,.T.);
#7122 = SURFACE_CURVE('',#7123,(#7128,#7135),.PCURVE_S1.);
#7123 = CIRCLE('',#7124,1.5);
#7124 = AXIS2_PLACEMENT_3D('',#7125,#7126,#7127);
#7125 = CARTESIAN_POINT('',(2.5,72.25,17.236860279186));
#7126 = DIRECTION('',(-1.,0.,0.));
#7127 = DIRECTION('',(0.,1.,0.));
#7128 = PCURVE('',#2096,#7129);
#7129 = DEFINITIONAL_REPRESENTATION('',(#7130),#7134);
#7130 = LINE('',#7131,#7132);
#7131 = CARTESIAN_POINT('',(-6.28318530718,-3.5));
#7132 = VECTOR('',#7133,1.);
#7133 = DIRECTION('',(1.,-0.));
#7134 = ( GEOMETRIC_REPRESENTATION_CONTEXT(2) 
PARAMETRIC_REPRESENTATION_CONTEXT() REPRESENTATION_CONTEXT('2D SPACE',''
  ) );
#7135 = PCURVE('',#5025,#7136);
#7136 = DEFINITIONAL_REPRESENTATION('',(#7137),#7145);
#7137 = ( BOUNDED_CURVE() B_SPLINE_CURVE(2,(#7138,#7139,#7140,#7141,
#7142,#7143,#7144),.UNSPECIFIED.,.T.,.F.) B_SPLINE_CURVE_WITH_KNOTS((1,2
    ,2,2,2,1),(-2.094395102393,0.,2.094395102393,4.188790204786,
6.28318530718,8.377580409573),.UNSPECIFIED.) CURVE() 
GEOMETRIC_REPRESENTATION_ITEM() RATIONAL_B_SPLINE_CURVE((1.,0.5,1.,0.5,
1.,0.5,1.)) REPRESENTATION_ITEM('') );
#7138 = CARTESIAN_POINT('',(73.75,6.763139720814));
#7139 = CARTESIAN_POINT('',(73.75,9.361215932168));
#7140 = CARTESIAN_POINT('',(76.,8.062177826491));
#7141 = CARTESIAN_POINT('',(78.25,6.763139720814));
#7142 = CARTESIAN_POINT('',(76.,5.464101615138));
#7143 = CARTESIAN_POINT('',(73.75,4.165063509461));
#7144 = CARTESIAN_POINT('',(73.75,6.763139720814));
#7145 = ( GEOMETRIC_REPRESENTATION_CONTEXT(2) 
PARAMETRIC_REPRESENTATION_CONTEXT() REPRESENTATION_CONTEXT('2D SPACE',''
  ) );
#7146 = ORIENTED_EDGE('',*,*,#7098,.F.);
#7147 = ADVANCED_FACE('',(#7148),#2131,.F.);
#7148 = FACE_BOUND('',#7149,.T.);
#7149 = EDGE_LOOP('',(#7150,#7151,#7174,#7200));
#7150 = ORIENTED_EDGE('',*,*,#2110,.T.);
#7151 = ORIENTED_EDGE('',*,*,#7152,.T.);
#7152 = EDGE_CURVE('',#2111,#7153,#7155,.T.);
#7153 = VERTEX_POINT('',#7154);
#7154 = CARTESIAN_POINT('',(2.5,67.839745962156,17.));
#7155 = SEAM_CURVE('',#7156,(#7160,#7167),.PCURVE_S1.);
#7156 = LINE('',#7157,#7158);
#7157 = CARTESIAN_POINT('',(-1.,67.839745962156,17.));
#7158 = VECTOR('',#7159,1.);
#7159 = DIRECTION('',(1.,0.,0.));
#7160 = PCURVE('',#2131,#7161);
#7161 = DEFINITIONAL_REPRESENTATION('',(#7162),#7166);
#7162 = LINE('',#7163,#7164);
#7163 = CARTESIAN_POINT('',(-6.28318530718,0.));
#7164 = VECTOR('',#7165,1.);
#7165 = DIRECTION('',(-0.,-1.));
#7166 = ( GEOMETRIC_REPRESENTATION_CONTEXT(2) 
PARAMETRIC_REPRESENTATION_CONTEXT() REPRESENTATION_CONTEXT('2D SPACE',''
  ) );
#7167 = PCURVE('',#2131,#7168);
#7168 = DEFINITIONAL_REPRESENTATION('',(#7169),#7173);
#7169 = LINE('',#7170,#7171);
#7170 = CARTESIAN_POINT('',(-0.,0.));
#7171 = VECTOR('',#7172,1.);
#7172 = DIRECTION('',(-0.,-1.));
#7173 = ( GEOMETRIC_REPRESENTATION_CONTEXT(2) 
PARAMETRIC_REPRESENTATION_CONTEXT() REPRESENTATION_CONTEXT('2D SPACE',''
  ) );
#7174 = ORIENTED_EDGE('',*,*,#7175,.F.);
#7175 = EDGE_CURVE('',#7153,#7153,#7176,.T.);
#7176 = SURFACE_CURVE('',#7177,(#7182,#7189),.PCURVE_S1.);
#7177 = CIRCLE('',#7178,1.5);
#7178 = AXIS2_PLACEMENT_3D('',#7179,#7180,#7181);
#7179 = CARTESIAN_POINT('',(2.5,66.339745962156,17.));
#7180 = DIRECTION('',(-1.,0.,0.));
#7181 = DIRECTION('',(0.,1.,0.));
#7182 = PCURVE('',#2131,#7183);
#7183 = DEFINITIONAL_REPRESENTATION('',(#7184),#7188);
#7184 = LINE('',#7185,#7186);
#7185 = CARTESIAN_POINT('',(-6.28318530718,-3.5));
#7186 = VECTOR('',#7187,1.);
#7187 = DIRECTION('',(1.,-0.));
#7188 = ( GEOMETRIC_REPRESENTATION_CONTEXT(2) 
PARAMETRIC_REPRESENTATION_CONTEXT() REPRESENTATION_CONTEXT('2D SPACE',''
  ) );
#7189 = PCURVE('',#5025,#7190);
#7190 = DEFINITIONAL_REPRESENTATION('',(#7191),#7199);
#7191 = ( BOUNDED_CURVE() B_SPLINE_CURVE(2,(#7192,#7193,#7194,#7195,
#7196,#7197,#7198),.UNSPECIFIED.,.T.,.F.) B_SPLINE_CURVE_WITH_KNOTS((1,2
    ,2,2,2,1),(-2.094395102393,0.,2.094395102393,4.188790204786,
6.28318530718,8.377580409573),.UNSPECIFIED.) CURVE() 
GEOMETRIC_REPRESENTATION_ITEM() RATIONAL_B_SPLINE_CURVE((1.,0.5,1.,0.5,
1.,0.5,1.)) REPRESENTATION_ITEM('') );
#7192 = CARTESIAN_POINT('',(79.660254037844,7.));
#7193 = CARTESIAN_POINT('',(79.660254037844,9.598076211353));
#7194 = CARTESIAN_POINT('',(81.910254037844,8.299038105677));
#7195 = CARTESIAN_POINT('',(84.160254037844,7.));
#7196 = CARTESIAN_POINT('',(81.910254037844,5.700961894323));
#7197 = CARTESIAN_POINT('',(79.660254037844,4.401923788647));
#7198 = CARTESIAN_POINT('',(79.660254037844,7.));
#7199 = ( GEOMETRIC_REPRESENTATION_CONTEXT(2) 
PARAMETRIC_REPRESENTATION_CONTEXT() REPRESENTATION_CONTEXT('2D SPACE',''
  ) );
#7200 = ORIENTED_EDGE('',*,*,#7152,.F.);
#7201 = ADVANCED_FACE('',(#7202),#2166,.F.);
#7202 = FACE_BOUND('',#7203,.T.);
#7203 = EDGE_LOOP('',(#7204,#7205,#7228,#7254));
#7204 = ORIENTED_EDGE('',*,*,#2145,.T.);
#7205 = ORIENTED_EDGE('',*,*,#7206,.T.);
#7206 = EDGE_CURVE('',#2146,#7207,#7209,.T.);
#7207 = VERTEX_POINT('',#7208);
#7208 = CARTESIAN_POINT('',(2.5,76.5,22.));
#7209 = SEAM_CURVE('',#7210,(#7214,#7221),.PCURVE_S1.);
#7210 = LINE('',#7211,#7212);
#7211 = CARTESIAN_POINT('',(-1.,76.5,22.));
#7212 = VECTOR('',#7213,1.);
#7213 = DIRECTION('',(1.,0.,0.));
#7214 = PCURVE('',#2166,#7215);
#7215 = DEFINITIONAL_REPRESENTATION('',(#7216),#7220);
#7216 = LINE('',#7217,#7218);
#7217 = CARTESIAN_POINT('',(-6.28318530718,0.));
#7218 = VECTOR('',#7219,1.);
#7219 = DIRECTION('',(-0.,-1.));
#7220 = ( GEOMETRIC_REPRESENTATION_CONTEXT(2) 
PARAMETRIC_REPRESENTATION_CONTEXT() REPRESENTATION_CONTEXT('2D SPACE',''
  ) );
#7221 = PCURVE('',#2166,#7222);
#7222 = DEFINITIONAL_REPRESENTATION('',(#7223),#7227);
#7223 = LINE('',#7224,#7225);
#7224 = CARTESIAN_POINT('',(-0.,0.));
#7225 = VECTOR('',#7226,1.);
#7226 = DIRECTION('',(-0.,-1.));
#7227 = ( GEOMETRIC_REPRESENTATION_CONTEXT(2) 
PARAMETRIC_REPRESENTATION_CONTEXT() REPRESENTATION_CONTEXT('2D SPACE',''
  ) );
#7228 = ORIENTED_EDGE('',*,*,#7229,.F.);
#7229 = EDGE_CURVE('',#7207,#7207,#7230,.T.);
#7230 = SURFACE_CURVE('',#7231,(#7236,#7243),.PCURVE_S1.);
#7231 = CIRCLE('',#7232,1.5);
#7232 = AXIS2_PLACEMENT_3D('',#7233,#7234,#7235);
#7233 = CARTESIAN_POINT('',(2.5,75.,22.));
#7234 = DIRECTION('',(-1.,0.,0.));
#7235 = DIRECTION('',(0.,1.,0.));
#7236 = PCURVE('',#2166,#7237);
#7237 = DEFINITIONAL_REPRESENTATION('',(#7238),#7242);
#7238 = LINE('',#7239,#7240);
#7239 = CARTESIAN_POINT('',(-6.28318530718,-3.5));
#7240 = VECTOR('',#7241,1.);
#7241 = DIRECTION('',(1.,-0.));
#7242 = ( GEOMETRIC_REPRESENTATION_CONTEXT(2) 
PARAMETRIC_REPRESENTATION_CONTEXT() REPRESENTATION_CONTEXT('2D SPACE',''
  ) );
#7243 = PCURVE('',#5025,#7244);
#7244 = DEFINITIONAL_REPRESENTATION('',(#7245),#7253);
#7245 = ( BOUNDED_CURVE() B_SPLINE_CURVE(2,(#7246,#7247,#7248,#7249,
#7250,#7251,#7252),.UNSPECIFIED.,.T.,.F.) B_SPLINE_CURVE_WITH_KNOTS((1,2
    ,2,2,2,1),(-2.094395102393,0.,2.094395102393,4.188790204786,
6.28318530718,8.377580409573),.UNSPECIFIED.) CURVE() 
GEOMETRIC_REPRESENTATION_ITEM() RATIONAL_B_SPLINE_CURVE((1.,0.5,1.,0.5,
1.,0.5,1.)) REPRESENTATION_ITEM('') );
#7246 = CARTESIAN_POINT('',(71.,2.));
#7247 = CARTESIAN_POINT('',(71.,4.598076211353));
#7248 = CARTESIAN_POINT('',(73.25,3.299038105677));
#7249 = CARTESIAN_POINT('',(75.5,2.));
#7250 = CARTESIAN_POINT('',(73.25,0.700961894323));
#7251 = CARTESIAN_POINT('',(71.,-0.598076211353));
#7252 = CARTESIAN_POINT('',(71.,2.));
#7253 = ( GEOMETRIC_REPRESENTATION_CONTEXT(2) 
PARAMETRIC_REPRESENTATION_CONTEXT() REPRESENTATION_CONTEXT('2D SPACE',''
  ) );
#7254 = ORIENTED_EDGE('',*,*,#7206,.F.);
#7255 = ADVANCED_FACE('',(#7256),#2201,.F.);
#7256 = FACE_BOUND('',#7257,.T.);
#7257 = EDGE_LOOP('',(#7258,#7259,#7282,#7308));
#7258 = ORIENTED_EDGE('',*,*,#2180,.T.);
#7259 = ORIENTED_EDGE('',*,*,#7260,.T.);
#7260 = EDGE_CURVE('',#2181,#7261,#7263,.T.);
#7261 = VERTEX_POINT('',#7262);
#7262 = CARTESIAN_POINT('',(2.5,71.,22.));
#7263 = SEAM_CURVE('',#7264,(#7268,#7275),.PCURVE_S1.);
#7264 = LINE('',#7265,#7266);
#7265 = CARTESIAN_POINT('',(-1.,71.,22.));
#7266 = VECTOR('',#7267,1.);
#7267 = DIRECTION('',(1.,0.,0.));
#7268 = PCURVE('',#2201,#7269);
#7269 = DEFINITIONAL_REPRESENTATION('',(#7270),#7274);
#7270 = LINE('',#7271,#7272);
#7271 = CARTESIAN_POINT('',(-6.28318530718,0.));
#7272 = VECTOR('',#7273,1.);
#7273 = DIRECTION('',(-0.,-1.));
#7274 = ( GEOMETRIC_REPRESENTATION_CONTEXT(2) 
PARAMETRIC_REPRESENTATION_CONTEXT() REPRESENTATION_CONTEXT('2D SPACE',''
  ) );
#7275 = PCURVE('',#2201,#7276);
#7276 = DEFINITIONAL_REPRESENTATION('',(#7277),#7281);
#7277 = LINE('',#7278,#7279);
#7278 = CARTESIAN_POINT('',(-0.,0.));
#7279 = VECTOR('',#7280,1.);
#7280 = DIRECTION('',(-0.,-1.));
#7281 = ( GEOMETRIC_REPRESENTATION_CONTEXT(2) 
PARAMETRIC_REPRESENTATION_CONTEXT() REPRESENTATION_CONTEXT('2D SPACE',''
  ) );
#7282 = ORIENTED_EDGE('',*,*,#7283,.F.);
#7283 = EDGE_CURVE('',#7261,#7261,#7284,.T.);
#7284 = SURFACE_CURVE('',#7285,(#7290,#7297),.PCURVE_S1.);
#7285 = CIRCLE('',#7286,1.5);
#7286 = AXIS2_PLACEMENT_3D('',#7287,#7288,#7289);
#7287 = CARTESIAN_POINT('',(2.5,69.5,22.));
#7288 = DIRECTION('',(-1.,0.,0.));
#7289 = DIRECTION('',(0.,1.,0.));
#7290 = PCURVE('',#2201,#7291);
#7291 = DEFINITIONAL_REPRESENTATION('',(#7292),#7296);
#7292 = LINE('',#7293,#7294);
#7293 = CARTESIAN_POINT('',(-6.28318530718,-3.5));
#7294 = VECTOR('',#7295,1.);
#7295 = DIRECTION('',(1.,-0.));
#7296 = ( GEOMETRIC_REPRESENTATION_CONTEXT(2) 
PARAMETRIC_REPRESENTATION_CONTEXT() REPRESENTATION_CONTEXT('2D SPACE',''
  ) );
#7297 = PCURVE('',#5025,#7298);
#7298 = DEFINITIONAL_REPRESENTATION('',(#7299),#7307);
#7299 = ( BOUNDED_CURVE() B_SPLINE_CURVE(2,(#7300,#7301,#7302,#7303,
#7304,#7305,#7306),.UNSPECIFIED.,.T.,.F.) B_SPLINE_CURVE_WITH_KNOTS((1,2
    ,2,2,2,1),(-2.094395102393,0.,2.094395102393,4.188790204786,
6.28318530718,8.377580409573),.UNSPECIFIED.) CURVE() 
GEOMETRIC_REPRESENTATION_ITEM() RATIONAL_B_SPLINE_CURVE((1.,0.5,1.,0.5,
1.,0.5,1.)) REPRESENTATION_ITEM('') );
#7300 = CARTESIAN_POINT('',(76.5,2.));
#7301 = CARTESIAN_POINT('',(76.5,4.598076211353));
#7302 = CARTESIAN_POINT('',(78.75,3.299038105677));
#7303 = CARTESIAN_POINT('',(81.,2.));
#7304 = CARTESIAN_POINT('',(78.75,0.700961894323));
#7305 = CARTESIAN_POINT('',(76.5,-0.598076211353));
#7306 = CARTESIAN_POINT('',(76.5,2.));
#7307 = ( GEOMETRIC_REPRESENTATION_CONTEXT(2) 
PARAMETRIC_REPRESENTATION_CONTEXT() REPRESENTATION_CONTEXT('2D SPACE',''
  ) );
#7308 = ORIENTED_EDGE('',*,*,#7260,.F.);
#7309 = ADVANCED_FACE('',(#7310),#2236,.F.);
#7310 = FACE_BOUND('',#7311,.T.);
#7311 = EDGE_LOOP('',(#7312,#7313,#7336,#7362));
#7312 = ORIENTED_EDGE('',*,*,#2215,.T.);
#7313 = ORIENTED_EDGE('',*,*,#7314,.T.);
#7314 = EDGE_CURVE('',#2216,#7315,#7317,.T.);
#7315 = VERTEX_POINT('',#7316);
#7316 = CARTESIAN_POINT('',(2.5,66.5,22.));
#7317 = SEAM_CURVE('',#7318,(#7322,#7329),.PCURVE_S1.);
#7318 = LINE('',#7319,#7320);
#7319 = CARTESIAN_POINT('',(-1.,66.5,22.));
#7320 = VECTOR('',#7321,1.);
#7321 = DIRECTION('',(1.,0.,0.));
#7322 = PCURVE('',#2236,#7323);
#7323 = DEFINITIONAL_REPRESENTATION('',(#7324),#7328);
#7324 = LINE('',#7325,#7326);
#7325 = CARTESIAN_POINT('',(-6.28318530718,0.));
#7326 = VECTOR('',#7327,1.);
#7327 = DIRECTION('',(-0.,-1.));
#7328 = ( GEOMETRIC_REPRESENTATION_CONTEXT(2) 
PARAMETRIC_REPRESENTATION_CONTEXT() REPRESENTATION_CONTEXT('2D SPACE',''
  ) );
#7329 = PCURVE('',#2236,#7330);
#7330 = DEFINITIONAL_REPRESENTATION('',(#7331),#7335);
#7331 = LINE('',#7332,#7333);
#7332 = CARTESIAN_POINT('',(-0.,0.));
#7333 = VECTOR('',#7334,1.);
#7334 = DIRECTION('',(-0.,-1.));
#7335 = ( GEOMETRIC_REPRESENTATION_CONTEXT(2) 
PARAMETRIC_REPRESENTATION_CONTEXT() REPRESENTATION_CONTEXT('2D SPACE',''
  ) );
#7336 = ORIENTED_EDGE('',*,*,#7337,.F.);
#7337 = EDGE_CURVE('',#7315,#7315,#7338,.T.);
#7338 = SURFACE_CURVE('',#7339,(#7344,#7351),.PCURVE_S1.);
#7339 = CIRCLE('',#7340,1.5);
#7340 = AXIS2_PLACEMENT_3D('',#7341,#7342,#7343);
#7341 = CARTESIAN_POINT('',(2.5,65.,22.));
#7342 = DIRECTION('',(-1.,0.,0.));
#7343 = DIRECTION('',(0.,1.,0.));
#7344 = PCURVE('',#2236,#7345);
#7345 = DEFINITIONAL_REPRESENTATION('',(#7346),#7350);
#7346 = LINE('',#7347,#7348);
#7347 = CARTESIAN_POINT('',(-6.28318530718,-3.5));
#7348 = VECTOR('',#7349,1.);
#7349 = DIRECTION('',(1.,-0.));
#7350 = ( GEOMETRIC_REPRESENTATION_CONTEXT(2) 
PARAMETRIC_REPRESENTATION_CONTEXT() REPRESENTATION_CONTEXT('2D SPACE',''
  ) );
#7351 = PCURVE('',#5025,#7352);
#7352 = DEFINITIONAL_REPRESENTATION('',(#7353),#7361);
#7353 = ( BOUNDED_CURVE() B_SPLINE_CURVE(2,(#7354,#7355,#7356,#7357,
#7358,#7359,#7360),.UNSPECIFIED.,.T.,.F.) B_SPLINE_CURVE_WITH_KNOTS((1,2
    ,2,2,2,1),(-2.094395102393,0.,2.094395102393,4.188790204786,
6.28318530718,8.377580409573),.UNSPECIFIED.) CURVE() 
GEOMETRIC_REPRESENTATION_ITEM() RATIONAL_B_SPLINE_CURVE((1.,0.5,1.,0.5,
1.,0.5,1.)) REPRESENTATION_ITEM('') );
#7354 = CARTESIAN_POINT('',(81.,2.));
#7355 = CARTESIAN_POINT('',(81.,4.598076211353));
#7356 = CARTESIAN_POINT('',(83.25,3.299038105677));
#7357 = CARTESIAN_POINT('',(85.5,2.));
#7358 = CARTESIAN_POINT('',(83.25,0.700961894323));
#7359 = CARTESIAN_POINT('',(81.,-0.598076211353));
#7360 = CARTESIAN_POINT('',(81.,2.));
#7361 = ( GEOMETRIC_REPRESENTATION_CONTEXT(2) 
PARAMETRIC_REPRESENTATION_CONTEXT() REPRESENTATION_CONTEXT('2D SPACE',''
  ) );
#7362 = ORIENTED_EDGE('',*,*,#7314,.F.);
#7363 = ADVANCED_FACE('',(#7364),#2271,.F.);
#7364 = FACE_BOUND('',#7365,.T.);
#7365 = EDGE_LOOP('',(#7366,#7367,#7390,#7416));
#7366 = ORIENTED_EDGE('',*,*,#2250,.T.);
#7367 = ORIENTED_EDGE('',*,*,#7368,.T.);
#7368 = EDGE_CURVE('',#2251,#7369,#7371,.T.);
#7369 = VERTEX_POINT('',#7370);
#7370 = CARTESIAN_POINT('',(2.5,46.7,19.));
#7371 = SEAM_CURVE('',#7372,(#7376,#7383),.PCURVE_S1.);
#7372 = LINE('',#7373,#7374);
#7373 = CARTESIAN_POINT('',(-1.,46.7,19.));
#7374 = VECTOR('',#7375,1.);
#7375 = DIRECTION('',(1.,0.,0.));
#7376 = PCURVE('',#2271,#7377);
#7377 = DEFINITIONAL_REPRESENTATION('',(#7378),#7382);
#7378 = LINE('',#7379,#7380);
#7379 = CARTESIAN_POINT('',(-6.28318530718,0.));
#7380 = VECTOR('',#7381,1.);
#7381 = DIRECTION('',(-0.,-1.));
#7382 = ( GEOMETRIC_REPRESENTATION_CONTEXT(2) 
PARAMETRIC_REPRESENTATION_CONTEXT() REPRESENTATION_CONTEXT('2D SPACE',''
  ) );
#7383 = PCURVE('',#2271,#7384);
#7384 = DEFINITIONAL_REPRESENTATION('',(#7385),#7389);
#7385 = LINE('',#7386,#7387);
#7386 = CARTESIAN_POINT('',(-0.,0.));
#7387 = VECTOR('',#7388,1.);
#7388 = DIRECTION('',(-0.,-1.));
#7389 = ( GEOMETRIC_REPRESENTATION_CONTEXT(2) 
PARAMETRIC_REPRESENTATION_CONTEXT() REPRESENTATION_CONTEXT('2D SPACE',''
  ) );
#7390 = ORIENTED_EDGE('',*,*,#7391,.F.);
#7391 = EDGE_CURVE('',#7369,#7369,#7392,.T.);
#7392 = SURFACE_CURVE('',#7393,(#7398,#7405),.PCURVE_S1.);
#7393 = CIRCLE('',#7394,1.2);
#7394 = AXIS2_PLACEMENT_3D('',#7395,#7396,#7397);
#7395 = CARTESIAN_POINT('',(2.5,45.5,19.));
#7396 = DIRECTION('',(-1.,0.,0.));
#7397 = DIRECTION('',(0.,1.,0.));
#7398 = PCURVE('',#2271,#7399);
#7399 = DEFINITIONAL_REPRESENTATION('',(#7400),#7404);
#7400 = LINE('',#7401,#7402);
#7401 = CARTESIAN_POINT('',(-6.28318530718,-3.5));
#7402 = VECTOR('',#7403,1.);
#7403 = DIRECTION('',(1.,-0.));
#7404 = ( GEOMETRIC_REPRESENTATION_CONTEXT(2) 
PARAMETRIC_REPRESENTATION_CONTEXT() REPRESENTATION_CONTEXT('2D SPACE',''
  ) );
#7405 = PCURVE('',#5025,#7406);
#7406 = DEFINITIONAL_REPRESENTATION('',(#7407),#7415);
#7407 = ( BOUNDED_CURVE() B_SPLINE_CURVE(2,(#7408,#7409,#7410,#7411,
#7412,#7413,#7414),.UNSPECIFIED.,.T.,.F.) B_SPLINE_CURVE_WITH_KNOTS((1,2
    ,2,2,2,1),(-2.094395102393,0.,2.094395102393,4.188790204786,
6.28318530718,8.377580409573),.UNSPECIFIED.) CURVE() 
GEOMETRIC_REPRESENTATION_ITEM() RATIONAL_B_SPLINE_CURVE((1.,0.5,1.,0.5,
1.,0.5,1.)) REPRESENTATION_ITEM('') );
#7408 = CARTESIAN_POINT('',(100.8,5.));
#7409 = CARTESIAN_POINT('',(100.8,7.078460969083));
#7410 = CARTESIAN_POINT('',(102.6,6.039230484541));
#7411 = CARTESIAN_POINT('',(104.4,5.));
#7412 = CARTESIAN_POINT('',(102.6,3.960769515459));
#7413 = CARTESIAN_POINT('',(100.8,2.921539030917));
#7414 = CARTESIAN_POINT('',(100.8,5.));
#7415 = ( GEOMETRIC_REPRESENTATION_CONTEXT(2) 
PARAMETRIC_REPRESENTATION_CONTEXT() REPRESENTATION_CONTEXT('2D SPACE',''
  ) );
#7416 = ORIENTED_EDGE('',*,*,#7368,.F.);
#7417 = ADVANCED_FACE('',(#7418),#2306,.F.);
#7418 = FACE_BOUND('',#7419,.T.);
#7419 = EDGE_LOOP('',(#7420,#7421,#7444,#7470));
#7420 = ORIENTED_EDGE('',*,*,#2285,.T.);
#7421 = ORIENTED_EDGE('',*,*,#7422,.T.);
#7422 = EDGE_CURVE('',#2286,#7423,#7425,.T.);
#7423 = VERTEX_POINT('',#7424);
#7424 = CARTESIAN_POINT('',(2.5,41.2,19.));
#7425 = SEAM_CURVE('',#7426,(#7430,#7437),.PCURVE_S1.);
#7426 = LINE('',#7427,#7428);
#7427 = CARTESIAN_POINT('',(-1.,41.2,19.));
#7428 = VECTOR('',#7429,1.);
#7429 = DIRECTION('',(1.,0.,0.));
#7430 = PCURVE('',#2306,#7431);
#7431 = DEFINITIONAL_REPRESENTATION('',(#7432),#7436);
#7432 = LINE('',#7433,#7434);
#7433 = CARTESIAN_POINT('',(-6.28318530718,0.));
#7434 = VECTOR('',#7435,1.);
#7435 = DIRECTION('',(-0.,-1.));
#7436 = ( GEOMETRIC_REPRESENTATION_CONTEXT(2) 
PARAMETRIC_REPRESENTATION_CONTEXT() REPRESENTATION_CONTEXT('2D SPACE',''
  ) );
#7437 = PCURVE('',#2306,#7438);
#7438 = DEFINITIONAL_REPRESENTATION('',(#7439),#7443);
#7439 = LINE('',#7440,#7441);
#7440 = CARTESIAN_POINT('',(-0.,0.));
#7441 = VECTOR('',#7442,1.);
#7442 = DIRECTION('',(-0.,-1.));
#7443 = ( GEOMETRIC_REPRESENTATION_CONTEXT(2) 
PARAMETRIC_REPRESENTATION_CONTEXT() REPRESENTATION_CONTEXT('2D SPACE',''
  ) );
#7444 = ORIENTED_EDGE('',*,*,#7445,.F.);
#7445 = EDGE_CURVE('',#7423,#7423,#7446,.T.);
#7446 = SURFACE_CURVE('',#7447,(#7452,#7459),.PCURVE_S1.);
#7447 = CIRCLE('',#7448,1.2);
#7448 = AXIS2_PLACEMENT_3D('',#7449,#7450,#7451);
#7449 = CARTESIAN_POINT('',(2.5,40.,19.));
#7450 = DIRECTION('',(-1.,0.,0.));
#7451 = DIRECTION('',(0.,1.,0.));
#7452 = PCURVE('',#2306,#7453);
#7453 = DEFINITIONAL_REPRESENTATION('',(#7454),#7458);
#7454 = LINE('',#7455,#7456);
#7455 = CARTESIAN_POINT('',(-6.28318530718,-3.5));
#7456 = VECTOR('',#7457,1.);
#7457 = DIRECTION('',(1.,-0.));
#7458 = ( GEOMETRIC_REPRESENTATION_CONTEXT(2) 
PARAMETRIC_REPRESENTATION_CONTEXT() REPRESENTATION_CONTEXT('2D SPACE',''
  ) );
#7459 = PCURVE('',#5025,#7460);
#7460 = DEFINITIONAL_REPRESENTATION('',(#7461),#7469);
#7461 = ( BOUNDED_CURVE() B_SPLINE_CURVE(2,(#7462,#7463,#7464,#7465,
#7466,#7467,#7468),.UNSPECIFIED.,.T.,.F.) B_SPLINE_CURVE_WITH_KNOTS((1,2
    ,2,2,2,1),(-2.094395102393,0.,2.094395102393,4.188790204786,
6.28318530718,8.377580409573),.UNSPECIFIED.) CURVE() 
GEOMETRIC_REPRESENTATION_ITEM() RATIONAL_B_SPLINE_CURVE((1.,0.5,1.,0.5,
1.,0.5,1.)) REPRESENTATION_ITEM('') );
#7462 = CARTESIAN_POINT('',(106.3,5.));
#7463 = CARTESIAN_POINT('',(106.3,7.078460969083));
#7464 = CARTESIAN_POINT('',(108.1,6.039230484541));
#7465 = CARTESIAN_POINT('',(109.9,5.));
#7466 = CARTESIAN_POINT('',(108.1,3.960769515459));
#7467 = CARTESIAN_POINT('',(106.3,2.921539030917));
#7468 = CARTESIAN_POINT('',(106.3,5.));
#7469 = ( GEOMETRIC_REPRESENTATION_CONTEXT(2) 
PARAMETRIC_REPRESENTATION_CONTEXT() REPRESENTATION_CONTEXT('2D SPACE',''
  ) );
#7470 = ORIENTED_EDGE('',*,*,#7422,.F.);
#7471 = ADVANCED_FACE('',(#7472),#2341,.F.);
#7472 = FACE_BOUND('',#7473,.T.);
#7473 = EDGE_LOOP('',(#7474,#7475,#7498,#7524));
#7474 = ORIENTED_EDGE('',*,*,#2320,.T.);
#7475 = ORIENTED_EDGE('',*,*,#7476,.T.);
#7476 = EDGE_CURVE('',#2321,#7477,#7479,.T.);
#7477 = VERTEX_POINT('',#7478);
#7478 = CARTESIAN_POINT('',(2.5,35.7,19.));
#7479 = SEAM_CURVE('',#7480,(#7484,#7491),.PCURVE_S1.);
#7480 = LINE('',#7481,#7482);
#7481 = CARTESIAN_POINT('',(-1.,35.7,19.));
#7482 = VECTOR('',#7483,1.);
#7483 = DIRECTION('',(1.,0.,0.));
#7484 = PCURVE('',#2341,#7485);
#7485 = DEFINITIONAL_REPRESENTATION('',(#7486),#7490);
#7486 = LINE('',#7487,#7488);
#7487 = CARTESIAN_POINT('',(-6.28318530718,0.));
#7488 = VECTOR('',#7489,1.);
#7489 = DIRECTION('',(-0.,-1.));
#7490 = ( GEOMETRIC_REPRESENTATION_CONTEXT(2) 
PARAMETRIC_REPRESENTATION_CONTEXT() REPRESENTATION_CONTEXT('2D SPACE',''
  ) );
#7491 = PCURVE('',#2341,#7492);
#7492 = DEFINITIONAL_REPRESENTATION('',(#7493),#7497);
#7493 = LINE('',#7494,#7495);
#7494 = CARTESIAN_POINT('',(-0.,0.));
#7495 = VECTOR('',#7496,1.);
#7496 = DIRECTION('',(-0.,-1.));
#7497 = ( GEOMETRIC_REPRESENTATION_CONTEXT(2) 
PARAMETRIC_REPRESENTATION_CONTEXT() REPRESENTATION_CONTEXT('2D SPACE',''
  ) );
#7498 = ORIENTED_EDGE('',*,*,#7499,.F.);
#7499 = EDGE_CURVE('',#7477,#7477,#7500,.T.);
#7500 = SURFACE_CURVE('',#7501,(#7506,#7513),.PCURVE_S1.);
#7501 = CIRCLE('',#7502,1.2);
#7502 = AXIS2_PLACEMENT_3D('',#7503,#7504,#7505);
#7503 = CARTESIAN_POINT('',(2.5,34.5,19.));
#7504 = DIRECTION('',(-1.,0.,0.));
#7505 = DIRECTION('',(0.,1.,0.));
#7506 = PCURVE('',#2341,#7507);
#7507 = DEFINITIONAL_REPRESENTATION('',(#7508),#7512);
#7508 = LINE('',#7509,#7510);
#7509 = CARTESIAN_POINT('',(-6.28318530718,-3.5));
#7510 = VECTOR('',#7511,1.);
#7511 = DIRECTION('',(1.,-0.));
#7512 = ( GEOMETRIC_REPRESENTATION_CONTEXT(2) 
PARAMETRIC_REPRESENTATION_CONTEXT() REPRESENTATION_CONTEXT('2D SPACE',''
  ) );
#7513 = PCURVE('',#5025,#7514);
#7514 = DEFINITIONAL_REPRESENTATION('',(#7515),#7523);
#7515 = ( BOUNDED_CURVE() B_SPLINE_CURVE(2,(#7516,#7517,#7518,#7519,
#7520,#7521,#7522),.UNSPECIFIED.,.T.,.F.) B_SPLINE_CURVE_WITH_KNOTS((1,2
    ,2,2,2,1),(-2.094395102393,0.,2.094395102393,4.188790204786,
6.28318530718,8.377580409573),.UNSPECIFIED.) CURVE() 
GEOMETRIC_REPRESENTATION_ITEM() RATIONAL_B_SPLINE_CURVE((1.,0.5,1.,0.5,
1.,0.5,1.)) REPRESENTATION_ITEM('') );
#7516 = CARTESIAN_POINT('',(111.8,5.));
#7517 = CARTESIAN_POINT('',(111.8,7.078460969083));
#7518 = CARTESIAN_POINT('',(113.6,6.039230484541));
#7519 = CARTESIAN_POINT('',(115.4,5.));
#7520 = CARTESIAN_POINT('',(113.6,3.960769515459));
#7521 = CARTESIAN_POINT('',(111.8,2.921539030917));
#7522 = CARTESIAN_POINT('',(111.8,5.));
#7523 = ( GEOMETRIC_REPRESENTATION_CONTEXT(2) 
PARAMETRIC_REPRESENTATION_CONTEXT() REPRESENTATION_CONTEXT('2D SPACE',''
  ) );
#7524 = ORIENTED_EDGE('',*,*,#7476,.F.);
#7525 = ADVANCED_FACE('',(#7526),#2376,.F.);
#7526 = FACE_BOUND('',#7527,.T.);
#7527 = EDGE_LOOP('',(#7528,#7529,#7552,#7578));
#7528 = ORIENTED_EDGE('',*,*,#2355,.T.);
#7529 = ORIENTED_EDGE('',*,*,#7530,.T.);
#7530 = EDGE_CURVE('',#2356,#7531,#7533,.T.);
#7531 = VERTEX_POINT('',#7532);
#7532 = CARTESIAN_POINT('',(2.5,30.2,19.));
#7533 = SEAM_CURVE('',#7534,(#7538,#7545),.PCURVE_S1.);
#7534 = LINE('',#7535,#7536);
#7535 = CARTESIAN_POINT('',(-1.,30.2,19.));
#7536 = VECTOR('',#7537,1.);
#7537 = DIRECTION('',(1.,0.,0.));
#7538 = PCURVE('',#2376,#7539);
#7539 = DEFINITIONAL_REPRESENTATION('',(#7540),#7544);
#7540 = LINE('',#7541,#7542);
#7541 = CARTESIAN_POINT('',(-6.28318530718,0.));
#7542 = VECTOR('',#7543,1.);
#7543 = DIRECTION('',(-0.,-1.));
#7544 = ( GEOMETRIC_REPRESENTATION_CONTEXT(2) 
PARAMETRIC_REPRESENTATION_CONTEXT() REPRESENTATION_CONTEXT('2D SPACE',''
  ) );
#7545 = PCURVE('',#2376,#7546);
#7546 = DEFINITIONAL_REPRESENTATION('',(#7547),#7551);
#7547 = LINE('',#7548,#7549);
#7548 = CARTESIAN_POINT('',(-0.,0.));
#7549 = VECTOR('',#7550,1.);
#7550 = DIRECTION('',(-0.,-1.));
#7551 = ( GEOMETRIC_REPRESENTATION_CONTEXT(2) 
PARAMETRIC_REPRESENTATION_CONTEXT() REPRESENTATION_CONTEXT('2D SPACE',''
  ) );
#7552 = ORIENTED_EDGE('',*,*,#7553,.F.);
#7553 = EDGE_CURVE('',#7531,#7531,#7554,.T.);
#7554 = SURFACE_CURVE('',#7555,(#7560,#7567),.PCURVE_S1.);
#7555 = CIRCLE('',#7556,1.2);
#7556 = AXIS2_PLACEMENT_3D('',#7557,#7558,#7559);
#7557 = CARTESIAN_POINT('',(2.5,29.,19.));
#7558 = DIRECTION('',(-1.,0.,0.));
#7559 = DIRECTION('',(0.,1.,0.));
#7560 = PCURVE('',#2376,#7561);
#7561 = DEFINITIONAL_REPRESENTATION('',(#7562),#7566);
#7562 = LINE('',#7563,#7564);
#7563 = CARTESIAN_POINT('',(-6.28318530718,-3.5));
#7564 = VECTOR('',#7565,1.);
#7565 = DIRECTION('',(1.,-0.));
#7566 = ( GEOMETRIC_REPRESENTATION_CONTEXT(2) 
PARAMETRIC_REPRESENTATION_CONTEXT() REPRESENTATION_CONTEXT('2D SPACE',''
  ) );
#7567 = PCURVE('',#5025,#7568);
#7568 = DEFINITIONAL_REPRESENTATION('',(#7569),#7577);
#7569 = ( BOUNDED_CURVE() B_SPLINE_CURVE(2,(#7570,#7571,#7572,#7573,
#7574,#7575,#7576),.UNSPECIFIED.,.T.,.F.) B_SPLINE_CURVE_WITH_KNOTS((1,2
    ,2,2,2,1),(-2.094395102393,0.,2.094395102393,4.188790204786,
6.28318530718,8.377580409573),.UNSPECIFIED.) CURVE() 
GEOMETRIC_REPRESENTATION_ITEM() RATIONAL_B_SPLINE_CURVE((1.,0.5,1.,0.5,
1.,0.5,1.)) REPRESENTATION_ITEM('') );
#7570 = CARTESIAN_POINT('',(117.3,5.));
#7571 = CARTESIAN_POINT('',(117.3,7.078460969083));
#7572 = CARTESIAN_POINT('',(119.1,6.039230484541));
#7573 = CARTESIAN_POINT('',(120.9,5.));
#7574 = CARTESIAN_POINT('',(119.1,3.960769515459));
#7575 = CARTESIAN_POINT('',(117.3,2.921539030917));
#7576 = CARTESIAN_POINT('',(117.3,5.));
#7577 = ( GEOMETRIC_REPRESENTATION_CONTEXT(2) 
PARAMETRIC_REPRESENTATION_CONTEXT() REPRESENTATION_CONTEXT('2D SPACE',''
  ) );
#7578 = ORIENTED_EDGE('',*,*,#7530,.F.);
#7579 = ADVANCED_FACE('',(#7580),#2411,.F.);
#7580 = FACE_BOUND('',#7581,.T.);
#7581 = EDGE_LOOP('',(#7582,#7583,#7606,#7632));
#7582 = ORIENTED_EDGE('',*,*,#2390,.T.);
#7583 = ORIENTED_EDGE('',*,*,#7584,.T.);
#7584 = EDGE_CURVE('',#2391,#7585,#7587,.T.);
#7585 = VERTEX_POINT('',#7586);
#7586 = CARTESIAN_POINT('',(2.5,24.7,19.));
#7587 = SEAM_CURVE('',#7588,(#7592,#7599),.PCURVE_S1.);
#7588 = LINE('',#7589,#7590);
#7589 = CARTESIAN_POINT('',(-1.,24.7,19.));
#7590 = VECTOR('',#7591,1.);
#7591 = DIRECTION('',(1.,0.,0.));
#7592 = PCURVE('',#2411,#7593);
#7593 = DEFINITIONAL_REPRESENTATION('',(#7594),#7598);
#7594 = LINE('',#7595,#7596);
#7595 = CARTESIAN_POINT('',(-6.28318530718,0.));
#7596 = VECTOR('',#7597,1.);
#7597 = DIRECTION('',(-0.,-1.));
#7598 = ( GEOMETRIC_REPRESENTATION_CONTEXT(2) 
PARAMETRIC_REPRESENTATION_CONTEXT() REPRESENTATION_CONTEXT('2D SPACE',''
  ) );
#7599 = PCURVE('',#2411,#7600);
#7600 = DEFINITIONAL_REPRESENTATION('',(#7601),#7605);
#7601 = LINE('',#7602,#7603);
#7602 = CARTESIAN_POINT('',(-0.,0.));
#7603 = VECTOR('',#7604,1.);
#7604 = DIRECTION('',(-0.,-1.));
#7605 = ( GEOMETRIC_REPRESENTATION_CONTEXT(2) 
PARAMETRIC_REPRESENTATION_CONTEXT() REPRESENTATION_CONTEXT('2D SPACE',''
  ) );
#7606 = ORIENTED_EDGE('',*,*,#7607,.F.);
#7607 = EDGE_CURVE('',#7585,#7585,#7608,.T.);
#7608 = SURFACE_CURVE('',#7609,(#7614,#7621),.PCURVE_S1.);
#7609 = CIRCLE('',#7610,1.2);
#7610 = AXIS2_PLACEMENT_3D('',#7611,#7612,#7613);
#7611 = CARTESIAN_POINT('',(2.5,23.5,19.));
#7612 = DIRECTION('',(-1.,0.,0.));
#7613 = DIRECTION('',(0.,1.,0.));
#7614 = PCURVE('',#2411,#7615);
#7615 = DEFINITIONAL_REPRESENTATION('',(#7616),#7620);
#7616 = LINE('',#7617,#7618);
#7617 = CARTESIAN_POINT('',(-6.28318530718,-3.5));
#7618 = VECTOR('',#7619,1.);
#7619 = DIRECTION('',(1.,-0.));
#7620 = ( GEOMETRIC_REPRESENTATION_CONTEXT(2) 
PARAMETRIC_REPRESENTATION_CONTEXT() REPRESENTATION_CONTEXT('2D SPACE',''
  ) );
#7621 = PCURVE('',#5025,#7622);
#7622 = DEFINITIONAL_REPRESENTATION('',(#7623),#7631);
#7623 = ( BOUNDED_CURVE() B_SPLINE_CURVE(2,(#7624,#7625,#7626,#7627,
#7628,#7629,#7630),.UNSPECIFIED.,.T.,.F.) B_SPLINE_CURVE_WITH_KNOTS((1,2
    ,2,2,2,1),(-2.094395102393,0.,2.094395102393,4.188790204786,
6.28318530718,8.377580409573),.UNSPECIFIED.) CURVE() 
GEOMETRIC_REPRESENTATION_ITEM() RATIONAL_B_SPLINE_CURVE((1.,0.5,1.,0.5,
1.,0.5,1.)) REPRESENTATION_ITEM('') );
#7624 = CARTESIAN_POINT('',(122.8,5.));
#7625 = CARTESIAN_POINT('',(122.8,7.078460969083));
#7626 = CARTESIAN_POINT('',(124.6,6.039230484541));
#7627 = CARTESIAN_POINT('',(126.4,5.));
#7628 = CARTESIAN_POINT('',(124.6,3.960769515459));
#7629 = CARTESIAN_POINT('',(122.8,2.921539030917));
#7630 = CARTESIAN_POINT('',(122.8,5.));
#7631 = ( GEOMETRIC_REPRESENTATION_CONTEXT(2) 
PARAMETRIC_REPRESENTATION_CONTEXT() REPRESENTATION_CONTEXT('2D SPACE',''
  ) );
#7632 = ORIENTED_EDGE('',*,*,#7584,.F.);
#7633 = ADVANCED_FACE('',(#7634),#2446,.F.);
#7634 = FACE_BOUND('',#7635,.T.);
#7635 = EDGE_LOOP('',(#7636,#7637,#7660,#7686));
#7636 = ORIENTED_EDGE('',*,*,#2425,.T.);
#7637 = ORIENTED_EDGE('',*,*,#7638,.T.);
#7638 = EDGE_CURVE('',#2426,#7639,#7641,.T.);
#7639 = VERTEX_POINT('',#7640);
#7640 = CARTESIAN_POINT('',(2.5,19.2,19.));
#7641 = SEAM_CURVE('',#7642,(#7646,#7653),.PCURVE_S1.);
#7642 = LINE('',#7643,#7644);
#7643 = CARTESIAN_POINT('',(-1.,19.2,19.));
#7644 = VECTOR('',#7645,1.);
#7645 = DIRECTION('',(1.,0.,0.));
#7646 = PCURVE('',#2446,#7647);
#7647 = DEFINITIONAL_REPRESENTATION('',(#7648),#7652);
#7648 = LINE('',#7649,#7650);
#7649 = CARTESIAN_POINT('',(-6.28318530718,0.));
#7650 = VECTOR('',#7651,1.);
#7651 = DIRECTION('',(-0.,-1.));
#7652 = ( GEOMETRIC_REPRESENTATION_CONTEXT(2) 
PARAMETRIC_REPRESENTATION_CONTEXT() REPRESENTATION_CONTEXT('2D SPACE',''
  ) );
#7653 = PCURVE('',#2446,#7654);
#7654 = DEFINITIONAL_REPRESENTATION('',(#7655),#7659);
#7655 = LINE('',#7656,#7657);
#7656 = CARTESIAN_POINT('',(-0.,0.));
#7657 = VECTOR('',#7658,1.);
#7658 = DIRECTION('',(-0.,-1.));
#7659 = ( GEOMETRIC_REPRESENTATION_CONTEXT(2) 
PARAMETRIC_REPRESENTATION_CONTEXT() REPRESENTATION_CONTEXT('2D SPACE',''
  ) );
#7660 = ORIENTED_EDGE('',*,*,#7661,.F.);
#7661 = EDGE_CURVE('',#7639,#7639,#7662,.T.);
#7662 = SURFACE_CURVE('',#7663,(#7668,#7675),.PCURVE_S1.);
#7663 = CIRCLE('',#7664,1.2);
#7664 = AXIS2_PLACEMENT_3D('',#7665,#7666,#7667);
#7665 = CARTESIAN_POINT('',(2.5,18.,19.));
#7666 = DIRECTION('',(-1.,0.,0.));
#7667 = DIRECTION('',(0.,1.,0.));
#7668 = PCURVE('',#2446,#7669);
#7669 = DEFINITIONAL_REPRESENTATION('',(#7670),#7674);
#7670 = LINE('',#7671,#7672);
#7671 = CARTESIAN_POINT('',(-6.28318530718,-3.5));
#7672 = VECTOR('',#7673,1.);
#7673 = DIRECTION('',(1.,-0.));
#7674 = ( GEOMETRIC_REPRESENTATION_CONTEXT(2) 
PARAMETRIC_REPRESENTATION_CONTEXT() REPRESENTATION_CONTEXT('2D SPACE',''
  ) );
#7675 = PCURVE('',#5025,#7676);
#7676 = DEFINITIONAL_REPRESENTATION('',(#7677),#7685);
#7677 = ( BOUNDED_CURVE() B_SPLINE_CURVE(2,(#7678,#7679,#7680,#7681,
#7682,#7683,#7684),.UNSPECIFIED.,.T.,.F.) B_SPLINE_CURVE_WITH_KNOTS((1,2
    ,2,2,2,1),(-2.094395102393,0.,2.094395102393,4.188790204786,
6.28318530718,8.377580409573),.UNSPECIFIED.) CURVE() 
GEOMETRIC_REPRESENTATION_ITEM() RATIONAL_B_SPLINE_CURVE((1.,0.5,1.,0.5,
1.,0.5,1.)) REPRESENTATION_ITEM('') );
#7678 = CARTESIAN_POINT('',(128.3,5.));
#7679 = CARTESIAN_POINT('',(128.3,7.078460969083));
#7680 = CARTESIAN_POINT('',(130.1,6.039230484541));
#7681 = CARTESIAN_POINT('',(131.9,5.));
#7682 = CARTESIAN_POINT('',(130.1,3.960769515459));
#7683 = CARTESIAN_POINT('',(128.3,2.921539030917));
#7684 = CARTESIAN_POINT('',(128.3,5.));
#7685 = ( GEOMETRIC_REPRESENTATION_CONTEXT(2) 
PARAMETRIC_REPRESENTATION_CONTEXT() REPRESENTATION_CONTEXT('2D SPACE',''
  ) );
#7686 = ORIENTED_EDGE('',*,*,#7638,.F.);
#7687 = ADVANCED_FACE('',(#7688),#2526,.F.);
#7688 = FACE_BOUND('',#7689,.T.);
#7689 = EDGE_LOOP('',(#7690,#7691,#7714,#7745));
#7690 = ORIENTED_EDGE('',*,*,#2509,.T.);
#7691 = ORIENTED_EDGE('',*,*,#7692,.T.);
#7692 = EDGE_CURVE('',#2510,#7693,#7695,.T.);
#7693 = VERTEX_POINT('',#7694);
#7694 = CARTESIAN_POINT('',(147.5,134.7,9.));
#7695 = SEAM_CURVE('',#7696,(#7700,#7707),.PCURVE_S1.);
#7696 = LINE('',#7697,#7698);
#7697 = CARTESIAN_POINT('',(151.,134.7,9.));
#7698 = VECTOR('',#7699,1.);
#7699 = DIRECTION('',(-1.,0.,0.));
#7700 = PCURVE('',#2526,#7701);
#7701 = DEFINITIONAL_REPRESENTATION('',(#7702),#7706);
#7702 = LINE('',#7703,#7704);
#7703 = CARTESIAN_POINT('',(-6.28318530718,0.));
#7704 = VECTOR('',#7705,1.);
#7705 = DIRECTION('',(-0.,-1.));
#7706 = ( GEOMETRIC_REPRESENTATION_CONTEXT(2) 
PARAMETRIC_REPRESENTATION_CONTEXT() REPRESENTATION_CONTEXT('2D SPACE',''
  ) );
#7707 = PCURVE('',#2526,#7708);
#7708 = DEFINITIONAL_REPRESENTATION('',(#7709),#7713);
#7709 = LINE('',#7710,#7711);
#7710 = CARTESIAN_POINT('',(-0.,0.));
#7711 = VECTOR('',#7712,1.);
#7712 = DIRECTION('',(-0.,-1.));
#7713 = ( GEOMETRIC_REPRESENTATION_CONTEXT(2) 
PARAMETRIC_REPRESENTATION_CONTEXT() REPRESENTATION_CONTEXT('2D SPACE',''
  ) );
#7714 = ORIENTED_EDGE('',*,*,#7715,.F.);
#7715 = EDGE_CURVE('',#7693,#7693,#7716,.T.);
#7716 = SURFACE_CURVE('',#7717,(#7722,#7729),.PCURVE_S1.);
#7717 = CIRCLE('',#7718,1.2);
#7718 = AXIS2_PLACEMENT_3D('',#7719,#7720,#7721);
#7719 = CARTESIAN_POINT('',(147.5,133.5,9.));
#7720 = DIRECTION('',(1.,0.,-0.));
#7721 = DIRECTION('',(0.,1.,0.));
#7722 = PCURVE('',#2526,#7723);
#7723 = DEFINITIONAL_REPRESENTATION('',(#7724),#7728);
#7724 = LINE('',#7725,#7726);
#7725 = CARTESIAN_POINT('',(-6.28318530718,-3.5));
#7726 = VECTOR('',#7727,1.);
#7727 = DIRECTION('',(1.,-0.));
#7728 = ( GEOMETRIC_REPRESENTATION_CONTEXT(2) 
PARAMETRIC_REPRESENTATION_CONTEXT() REPRESENTATION_CONTEXT('2D SPACE',''
  ) );
#7729 = PCURVE('',#7730,#7735);
#7730 = PLANE('',#7731);
#7731 = AXIS2_PLACEMENT_3D('',#7732,#7733,#7734);
#7732 = CARTESIAN_POINT('',(147.5,2.5,24.));
#7733 = DIRECTION('',(-1.,0.,0.));
#7734 = DIRECTION('',(0.,1.,0.));
#7735 = DEFINITIONAL_REPRESENTATION('',(#7736),#7744);
#7736 = ( BOUNDED_CURVE() B_SPLINE_CURVE(2,(#7737,#7738,#7739,#7740,
#7741,#7742,#7743),.UNSPECIFIED.,.T.,.F.) B_SPLINE_CURVE_WITH_KNOTS((1,2
    ,2,2,2,1),(-2.094395102393,0.,2.094395102393,4.188790204786,
6.28318530718,8.377580409573),.UNSPECIFIED.) CURVE() 
GEOMETRIC_REPRESENTATION_ITEM() RATIONAL_B_SPLINE_CURVE((1.,0.5,1.,0.5,
1.,0.5,1.)) REPRESENTATION_ITEM('') );
#7737 = CARTESIAN_POINT('',(132.2,15.));
#7738 = CARTESIAN_POINT('',(132.2,12.921539030917));
#7739 = CARTESIAN_POINT('',(130.4,13.960769515459));
#7740 = CARTESIAN_POINT('',(128.6,15.));
#7741 = CARTESIAN_POINT('',(130.4,16.039230484541));
#7742 = CARTESIAN_POINT('',(132.2,17.078460969083));
#7743 = CARTESIAN_POINT('',(132.2,15.));
#7744 = ( GEOMETRIC_REPRESENTATION_CONTEXT(2) 
PARAMETRIC_REPRESENTATION_CONTEXT() REPRESENTATION_CONTEXT('2D SPACE',''
  ) );
#7745 = ORIENTED_EDGE('',*,*,#7692,.F.);
#7746 = ADVANCED_FACE('',(#7747),#2557,.F.);
#7747 = FACE_BOUND('',#7748,.T.);
#7748 = EDGE_LOOP('',(#7749,#7750,#7773,#7799));
#7749 = ORIENTED_EDGE('',*,*,#2540,.T.);
#7750 = ORIENTED_EDGE('',*,*,#7751,.T.);
#7751 = EDGE_CURVE('',#2541,#7752,#7754,.T.);
#7752 = VERTEX_POINT('',#7753);
#7753 = CARTESIAN_POINT('',(147.5,129.2,9.));
#7754 = SEAM_CURVE('',#7755,(#7759,#7766),.PCURVE_S1.);
#7755 = LINE('',#7756,#7757);
#7756 = CARTESIAN_POINT('',(151.,129.2,9.));
#7757 = VECTOR('',#7758,1.);
#7758 = DIRECTION('',(-1.,0.,0.));
#7759 = PCURVE('',#2557,#7760);
#7760 = DEFINITIONAL_REPRESENTATION('',(#7761),#7765);
#7761 = LINE('',#7762,#7763);
#7762 = CARTESIAN_POINT('',(-6.28318530718,0.));
#7763 = VECTOR('',#7764,1.);
#7764 = DIRECTION('',(-0.,-1.));
#7765 = ( GEOMETRIC_REPRESENTATION_CONTEXT(2) 
PARAMETRIC_REPRESENTATION_CONTEXT() REPRESENTATION_CONTEXT('2D SPACE',''
  ) );
#7766 = PCURVE('',#2557,#7767);
#7767 = DEFINITIONAL_REPRESENTATION('',(#7768),#7772);
#7768 = LINE('',#7769,#7770);
#7769 = CARTESIAN_POINT('',(-0.,0.));
#7770 = VECTOR('',#7771,1.);
#7771 = DIRECTION('',(-0.,-1.));
#7772 = ( GEOMETRIC_REPRESENTATION_CONTEXT(2) 
PARAMETRIC_REPRESENTATION_CONTEXT() REPRESENTATION_CONTEXT('2D SPACE',''
  ) );
#7773 = ORIENTED_EDGE('',*,*,#7774,.F.);
#7774 = EDGE_CURVE('',#7752,#7752,#7775,.T.);
#7775 = SURFACE_CURVE('',#7776,(#7781,#7788),.PCURVE_S1.);
#7776 = CIRCLE('',#7777,1.2);
#7777 = AXIS2_PLACEMENT_3D('',#7778,#7779,#7780);
#7778 = CARTESIAN_POINT('',(147.5,128.,9.));
#7779 = DIRECTION('',(1.,0.,-0.));
#7780 = DIRECTION('',(0.,1.,0.));
#7781 = PCURVE('',#2557,#7782);
#7782 = DEFINITIONAL_REPRESENTATION('',(#7783),#7787);
#7783 = LINE('',#7784,#7785);
#7784 = CARTESIAN_POINT('',(-6.28318530718,-3.5));
#7785 = VECTOR('',#7786,1.);
#7786 = DIRECTION('',(1.,-0.));
#7787 = ( GEOMETRIC_REPRESENTATION_CONTEXT(2) 
PARAMETRIC_REPRESENTATION_CONTEXT() REPRESENTATION_CONTEXT('2D SPACE',''
  ) );
#7788 = PCURVE('',#7730,#7789);
#7789 = DEFINITIONAL_REPRESENTATION('',(#7790),#7798);
#7790 = ( BOUNDED_CURVE() B_SPLINE_CURVE(2,(#7791,#7792,#7793,#7794,
#7795,#7796,#7797),.UNSPECIFIED.,.T.,.F.) B_SPLINE_CURVE_WITH_KNOTS((1,2
    ,2,2,2,1),(-2.094395102393,0.,2.094395102393,4.188790204786,
6.28318530718,8.377580409573),.UNSPECIFIED.) CURVE() 
GEOMETRIC_REPRESENTATION_ITEM() RATIONAL_B_SPLINE_CURVE((1.,0.5,1.,0.5,
1.,0.5,1.)) REPRESENTATION_ITEM('') );
#7791 = CARTESIAN_POINT('',(126.7,15.));
#7792 = CARTESIAN_POINT('',(126.7,12.921539030917));
#7793 = CARTESIAN_POINT('',(124.9,13.960769515459));
#7794 = CARTESIAN_POINT('',(123.1,15.));
#7795 = CARTESIAN_POINT('',(124.9,16.039230484541));
#7796 = CARTESIAN_POINT('',(126.7,17.078460969083));
#7797 = CARTESIAN_POINT('',(126.7,15.));
#7798 = ( GEOMETRIC_REPRESENTATION_CONTEXT(2) 
PARAMETRIC_REPRESENTATION_CONTEXT() REPRESENTATION_CONTEXT('2D SPACE',''
  ) );
#7799 = ORIENTED_EDGE('',*,*,#7751,.F.);
#7800 = ADVANCED_FACE('',(#7801),#2588,.F.);
#7801 = FACE_BOUND('',#7802,.T.);
#7802 = EDGE_LOOP('',(#7803,#7804,#7827,#7853));
#7803 = ORIENTED_EDGE('',*,*,#2571,.T.);
#7804 = ORIENTED_EDGE('',*,*,#7805,.T.);
#7805 = EDGE_CURVE('',#2572,#7806,#7808,.T.);
#7806 = VERTEX_POINT('',#7807);
#7807 = CARTESIAN_POINT('',(147.5,123.7,9.));
#7808 = SEAM_CURVE('',#7809,(#7813,#7820),.PCURVE_S1.);
#7809 = LINE('',#7810,#7811);
#7810 = CARTESIAN_POINT('',(151.,123.7,9.));
#7811 = VECTOR('',#7812,1.);
#7812 = DIRECTION('',(-1.,0.,0.));
#7813 = PCURVE('',#2588,#7814);
#7814 = DEFINITIONAL_REPRESENTATION('',(#7815),#7819);
#7815 = LINE('',#7816,#7817);
#7816 = CARTESIAN_POINT('',(-6.28318530718,0.));
#7817 = VECTOR('',#7818,1.);
#7818 = DIRECTION('',(-0.,-1.));
#7819 = ( GEOMETRIC_REPRESENTATION_CONTEXT(2) 
PARAMETRIC_REPRESENTATION_CONTEXT() REPRESENTATION_CONTEXT('2D SPACE',''
  ) );
#7820 = PCURVE('',#2588,#7821);
#7821 = DEFINITIONAL_REPRESENTATION('',(#7822),#7826);
#7822 = LINE('',#7823,#7824);
#7823 = CARTESIAN_POINT('',(-0.,0.));
#7824 = VECTOR('',#7825,1.);
#7825 = DIRECTION('',(-0.,-1.));
#7826 = ( GEOMETRIC_REPRESENTATION_CONTEXT(2) 
PARAMETRIC_REPRESENTATION_CONTEXT() REPRESENTATION_CONTEXT('2D SPACE',''
  ) );
#7827 = ORIENTED_EDGE('',*,*,#7828,.F.);
#7828 = EDGE_CURVE('',#7806,#7806,#7829,.T.);
#7829 = SURFACE_CURVE('',#7830,(#7835,#7842),.PCURVE_S1.);
#7830 = CIRCLE('',#7831,1.2);
#7831 = AXIS2_PLACEMENT_3D('',#7832,#7833,#7834);
#7832 = CARTESIAN_POINT('',(147.5,122.5,9.));
#7833 = DIRECTION('',(1.,0.,-0.));
#7834 = DIRECTION('',(0.,1.,0.));
#7835 = PCURVE('',#2588,#7836);
#7836 = DEFINITIONAL_REPRESENTATION('',(#7837),#7841);
#7837 = LINE('',#7838,#7839);
#7838 = CARTESIAN_POINT('',(-6.28318530718,-3.5));
#7839 = VECTOR('',#7840,1.);
#7840 = DIRECTION('',(1.,-0.));
#7841 = ( GEOMETRIC_REPRESENTATION_CONTEXT(2) 
PARAMETRIC_REPRESENTATION_CONTEXT() REPRESENTATION_CONTEXT('2D SPACE',''
  ) );
#7842 = PCURVE('',#7730,#7843);
#7843 = DEFINITIONAL_REPRESENTATION('',(#7844),#7852);
#7844 = ( BOUNDED_CURVE() B_SPLINE_CURVE(2,(#7845,#7846,#7847,#7848,
#7849,#7850,#7851),.UNSPECIFIED.,.T.,.F.) B_SPLINE_CURVE_WITH_KNOTS((1,2
    ,2,2,2,1),(-2.094395102393,0.,2.094395102393,4.188790204786,
6.28318530718,8.377580409573),.UNSPECIFIED.) CURVE() 
GEOMETRIC_REPRESENTATION_ITEM() RATIONAL_B_SPLINE_CURVE((1.,0.5,1.,0.5,
1.,0.5,1.)) REPRESENTATION_ITEM('') );
#7845 = CARTESIAN_POINT('',(121.2,15.));
#7846 = CARTESIAN_POINT('',(121.2,12.921539030917));
#7847 = CARTESIAN_POINT('',(119.4,13.960769515459));
#7848 = CARTESIAN_POINT('',(117.6,15.));
#7849 = CARTESIAN_POINT('',(119.4,16.039230484541));
#7850 = CARTESIAN_POINT('',(121.2,17.078460969083));
#7851 = CARTESIAN_POINT('',(121.2,15.));
#7852 = ( GEOMETRIC_REPRESENTATION_CONTEXT(2) 
PARAMETRIC_REPRESENTATION_CONTEXT() REPRESENTATION_CONTEXT('2D SPACE',''
  ) );
#7853 = ORIENTED_EDGE('',*,*,#7805,.F.);
#7854 = ADVANCED_FACE('',(#7855),#2619,.F.);
#7855 = FACE_BOUND('',#7856,.T.);
#7856 = EDGE_LOOP('',(#7857,#7858,#7881,#7907));
#7857 = ORIENTED_EDGE('',*,*,#2602,.T.);
#7858 = ORIENTED_EDGE('',*,*,#7859,.T.);
#7859 = EDGE_CURVE('',#2603,#7860,#7862,.T.);
#7860 = VERTEX_POINT('',#7861);
#7861 = CARTESIAN_POINT('',(147.5,118.2,9.));
#7862 = SEAM_CURVE('',#7863,(#7867,#7874),.PCURVE_S1.);
#7863 = LINE('',#7864,#7865);
#7864 = CARTESIAN_POINT('',(151.,118.2,9.));
#7865 = VECTOR('',#7866,1.);
#7866 = DIRECTION('',(-1.,0.,0.));
#7867 = PCURVE('',#2619,#7868);
#7868 = DEFINITIONAL_REPRESENTATION('',(#7869),#7873);
#7869 = LINE('',#7870,#7871);
#7870 = CARTESIAN_POINT('',(-6.28318530718,0.));
#7871 = VECTOR('',#7872,1.);
#7872 = DIRECTION('',(-0.,-1.));
#7873 = ( GEOMETRIC_REPRESENTATION_CONTEXT(2) 
PARAMETRIC_REPRESENTATION_CONTEXT() REPRESENTATION_CONTEXT('2D SPACE',''
  ) );
#7874 = PCURVE('',#2619,#7875);
#7875 = DEFINITIONAL_REPRESENTATION('',(#7876),#7880);
#7876 = LINE('',#7877,#7878);
#7877 = CARTESIAN_POINT('',(-0.,0.));
#7878 = VECTOR('',#7879,1.);
#7879 = DIRECTION('',(-0.,-1.));
#7880 = ( GEOMETRIC_REPRESENTATION_CONTEXT(2) 
PARAMETRIC_REPRESENTATION_CONTEXT() REPRESENTATION_CONTEXT('2D SPACE',''
  ) );
#7881 = ORIENTED_EDGE('',*,*,#7882,.F.);
#7882 = EDGE_CURVE('',#7860,#7860,#7883,.T.);
#7883 = SURFACE_CURVE('',#7884,(#7889,#7896),.PCURVE_S1.);
#7884 = CIRCLE('',#7885,1.2);
#7885 = AXIS2_PLACEMENT_3D('',#7886,#7887,#7888);
#7886 = CARTESIAN_POINT('',(147.5,117.,9.));
#7887 = DIRECTION('',(1.,0.,-0.));
#7888 = DIRECTION('',(0.,1.,0.));
#7889 = PCURVE('',#2619,#7890);
#7890 = DEFINITIONAL_REPRESENTATION('',(#7891),#7895);
#7891 = LINE('',#7892,#7893);
#7892 = CARTESIAN_POINT('',(-6.28318530718,-3.5));
#7893 = VECTOR('',#7894,1.);
#7894 = DIRECTION('',(1.,-0.));
#7895 = ( GEOMETRIC_REPRESENTATION_CONTEXT(2) 
PARAMETRIC_REPRESENTATION_CONTEXT() REPRESENTATION_CONTEXT('2D SPACE',''
  ) );
#7896 = PCURVE('',#7730,#7897);
#7897 = DEFINITIONAL_REPRESENTATION('',(#7898),#7906);
#7898 = ( BOUNDED_CURVE() B_SPLINE_CURVE(2,(#7899,#7900,#7901,#7902,
#7903,#7904,#7905),.UNSPECIFIED.,.T.,.F.) B_SPLINE_CURVE_WITH_KNOTS((1,2
    ,2,2,2,1),(-2.094395102393,0.,2.094395102393,4.188790204786,
6.28318530718,8.377580409573),.UNSPECIFIED.) CURVE() 
GEOMETRIC_REPRESENTATION_ITEM() RATIONAL_B_SPLINE_CURVE((1.,0.5,1.,0.5,
1.,0.5,1.)) REPRESENTATION_ITEM('') );
#7899 = CARTESIAN_POINT('',(115.7,15.));
#7900 = CARTESIAN_POINT('',(115.7,12.921539030917));
#7901 = CARTESIAN_POINT('',(113.9,13.960769515459));
#7902 = CARTESIAN_POINT('',(112.1,15.));
#7903 = CARTESIAN_POINT('',(113.9,16.039230484541));
#7904 = CARTESIAN_POINT('',(115.7,17.078460969083));
#7905 = CARTESIAN_POINT('',(115.7,15.));
#7906 = ( GEOMETRIC_REPRESENTATION_CONTEXT(2) 
PARAMETRIC_REPRESENTATION_CONTEXT() REPRESENTATION_CONTEXT('2D SPACE',''
  ) );
#7907 = ORIENTED_EDGE('',*,*,#7859,.F.);
#7908 = ADVANCED_FACE('',(#7909),#2650,.F.);
#7909 = FACE_BOUND('',#7910,.T.);
#7910 = EDGE_LOOP('',(#7911,#7912,#7935,#7961));
#7911 = ORIENTED_EDGE('',*,*,#2633,.T.);
#7912 = ORIENTED_EDGE('',*,*,#7913,.T.);
#7913 = EDGE_CURVE('',#2634,#7914,#7916,.T.);
#7914 = VERTEX_POINT('',#7915);
#7915 = CARTESIAN_POINT('',(147.5,112.7,9.));
#7916 = SEAM_CURVE('',#7917,(#7921,#7928),.PCURVE_S1.);
#7917 = LINE('',#7918,#7919);
#7918 = CARTESIAN_POINT('',(151.,112.7,9.));
#7919 = VECTOR('',#7920,1.);
#7920 = DIRECTION('',(-1.,0.,0.));
#7921 = PCURVE('',#2650,#7922);
#7922 = DEFINITIONAL_REPRESENTATION('',(#7923),#7927);
#7923 = LINE('',#7924,#7925);
#7924 = CARTESIAN_POINT('',(-6.28318530718,0.));
#7925 = VECTOR('',#7926,1.);
#7926 = DIRECTION('',(-0.,-1.));
#7927 = ( GEOMETRIC_REPRESENTATION_CONTEXT(2) 
PARAMETRIC_REPRESENTATION_CONTEXT() REPRESENTATION_CONTEXT('2D SPACE',''
  ) );
#7928 = PCURVE('',#2650,#7929);
#7929 = DEFINITIONAL_REPRESENTATION('',(#7930),#7934);
#7930 = LINE('',#7931,#7932);
#7931 = CARTESIAN_POINT('',(-0.,0.));
#7932 = VECTOR('',#7933,1.);
#7933 = DIRECTION('',(-0.,-1.));
#7934 = ( GEOMETRIC_REPRESENTATION_CONTEXT(2) 
PARAMETRIC_REPRESENTATION_CONTEXT() REPRESENTATION_CONTEXT('2D SPACE',''
  ) );
#7935 = ORIENTED_EDGE('',*,*,#7936,.F.);
#7936 = EDGE_CURVE('',#7914,#7914,#7937,.T.);
#7937 = SURFACE_CURVE('',#7938,(#7943,#7950),.PCURVE_S1.);
#7938 = CIRCLE('',#7939,1.2);
#7939 = AXIS2_PLACEMENT_3D('',#7940,#7941,#7942);
#7940 = CARTESIAN_POINT('',(147.5,111.5,9.));
#7941 = DIRECTION('',(1.,0.,-0.));
#7942 = DIRECTION('',(0.,1.,0.));
#7943 = PCURVE('',#2650,#7944);
#7944 = DEFINITIONAL_REPRESENTATION('',(#7945),#7949);
#7945 = LINE('',#7946,#7947);
#7946 = CARTESIAN_POINT('',(-6.28318530718,-3.5));
#7947 = VECTOR('',#7948,1.);
#7948 = DIRECTION('',(1.,-0.));
#7949 = ( GEOMETRIC_REPRESENTATION_CONTEXT(2) 
PARAMETRIC_REPRESENTATION_CONTEXT() REPRESENTATION_CONTEXT('2D SPACE',''
  ) );
#7950 = PCURVE('',#7730,#7951);
#7951 = DEFINITIONAL_REPRESENTATION('',(#7952),#7960);
#7952 = ( BOUNDED_CURVE() B_SPLINE_CURVE(2,(#7953,#7954,#7955,#7956,
#7957,#7958,#7959),.UNSPECIFIED.,.T.,.F.) B_SPLINE_CURVE_WITH_KNOTS((1,2
    ,2,2,2,1),(-2.094395102393,0.,2.094395102393,4.188790204786,
6.28318530718,8.377580409573),.UNSPECIFIED.) CURVE() 
GEOMETRIC_REPRESENTATION_ITEM() RATIONAL_B_SPLINE_CURVE((1.,0.5,1.,0.5,
1.,0.5,1.)) REPRESENTATION_ITEM('') );
#7953 = CARTESIAN_POINT('',(110.2,15.));
#7954 = CARTESIAN_POINT('',(110.2,12.921539030917));
#7955 = CARTESIAN_POINT('',(108.4,13.960769515459));
#7956 = CARTESIAN_POINT('',(106.6,15.));
#7957 = CARTESIAN_POINT('',(108.4,16.039230484541));
#7958 = CARTESIAN_POINT('',(110.2,17.078460969083));
#7959 = CARTESIAN_POINT('',(110.2,15.));
#7960 = ( GEOMETRIC_REPRESENTATION_CONTEXT(2) 
PARAMETRIC_REPRESENTATION_CONTEXT() REPRESENTATION_CONTEXT('2D SPACE',''
  ) );
#7961 = ORIENTED_EDGE('',*,*,#7913,.F.);
#7962 = ADVANCED_FACE('',(#7963),#2681,.F.);
#7963 = FACE_BOUND('',#7964,.T.);
#7964 = EDGE_LOOP('',(#7965,#7966,#7989,#8015));
#7965 = ORIENTED_EDGE('',*,*,#2664,.T.);
#7966 = ORIENTED_EDGE('',*,*,#7967,.T.);
#7967 = EDGE_CURVE('',#2665,#7968,#7970,.T.);
#7968 = VERTEX_POINT('',#7969);
#7969 = CARTESIAN_POINT('',(147.5,107.2,9.));
#7970 = SEAM_CURVE('',#7971,(#7975,#7982),.PCURVE_S1.);
#7971 = LINE('',#7972,#7973);
#7972 = CARTESIAN_POINT('',(151.,107.2,9.));
#7973 = VECTOR('',#7974,1.);
#7974 = DIRECTION('',(-1.,0.,0.));
#7975 = PCURVE('',#2681,#7976);
#7976 = DEFINITIONAL_REPRESENTATION('',(#7977),#7981);
#7977 = LINE('',#7978,#7979);
#7978 = CARTESIAN_POINT('',(-6.28318530718,0.));
#7979 = VECTOR('',#7980,1.);
#7980 = DIRECTION('',(-0.,-1.));
#7981 = ( GEOMETRIC_REPRESENTATION_CONTEXT(2) 
PARAMETRIC_REPRESENTATION_CONTEXT() REPRESENTATION_CONTEXT('2D SPACE',''
  ) );
#7982 = PCURVE('',#2681,#7983);
#7983 = DEFINITIONAL_REPRESENTATION('',(#7984),#7988);
#7984 = LINE('',#7985,#7986);
#7985 = CARTESIAN_POINT('',(-0.,0.));
#7986 = VECTOR('',#7987,1.);
#7987 = DIRECTION('',(-0.,-1.));
#7988 = ( GEOMETRIC_REPRESENTATION_CONTEXT(2) 
PARAMETRIC_REPRESENTATION_CONTEXT() REPRESENTATION_CONTEXT('2D SPACE',''
  ) );
#7989 = ORIENTED_EDGE('',*,*,#7990,.F.);
#7990 = EDGE_CURVE('',#7968,#7968,#7991,.T.);
#7991 = SURFACE_CURVE('',#7992,(#7997,#8004),.PCURVE_S1.);
#7992 = CIRCLE('',#7993,1.2);
#7993 = AXIS2_PLACEMENT_3D('',#7994,#7995,#7996);
#7994 = CARTESIAN_POINT('',(147.5,106.,9.));
#7995 = DIRECTION('',(1.,0.,-0.));
#7996 = DIRECTION('',(0.,1.,0.));
#7997 = PCURVE('',#2681,#7998);
#7998 = DEFINITIONAL_REPRESENTATION('',(#7999),#8003);
#7999 = LINE('',#8000,#8001);
#8000 = CARTESIAN_POINT('',(-6.28318530718,-3.5));
#8001 = VECTOR('',#8002,1.);
#8002 = DIRECTION('',(1.,-0.));
#8003 = ( GEOMETRIC_REPRESENTATION_CONTEXT(2) 
PARAMETRIC_REPRESENTATION_CONTEXT() REPRESENTATION_CONTEXT('2D SPACE',''
  ) );
#8004 = PCURVE('',#7730,#8005);
#8005 = DEFINITIONAL_REPRESENTATION('',(#8006),#8014);
#8006 = ( BOUNDED_CURVE() B_SPLINE_CURVE(2,(#8007,#8008,#8009,#8010,
#8011,#8012,#8013),.UNSPECIFIED.,.T.,.F.) B_SPLINE_CURVE_WITH_KNOTS((1,2
    ,2,2,2,1),(-2.094395102393,0.,2.094395102393,4.188790204786,
6.28318530718,8.377580409573),.UNSPECIFIED.) CURVE() 
GEOMETRIC_REPRESENTATION_ITEM() RATIONAL_B_SPLINE_CURVE((1.,0.5,1.,0.5,
1.,0.5,1.)) REPRESENTATION_ITEM('') );
#8007 = CARTESIAN_POINT('',(104.7,15.));
#8008 = CARTESIAN_POINT('',(104.7,12.921539030917));
#8009 = CARTESIAN_POINT('',(102.9,13.960769515459));
#8010 = CARTESIAN_POINT('',(101.1,15.));
#8011 = CARTESIAN_POINT('',(102.9,16.039230484541));
#8012 = CARTESIAN_POINT('',(104.7,17.078460969083));
#8013 = CARTESIAN_POINT('',(104.7,15.));
#8014 = ( GEOMETRIC_REPRESENTATION_CONTEXT(2) 
PARAMETRIC_REPRESENTATION_CONTEXT() REPRESENTATION_CONTEXT('2D SPACE',''
  ) );
#8015 = ORIENTED_EDGE('',*,*,#7967,.F.);
#8016 = ADVANCED_FACE('',(#8017),#2712,.F.);
#8017 = FACE_BOUND('',#8018,.T.);
#8018 = EDGE_LOOP('',(#8019,#8020,#8043,#8069));
#8019 = ORIENTED_EDGE('',*,*,#2695,.T.);
#8020 = ORIENTED_EDGE('',*,*,#8021,.T.);
#8021 = EDGE_CURVE('',#2696,#8022,#8024,.T.);
#8022 = VERTEX_POINT('',#8023);
#8023 = CARTESIAN_POINT('',(147.5,101.7,9.));
#8024 = SEAM_CURVE('',#8025,(#8029,#8036),.PCURVE_S1.);
#8025 = LINE('',#8026,#8027);
#8026 = CARTESIAN_POINT('',(151.,101.7,9.));
#8027 = VECTOR('',#8028,1.);
#8028 = DIRECTION('',(-1.,0.,0.));
#8029 = PCURVE('',#2712,#8030);
#8030 = DEFINITIONAL_REPRESENTATION('',(#8031),#8035);
#8031 = LINE('',#8032,#8033);
#8032 = CARTESIAN_POINT('',(-6.28318530718,0.));
#8033 = VECTOR('',#8034,1.);
#8034 = DIRECTION('',(-0.,-1.));
#8035 = ( GEOMETRIC_REPRESENTATION_CONTEXT(2) 
PARAMETRIC_REPRESENTATION_CONTEXT() REPRESENTATION_CONTEXT('2D SPACE',''
  ) );
#8036 = PCURVE('',#2712,#8037);
#8037 = DEFINITIONAL_REPRESENTATION('',(#8038),#8042);
#8038 = LINE('',#8039,#8040);
#8039 = CARTESIAN_POINT('',(-0.,0.));
#8040 = VECTOR('',#8041,1.);
#8041 = DIRECTION('',(-0.,-1.));
#8042 = ( GEOMETRIC_REPRESENTATION_CONTEXT(2) 
PARAMETRIC_REPRESENTATION_CONTEXT() REPRESENTATION_CONTEXT('2D SPACE',''
  ) );
#8043 = ORIENTED_EDGE('',*,*,#8044,.F.);
#8044 = EDGE_CURVE('',#8022,#8022,#8045,.T.);
#8045 = SURFACE_CURVE('',#8046,(#8051,#8058),.PCURVE_S1.);
#8046 = CIRCLE('',#8047,1.2);
#8047 = AXIS2_PLACEMENT_3D('',#8048,#8049,#8050);
#8048 = CARTESIAN_POINT('',(147.5,100.5,9.));
#8049 = DIRECTION('',(1.,0.,-0.));
#8050 = DIRECTION('',(0.,1.,0.));
#8051 = PCURVE('',#2712,#8052);
#8052 = DEFINITIONAL_REPRESENTATION('',(#8053),#8057);
#8053 = LINE('',#8054,#8055);
#8054 = CARTESIAN_POINT('',(-6.28318530718,-3.5));
#8055 = VECTOR('',#8056,1.);
#8056 = DIRECTION('',(1.,-0.));
#8057 = ( GEOMETRIC_REPRESENTATION_CONTEXT(2) 
PARAMETRIC_REPRESENTATION_CONTEXT() REPRESENTATION_CONTEXT('2D SPACE',''
  ) );
#8058 = PCURVE('',#7730,#8059);
#8059 = DEFINITIONAL_REPRESENTATION('',(#8060),#8068);
#8060 = ( BOUNDED_CURVE() B_SPLINE_CURVE(2,(#8061,#8062,#8063,#8064,
#8065,#8066,#8067),.UNSPECIFIED.,.T.,.F.) B_SPLINE_CURVE_WITH_KNOTS((1,2
    ,2,2,2,1),(-2.094395102393,0.,2.094395102393,4.188790204786,
6.28318530718,8.377580409573),.UNSPECIFIED.) CURVE() 
GEOMETRIC_REPRESENTATION_ITEM() RATIONAL_B_SPLINE_CURVE((1.,0.5,1.,0.5,
1.,0.5,1.)) REPRESENTATION_ITEM('') );
#8061 = CARTESIAN_POINT('',(99.2,15.));
#8062 = CARTESIAN_POINT('',(99.2,12.921539030917));
#8063 = CARTESIAN_POINT('',(97.4,13.960769515459));
#8064 = CARTESIAN_POINT('',(95.6,15.));
#8065 = CARTESIAN_POINT('',(97.4,16.039230484541));
#8066 = CARTESIAN_POINT('',(99.2,17.078460969083));
#8067 = CARTESIAN_POINT('',(99.2,15.));
#8068 = ( GEOMETRIC_REPRESENTATION_CONTEXT(2) 
PARAMETRIC_REPRESENTATION_CONTEXT() REPRESENTATION_CONTEXT('2D SPACE',''
  ) );
#8069 = ORIENTED_EDGE('',*,*,#8021,.F.);
#8070 = ADVANCED_FACE('',(#8071),#2743,.F.);
#8071 = FACE_BOUND('',#8072,.T.);
#8072 = EDGE_LOOP('',(#8073,#8074,#8097,#8123));
#8073 = ORIENTED_EDGE('',*,*,#2726,.T.);
#8074 = ORIENTED_EDGE('',*,*,#8075,.T.);
#8075 = EDGE_CURVE('',#2727,#8076,#8078,.T.);
#8076 = VERTEX_POINT('',#8077);
#8077 = CARTESIAN_POINT('',(147.5,96.2,9.));
#8078 = SEAM_CURVE('',#8079,(#8083,#8090),.PCURVE_S1.);
#8079 = LINE('',#8080,#8081);
#8080 = CARTESIAN_POINT('',(151.,96.2,9.));
#8081 = VECTOR('',#8082,1.);
#8082 = DIRECTION('',(-1.,0.,0.));
#8083 = PCURVE('',#2743,#8084);
#8084 = DEFINITIONAL_REPRESENTATION('',(#8085),#8089);
#8085 = LINE('',#8086,#8087);
#8086 = CARTESIAN_POINT('',(-6.28318530718,0.));
#8087 = VECTOR('',#8088,1.);
#8088 = DIRECTION('',(-0.,-1.));
#8089 = ( GEOMETRIC_REPRESENTATION_CONTEXT(2) 
PARAMETRIC_REPRESENTATION_CONTEXT() REPRESENTATION_CONTEXT('2D SPACE',''
  ) );
#8090 = PCURVE('',#2743,#8091);
#8091 = DEFINITIONAL_REPRESENTATION('',(#8092),#8096);
#8092 = LINE('',#8093,#8094);
#8093 = CARTESIAN_POINT('',(-0.,0.));
#8094 = VECTOR('',#8095,1.);
#8095 = DIRECTION('',(-0.,-1.));
#8096 = ( GEOMETRIC_REPRESENTATION_CONTEXT(2) 
PARAMETRIC_REPRESENTATION_CONTEXT() REPRESENTATION_CONTEXT('2D SPACE',''
  ) );
#8097 = ORIENTED_EDGE('',*,*,#8098,.F.);
#8098 = EDGE_CURVE('',#8076,#8076,#8099,.T.);
#8099 = SURFACE_CURVE('',#8100,(#8105,#8112),.PCURVE_S1.);
#8100 = CIRCLE('',#8101,1.2);
#8101 = AXIS2_PLACEMENT_3D('',#8102,#8103,#8104);
#8102 = CARTESIAN_POINT('',(147.5,95.,9.));
#8103 = DIRECTION('',(1.,0.,-0.));
#8104 = DIRECTION('',(0.,1.,0.));
#8105 = PCURVE('',#2743,#8106);
#8106 = DEFINITIONAL_REPRESENTATION('',(#8107),#8111);
#8107 = LINE('',#8108,#8109);
#8108 = CARTESIAN_POINT('',(-6.28318530718,-3.5));
#8109 = VECTOR('',#8110,1.);
#8110 = DIRECTION('',(1.,-0.));
#8111 = ( GEOMETRIC_REPRESENTATION_CONTEXT(2) 
PARAMETRIC_REPRESENTATION_CONTEXT() REPRESENTATION_CONTEXT('2D SPACE',''
  ) );
#8112 = PCURVE('',#7730,#8113);
#8113 = DEFINITIONAL_REPRESENTATION('',(#8114),#8122);
#8114 = ( BOUNDED_CURVE() B_SPLINE_CURVE(2,(#8115,#8116,#8117,#8118,
#8119,#8120,#8121),.UNSPECIFIED.,.T.,.F.) B_SPLINE_CURVE_WITH_KNOTS((1,2
    ,2,2,2,1),(-2.094395102393,0.,2.094395102393,4.188790204786,
6.28318530718,8.377580409573),.UNSPECIFIED.) CURVE() 
GEOMETRIC_REPRESENTATION_ITEM() RATIONAL_B_SPLINE_CURVE((1.,0.5,1.,0.5,
1.,0.5,1.)) REPRESENTATION_ITEM('') );
#8115 = CARTESIAN_POINT('',(93.7,15.));
#8116 = CARTESIAN_POINT('',(93.7,12.921539030917));
#8117 = CARTESIAN_POINT('',(91.9,13.960769515459));
#8118 = CARTESIAN_POINT('',(90.1,15.));
#8119 = CARTESIAN_POINT('',(91.9,16.039230484541));
#8120 = CARTESIAN_POINT('',(93.7,17.078460969083));
#8121 = CARTESIAN_POINT('',(93.7,15.));
#8122 = ( GEOMETRIC_REPRESENTATION_CONTEXT(2) 
PARAMETRIC_REPRESENTATION_CONTEXT() REPRESENTATION_CONTEXT('2D SPACE',''
  ) );
#8123 = ORIENTED_EDGE('',*,*,#8075,.F.);
#8124 = ADVANCED_FACE('',(#8125),#2774,.F.);
#8125 = FACE_BOUND('',#8126,.T.);
#8126 = EDGE_LOOP('',(#8127,#8128,#8151,#8177));
#8127 = ORIENTED_EDGE('',*,*,#2757,.T.);
#8128 = ORIENTED_EDGE('',*,*,#8129,.T.);
#8129 = EDGE_CURVE('',#2758,#8130,#8132,.T.);
#8130 = VERTEX_POINT('',#8131);
#8131 = CARTESIAN_POINT('',(147.5,90.7,9.));
#8132 = SEAM_CURVE('',#8133,(#8137,#8144),.PCURVE_S1.);
#8133 = LINE('',#8134,#8135);
#8134 = CARTESIAN_POINT('',(151.,90.7,9.));
#8135 = VECTOR('',#8136,1.);
#8136 = DIRECTION('',(-1.,0.,0.));
#8137 = PCURVE('',#2774,#8138);
#8138 = DEFINITIONAL_REPRESENTATION('',(#8139),#8143);
#8139 = LINE('',#8140,#8141);
#8140 = CARTESIAN_POINT('',(-6.28318530718,0.));
#8141 = VECTOR('',#8142,1.);
#8142 = DIRECTION('',(-0.,-1.));
#8143 = ( GEOMETRIC_REPRESENTATION_CONTEXT(2) 
PARAMETRIC_REPRESENTATION_CONTEXT() REPRESENTATION_CONTEXT('2D SPACE',''
  ) );
#8144 = PCURVE('',#2774,#8145);
#8145 = DEFINITIONAL_REPRESENTATION('',(#8146),#8150);
#8146 = LINE('',#8147,#8148);
#8147 = CARTESIAN_POINT('',(-0.,0.));
#8148 = VECTOR('',#8149,1.);
#8149 = DIRECTION('',(-0.,-1.));
#8150 = ( GEOMETRIC_REPRESENTATION_CONTEXT(2) 
PARAMETRIC_REPRESENTATION_CONTEXT() REPRESENTATION_CONTEXT('2D SPACE',''
  ) );
#8151 = ORIENTED_EDGE('',*,*,#8152,.F.);
#8152 = EDGE_CURVE('',#8130,#8130,#8153,.T.);
#8153 = SURFACE_CURVE('',#8154,(#8159,#8166),.PCURVE_S1.);
#8154 = CIRCLE('',#8155,1.2);
#8155 = AXIS2_PLACEMENT_3D('',#8156,#8157,#8158);
#8156 = CARTESIAN_POINT('',(147.5,89.5,9.));
#8157 = DIRECTION('',(1.,0.,-0.));
#8158 = DIRECTION('',(0.,1.,0.));
#8159 = PCURVE('',#2774,#8160);
#8160 = DEFINITIONAL_REPRESENTATION('',(#8161),#8165);
#8161 = LINE('',#8162,#8163);
#8162 = CARTESIAN_POINT('',(-6.28318530718,-3.5));
#8163 = VECTOR('',#8164,1.);
#8164 = DIRECTION('',(1.,-0.));
#8165 = ( GEOMETRIC_REPRESENTATION_CONTEXT(2) 
PARAMETRIC_REPRESENTATION_CONTEXT() REPRESENTATION_CONTEXT('2D SPACE',''
  ) );
#8166 = PCURVE('',#7730,#8167);
#8167 = DEFINITIONAL_REPRESENTATION('',(#8168),#8176);
#8168 = ( BOUNDED_CURVE() B_SPLINE_CURVE(2,(#8169,#8170,#8171,#8172,
#8173,#8174,#8175),.UNSPECIFIED.,.T.,.F.) B_SPLINE_CURVE_WITH_KNOTS((1,2
    ,2,2,2,1),(-2.094395102393,0.,2.094395102393,4.188790204786,
6.28318530718,8.377580409573),.UNSPECIFIED.) CURVE() 
GEOMETRIC_REPRESENTATION_ITEM() RATIONAL_B_SPLINE_CURVE((1.,0.5,1.,0.5,
1.,0.5,1.)) REPRESENTATION_ITEM('') );
#8169 = CARTESIAN_POINT('',(88.2,15.));
#8170 = CARTESIAN_POINT('',(88.2,12.921539030917));
#8171 = CARTESIAN_POINT('',(86.4,13.960769515459));
#8172 = CARTESIAN_POINT('',(84.6,15.));
#8173 = CARTESIAN_POINT('',(86.4,16.039230484541));
#8174 = CARTESIAN_POINT('',(88.2,17.078460969083));
#8175 = CARTESIAN_POINT('',(88.2,15.));
#8176 = ( GEOMETRIC_REPRESENTATION_CONTEXT(2) 
PARAMETRIC_REPRESENTATION_CONTEXT() REPRESENTATION_CONTEXT('2D SPACE',''
  ) );
#8177 = ORIENTED_EDGE('',*,*,#8129,.F.);
#8178 = ADVANCED_FACE('',(#8179),#2805,.F.);
#8179 = FACE_BOUND('',#8180,.T.);
#8180 = EDGE_LOOP('',(#8181,#8182,#8205,#8231));
#8181 = ORIENTED_EDGE('',*,*,#2788,.T.);
#8182 = ORIENTED_EDGE('',*,*,#8183,.T.);
#8183 = EDGE_CURVE('',#2789,#8184,#8186,.T.);
#8184 = VERTEX_POINT('',#8185);
#8185 = CARTESIAN_POINT('',(147.5,131.95,14.));
#8186 = SEAM_CURVE('',#8187,(#8191,#8198),.PCURVE_S1.);
#8187 = LINE('',#8188,#8189);
#8188 = CARTESIAN_POINT('',(151.,131.95,14.));
#8189 = VECTOR('',#8190,1.);
#8190 = DIRECTION('',(-1.,0.,0.));
#8191 = PCURVE('',#2805,#8192);
#8192 = DEFINITIONAL_REPRESENTATION('',(#8193),#8197);
#8193 = LINE('',#8194,#8195);
#8194 = CARTESIAN_POINT('',(-6.28318530718,0.));
#8195 = VECTOR('',#8196,1.);
#8196 = DIRECTION('',(-0.,-1.));
#8197 = ( GEOMETRIC_REPRESENTATION_CONTEXT(2) 
PARAMETRIC_REPRESENTATION_CONTEXT() REPRESENTATION_CONTEXT('2D SPACE',''
  ) );
#8198 = PCURVE('',#2805,#8199);
#8199 = DEFINITIONAL_REPRESENTATION('',(#8200),#8204);
#8200 = LINE('',#8201,#8202);
#8201 = CARTESIAN_POINT('',(-0.,0.));
#8202 = VECTOR('',#8203,1.);
#8203 = DIRECTION('',(-0.,-1.));
#8204 = ( GEOMETRIC_REPRESENTATION_CONTEXT(2) 
PARAMETRIC_REPRESENTATION_CONTEXT() REPRESENTATION_CONTEXT('2D SPACE',''
  ) );
#8205 = ORIENTED_EDGE('',*,*,#8206,.F.);
#8206 = EDGE_CURVE('',#8184,#8184,#8207,.T.);
#8207 = SURFACE_CURVE('',#8208,(#8213,#8220),.PCURVE_S1.);
#8208 = CIRCLE('',#8209,1.2);
#8209 = AXIS2_PLACEMENT_3D('',#8210,#8211,#8212);
#8210 = CARTESIAN_POINT('',(147.5,130.75,14.));
#8211 = DIRECTION('',(1.,0.,-0.));
#8212 = DIRECTION('',(0.,1.,0.));
#8213 = PCURVE('',#2805,#8214);
#8214 = DEFINITIONAL_REPRESENTATION('',(#8215),#8219);
#8215 = LINE('',#8216,#8217);
#8216 = CARTESIAN_POINT('',(-6.28318530718,-3.5));
#8217 = VECTOR('',#8218,1.);
#8218 = DIRECTION('',(1.,-0.));
#8219 = ( GEOMETRIC_REPRESENTATION_CONTEXT(2) 
PARAMETRIC_REPRESENTATION_CONTEXT() REPRESENTATION_CONTEXT('2D SPACE',''
  ) );
#8220 = PCURVE('',#7730,#8221);
#8221 = DEFINITIONAL_REPRESENTATION('',(#8222),#8230);
#8222 = ( BOUNDED_CURVE() B_SPLINE_CURVE(2,(#8223,#8224,#8225,#8226,
#8227,#8228,#8229),.UNSPECIFIED.,.T.,.F.) B_SPLINE_CURVE_WITH_KNOTS((1,2
    ,2,2,2,1),(-2.094395102393,0.,2.094395102393,4.188790204786,
6.28318530718,8.377580409573),.UNSPECIFIED.) CURVE() 
GEOMETRIC_REPRESENTATION_ITEM() RATIONAL_B_SPLINE_CURVE((1.,0.5,1.,0.5,
1.,0.5,1.)) REPRESENTATION_ITEM('') );
#8223 = CARTESIAN_POINT('',(129.45,10.));
#8224 = CARTESIAN_POINT('',(129.45,7.921539030917));
#8225 = CARTESIAN_POINT('',(127.65,8.960769515459));
#8226 = CARTESIAN_POINT('',(125.85,10.));
#8227 = CARTESIAN_POINT('',(127.65,11.039230484541));
#8228 = CARTESIAN_POINT('',(129.45,12.078460969083));
#8229 = CARTESIAN_POINT('',(129.45,10.));
#8230 = ( GEOMETRIC_REPRESENTATION_CONTEXT(2) 
PARAMETRIC_REPRESENTATION_CONTEXT() REPRESENTATION_CONTEXT('2D SPACE',''
  ) );
#8231 = ORIENTED_EDGE('',*,*,#8183,.F.);
#8232 = ADVANCED_FACE('',(#8233),#2836,.F.);
#8233 = FACE_BOUND('',#8234,.T.);
#8234 = EDGE_LOOP('',(#8235,#8236,#8259,#8285));
#8235 = ORIENTED_EDGE('',*,*,#2819,.T.);
#8236 = ORIENTED_EDGE('',*,*,#8237,.T.);
#8237 = EDGE_CURVE('',#2820,#8238,#8240,.T.);
#8238 = VERTEX_POINT('',#8239);
#8239 = CARTESIAN_POINT('',(147.5,126.45,14.));
#8240 = SEAM_CURVE('',#8241,(#8245,#8252),.PCURVE_S1.);
#8241 = LINE('',#8242,#8243);
#8242 = CARTESIAN_POINT('',(151.,126.45,14.));
#8243 = VECTOR('',#8244,1.);
#8244 = DIRECTION('',(-1.,0.,0.));
#8245 = PCURVE('',#2836,#8246);
#8246 = DEFINITIONAL_REPRESENTATION('',(#8247),#8251);
#8247 = LINE('',#8248,#8249);
#8248 = CARTESIAN_POINT('',(-6.28318530718,0.));
#8249 = VECTOR('',#8250,1.);
#8250 = DIRECTION('',(-0.,-1.));
#8251 = ( GEOMETRIC_REPRESENTATION_CONTEXT(2) 
PARAMETRIC_REPRESENTATION_CONTEXT() REPRESENTATION_CONTEXT('2D SPACE',''
  ) );
#8252 = PCURVE('',#2836,#8253);
#8253 = DEFINITIONAL_REPRESENTATION('',(#8254),#8258);
#8254 = LINE('',#8255,#8256);
#8255 = CARTESIAN_POINT('',(-0.,0.));
#8256 = VECTOR('',#8257,1.);
#8257 = DIRECTION('',(-0.,-1.));
#8258 = ( GEOMETRIC_REPRESENTATION_CONTEXT(2) 
PARAMETRIC_REPRESENTATION_CONTEXT() REPRESENTATION_CONTEXT('2D SPACE',''
  ) );
#8259 = ORIENTED_EDGE('',*,*,#8260,.F.);
#8260 = EDGE_CURVE('',#8238,#8238,#8261,.T.);
#8261 = SURFACE_CURVE('',#8262,(#8267,#8274),.PCURVE_S1.);
#8262 = CIRCLE('',#8263,1.2);
#8263 = AXIS2_PLACEMENT_3D('',#8264,#8265,#8266);
#8264 = CARTESIAN_POINT('',(147.5,125.25,14.));
#8265 = DIRECTION('',(1.,0.,-0.));
#8266 = DIRECTION('',(0.,1.,0.));
#8267 = PCURVE('',#2836,#8268);
#8268 = DEFINITIONAL_REPRESENTATION('',(#8269),#8273);
#8269 = LINE('',#8270,#8271);
#8270 = CARTESIAN_POINT('',(-6.28318530718,-3.5));
#8271 = VECTOR('',#8272,1.);
#8272 = DIRECTION('',(1.,-0.));
#8273 = ( GEOMETRIC_REPRESENTATION_CONTEXT(2) 
PARAMETRIC_REPRESENTATION_CONTEXT() REPRESENTATION_CONTEXT('2D SPACE',''
  ) );
#8274 = PCURVE('',#7730,#8275);
#8275 = DEFINITIONAL_REPRESENTATION('',(#8276),#8284);
#8276 = ( BOUNDED_CURVE() B_SPLINE_CURVE(2,(#8277,#8278,#8279,#8280,
#8281,#8282,#8283),.UNSPECIFIED.,.T.,.F.) B_SPLINE_CURVE_WITH_KNOTS((1,2
    ,2,2,2,1),(-2.094395102393,0.,2.094395102393,4.188790204786,
6.28318530718,8.377580409573),.UNSPECIFIED.) CURVE() 
GEOMETRIC_REPRESENTATION_ITEM() RATIONAL_B_SPLINE_CURVE((1.,0.5,1.,0.5,
1.,0.5,1.)) REPRESENTATION_ITEM('') );
#8277 = CARTESIAN_POINT('',(123.95,10.));
#8278 = CARTESIAN_POINT('',(123.95,7.921539030917));
#8279 = CARTESIAN_POINT('',(122.15,8.960769515459));
#8280 = CARTESIAN_POINT('',(120.35,10.));
#8281 = CARTESIAN_POINT('',(122.15,11.039230484541));
#8282 = CARTESIAN_POINT('',(123.95,12.078460969083));
#8283 = CARTESIAN_POINT('',(123.95,10.));
#8284 = ( GEOMETRIC_REPRESENTATION_CONTEXT(2) 
PARAMETRIC_REPRESENTATION_CONTEXT() REPRESENTATION_CONTEXT('2D SPACE',''
  ) );
#8285 = ORIENTED_EDGE('',*,*,#8237,.F.);
#8286 = ADVANCED_FACE('',(#8287),#2867,.F.);
#8287 = FACE_BOUND('',#8288,.T.);
#8288 = EDGE_LOOP('',(#8289,#8290,#8313,#8339));
#8289 = ORIENTED_EDGE('',*,*,#2850,.T.);
#8290 = ORIENTED_EDGE('',*,*,#8291,.T.);
#8291 = EDGE_CURVE('',#2851,#8292,#8294,.T.);
#8292 = VERTEX_POINT('',#8293);
#8293 = CARTESIAN_POINT('',(147.5,120.95,14.));
#8294 = SEAM_CURVE('',#8295,(#8299,#8306),.PCURVE_S1.);
#8295 = LINE('',#8296,#8297);
#8296 = CARTESIAN_POINT('',(151.,120.95,14.));
#8297 = VECTOR('',#8298,1.);
#8298 = DIRECTION('',(-1.,0.,0.));
#8299 = PCURVE('',#2867,#8300);
#8300 = DEFINITIONAL_REPRESENTATION('',(#8301),#8305);
#8301 = LINE('',#8302,#8303);
#8302 = CARTESIAN_POINT('',(-6.28318530718,0.));
#8303 = VECTOR('',#8304,1.);
#8304 = DIRECTION('',(-0.,-1.));
#8305 = ( GEOMETRIC_REPRESENTATION_CONTEXT(2) 
PARAMETRIC_REPRESENTATION_CONTEXT() REPRESENTATION_CONTEXT('2D SPACE',''
  ) );
#8306 = PCURVE('',#2867,#8307);
#8307 = DEFINITIONAL_REPRESENTATION('',(#8308),#8312);
#8308 = LINE('',#8309,#8310);
#8309 = CARTESIAN_POINT('',(-0.,0.));
#8310 = VECTOR('',#8311,1.);
#8311 = DIRECTION('',(-0.,-1.));
#8312 = ( GEOMETRIC_REPRESENTATION_CONTEXT(2) 
PARAMETRIC_REPRESENTATION_CONTEXT() REPRESENTATION_CONTEXT('2D SPACE',''
  ) );
#8313 = ORIENTED_EDGE('',*,*,#8314,.F.);
#8314 = EDGE_CURVE('',#8292,#8292,#8315,.T.);
#8315 = SURFACE_CURVE('',#8316,(#8321,#8328),.PCURVE_S1.);
#8316 = CIRCLE('',#8317,1.2);
#8317 = AXIS2_PLACEMENT_3D('',#8318,#8319,#8320);
#8318 = CARTESIAN_POINT('',(147.5,119.75,14.));
#8319 = DIRECTION('',(1.,0.,-0.));
#8320 = DIRECTION('',(0.,1.,0.));
#8321 = PCURVE('',#2867,#8322);
#8322 = DEFINITIONAL_REPRESENTATION('',(#8323),#8327);
#8323 = LINE('',#8324,#8325);
#8324 = CARTESIAN_POINT('',(-6.28318530718,-3.5));
#8325 = VECTOR('',#8326,1.);
#8326 = DIRECTION('',(1.,-0.));
#8327 = ( GEOMETRIC_REPRESENTATION_CONTEXT(2) 
PARAMETRIC_REPRESENTATION_CONTEXT() REPRESENTATION_CONTEXT('2D SPACE',''
  ) );
#8328 = PCURVE('',#7730,#8329);
#8329 = DEFINITIONAL_REPRESENTATION('',(#8330),#8338);
#8330 = ( BOUNDED_CURVE() B_SPLINE_CURVE(2,(#8331,#8332,#8333,#8334,
#8335,#8336,#8337),.UNSPECIFIED.,.T.,.F.) B_SPLINE_CURVE_WITH_KNOTS((1,2
    ,2,2,2,1),(-2.094395102393,0.,2.094395102393,4.188790204786,
6.28318530718,8.377580409573),.UNSPECIFIED.) CURVE() 
GEOMETRIC_REPRESENTATION_ITEM() RATIONAL_B_SPLINE_CURVE((1.,0.5,1.,0.5,
1.,0.5,1.)) REPRESENTATION_ITEM('') );
#8331 = CARTESIAN_POINT('',(118.45,10.));
#8332 = CARTESIAN_POINT('',(118.45,7.921539030917));
#8333 = CARTESIAN_POINT('',(116.65,8.960769515459));
#8334 = CARTESIAN_POINT('',(114.85,10.));
#8335 = CARTESIAN_POINT('',(116.65,11.039230484541));
#8336 = CARTESIAN_POINT('',(118.45,12.078460969083));
#8337 = CARTESIAN_POINT('',(118.45,10.));
#8338 = ( GEOMETRIC_REPRESENTATION_CONTEXT(2) 
PARAMETRIC_REPRESENTATION_CONTEXT() REPRESENTATION_CONTEXT('2D SPACE',''
  ) );
#8339 = ORIENTED_EDGE('',*,*,#8291,.F.);
#8340 = ADVANCED_FACE('',(#8341),#2898,.F.);
#8341 = FACE_BOUND('',#8342,.T.);
#8342 = EDGE_LOOP('',(#8343,#8344,#8367,#8393));
#8343 = ORIENTED_EDGE('',*,*,#2881,.T.);
#8344 = ORIENTED_EDGE('',*,*,#8345,.T.);
#8345 = EDGE_CURVE('',#2882,#8346,#8348,.T.);
#8346 = VERTEX_POINT('',#8347);
#8347 = CARTESIAN_POINT('',(147.5,115.45,14.));
#8348 = SEAM_CURVE('',#8349,(#8353,#8360),.PCURVE_S1.);
#8349 = LINE('',#8350,#8351);
#8350 = CARTESIAN_POINT('',(151.,115.45,14.));
#8351 = VECTOR('',#8352,1.);
#8352 = DIRECTION('',(-1.,0.,0.));
#8353 = PCURVE('',#2898,#8354);
#8354 = DEFINITIONAL_REPRESENTATION('',(#8355),#8359);
#8355 = LINE('',#8356,#8357);
#8356 = CARTESIAN_POINT('',(-6.28318530718,0.));
#8357 = VECTOR('',#8358,1.);
#8358 = DIRECTION('',(-0.,-1.));
#8359 = ( GEOMETRIC_REPRESENTATION_CONTEXT(2) 
PARAMETRIC_REPRESENTATION_CONTEXT() REPRESENTATION_CONTEXT('2D SPACE',''
  ) );
#8360 = PCURVE('',#2898,#8361);
#8361 = DEFINITIONAL_REPRESENTATION('',(#8362),#8366);
#8362 = LINE('',#8363,#8364);
#8363 = CARTESIAN_POINT('',(-0.,0.));
#8364 = VECTOR('',#8365,1.);
#8365 = DIRECTION('',(-0.,-1.));
#8366 = ( GEOMETRIC_REPRESENTATION_CONTEXT(2) 
PARAMETRIC_REPRESENTATION_CONTEXT() REPRESENTATION_CONTEXT('2D SPACE',''
  ) );
#8367 = ORIENTED_EDGE('',*,*,#8368,.F.);
#8368 = EDGE_CURVE('',#8346,#8346,#8369,.T.);
#8369 = SURFACE_CURVE('',#8370,(#8375,#8382),.PCURVE_S1.);
#8370 = CIRCLE('',#8371,1.2);
#8371 = AXIS2_PLACEMENT_3D('',#8372,#8373,#8374);
#8372 = CARTESIAN_POINT('',(147.5,114.25,14.));
#8373 = DIRECTION('',(1.,0.,-0.));
#8374 = DIRECTION('',(0.,1.,0.));
#8375 = PCURVE('',#2898,#8376);
#8376 = DEFINITIONAL_REPRESENTATION('',(#8377),#8381);
#8377 = LINE('',#8378,#8379);
#8378 = CARTESIAN_POINT('',(-6.28318530718,-3.5));
#8379 = VECTOR('',#8380,1.);
#8380 = DIRECTION('',(1.,-0.));
#8381 = ( GEOMETRIC_REPRESENTATION_CONTEXT(2) 
PARAMETRIC_REPRESENTATION_CONTEXT() REPRESENTATION_CONTEXT('2D SPACE',''
  ) );
#8382 = PCURVE('',#7730,#8383);
#8383 = DEFINITIONAL_REPRESENTATION('',(#8384),#8392);
#8384 = ( BOUNDED_CURVE() B_SPLINE_CURVE(2,(#8385,#8386,#8387,#8388,
#8389,#8390,#8391),.UNSPECIFIED.,.T.,.F.) B_SPLINE_CURVE_WITH_KNOTS((1,2
    ,2,2,2,1),(-2.094395102393,0.,2.094395102393,4.188790204786,
6.28318530718,8.377580409573),.UNSPECIFIED.) CURVE() 
GEOMETRIC_REPRESENTATION_ITEM() RATIONAL_B_SPLINE_CURVE((1.,0.5,1.,0.5,
1.,0.5,1.)) REPRESENTATION_ITEM('') );
#8385 = CARTESIAN_POINT('',(112.95,10.));
#8386 = CARTESIAN_POINT('',(112.95,7.921539030917));
#8387 = CARTESIAN_POINT('',(111.15,8.960769515459));
#8388 = CARTESIAN_POINT('',(109.35,10.));
#8389 = CARTESIAN_POINT('',(111.15,11.039230484541));
#8390 = CARTESIAN_POINT('',(112.95,12.078460969083));
#8391 = CARTESIAN_POINT('',(112.95,10.));
#8392 = ( GEOMETRIC_REPRESENTATION_CONTEXT(2) 
PARAMETRIC_REPRESENTATION_CONTEXT() REPRESENTATION_CONTEXT('2D SPACE',''
  ) );
#8393 = ORIENTED_EDGE('',*,*,#8345,.F.);
#8394 = ADVANCED_FACE('',(#8395),#2929,.F.);
#8395 = FACE_BOUND('',#8396,.T.);
#8396 = EDGE_LOOP('',(#8397,#8398,#8421,#8447));
#8397 = ORIENTED_EDGE('',*,*,#2912,.T.);
#8398 = ORIENTED_EDGE('',*,*,#8399,.T.);
#8399 = EDGE_CURVE('',#2913,#8400,#8402,.T.);
#8400 = VERTEX_POINT('',#8401);
#8401 = CARTESIAN_POINT('',(147.5,134.7,19.));
#8402 = SEAM_CURVE('',#8403,(#8407,#8414),.PCURVE_S1.);
#8403 = LINE('',#8404,#8405);
#8404 = CARTESIAN_POINT('',(151.,134.7,19.));
#8405 = VECTOR('',#8406,1.);
#8406 = DIRECTION('',(-1.,0.,0.));
#8407 = PCURVE('',#2929,#8408);
#8408 = DEFINITIONAL_REPRESENTATION('',(#8409),#8413);
#8409 = LINE('',#8410,#8411);
#8410 = CARTESIAN_POINT('',(-6.28318530718,0.));
#8411 = VECTOR('',#8412,1.);
#8412 = DIRECTION('',(-0.,-1.));
#8413 = ( GEOMETRIC_REPRESENTATION_CONTEXT(2) 
PARAMETRIC_REPRESENTATION_CONTEXT() REPRESENTATION_CONTEXT('2D SPACE',''
  ) );
#8414 = PCURVE('',#2929,#8415);
#8415 = DEFINITIONAL_REPRESENTATION('',(#8416),#8420);
#8416 = LINE('',#8417,#8418);
#8417 = CARTESIAN_POINT('',(-0.,0.));
#8418 = VECTOR('',#8419,1.);
#8419 = DIRECTION('',(-0.,-1.));
#8420 = ( GEOMETRIC_REPRESENTATION_CONTEXT(2) 
PARAMETRIC_REPRESENTATION_CONTEXT() REPRESENTATION_CONTEXT('2D SPACE',''
  ) );
#8421 = ORIENTED_EDGE('',*,*,#8422,.F.);
#8422 = EDGE_CURVE('',#8400,#8400,#8423,.T.);
#8423 = SURFACE_CURVE('',#8424,(#8429,#8436),.PCURVE_S1.);
#8424 = CIRCLE('',#8425,1.2);
#8425 = AXIS2_PLACEMENT_3D('',#8426,#8427,#8428);
#8426 = CARTESIAN_POINT('',(147.5,133.5,19.));
#8427 = DIRECTION('',(1.,0.,-0.));
#8428 = DIRECTION('',(0.,1.,0.));
#8429 = PCURVE('',#2929,#8430);
#8430 = DEFINITIONAL_REPRESENTATION('',(#8431),#8435);
#8431 = LINE('',#8432,#8433);
#8432 = CARTESIAN_POINT('',(-6.28318530718,-3.5));
#8433 = VECTOR('',#8434,1.);
#8434 = DIRECTION('',(1.,-0.));
#8435 = ( GEOMETRIC_REPRESENTATION_CONTEXT(2) 
PARAMETRIC_REPRESENTATION_CONTEXT() REPRESENTATION_CONTEXT('2D SPACE',''
  ) );
#8436 = PCURVE('',#7730,#8437);
#8437 = DEFINITIONAL_REPRESENTATION('',(#8438),#8446);
#8438 = ( BOUNDED_CURVE() B_SPLINE_CURVE(2,(#8439,#8440,#8441,#8442,
#8443,#8444,#8445),.UNSPECIFIED.,.T.,.F.) B_SPLINE_CURVE_WITH_KNOTS((1,2
    ,2,2,2,1),(-2.094395102393,0.,2.094395102393,4.188790204786,
6.28318530718,8.377580409573),.UNSPECIFIED.) CURVE() 
GEOMETRIC_REPRESENTATION_ITEM() RATIONAL_B_SPLINE_CURVE((1.,0.5,1.,0.5,
1.,0.5,1.)) REPRESENTATION_ITEM('') );
#8439 = CARTESIAN_POINT('',(132.2,5.));
#8440 = CARTESIAN_POINT('',(132.2,2.921539030917));
#8441 = CARTESIAN_POINT('',(130.4,3.960769515459));
#8442 = CARTESIAN_POINT('',(128.6,5.));
#8443 = CARTESIAN_POINT('',(130.4,6.039230484541));
#8444 = CARTESIAN_POINT('',(132.2,7.078460969083));
#8445 = CARTESIAN_POINT('',(132.2,5.));
#8446 = ( GEOMETRIC_REPRESENTATION_CONTEXT(2) 
PARAMETRIC_REPRESENTATION_CONTEXT() REPRESENTATION_CONTEXT('2D SPACE',''
  ) );
#8447 = ORIENTED_EDGE('',*,*,#8399,.F.);
#8448 = ADVANCED_FACE('',(#8449),#2960,.F.);
#8449 = FACE_BOUND('',#8450,.T.);
#8450 = EDGE_LOOP('',(#8451,#8452,#8475,#8501));
#8451 = ORIENTED_EDGE('',*,*,#2943,.T.);
#8452 = ORIENTED_EDGE('',*,*,#8453,.T.);
#8453 = EDGE_CURVE('',#2944,#8454,#8456,.T.);
#8454 = VERTEX_POINT('',#8455);
#8455 = CARTESIAN_POINT('',(147.5,129.2,19.));
#8456 = SEAM_CURVE('',#8457,(#8461,#8468),.PCURVE_S1.);
#8457 = LINE('',#8458,#8459);
#8458 = CARTESIAN_POINT('',(151.,129.2,19.));
#8459 = VECTOR('',#8460,1.);
#8460 = DIRECTION('',(-1.,0.,0.));
#8461 = PCURVE('',#2960,#8462);
#8462 = DEFINITIONAL_REPRESENTATION('',(#8463),#8467);
#8463 = LINE('',#8464,#8465);
#8464 = CARTESIAN_POINT('',(-6.28318530718,0.));
#8465 = VECTOR('',#8466,1.);
#8466 = DIRECTION('',(-0.,-1.));
#8467 = ( GEOMETRIC_REPRESENTATION_CONTEXT(2) 
PARAMETRIC_REPRESENTATION_CONTEXT() REPRESENTATION_CONTEXT('2D SPACE',''
  ) );
#8468 = PCURVE('',#2960,#8469);
#8469 = DEFINITIONAL_REPRESENTATION('',(#8470),#8474);
#8470 = LINE('',#8471,#8472);
#8471 = CARTESIAN_POINT('',(-0.,0.));
#8472 = VECTOR('',#8473,1.);
#8473 = DIRECTION('',(-0.,-1.));
#8474 = ( GEOMETRIC_REPRESENTATION_CONTEXT(2) 
PARAMETRIC_REPRESENTATION_CONTEXT() REPRESENTATION_CONTEXT('2D SPACE',''
  ) );
#8475 = ORIENTED_EDGE('',*,*,#8476,.F.);
#8476 = EDGE_CURVE('',#8454,#8454,#8477,.T.);
#8477 = SURFACE_CURVE('',#8478,(#8483,#8490),.PCURVE_S1.);
#8478 = CIRCLE('',#8479,1.2);
#8479 = AXIS2_PLACEMENT_3D('',#8480,#8481,#8482);
#8480 = CARTESIAN_POINT('',(147.5,128.,19.));
#8481 = DIRECTION('',(1.,0.,-0.));
#8482 = DIRECTION('',(0.,1.,0.));
#8483 = PCURVE('',#2960,#8484);
#8484 = DEFINITIONAL_REPRESENTATION('',(#8485),#8489);
#8485 = LINE('',#8486,#8487);
#8486 = CARTESIAN_POINT('',(-6.28318530718,-3.5));
#8487 = VECTOR('',#8488,1.);
#8488 = DIRECTION('',(1.,-0.));
#8489 = ( GEOMETRIC_REPRESENTATION_CONTEXT(2) 
PARAMETRIC_REPRESENTATION_CONTEXT() REPRESENTATION_CONTEXT('2D SPACE',''
  ) );
#8490 = PCURVE('',#7730,#8491);
#8491 = DEFINITIONAL_REPRESENTATION('',(#8492),#8500);
#8492 = ( BOUNDED_CURVE() B_SPLINE_CURVE(2,(#8493,#8494,#8495,#8496,
#8497,#8498,#8499),.UNSPECIFIED.,.T.,.F.) B_SPLINE_CURVE_WITH_KNOTS((1,2
    ,2,2,2,1),(-2.094395102393,0.,2.094395102393,4.188790204786,
6.28318530718,8.377580409573),.UNSPECIFIED.) CURVE() 
GEOMETRIC_REPRESENTATION_ITEM() RATIONAL_B_SPLINE_CURVE((1.,0.5,1.,0.5,
1.,0.5,1.)) REPRESENTATION_ITEM('') );
#8493 = CARTESIAN_POINT('',(126.7,5.));
#8494 = CARTESIAN_POINT('',(126.7,2.921539030917));
#8495 = CARTESIAN_POINT('',(124.9,3.960769515459));
#8496 = CARTESIAN_POINT('',(123.1,5.));
#8497 = CARTESIAN_POINT('',(124.9,6.039230484541));
#8498 = CARTESIAN_POINT('',(126.7,7.078460969083));
#8499 = CARTESIAN_POINT('',(126.7,5.));
#8500 = ( GEOMETRIC_REPRESENTATION_CONTEXT(2) 
PARAMETRIC_REPRESENTATION_CONTEXT() REPRESENTATION_CONTEXT('2D SPACE',''
  ) );
#8501 = ORIENTED_EDGE('',*,*,#8453,.F.);
#8502 = ADVANCED_FACE('',(#8503),#2991,.F.);
#8503 = FACE_BOUND('',#8504,.T.);
#8504 = EDGE_LOOP('',(#8505,#8506,#8529,#8555));
#8505 = ORIENTED_EDGE('',*,*,#2974,.T.);
#8506 = ORIENTED_EDGE('',*,*,#8507,.T.);
#8507 = EDGE_CURVE('',#2975,#8508,#8510,.T.);
#8508 = VERTEX_POINT('',#8509);
#8509 = CARTESIAN_POINT('',(147.5,123.7,19.));
#8510 = SEAM_CURVE('',#8511,(#8515,#8522),.PCURVE_S1.);
#8511 = LINE('',#8512,#8513);
#8512 = CARTESIAN_POINT('',(151.,123.7,19.));
#8513 = VECTOR('',#8514,1.);
#8514 = DIRECTION('',(-1.,0.,0.));
#8515 = PCURVE('',#2991,#8516);
#8516 = DEFINITIONAL_REPRESENTATION('',(#8517),#8521);
#8517 = LINE('',#8518,#8519);
#8518 = CARTESIAN_POINT('',(-6.28318530718,0.));
#8519 = VECTOR('',#8520,1.);
#8520 = DIRECTION('',(-0.,-1.));
#8521 = ( GEOMETRIC_REPRESENTATION_CONTEXT(2) 
PARAMETRIC_REPRESENTATION_CONTEXT() REPRESENTATION_CONTEXT('2D SPACE',''
  ) );
#8522 = PCURVE('',#2991,#8523);
#8523 = DEFINITIONAL_REPRESENTATION('',(#8524),#8528);
#8524 = LINE('',#8525,#8526);
#8525 = CARTESIAN_POINT('',(-0.,0.));
#8526 = VECTOR('',#8527,1.);
#8527 = DIRECTION('',(-0.,-1.));
#8528 = ( GEOMETRIC_REPRESENTATION_CONTEXT(2) 
PARAMETRIC_REPRESENTATION_CONTEXT() REPRESENTATION_CONTEXT('2D SPACE',''
  ) );
#8529 = ORIENTED_EDGE('',*,*,#8530,.F.);
#8530 = EDGE_CURVE('',#8508,#8508,#8531,.T.);
#8531 = SURFACE_CURVE('',#8532,(#8537,#8544),.PCURVE_S1.);
#8532 = CIRCLE('',#8533,1.2);
#8533 = AXIS2_PLACEMENT_3D('',#8534,#8535,#8536);
#8534 = CARTESIAN_POINT('',(147.5,122.5,19.));
#8535 = DIRECTION('',(1.,0.,-0.));
#8536 = DIRECTION('',(0.,1.,0.));
#8537 = PCURVE('',#2991,#8538);
#8538 = DEFINITIONAL_REPRESENTATION('',(#8539),#8543);
#8539 = LINE('',#8540,#8541);
#8540 = CARTESIAN_POINT('',(-6.28318530718,-3.5));
#8541 = VECTOR('',#8542,1.);
#8542 = DIRECTION('',(1.,-0.));
#8543 = ( GEOMETRIC_REPRESENTATION_CONTEXT(2) 
PARAMETRIC_REPRESENTATION_CONTEXT() REPRESENTATION_CONTEXT('2D SPACE',''
  ) );
#8544 = PCURVE('',#7730,#8545);
#8545 = DEFINITIONAL_REPRESENTATION('',(#8546),#8554);
#8546 = ( BOUNDED_CURVE() B_SPLINE_CURVE(2,(#8547,#8548,#8549,#8550,
#8551,#8552,#8553),.UNSPECIFIED.,.T.,.F.) B_SPLINE_CURVE_WITH_KNOTS((1,2
    ,2,2,2,1),(-2.094395102393,0.,2.094395102393,4.188790204786,
6.28318530718,8.377580409573),.UNSPECIFIED.) CURVE() 
GEOMETRIC_REPRESENTATION_ITEM() RATIONAL_B_SPLINE_CURVE((1.,0.5,1.,0.5,
1.,0.5,1.)) REPRESENTATION_ITEM('') );
#8547 = CARTESIAN_POINT('',(121.2,5.));
#8548 = CARTESIAN_POINT('',(121.2,2.921539030917));
#8549 = CARTESIAN_POINT('',(119.4,3.960769515459));
#8550 = CARTESIAN_POINT('',(117.6,5.));
#8551 = CARTESIAN_POINT('',(119.4,6.039230484541));
#8552 = CARTESIAN_POINT('',(121.2,7.078460969083));
#8553 = CARTESIAN_POINT('',(121.2,5.));
#8554 = ( GEOMETRIC_REPRESENTATION_CONTEXT(2) 
PARAMETRIC_REPRESENTATION_CONTEXT() REPRESENTATION_CONTEXT('2D SPACE',''
  ) );
#8555 = ORIENTED_EDGE('',*,*,#8507,.F.);
#8556 = ADVANCED_FACE('',(#8557),#3022,.F.);
#8557 = FACE_BOUND('',#8558,.T.);
#8558 = EDGE_LOOP('',(#8559,#8560,#8583,#8609));
#8559 = ORIENTED_EDGE('',*,*,#3005,.T.);
#8560 = ORIENTED_EDGE('',*,*,#8561,.T.);
#8561 = EDGE_CURVE('',#3006,#8562,#8564,.T.);
#8562 = VERTEX_POINT('',#8563);
#8563 = CARTESIAN_POINT('',(147.5,118.2,19.));
#8564 = SEAM_CURVE('',#8565,(#8569,#8576),.PCURVE_S1.);
#8565 = LINE('',#8566,#8567);
#8566 = CARTESIAN_POINT('',(151.,118.2,19.));
#8567 = VECTOR('',#8568,1.);
#8568 = DIRECTION('',(-1.,0.,0.));
#8569 = PCURVE('',#3022,#8570);
#8570 = DEFINITIONAL_REPRESENTATION('',(#8571),#8575);
#8571 = LINE('',#8572,#8573);
#8572 = CARTESIAN_POINT('',(-6.28318530718,0.));
#8573 = VECTOR('',#8574,1.);
#8574 = DIRECTION('',(-0.,-1.));
#8575 = ( GEOMETRIC_REPRESENTATION_CONTEXT(2) 
PARAMETRIC_REPRESENTATION_CONTEXT() REPRESENTATION_CONTEXT('2D SPACE',''
  ) );
#8576 = PCURVE('',#3022,#8577);
#8577 = DEFINITIONAL_REPRESENTATION('',(#8578),#8582);
#8578 = LINE('',#8579,#8580);
#8579 = CARTESIAN_POINT('',(-0.,0.));
#8580 = VECTOR('',#8581,1.);
#8581 = DIRECTION('',(-0.,-1.));
#8582 = ( GEOMETRIC_REPRESENTATION_CONTEXT(2) 
PARAMETRIC_REPRESENTATION_CONTEXT() REPRESENTATION_CONTEXT('2D SPACE',''
  ) );
#8583 = ORIENTED_EDGE('',*,*,#8584,.F.);
#8584 = EDGE_CURVE('',#8562,#8562,#8585,.T.);
#8585 = SURFACE_CURVE('',#8586,(#8591,#8598),.PCURVE_S1.);
#8586 = CIRCLE('',#8587,1.2);
#8587 = AXIS2_PLACEMENT_3D('',#8588,#8589,#8590);
#8588 = CARTESIAN_POINT('',(147.5,117.,19.));
#8589 = DIRECTION('',(1.,0.,-0.));
#8590 = DIRECTION('',(0.,1.,0.));
#8591 = PCURVE('',#3022,#8592);
#8592 = DEFINITIONAL_REPRESENTATION('',(#8593),#8597);
#8593 = LINE('',#8594,#8595);
#8594 = CARTESIAN_POINT('',(-6.28318530718,-3.5));
#8595 = VECTOR('',#8596,1.);
#8596 = DIRECTION('',(1.,-0.));
#8597 = ( GEOMETRIC_REPRESENTATION_CONTEXT(2) 
PARAMETRIC_REPRESENTATION_CONTEXT() REPRESENTATION_CONTEXT('2D SPACE',''
  ) );
#8598 = PCURVE('',#7730,#8599);
#8599 = DEFINITIONAL_REPRESENTATION('',(#8600),#8608);
#8600 = ( BOUNDED_CURVE() B_SPLINE_CURVE(2,(#8601,#8602,#8603,#8604,
#8605,#8606,#8607),.UNSPECIFIED.,.T.,.F.) B_SPLINE_CURVE_WITH_KNOTS((1,2
    ,2,2,2,1),(-2.094395102393,0.,2.094395102393,4.188790204786,
6.28318530718,8.377580409573),.UNSPECIFIED.) CURVE() 
GEOMETRIC_REPRESENTATION_ITEM() RATIONAL_B_SPLINE_CURVE((1.,0.5,1.,0.5,
1.,0.5,1.)) REPRESENTATION_ITEM('') );
#8601 = CARTESIAN_POINT('',(115.7,5.));
#8602 = CARTESIAN_POINT('',(115.7,2.921539030917));
#8603 = CARTESIAN_POINT('',(113.9,3.960769515459));
#8604 = CARTESIAN_POINT('',(112.1,5.));
#8605 = CARTESIAN_POINT('',(113.9,6.039230484541));
#8606 = CARTESIAN_POINT('',(115.7,7.078460969083));
#8607 = CARTESIAN_POINT('',(115.7,5.));
#8608 = ( GEOMETRIC_REPRESENTATION_CONTEXT(2) 
PARAMETRIC_REPRESENTATION_CONTEXT() REPRESENTATION_CONTEXT('2D SPACE',''
  ) );
#8609 = ORIENTED_EDGE('',*,*,#8561,.F.);
#8610 = ADVANCED_FACE('',(#8611),#3053,.F.);
#8611 = FACE_BOUND('',#8612,.T.);
#8612 = EDGE_LOOP('',(#8613,#8614,#8637,#8663));
#8613 = ORIENTED_EDGE('',*,*,#3036,.T.);
#8614 = ORIENTED_EDGE('',*,*,#8615,.T.);
#8615 = EDGE_CURVE('',#3037,#8616,#8618,.T.);
#8616 = VERTEX_POINT('',#8617);
#8617 = CARTESIAN_POINT('',(147.5,112.7,19.));
#8618 = SEAM_CURVE('',#8619,(#8623,#8630),.PCURVE_S1.);
#8619 = LINE('',#8620,#8621);
#8620 = CARTESIAN_POINT('',(151.,112.7,19.));
#8621 = VECTOR('',#8622,1.);
#8622 = DIRECTION('',(-1.,0.,0.));
#8623 = PCURVE('',#3053,#8624);
#8624 = DEFINITIONAL_REPRESENTATION('',(#8625),#8629);
#8625 = LINE('',#8626,#8627);
#8626 = CARTESIAN_POINT('',(-6.28318530718,0.));
#8627 = VECTOR('',#8628,1.);
#8628 = DIRECTION('',(-0.,-1.));
#8629 = ( GEOMETRIC_REPRESENTATION_CONTEXT(2) 
PARAMETRIC_REPRESENTATION_CONTEXT() REPRESENTATION_CONTEXT('2D SPACE',''
  ) );
#8630 = PCURVE('',#3053,#8631);
#8631 = DEFINITIONAL_REPRESENTATION('',(#8632),#8636);
#8632 = LINE('',#8633,#8634);
#8633 = CARTESIAN_POINT('',(-0.,0.));
#8634 = VECTOR('',#8635,1.);
#8635 = DIRECTION('',(-0.,-1.));
#8636 = ( GEOMETRIC_REPRESENTATION_CONTEXT(2) 
PARAMETRIC_REPRESENTATION_CONTEXT() REPRESENTATION_CONTEXT('2D SPACE',''
  ) );
#8637 = ORIENTED_EDGE('',*,*,#8638,.F.);
#8638 = EDGE_CURVE('',#8616,#8616,#8639,.T.);
#8639 = SURFACE_CURVE('',#8640,(#8645,#8652),.PCURVE_S1.);
#8640 = CIRCLE('',#8641,1.2);
#8641 = AXIS2_PLACEMENT_3D('',#8642,#8643,#8644);
#8642 = CARTESIAN_POINT('',(147.5,111.5,19.));
#8643 = DIRECTION('',(1.,0.,-0.));
#8644 = DIRECTION('',(0.,1.,0.));
#8645 = PCURVE('',#3053,#8646);
#8646 = DEFINITIONAL_REPRESENTATION('',(#8647),#8651);
#8647 = LINE('',#8648,#8649);
#8648 = CARTESIAN_POINT('',(-6.28318530718,-3.5));
#8649 = VECTOR('',#8650,1.);
#8650 = DIRECTION('',(1.,-0.));
#8651 = ( GEOMETRIC_REPRESENTATION_CONTEXT(2) 
PARAMETRIC_REPRESENTATION_CONTEXT() REPRESENTATION_CONTEXT('2D SPACE',''
  ) );
#8652 = PCURVE('',#7730,#8653);
#8653 = DEFINITIONAL_REPRESENTATION('',(#8654),#8662);
#8654 = ( BOUNDED_CURVE() B_SPLINE_CURVE(2,(#8655,#8656,#8657,#8658,
#8659,#8660,#8661),.UNSPECIFIED.,.T.,.F.) B_SPLINE_CURVE_WITH_KNOTS((1,2
    ,2,2,2,1),(-2.094395102393,0.,2.094395102393,4.188790204786,
6.28318530718,8.377580409573),.UNSPECIFIED.) CURVE() 
GEOMETRIC_REPRESENTATION_ITEM() RATIONAL_B_SPLINE_CURVE((1.,0.5,1.,0.5,
1.,0.5,1.)) REPRESENTATION_ITEM('') );
#8655 = CARTESIAN_POINT('',(110.2,5.));
#8656 = CARTESIAN_POINT('',(110.2,2.921539030917));
#8657 = CARTESIAN_POINT('',(108.4,3.960769515459));
#8658 = CARTESIAN_POINT('',(106.6,5.));
#8659 = CARTESIAN_POINT('',(108.4,6.039230484541));
#8660 = CARTESIAN_POINT('',(110.2,7.078460969083));
#8661 = CARTESIAN_POINT('',(110.2,5.));
#8662 = ( GEOMETRIC_REPRESENTATION_CONTEXT(2) 
PARAMETRIC_REPRESENTATION_CONTEXT() REPRESENTATION_CONTEXT('2D SPACE',''
  ) );
#8663 = ORIENTED_EDGE('',*,*,#8615,.F.);
#8664 = ADVANCED_FACE('',(#8665),#3084,.F.);
#8665 = FACE_BOUND('',#8666,.T.);
#8666 = EDGE_LOOP('',(#8667,#8668,#8691,#8717));
#8667 = ORIENTED_EDGE('',*,*,#3067,.T.);
#8668 = ORIENTED_EDGE('',*,*,#8669,.T.);
#8669 = EDGE_CURVE('',#3068,#8670,#8672,.T.);
#8670 = VERTEX_POINT('',#8671);
#8671 = CARTESIAN_POINT('',(147.5,109.95,14.));
#8672 = SEAM_CURVE('',#8673,(#8677,#8684),.PCURVE_S1.);
#8673 = LINE('',#8674,#8675);
#8674 = CARTESIAN_POINT('',(151.,109.95,14.));
#8675 = VECTOR('',#8676,1.);
#8676 = DIRECTION('',(-1.,0.,0.));
#8677 = PCURVE('',#3084,#8678);
#8678 = DEFINITIONAL_REPRESENTATION('',(#8679),#8683);
#8679 = LINE('',#8680,#8681);
#8680 = CARTESIAN_POINT('',(-6.28318530718,0.));
#8681 = VECTOR('',#8682,1.);
#8682 = DIRECTION('',(-0.,-1.));
#8683 = ( GEOMETRIC_REPRESENTATION_CONTEXT(2) 
PARAMETRIC_REPRESENTATION_CONTEXT() REPRESENTATION_CONTEXT('2D SPACE',''
  ) );
#8684 = PCURVE('',#3084,#8685);
#8685 = DEFINITIONAL_REPRESENTATION('',(#8686),#8690);
#8686 = LINE('',#8687,#8688);
#8687 = CARTESIAN_POINT('',(-0.,0.));
#8688 = VECTOR('',#8689,1.);
#8689 = DIRECTION('',(-0.,-1.));
#8690 = ( GEOMETRIC_REPRESENTATION_CONTEXT(2) 
PARAMETRIC_REPRESENTATION_CONTEXT() REPRESENTATION_CONTEXT('2D SPACE',''
  ) );
#8691 = ORIENTED_EDGE('',*,*,#8692,.F.);
#8692 = EDGE_CURVE('',#8670,#8670,#8693,.T.);
#8693 = SURFACE_CURVE('',#8694,(#8699,#8706),.PCURVE_S1.);
#8694 = CIRCLE('',#8695,1.2);
#8695 = AXIS2_PLACEMENT_3D('',#8696,#8697,#8698);
#8696 = CARTESIAN_POINT('',(147.5,108.75,14.));
#8697 = DIRECTION('',(1.,0.,-0.));
#8698 = DIRECTION('',(0.,1.,0.));
#8699 = PCURVE('',#3084,#8700);
#8700 = DEFINITIONAL_REPRESENTATION('',(#8701),#8705);
#8701 = LINE('',#8702,#8703);
#8702 = CARTESIAN_POINT('',(-6.28318530718,-3.5));
#8703 = VECTOR('',#8704,1.);
#8704 = DIRECTION('',(1.,-0.));
#8705 = ( GEOMETRIC_REPRESENTATION_CONTEXT(2) 
PARAMETRIC_REPRESENTATION_CONTEXT() REPRESENTATION_CONTEXT('2D SPACE',''
  ) );
#8706 = PCURVE('',#7730,#8707);
#8707 = DEFINITIONAL_REPRESENTATION('',(#8708),#8716);
#8708 = ( BOUNDED_CURVE() B_SPLINE_CURVE(2,(#8709,#8710,#8711,#8712,
#8713,#8714,#8715),.UNSPECIFIED.,.T.,.F.) B_SPLINE_CURVE_WITH_KNOTS((1,2
    ,2,2,2,1),(-2.094395102393,0.,2.094395102393,4.188790204786,
6.28318530718,8.377580409573),.UNSPECIFIED.) CURVE() 
GEOMETRIC_REPRESENTATION_ITEM() RATIONAL_B_SPLINE_CURVE((1.,0.5,1.,0.5,
1.,0.5,1.)) REPRESENTATION_ITEM('') );
#8709 = CARTESIAN_POINT('',(107.45,10.));
#8710 = CARTESIAN_POINT('',(107.45,7.921539030917));
#8711 = CARTESIAN_POINT('',(105.65,8.960769515459));
#8712 = CARTESIAN_POINT('',(103.85,10.));
#8713 = CARTESIAN_POINT('',(105.65,11.039230484541));
#8714 = CARTESIAN_POINT('',(107.45,12.078460969083));
#8715 = CARTESIAN_POINT('',(107.45,10.));
#8716 = ( GEOMETRIC_REPRESENTATION_CONTEXT(2) 
PARAMETRIC_REPRESENTATION_CONTEXT() REPRESENTATION_CONTEXT('2D SPACE',''
  ) );
#8717 = ORIENTED_EDGE('',*,*,#8669,.F.);
#8718 = ADVANCED_FACE('',(#8719),#3115,.F.);
#8719 = FACE_BOUND('',#8720,.T.);
#8720 = EDGE_LOOP('',(#8721,#8722,#8745,#8771));
#8721 = ORIENTED_EDGE('',*,*,#3098,.T.);
#8722 = ORIENTED_EDGE('',*,*,#8723,.T.);
#8723 = EDGE_CURVE('',#3099,#8724,#8726,.T.);
#8724 = VERTEX_POINT('',#8725);
#8725 = CARTESIAN_POINT('',(147.5,104.45,14.));
#8726 = SEAM_CURVE('',#8727,(#8731,#8738),.PCURVE_S1.);
#8727 = LINE('',#8728,#8729);
#8728 = CARTESIAN_POINT('',(151.,104.45,14.));
#8729 = VECTOR('',#8730,1.);
#8730 = DIRECTION('',(-1.,0.,0.));
#8731 = PCURVE('',#3115,#8732);
#8732 = DEFINITIONAL_REPRESENTATION('',(#8733),#8737);
#8733 = LINE('',#8734,#8735);
#8734 = CARTESIAN_POINT('',(-6.28318530718,0.));
#8735 = VECTOR('',#8736,1.);
#8736 = DIRECTION('',(-0.,-1.));
#8737 = ( GEOMETRIC_REPRESENTATION_CONTEXT(2) 
PARAMETRIC_REPRESENTATION_CONTEXT() REPRESENTATION_CONTEXT('2D SPACE',''
  ) );
#8738 = PCURVE('',#3115,#8739);
#8739 = DEFINITIONAL_REPRESENTATION('',(#8740),#8744);
#8740 = LINE('',#8741,#8742);
#8741 = CARTESIAN_POINT('',(-0.,0.));
#8742 = VECTOR('',#8743,1.);
#8743 = DIRECTION('',(-0.,-1.));
#8744 = ( GEOMETRIC_REPRESENTATION_CONTEXT(2) 
PARAMETRIC_REPRESENTATION_CONTEXT() REPRESENTATION_CONTEXT('2D SPACE',''
  ) );
#8745 = ORIENTED_EDGE('',*,*,#8746,.F.);
#8746 = EDGE_CURVE('',#8724,#8724,#8747,.T.);
#8747 = SURFACE_CURVE('',#8748,(#8753,#8760),.PCURVE_S1.);
#8748 = CIRCLE('',#8749,1.2);
#8749 = AXIS2_PLACEMENT_3D('',#8750,#8751,#8752);
#8750 = CARTESIAN_POINT('',(147.5,103.25,14.));
#8751 = DIRECTION('',(1.,0.,-0.));
#8752 = DIRECTION('',(0.,1.,0.));
#8753 = PCURVE('',#3115,#8754);
#8754 = DEFINITIONAL_REPRESENTATION('',(#8755),#8759);
#8755 = LINE('',#8756,#8757);
#8756 = CARTESIAN_POINT('',(-6.28318530718,-3.5));
#8757 = VECTOR('',#8758,1.);
#8758 = DIRECTION('',(1.,-0.));
#8759 = ( GEOMETRIC_REPRESENTATION_CONTEXT(2) 
PARAMETRIC_REPRESENTATION_CONTEXT() REPRESENTATION_CONTEXT('2D SPACE',''
  ) );
#8760 = PCURVE('',#7730,#8761);
#8761 = DEFINITIONAL_REPRESENTATION('',(#8762),#8770);
#8762 = ( BOUNDED_CURVE() B_SPLINE_CURVE(2,(#8763,#8764,#8765,#8766,
#8767,#8768,#8769),.UNSPECIFIED.,.T.,.F.) B_SPLINE_CURVE_WITH_KNOTS((1,2
    ,2,2,2,1),(-2.094395102393,0.,2.094395102393,4.188790204786,
6.28318530718,8.377580409573),.UNSPECIFIED.) CURVE() 
GEOMETRIC_REPRESENTATION_ITEM() RATIONAL_B_SPLINE_CURVE((1.,0.5,1.,0.5,
1.,0.5,1.)) REPRESENTATION_ITEM('') );
#8763 = CARTESIAN_POINT('',(101.95,10.));
#8764 = CARTESIAN_POINT('',(101.95,7.921539030917));
#8765 = CARTESIAN_POINT('',(100.15,8.960769515459));
#8766 = CARTESIAN_POINT('',(98.35,10.));
#8767 = CARTESIAN_POINT('',(100.15,11.039230484541));
#8768 = CARTESIAN_POINT('',(101.95,12.078460969083));
#8769 = CARTESIAN_POINT('',(101.95,10.));
#8770 = ( GEOMETRIC_REPRESENTATION_CONTEXT(2) 
PARAMETRIC_REPRESENTATION_CONTEXT() REPRESENTATION_CONTEXT('2D SPACE',''
  ) );
#8771 = ORIENTED_EDGE('',*,*,#8723,.F.);
#8772 = ADVANCED_FACE('',(#8773),#3146,.F.);
#8773 = FACE_BOUND('',#8774,.T.);
#8774 = EDGE_LOOP('',(#8775,#8776,#8799,#8825));
#8775 = ORIENTED_EDGE('',*,*,#3129,.T.);
#8776 = ORIENTED_EDGE('',*,*,#8777,.T.);
#8777 = EDGE_CURVE('',#3130,#8778,#8780,.T.);
#8778 = VERTEX_POINT('',#8779);
#8779 = CARTESIAN_POINT('',(147.5,98.95,14.));
#8780 = SEAM_CURVE('',#8781,(#8785,#8792),.PCURVE_S1.);
#8781 = LINE('',#8782,#8783);
#8782 = CARTESIAN_POINT('',(151.,98.95,14.));
#8783 = VECTOR('',#8784,1.);
#8784 = DIRECTION('',(-1.,0.,0.));
#8785 = PCURVE('',#3146,#8786);
#8786 = DEFINITIONAL_REPRESENTATION('',(#8787),#8791);
#8787 = LINE('',#8788,#8789);
#8788 = CARTESIAN_POINT('',(-6.28318530718,0.));
#8789 = VECTOR('',#8790,1.);
#8790 = DIRECTION('',(-0.,-1.));
#8791 = ( GEOMETRIC_REPRESENTATION_CONTEXT(2) 
PARAMETRIC_REPRESENTATION_CONTEXT() REPRESENTATION_CONTEXT('2D SPACE',''
  ) );
#8792 = PCURVE('',#3146,#8793);
#8793 = DEFINITIONAL_REPRESENTATION('',(#8794),#8798);
#8794 = LINE('',#8795,#8796);
#8795 = CARTESIAN_POINT('',(-0.,0.));
#8796 = VECTOR('',#8797,1.);
#8797 = DIRECTION('',(-0.,-1.));
#8798 = ( GEOMETRIC_REPRESENTATION_CONTEXT(2) 
PARAMETRIC_REPRESENTATION_CONTEXT() REPRESENTATION_CONTEXT('2D SPACE',''
  ) );
#8799 = ORIENTED_EDGE('',*,*,#8800,.F.);
#8800 = EDGE_CURVE('',#8778,#8778,#8801,.T.);
#8801 = SURFACE_CURVE('',#8802,(#8807,#8814),.PCURVE_S1.);
#8802 = CIRCLE('',#8803,1.2);
#8803 = AXIS2_PLACEMENT_3D('',#8804,#8805,#8806);
#8804 = CARTESIAN_POINT('',(147.5,97.75,14.));
#8805 = DIRECTION('',(1.,0.,-0.));
#8806 = DIRECTION('',(0.,1.,0.));
#8807 = PCURVE('',#3146,#8808);
#8808 = DEFINITIONAL_REPRESENTATION('',(#8809),#8813);
#8809 = LINE('',#8810,#8811);
#8810 = CARTESIAN_POINT('',(-6.28318530718,-3.5));
#8811 = VECTOR('',#8812,1.);
#8812 = DIRECTION('',(1.,-0.));
#8813 = ( GEOMETRIC_REPRESENTATION_CONTEXT(2) 
PARAMETRIC_REPRESENTATION_CONTEXT() REPRESENTATION_CONTEXT('2D SPACE',''
  ) );
#8814 = PCURVE('',#7730,#8815);
#8815 = DEFINITIONAL_REPRESENTATION('',(#8816),#8824);
#8816 = ( BOUNDED_CURVE() B_SPLINE_CURVE(2,(#8817,#8818,#8819,#8820,
#8821,#8822,#8823),.UNSPECIFIED.,.T.,.F.) B_SPLINE_CURVE_WITH_KNOTS((1,2
    ,2,2,2,1),(-2.094395102393,0.,2.094395102393,4.188790204786,
6.28318530718,8.377580409573),.UNSPECIFIED.) CURVE() 
GEOMETRIC_REPRESENTATION_ITEM() RATIONAL_B_SPLINE_CURVE((1.,0.5,1.,0.5,
1.,0.5,1.)) REPRESENTATION_ITEM('') );
#8817 = CARTESIAN_POINT('',(96.45,10.));
#8818 = CARTESIAN_POINT('',(96.45,7.921539030917));
#8819 = CARTESIAN_POINT('',(94.65,8.960769515459));
#8820 = CARTESIAN_POINT('',(92.85,10.));
#8821 = CARTESIAN_POINT('',(94.65,11.039230484541));
#8822 = CARTESIAN_POINT('',(96.45,12.078460969083));
#8823 = CARTESIAN_POINT('',(96.45,10.));
#8824 = ( GEOMETRIC_REPRESENTATION_CONTEXT(2) 
PARAMETRIC_REPRESENTATION_CONTEXT() REPRESENTATION_CONTEXT('2D SPACE',''
  ) );
#8825 = ORIENTED_EDGE('',*,*,#8777,.F.);
#8826 = ADVANCED_FACE('',(#8827),#3177,.F.);
#8827 = FACE_BOUND('',#8828,.T.);
#8828 = EDGE_LOOP('',(#8829,#8830,#8853,#8879));
#8829 = ORIENTED_EDGE('',*,*,#3160,.T.);
#8830 = ORIENTED_EDGE('',*,*,#8831,.T.);
#8831 = EDGE_CURVE('',#3161,#8832,#8834,.T.);
#8832 = VERTEX_POINT('',#8833);
#8833 = CARTESIAN_POINT('',(147.5,93.45,14.));
#8834 = SEAM_CURVE('',#8835,(#8839,#8846),.PCURVE_S1.);
#8835 = LINE('',#8836,#8837);
#8836 = CARTESIAN_POINT('',(151.,93.45,14.));
#8837 = VECTOR('',#8838,1.);
#8838 = DIRECTION('',(-1.,0.,0.));
#8839 = PCURVE('',#3177,#8840);
#8840 = DEFINITIONAL_REPRESENTATION('',(#8841),#8845);
#8841 = LINE('',#8842,#8843);
#8842 = CARTESIAN_POINT('',(-6.28318530718,0.));
#8843 = VECTOR('',#8844,1.);
#8844 = DIRECTION('',(-0.,-1.));
#8845 = ( GEOMETRIC_REPRESENTATION_CONTEXT(2) 
PARAMETRIC_REPRESENTATION_CONTEXT() REPRESENTATION_CONTEXT('2D SPACE',''
  ) );
#8846 = PCURVE('',#3177,#8847);
#8847 = DEFINITIONAL_REPRESENTATION('',(#8848),#8852);
#8848 = LINE('',#8849,#8850);
#8849 = CARTESIAN_POINT('',(-0.,0.));
#8850 = VECTOR('',#8851,1.);
#8851 = DIRECTION('',(-0.,-1.));
#8852 = ( GEOMETRIC_REPRESENTATION_CONTEXT(2) 
PARAMETRIC_REPRESENTATION_CONTEXT() REPRESENTATION_CONTEXT('2D SPACE',''
  ) );
#8853 = ORIENTED_EDGE('',*,*,#8854,.F.);
#8854 = EDGE_CURVE('',#8832,#8832,#8855,.T.);
#8855 = SURFACE_CURVE('',#8856,(#8861,#8868),.PCURVE_S1.);
#8856 = CIRCLE('',#8857,1.2);
#8857 = AXIS2_PLACEMENT_3D('',#8858,#8859,#8860);
#8858 = CARTESIAN_POINT('',(147.5,92.25,14.));
#8859 = DIRECTION('',(1.,0.,-0.));
#8860 = DIRECTION('',(0.,1.,0.));
#8861 = PCURVE('',#3177,#8862);
#8862 = DEFINITIONAL_REPRESENTATION('',(#8863),#8867);
#8863 = LINE('',#8864,#8865);
#8864 = CARTESIAN_POINT('',(-6.28318530718,-3.5));
#8865 = VECTOR('',#8866,1.);
#8866 = DIRECTION('',(1.,-0.));
#8867 = ( GEOMETRIC_REPRESENTATION_CONTEXT(2) 
PARAMETRIC_REPRESENTATION_CONTEXT() REPRESENTATION_CONTEXT('2D SPACE',''
  ) );
#8868 = PCURVE('',#7730,#8869);
#8869 = DEFINITIONAL_REPRESENTATION('',(#8870),#8878);
#8870 = ( BOUNDED_CURVE() B_SPLINE_CURVE(2,(#8871,#8872,#8873,#8874,
#8875,#8876,#8877),.UNSPECIFIED.,.T.,.F.) B_SPLINE_CURVE_WITH_KNOTS((1,2
    ,2,2,2,1),(-2.094395102393,0.,2.094395102393,4.188790204786,
6.28318530718,8.377580409573),.UNSPECIFIED.) CURVE() 
GEOMETRIC_REPRESENTATION_ITEM() RATIONAL_B_SPLINE_CURVE((1.,0.5,1.,0.5,
1.,0.5,1.)) REPRESENTATION_ITEM('') );
#8871 = CARTESIAN_POINT('',(90.95,10.));
#8872 = CARTESIAN_POINT('',(90.95,7.921539030917));
#8873 = CARTESIAN_POINT('',(89.15,8.960769515459));
#8874 = CARTESIAN_POINT('',(87.35,10.));
#8875 = CARTESIAN_POINT('',(89.15,11.039230484541));
#8876 = CARTESIAN_POINT('',(90.95,12.078460969083));
#8877 = CARTESIAN_POINT('',(90.95,10.));
#8878 = ( GEOMETRIC_REPRESENTATION_CONTEXT(2) 
PARAMETRIC_REPRESENTATION_CONTEXT() REPRESENTATION_CONTEXT('2D SPACE',''
  ) );
#8879 = ORIENTED_EDGE('',*,*,#8831,.F.);
#8880 = ADVANCED_FACE('',(#8881),#3208,.F.);
#8881 = FACE_BOUND('',#8882,.T.);
#8882 = EDGE_LOOP('',(#8883,#8884,#8907,#8933));
#8883 = ORIENTED_EDGE('',*,*,#3191,.T.);
#8884 = ORIENTED_EDGE('',*,*,#8885,.T.);
#8885 = EDGE_CURVE('',#3192,#8886,#8888,.T.);
#8886 = VERTEX_POINT('',#8887);
#8887 = CARTESIAN_POINT('',(147.5,87.95,14.));
#8888 = SEAM_CURVE('',#8889,(#8893,#8900),.PCURVE_S1.);
#8889 = LINE('',#8890,#8891);
#8890 = CARTESIAN_POINT('',(151.,87.95,14.));
#8891 = VECTOR('',#8892,1.);
#8892 = DIRECTION('',(-1.,0.,0.));
#8893 = PCURVE('',#3208,#8894);
#8894 = DEFINITIONAL_REPRESENTATION('',(#8895),#8899);
#8895 = LINE('',#8896,#8897);
#8896 = CARTESIAN_POINT('',(-6.28318530718,0.));
#8897 = VECTOR('',#8898,1.);
#8898 = DIRECTION('',(-0.,-1.));
#8899 = ( GEOMETRIC_REPRESENTATION_CONTEXT(2) 
PARAMETRIC_REPRESENTATION_CONTEXT() REPRESENTATION_CONTEXT('2D SPACE',''
  ) );
#8900 = PCURVE('',#3208,#8901);
#8901 = DEFINITIONAL_REPRESENTATION('',(#8902),#8906);
#8902 = LINE('',#8903,#8904);
#8903 = CARTESIAN_POINT('',(-0.,0.));
#8904 = VECTOR('',#8905,1.);
#8905 = DIRECTION('',(-0.,-1.));
#8906 = ( GEOMETRIC_REPRESENTATION_CONTEXT(2) 
PARAMETRIC_REPRESENTATION_CONTEXT() REPRESENTATION_CONTEXT('2D SPACE',''
  ) );
#8907 = ORIENTED_EDGE('',*,*,#8908,.F.);
#8908 = EDGE_CURVE('',#8886,#8886,#8909,.T.);
#8909 = SURFACE_CURVE('',#8910,(#8915,#8922),.PCURVE_S1.);
#8910 = CIRCLE('',#8911,1.2);
#8911 = AXIS2_PLACEMENT_3D('',#8912,#8913,#8914);
#8912 = CARTESIAN_POINT('',(147.5,86.75,14.));
#8913 = DIRECTION('',(1.,0.,-0.));
#8914 = DIRECTION('',(0.,1.,0.));
#8915 = PCURVE('',#3208,#8916);
#8916 = DEFINITIONAL_REPRESENTATION('',(#8917),#8921);
#8917 = LINE('',#8918,#8919);
#8918 = CARTESIAN_POINT('',(-6.28318530718,-3.5));
#8919 = VECTOR('',#8920,1.);
#8920 = DIRECTION('',(1.,-0.));
#8921 = ( GEOMETRIC_REPRESENTATION_CONTEXT(2) 
PARAMETRIC_REPRESENTATION_CONTEXT() REPRESENTATION_CONTEXT('2D SPACE',''
  ) );
#8922 = PCURVE('',#7730,#8923);
#8923 = DEFINITIONAL_REPRESENTATION('',(#8924),#8932);
#8924 = ( BOUNDED_CURVE() B_SPLINE_CURVE(2,(#8925,#8926,#8927,#8928,
#8929,#8930,#8931),.UNSPECIFIED.,.T.,.F.) B_SPLINE_CURVE_WITH_KNOTS((1,2
    ,2,2,2,1),(-2.094395102393,0.,2.094395102393,4.188790204786,
6.28318530718,8.377580409573),.UNSPECIFIED.) CURVE() 
GEOMETRIC_REPRESENTATION_ITEM() RATIONAL_B_SPLINE_CURVE((1.,0.5,1.,0.5,
1.,0.5,1.)) REPRESENTATION_ITEM('') );
#8925 = CARTESIAN_POINT('',(85.45,10.));
#8926 = CARTESIAN_POINT('',(85.45,7.921539030917));
#8927 = CARTESIAN_POINT('',(83.65,8.960769515459));
#8928 = CARTESIAN_POINT('',(81.85,10.));
#8929 = CARTESIAN_POINT('',(83.65,11.039230484541));
#8930 = CARTESIAN_POINT('',(85.45,12.078460969083));
#8931 = CARTESIAN_POINT('',(85.45,10.));
#8932 = ( GEOMETRIC_REPRESENTATION_CONTEXT(2) 
PARAMETRIC_REPRESENTATION_CONTEXT() REPRESENTATION_CONTEXT('2D SPACE',''
  ) );
#8933 = ORIENTED_EDGE('',*,*,#8885,.F.);
#8934 = ADVANCED_FACE('',(#8935),#3239,.F.);
#8935 = FACE_BOUND('',#8936,.T.);
#8936 = EDGE_LOOP('',(#8937,#8938,#8961,#8987));
#8937 = ORIENTED_EDGE('',*,*,#3222,.T.);
#8938 = ORIENTED_EDGE('',*,*,#8939,.T.);
#8939 = EDGE_CURVE('',#3223,#8940,#8942,.T.);
#8940 = VERTEX_POINT('',#8941);
#8941 = CARTESIAN_POINT('',(147.5,107.2,19.));
#8942 = SEAM_CURVE('',#8943,(#8947,#8954),.PCURVE_S1.);
#8943 = LINE('',#8944,#8945);
#8944 = CARTESIAN_POINT('',(151.,107.2,19.));
#8945 = VECTOR('',#8946,1.);
#8946 = DIRECTION('',(-1.,0.,0.));
#8947 = PCURVE('',#3239,#8948);
#8948 = DEFINITIONAL_REPRESENTATION('',(#8949),#8953);
#8949 = LINE('',#8950,#8951);
#8950 = CARTESIAN_POINT('',(-6.28318530718,0.));
#8951 = VECTOR('',#8952,1.);
#8952 = DIRECTION('',(-0.,-1.));
#8953 = ( GEOMETRIC_REPRESENTATION_CONTEXT(2) 
PARAMETRIC_REPRESENTATION_CONTEXT() REPRESENTATION_CONTEXT('2D SPACE',''
  ) );
#8954 = PCURVE('',#3239,#8955);
#8955 = DEFINITIONAL_REPRESENTATION('',(#8956),#8960);
#8956 = LINE('',#8957,#8958);
#8957 = CARTESIAN_POINT('',(-0.,0.));
#8958 = VECTOR('',#8959,1.);
#8959 = DIRECTION('',(-0.,-1.));
#8960 = ( GEOMETRIC_REPRESENTATION_CONTEXT(2) 
PARAMETRIC_REPRESENTATION_CONTEXT() REPRESENTATION_CONTEXT('2D SPACE',''
  ) );
#8961 = ORIENTED_EDGE('',*,*,#8962,.F.);
#8962 = EDGE_CURVE('',#8940,#8940,#8963,.T.);
#8963 = SURFACE_CURVE('',#8964,(#8969,#8976),.PCURVE_S1.);
#8964 = CIRCLE('',#8965,1.2);
#8965 = AXIS2_PLACEMENT_3D('',#8966,#8967,#8968);
#8966 = CARTESIAN_POINT('',(147.5,106.,19.));
#8967 = DIRECTION('',(1.,0.,-0.));
#8968 = DIRECTION('',(0.,1.,0.));
#8969 = PCURVE('',#3239,#8970);
#8970 = DEFINITIONAL_REPRESENTATION('',(#8971),#8975);
#8971 = LINE('',#8972,#8973);
#8972 = CARTESIAN_POINT('',(-6.28318530718,-3.5));
#8973 = VECTOR('',#8974,1.);
#8974 = DIRECTION('',(1.,-0.));
#8975 = ( GEOMETRIC_REPRESENTATION_CONTEXT(2) 
PARAMETRIC_REPRESENTATION_CONTEXT() REPRESENTATION_CONTEXT('2D SPACE',''
  ) );
#8976 = PCURVE('',#7730,#8977);
#8977 = DEFINITIONAL_REPRESENTATION('',(#8978),#8986);
#8978 = ( BOUNDED_CURVE() B_SPLINE_CURVE(2,(#8979,#8980,#8981,#8982,
#8983,#8984,#8985),.UNSPECIFIED.,.T.,.F.) B_SPLINE_CURVE_WITH_KNOTS((1,2
    ,2,2,2,1),(-2.094395102393,0.,2.094395102393,4.188790204786,
6.28318530718,8.377580409573),.UNSPECIFIED.) CURVE() 
GEOMETRIC_REPRESENTATION_ITEM() RATIONAL_B_SPLINE_CURVE((1.,0.5,1.,0.5,
1.,0.5,1.)) REPRESENTATION_ITEM('') );
#8979 = CARTESIAN_POINT('',(104.7,5.));
#8980 = CARTESIAN_POINT('',(104.7,2.921539030917));
#8981 = CARTESIAN_POINT('',(102.9,3.960769515459));
#8982 = CARTESIAN_POINT('',(101.1,5.));
#8983 = CARTESIAN_POINT('',(102.9,6.039230484541));
#8984 = CARTESIAN_POINT('',(104.7,7.078460969083));
#8985 = CARTESIAN_POINT('',(104.7,5.));
#8986 = ( GEOMETRIC_REPRESENTATION_CONTEXT(2) 
PARAMETRIC_REPRESENTATION_CONTEXT() REPRESENTATION_CONTEXT('2D SPACE',''
  ) );
#8987 = ORIENTED_EDGE('',*,*,#8939,.F.);
#8988 = ADVANCED_FACE('',(#8989),#3270,.F.);
#8989 = FACE_BOUND('',#8990,.T.);
#8990 = EDGE_LOOP('',(#8991,#8992,#9015,#9041));
#8991 = ORIENTED_EDGE('',*,*,#3253,.T.);
#8992 = ORIENTED_EDGE('',*,*,#8993,.T.);
#8993 = EDGE_CURVE('',#3254,#8994,#8996,.T.);
#8994 = VERTEX_POINT('',#8995);
#8995 = CARTESIAN_POINT('',(147.5,101.7,19.));
#8996 = SEAM_CURVE('',#8997,(#9001,#9008),.PCURVE_S1.);
#8997 = LINE('',#8998,#8999);
#8998 = CARTESIAN_POINT('',(151.,101.7,19.));
#8999 = VECTOR('',#9000,1.);
#9000 = DIRECTION('',(-1.,0.,0.));
#9001 = PCURVE('',#3270,#9002);
#9002 = DEFINITIONAL_REPRESENTATION('',(#9003),#9007);
#9003 = LINE('',#9004,#9005);
#9004 = CARTESIAN_POINT('',(-6.28318530718,0.));
#9005 = VECTOR('',#9006,1.);
#9006 = DIRECTION('',(-0.,-1.));
#9007 = ( GEOMETRIC_REPRESENTATION_CONTEXT(2) 
PARAMETRIC_REPRESENTATION_CONTEXT() REPRESENTATION_CONTEXT('2D SPACE',''
  ) );
#9008 = PCURVE('',#3270,#9009);
#9009 = DEFINITIONAL_REPRESENTATION('',(#9010),#9014);
#9010 = LINE('',#9011,#9012);
#9011 = CARTESIAN_POINT('',(-0.,0.));
#9012 = VECTOR('',#9013,1.);
#9013 = DIRECTION('',(-0.,-1.));
#9014 = ( GEOMETRIC_REPRESENTATION_CONTEXT(2) 
PARAMETRIC_REPRESENTATION_CONTEXT() REPRESENTATION_CONTEXT('2D SPACE',''
  ) );
#9015 = ORIENTED_EDGE('',*,*,#9016,.F.);
#9016 = EDGE_CURVE('',#8994,#8994,#9017,.T.);
#9017 = SURFACE_CURVE('',#9018,(#9023,#9030),.PCURVE_S1.);
#9018 = CIRCLE('',#9019,1.2);
#9019 = AXIS2_PLACEMENT_3D('',#9020,#9021,#9022);
#9020 = CARTESIAN_POINT('',(147.5,100.5,19.));
#9021 = DIRECTION('',(1.,0.,-0.));
#9022 = DIRECTION('',(0.,1.,0.));
#9023 = PCURVE('',#3270,#9024);
#9024 = DEFINITIONAL_REPRESENTATION('',(#9025),#9029);
#9025 = LINE('',#9026,#9027);
#9026 = CARTESIAN_POINT('',(-6.28318530718,-3.5));
#9027 = VECTOR('',#9028,1.);
#9028 = DIRECTION('',(1.,-0.));
#9029 = ( GEOMETRIC_REPRESENTATION_CONTEXT(2) 
PARAMETRIC_REPRESENTATION_CONTEXT() REPRESENTATION_CONTEXT('2D SPACE',''
  ) );
#9030 = PCURVE('',#7730,#9031);
#9031 = DEFINITIONAL_REPRESENTATION('',(#9032),#9040);
#9032 = ( BOUNDED_CURVE() B_SPLINE_CURVE(2,(#9033,#9034,#9035,#9036,
#9037,#9038,#9039),.UNSPECIFIED.,.T.,.F.) B_SPLINE_CURVE_WITH_KNOTS((1,2
    ,2,2,2,1),(-2.094395102393,0.,2.094395102393,4.188790204786,
6.28318530718,8.377580409573),.UNSPECIFIED.) CURVE() 
GEOMETRIC_REPRESENTATION_ITEM() RATIONAL_B_SPLINE_CURVE((1.,0.5,1.,0.5,
1.,0.5,1.)) REPRESENTATION_ITEM('') );
#9033 = CARTESIAN_POINT('',(99.2,5.));
#9034 = CARTESIAN_POINT('',(99.2,2.921539030917));
#9035 = CARTESIAN_POINT('',(97.4,3.960769515459));
#9036 = CARTESIAN_POINT('',(95.6,5.));
#9037 = CARTESIAN_POINT('',(97.4,6.039230484541));
#9038 = CARTESIAN_POINT('',(99.2,7.078460969083));
#9039 = CARTESIAN_POINT('',(99.2,5.));
#9040 = ( GEOMETRIC_REPRESENTATION_CONTEXT(2) 
PARAMETRIC_REPRESENTATION_CONTEXT() REPRESENTATION_CONTEXT('2D SPACE',''
  ) );
#9041 = ORIENTED_EDGE('',*,*,#8993,.F.);
#9042 = ADVANCED_FACE('',(#9043),#3301,.F.);
#9043 = FACE_BOUND('',#9044,.T.);
#9044 = EDGE_LOOP('',(#9045,#9046,#9069,#9095));
#9045 = ORIENTED_EDGE('',*,*,#3284,.T.);
#9046 = ORIENTED_EDGE('',*,*,#9047,.T.);
#9047 = EDGE_CURVE('',#3285,#9048,#9050,.T.);
#9048 = VERTEX_POINT('',#9049);
#9049 = CARTESIAN_POINT('',(147.5,96.2,19.));
#9050 = SEAM_CURVE('',#9051,(#9055,#9062),.PCURVE_S1.);
#9051 = LINE('',#9052,#9053);
#9052 = CARTESIAN_POINT('',(151.,96.2,19.));
#9053 = VECTOR('',#9054,1.);
#9054 = DIRECTION('',(-1.,0.,0.));
#9055 = PCURVE('',#3301,#9056);
#9056 = DEFINITIONAL_REPRESENTATION('',(#9057),#9061);
#9057 = LINE('',#9058,#9059);
#9058 = CARTESIAN_POINT('',(-6.28318530718,0.));
#9059 = VECTOR('',#9060,1.);
#9060 = DIRECTION('',(-0.,-1.));
#9061 = ( GEOMETRIC_REPRESENTATION_CONTEXT(2) 
PARAMETRIC_REPRESENTATION_CONTEXT() REPRESENTATION_CONTEXT('2D SPACE',''
  ) );
#9062 = PCURVE('',#3301,#9063);
#9063 = DEFINITIONAL_REPRESENTATION('',(#9064),#9068);
#9064 = LINE('',#9065,#9066);
#9065 = CARTESIAN_POINT('',(-0.,0.));
#9066 = VECTOR('',#9067,1.);
#9067 = DIRECTION('',(-0.,-1.));
#9068 = ( GEOMETRIC_REPRESENTATION_CONTEXT(2) 
PARAMETRIC_REPRESENTATION_CONTEXT() REPRESENTATION_CONTEXT('2D SPACE',''
  ) );
#9069 = ORIENTED_EDGE('',*,*,#9070,.F.);
#9070 = EDGE_CURVE('',#9048,#9048,#9071,.T.);
#9071 = SURFACE_CURVE('',#9072,(#9077,#9084),.PCURVE_S1.);
#9072 = CIRCLE('',#9073,1.2);
#9073 = AXIS2_PLACEMENT_3D('',#9074,#9075,#9076);
#9074 = CARTESIAN_POINT('',(147.5,95.,19.));
#9075 = DIRECTION('',(1.,0.,-0.));
#9076 = DIRECTION('',(0.,1.,0.));
#9077 = PCURVE('',#3301,#9078);
#9078 = DEFINITIONAL_REPRESENTATION('',(#9079),#9083);
#9079 = LINE('',#9080,#9081);
#9080 = CARTESIAN_POINT('',(-6.28318530718,-3.5));
#9081 = VECTOR('',#9082,1.);
#9082 = DIRECTION('',(1.,-0.));
#9083 = ( GEOMETRIC_REPRESENTATION_CONTEXT(2) 
PARAMETRIC_REPRESENTATION_CONTEXT() REPRESENTATION_CONTEXT('2D SPACE',''
  ) );
#9084 = PCURVE('',#7730,#9085);
#9085 = DEFINITIONAL_REPRESENTATION('',(#9086),#9094);
#9086 = ( BOUNDED_CURVE() B_SPLINE_CURVE(2,(#9087,#9088,#9089,#9090,
#9091,#9092,#9093),.UNSPECIFIED.,.T.,.F.) B_SPLINE_CURVE_WITH_KNOTS((1,2
    ,2,2,2,1),(-2.094395102393,0.,2.094395102393,4.188790204786,
6.28318530718,8.377580409573),.UNSPECIFIED.) CURVE() 
GEOMETRIC_REPRESENTATION_ITEM() RATIONAL_B_SPLINE_CURVE((1.,0.5,1.,0.5,
1.,0.5,1.)) REPRESENTATION_ITEM('') );
#9087 = CARTESIAN_POINT('',(93.7,5.));
#9088 = CARTESIAN_POINT('',(93.7,2.921539030917));
#9089 = CARTESIAN_POINT('',(91.9,3.960769515459));
#9090 = CARTESIAN_POINT('',(90.1,5.));
#9091 = CARTESIAN_POINT('',(91.9,6.039230484541));
#9092 = CARTESIAN_POINT('',(93.7,7.078460969083));
#9093 = CARTESIAN_POINT('',(93.7,5.));
#9094 = ( GEOMETRIC_REPRESENTATION_CONTEXT(2) 
PARAMETRIC_REPRESENTATION_CONTEXT() REPRESENTATION_CONTEXT('2D SPACE',''
  ) );
#9095 = ORIENTED_EDGE('',*,*,#9047,.F.);
#9096 = ADVANCED_FACE('',(#9097),#3332,.F.);
#9097 = FACE_BOUND('',#9098,.T.);
#9098 = EDGE_LOOP('',(#9099,#9100,#9123,#9149));
#9099 = ORIENTED_EDGE('',*,*,#3315,.T.);
#9100 = ORIENTED_EDGE('',*,*,#9101,.T.);
#9101 = EDGE_CURVE('',#3316,#9102,#9104,.T.);
#9102 = VERTEX_POINT('',#9103);
#9103 = CARTESIAN_POINT('',(147.5,90.7,19.));
#9104 = SEAM_CURVE('',#9105,(#9109,#9116),.PCURVE_S1.);
#9105 = LINE('',#9106,#9107);
#9106 = CARTESIAN_POINT('',(151.,90.7,19.));
#9107 = VECTOR('',#9108,1.);
#9108 = DIRECTION('',(-1.,0.,0.));
#9109 = PCURVE('',#3332,#9110);
#9110 = DEFINITIONAL_REPRESENTATION('',(#9111),#9115);
#9111 = LINE('',#9112,#9113);
#9112 = CARTESIAN_POINT('',(-6.28318530718,0.));
#9113 = VECTOR('',#9114,1.);
#9114 = DIRECTION('',(-0.,-1.));
#9115 = ( GEOMETRIC_REPRESENTATION_CONTEXT(2) 
PARAMETRIC_REPRESENTATION_CONTEXT() REPRESENTATION_CONTEXT('2D SPACE',''
  ) );
#9116 = PCURVE('',#3332,#9117);
#9117 = DEFINITIONAL_REPRESENTATION('',(#9118),#9122);
#9118 = LINE('',#9119,#9120);
#9119 = CARTESIAN_POINT('',(-0.,0.));
#9120 = VECTOR('',#9121,1.);
#9121 = DIRECTION('',(-0.,-1.));
#9122 = ( GEOMETRIC_REPRESENTATION_CONTEXT(2) 
PARAMETRIC_REPRESENTATION_CONTEXT() REPRESENTATION_CONTEXT('2D SPACE',''
  ) );
#9123 = ORIENTED_EDGE('',*,*,#9124,.F.);
#9124 = EDGE_CURVE('',#9102,#9102,#9125,.T.);
#9125 = SURFACE_CURVE('',#9126,(#9131,#9138),.PCURVE_S1.);
#9126 = CIRCLE('',#9127,1.2);
#9127 = AXIS2_PLACEMENT_3D('',#9128,#9129,#9130);
#9128 = CARTESIAN_POINT('',(147.5,89.5,19.));
#9129 = DIRECTION('',(1.,0.,-0.));
#9130 = DIRECTION('',(0.,1.,0.));
#9131 = PCURVE('',#3332,#9132);
#9132 = DEFINITIONAL_REPRESENTATION('',(#9133),#9137);
#9133 = LINE('',#9134,#9135);
#9134 = CARTESIAN_POINT('',(-6.28318530718,-3.5));
#9135 = VECTOR('',#9136,1.);
#9136 = DIRECTION('',(1.,-0.));
#9137 = ( GEOMETRIC_REPRESENTATION_CONTEXT(2) 
PARAMETRIC_REPRESENTATION_CONTEXT() REPRESENTATION_CONTEXT('2D SPACE',''
  ) );
#9138 = PCURVE('',#7730,#9139);
#9139 = DEFINITIONAL_REPRESENTATION('',(#9140),#9148);
#9140 = ( BOUNDED_CURVE() B_SPLINE_CURVE(2,(#9141,#9142,#9143,#9144,
#9145,#9146,#9147),.UNSPECIFIED.,.T.,.F.) B_SPLINE_CURVE_WITH_KNOTS((1,2
    ,2,2,2,1),(-2.094395102393,0.,2.094395102393,4.188790204786,
6.28318530718,8.377580409573),.UNSPECIFIED.) CURVE() 
GEOMETRIC_REPRESENTATION_ITEM() RATIONAL_B_SPLINE_CURVE((1.,0.5,1.,0.5,
1.,0.5,1.)) REPRESENTATION_ITEM('') );
#9141 = CARTESIAN_POINT('',(88.2,5.));
#9142 = CARTESIAN_POINT('',(88.2,2.921539030917));
#9143 = CARTESIAN_POINT('',(86.4,3.960769515459));
#9144 = CARTESIAN_POINT('',(84.6,5.));
#9145 = CARTESIAN_POINT('',(86.4,6.039230484541));
#9146 = CARTESIAN_POINT('',(88.2,7.078460969083));
#9147 = CARTESIAN_POINT('',(88.2,5.));
#9148 = ( GEOMETRIC_REPRESENTATION_CONTEXT(2) 
PARAMETRIC_REPRESENTATION_CONTEXT() REPRESENTATION_CONTEXT('2D SPACE',''
  ) );
#9149 = ORIENTED_EDGE('',*,*,#9101,.F.);
#9150 = ADVANCED_FACE('',(#9151),#3363,.F.);
#9151 = FACE_BOUND('',#9152,.T.);
#9152 = EDGE_LOOP('',(#9153,#9154,#9177,#9203));
#9153 = ORIENTED_EDGE('',*,*,#3346,.T.);
#9154 = ORIENTED_EDGE('',*,*,#9155,.T.);
#9155 = EDGE_CURVE('',#3347,#9156,#9158,.T.);
#9156 = VERTEX_POINT('',#9157);
#9157 = CARTESIAN_POINT('',(147.5,85.2,9.));
#9158 = SEAM_CURVE('',#9159,(#9163,#9170),.PCURVE_S1.);
#9159 = LINE('',#9160,#9161);
#9160 = CARTESIAN_POINT('',(151.,85.2,9.));
#9161 = VECTOR('',#9162,1.);
#9162 = DIRECTION('',(-1.,0.,0.));
#9163 = PCURVE('',#3363,#9164);
#9164 = DEFINITIONAL_REPRESENTATION('',(#9165),#9169);
#9165 = LINE('',#9166,#9167);
#9166 = CARTESIAN_POINT('',(-6.28318530718,0.));
#9167 = VECTOR('',#9168,1.);
#9168 = DIRECTION('',(-0.,-1.));
#9169 = ( GEOMETRIC_REPRESENTATION_CONTEXT(2) 
PARAMETRIC_REPRESENTATION_CONTEXT() REPRESENTATION_CONTEXT('2D SPACE',''
  ) );
#9170 = PCURVE('',#3363,#9171);
#9171 = DEFINITIONAL_REPRESENTATION('',(#9172),#9176);
#9172 = LINE('',#9173,#9174);
#9173 = CARTESIAN_POINT('',(-0.,0.));
#9174 = VECTOR('',#9175,1.);
#9175 = DIRECTION('',(-0.,-1.));
#9176 = ( GEOMETRIC_REPRESENTATION_CONTEXT(2) 
PARAMETRIC_REPRESENTATION_CONTEXT() REPRESENTATION_CONTEXT('2D SPACE',''
  ) );
#9177 = ORIENTED_EDGE('',*,*,#9178,.F.);
#9178 = EDGE_CURVE('',#9156,#9156,#9179,.T.);
#9179 = SURFACE_CURVE('',#9180,(#9185,#9192),.PCURVE_S1.);
#9180 = CIRCLE('',#9181,1.2);
#9181 = AXIS2_PLACEMENT_3D('',#9182,#9183,#9184);
#9182 = CARTESIAN_POINT('',(147.5,84.,9.));
#9183 = DIRECTION('',(1.,0.,-0.));
#9184 = DIRECTION('',(0.,1.,0.));
#9185 = PCURVE('',#3363,#9186);
#9186 = DEFINITIONAL_REPRESENTATION('',(#9187),#9191);
#9187 = LINE('',#9188,#9189);
#9188 = CARTESIAN_POINT('',(-6.28318530718,-3.5));
#9189 = VECTOR('',#9190,1.);
#9190 = DIRECTION('',(1.,-0.));
#9191 = ( GEOMETRIC_REPRESENTATION_CONTEXT(2) 
PARAMETRIC_REPRESENTATION_CONTEXT() REPRESENTATION_CONTEXT('2D SPACE',''
  ) );
#9192 = PCURVE('',#7730,#9193);
#9193 = DEFINITIONAL_REPRESENTATION('',(#9194),#9202);
#9194 = ( BOUNDED_CURVE() B_SPLINE_CURVE(2,(#9195,#9196,#9197,#9198,
#9199,#9200,#9201),.UNSPECIFIED.,.T.,.F.) B_SPLINE_CURVE_WITH_KNOTS((1,2
    ,2,2,2,1),(-2.094395102393,0.,2.094395102393,4.188790204786,
6.28318530718,8.377580409573),.UNSPECIFIED.) CURVE() 
GEOMETRIC_REPRESENTATION_ITEM() RATIONAL_B_SPLINE_CURVE((1.,0.5,1.,0.5,
1.,0.5,1.)) REPRESENTATION_ITEM('') );
#9195 = CARTESIAN_POINT('',(82.7,15.));
#9196 = CARTESIAN_POINT('',(82.7,12.921539030917));
#9197 = CARTESIAN_POINT('',(80.9,13.960769515459));
#9198 = CARTESIAN_POINT('',(79.1,15.));
#9199 = CARTESIAN_POINT('',(80.9,16.039230484541));
#9200 = CARTESIAN_POINT('',(82.7,17.078460969083));
#9201 = CARTESIAN_POINT('',(82.7,15.));
#9202 = ( GEOMETRIC_REPRESENTATION_CONTEXT(2) 
PARAMETRIC_REPRESENTATION_CONTEXT() REPRESENTATION_CONTEXT('2D SPACE',''
  ) );
#9203 = ORIENTED_EDGE('',*,*,#9155,.F.);
#9204 = ADVANCED_FACE('',(#9205),#3394,.F.);
#9205 = FACE_BOUND('',#9206,.T.);
#9206 = EDGE_LOOP('',(#9207,#9208,#9231,#9257));
#9207 = ORIENTED_EDGE('',*,*,#3377,.T.);
#9208 = ORIENTED_EDGE('',*,*,#9209,.T.);
#9209 = EDGE_CURVE('',#3378,#9210,#9212,.T.);
#9210 = VERTEX_POINT('',#9211);
#9211 = CARTESIAN_POINT('',(147.5,79.7,9.));
#9212 = SEAM_CURVE('',#9213,(#9217,#9224),.PCURVE_S1.);
#9213 = LINE('',#9214,#9215);
#9214 = CARTESIAN_POINT('',(151.,79.7,9.));
#9215 = VECTOR('',#9216,1.);
#9216 = DIRECTION('',(-1.,0.,0.));
#9217 = PCURVE('',#3394,#9218);
#9218 = DEFINITIONAL_REPRESENTATION('',(#9219),#9223);
#9219 = LINE('',#9220,#9221);
#9220 = CARTESIAN_POINT('',(-6.28318530718,0.));
#9221 = VECTOR('',#9222,1.);
#9222 = DIRECTION('',(-0.,-1.));
#9223 = ( GEOMETRIC_REPRESENTATION_CONTEXT(2) 
PARAMETRIC_REPRESENTATION_CONTEXT() REPRESENTATION_CONTEXT('2D SPACE',''
  ) );
#9224 = PCURVE('',#3394,#9225);
#9225 = DEFINITIONAL_REPRESENTATION('',(#9226),#9230);
#9226 = LINE('',#9227,#9228);
#9227 = CARTESIAN_POINT('',(-0.,0.));
#9228 = VECTOR('',#9229,1.);
#9229 = DIRECTION('',(-0.,-1.));
#9230 = ( GEOMETRIC_REPRESENTATION_CONTEXT(2) 
PARAMETRIC_REPRESENTATION_CONTEXT() REPRESENTATION_CONTEXT('2D SPACE',''
  ) );
#9231 = ORIENTED_EDGE('',*,*,#9232,.F.);
#9232 = EDGE_CURVE('',#9210,#9210,#9233,.T.);
#9233 = SURFACE_CURVE('',#9234,(#9239,#9246),.PCURVE_S1.);
#9234 = CIRCLE('',#9235,1.2);
#9235 = AXIS2_PLACEMENT_3D('',#9236,#9237,#9238);
#9236 = CARTESIAN_POINT('',(147.5,78.5,9.));
#9237 = DIRECTION('',(1.,0.,-0.));
#9238 = DIRECTION('',(0.,1.,0.));
#9239 = PCURVE('',#3394,#9240);
#9240 = DEFINITIONAL_REPRESENTATION('',(#9241),#9245);
#9241 = LINE('',#9242,#9243);
#9242 = CARTESIAN_POINT('',(-6.28318530718,-3.5));
#9243 = VECTOR('',#9244,1.);
#9244 = DIRECTION('',(1.,-0.));
#9245 = ( GEOMETRIC_REPRESENTATION_CONTEXT(2) 
PARAMETRIC_REPRESENTATION_CONTEXT() REPRESENTATION_CONTEXT('2D SPACE',''
  ) );
#9246 = PCURVE('',#7730,#9247);
#9247 = DEFINITIONAL_REPRESENTATION('',(#9248),#9256);
#9248 = ( BOUNDED_CURVE() B_SPLINE_CURVE(2,(#9249,#9250,#9251,#9252,
#9253,#9254,#9255),.UNSPECIFIED.,.T.,.F.) B_SPLINE_CURVE_WITH_KNOTS((1,2
    ,2,2,2,1),(-2.094395102393,0.,2.094395102393,4.188790204786,
6.28318530718,8.377580409573),.UNSPECIFIED.) CURVE() 
GEOMETRIC_REPRESENTATION_ITEM() RATIONAL_B_SPLINE_CURVE((1.,0.5,1.,0.5,
1.,0.5,1.)) REPRESENTATION_ITEM('') );
#9249 = CARTESIAN_POINT('',(77.2,15.));
#9250 = CARTESIAN_POINT('',(77.2,12.921539030917));
#9251 = CARTESIAN_POINT('',(75.4,13.960769515459));
#9252 = CARTESIAN_POINT('',(73.6,15.));
#9253 = CARTESIAN_POINT('',(75.4,16.039230484541));
#9254 = CARTESIAN_POINT('',(77.2,17.078460969083));
#9255 = CARTESIAN_POINT('',(77.2,15.));
#9256 = ( GEOMETRIC_REPRESENTATION_CONTEXT(2) 
PARAMETRIC_REPRESENTATION_CONTEXT() REPRESENTATION_CONTEXT('2D SPACE',''
  ) );
#9257 = ORIENTED_EDGE('',*,*,#9209,.F.);
#9258 = ADVANCED_FACE('',(#9259),#3425,.F.);
#9259 = FACE_BOUND('',#9260,.T.);
#9260 = EDGE_LOOP('',(#9261,#9262,#9285,#9311));
#9261 = ORIENTED_EDGE('',*,*,#3408,.T.);
#9262 = ORIENTED_EDGE('',*,*,#9263,.T.);
#9263 = EDGE_CURVE('',#3409,#9264,#9266,.T.);
#9264 = VERTEX_POINT('',#9265);
#9265 = CARTESIAN_POINT('',(147.5,74.2,9.));
#9266 = SEAM_CURVE('',#9267,(#9271,#9278),.PCURVE_S1.);
#9267 = LINE('',#9268,#9269);
#9268 = CARTESIAN_POINT('',(151.,74.2,9.));
#9269 = VECTOR('',#9270,1.);
#9270 = DIRECTION('',(-1.,0.,0.));
#9271 = PCURVE('',#3425,#9272);
#9272 = DEFINITIONAL_REPRESENTATION('',(#9273),#9277);
#9273 = LINE('',#9274,#9275);
#9274 = CARTESIAN_POINT('',(-6.28318530718,0.));
#9275 = VECTOR('',#9276,1.);
#9276 = DIRECTION('',(-0.,-1.));
#9277 = ( GEOMETRIC_REPRESENTATION_CONTEXT(2) 
PARAMETRIC_REPRESENTATION_CONTEXT() REPRESENTATION_CONTEXT('2D SPACE',''
  ) );
#9278 = PCURVE('',#3425,#9279);
#9279 = DEFINITIONAL_REPRESENTATION('',(#9280),#9284);
#9280 = LINE('',#9281,#9282);
#9281 = CARTESIAN_POINT('',(-0.,0.));
#9282 = VECTOR('',#9283,1.);
#9283 = DIRECTION('',(-0.,-1.));
#9284 = ( GEOMETRIC_REPRESENTATION_CONTEXT(2) 
PARAMETRIC_REPRESENTATION_CONTEXT() REPRESENTATION_CONTEXT('2D SPACE',''
  ) );
#9285 = ORIENTED_EDGE('',*,*,#9286,.F.);
#9286 = EDGE_CURVE('',#9264,#9264,#9287,.T.);
#9287 = SURFACE_CURVE('',#9288,(#9293,#9300),.PCURVE_S1.);
#9288 = CIRCLE('',#9289,1.2);
#9289 = AXIS2_PLACEMENT_3D('',#9290,#9291,#9292);
#9290 = CARTESIAN_POINT('',(147.5,73.,9.));
#9291 = DIRECTION('',(1.,0.,-0.));
#9292 = DIRECTION('',(0.,1.,0.));
#9293 = PCURVE('',#3425,#9294);
#9294 = DEFINITIONAL_REPRESENTATION('',(#9295),#9299);
#9295 = LINE('',#9296,#9297);
#9296 = CARTESIAN_POINT('',(-6.28318530718,-3.5));
#9297 = VECTOR('',#9298,1.);
#9298 = DIRECTION('',(1.,-0.));
#9299 = ( GEOMETRIC_REPRESENTATION_CONTEXT(2) 
PARAMETRIC_REPRESENTATION_CONTEXT() REPRESENTATION_CONTEXT('2D SPACE',''
  ) );
#9300 = PCURVE('',#7730,#9301);
#9301 = DEFINITIONAL_REPRESENTATION('',(#9302),#9310);
#9302 = ( BOUNDED_CURVE() B_SPLINE_CURVE(2,(#9303,#9304,#9305,#9306,
#9307,#9308,#9309),.UNSPECIFIED.,.T.,.F.) B_SPLINE_CURVE_WITH_KNOTS((1,2
    ,2,2,2,1),(-2.094395102393,0.,2.094395102393,4.188790204786,
6.28318530718,8.377580409573),.UNSPECIFIED.) CURVE() 
GEOMETRIC_REPRESENTATION_ITEM() RATIONAL_B_SPLINE_CURVE((1.,0.5,1.,0.5,
1.,0.5,1.)) REPRESENTATION_ITEM('') );
#9303 = CARTESIAN_POINT('',(71.7,15.));
#9304 = CARTESIAN_POINT('',(71.7,12.921539030917));
#9305 = CARTESIAN_POINT('',(69.9,13.960769515459));
#9306 = CARTESIAN_POINT('',(68.1,15.));
#9307 = CARTESIAN_POINT('',(69.9,16.039230484541));
#9308 = CARTESIAN_POINT('',(71.7,17.078460969083));
#9309 = CARTESIAN_POINT('',(71.7,15.));
#9310 = ( GEOMETRIC_REPRESENTATION_CONTEXT(2) 
PARAMETRIC_REPRESENTATION_CONTEXT() REPRESENTATION_CONTEXT('2D SPACE',''
  ) );
#9311 = ORIENTED_EDGE('',*,*,#9263,.F.);
#9312 = ADVANCED_FACE('',(#9313),#3456,.F.);
#9313 = FACE_BOUND('',#9314,.T.);
#9314 = EDGE_LOOP('',(#9315,#9316,#9339,#9365));
#9315 = ORIENTED_EDGE('',*,*,#3439,.T.);
#9316 = ORIENTED_EDGE('',*,*,#9317,.T.);
#9317 = EDGE_CURVE('',#3440,#9318,#9320,.T.);
#9318 = VERTEX_POINT('',#9319);
#9319 = CARTESIAN_POINT('',(147.5,68.7,9.));
#9320 = SEAM_CURVE('',#9321,(#9325,#9332),.PCURVE_S1.);
#9321 = LINE('',#9322,#9323);
#9322 = CARTESIAN_POINT('',(151.,68.7,9.));
#9323 = VECTOR('',#9324,1.);
#9324 = DIRECTION('',(-1.,0.,0.));
#9325 = PCURVE('',#3456,#9326);
#9326 = DEFINITIONAL_REPRESENTATION('',(#9327),#9331);
#9327 = LINE('',#9328,#9329);
#9328 = CARTESIAN_POINT('',(-6.28318530718,0.));
#9329 = VECTOR('',#9330,1.);
#9330 = DIRECTION('',(-0.,-1.));
#9331 = ( GEOMETRIC_REPRESENTATION_CONTEXT(2) 
PARAMETRIC_REPRESENTATION_CONTEXT() REPRESENTATION_CONTEXT('2D SPACE',''
  ) );
#9332 = PCURVE('',#3456,#9333);
#9333 = DEFINITIONAL_REPRESENTATION('',(#9334),#9338);
#9334 = LINE('',#9335,#9336);
#9335 = CARTESIAN_POINT('',(-0.,0.));
#9336 = VECTOR('',#9337,1.);
#9337 = DIRECTION('',(-0.,-1.));
#9338 = ( GEOMETRIC_REPRESENTATION_CONTEXT(2) 
PARAMETRIC_REPRESENTATION_CONTEXT() REPRESENTATION_CONTEXT('2D SPACE',''
  ) );
#9339 = ORIENTED_EDGE('',*,*,#9340,.F.);
#9340 = EDGE_CURVE('',#9318,#9318,#9341,.T.);
#9341 = SURFACE_CURVE('',#9342,(#9347,#9354),.PCURVE_S1.);
#9342 = CIRCLE('',#9343,1.2);
#9343 = AXIS2_PLACEMENT_3D('',#9344,#9345,#9346);
#9344 = CARTESIAN_POINT('',(147.5,67.5,9.));
#9345 = DIRECTION('',(1.,0.,-0.));
#9346 = DIRECTION('',(0.,1.,0.));
#9347 = PCURVE('',#3456,#9348);
#9348 = DEFINITIONAL_REPRESENTATION('',(#9349),#9353);
#9349 = LINE('',#9350,#9351);
#9350 = CARTESIAN_POINT('',(-6.28318530718,-3.5));
#9351 = VECTOR('',#9352,1.);
#9352 = DIRECTION('',(1.,-0.));
#9353 = ( GEOMETRIC_REPRESENTATION_CONTEXT(2) 
PARAMETRIC_REPRESENTATION_CONTEXT() REPRESENTATION_CONTEXT('2D SPACE',''
  ) );
#9354 = PCURVE('',#7730,#9355);
#9355 = DEFINITIONAL_REPRESENTATION('',(#9356),#9364);
#9356 = ( BOUNDED_CURVE() B_SPLINE_CURVE(2,(#9357,#9358,#9359,#9360,
#9361,#9362,#9363),.UNSPECIFIED.,.T.,.F.) B_SPLINE_CURVE_WITH_KNOTS((1,2
    ,2,2,2,1),(-2.094395102393,0.,2.094395102393,4.188790204786,
6.28318530718,8.377580409573),.UNSPECIFIED.) CURVE() 
GEOMETRIC_REPRESENTATION_ITEM() RATIONAL_B_SPLINE_CURVE((1.,0.5,1.,0.5,
1.,0.5,1.)) REPRESENTATION_ITEM('') );
#9357 = CARTESIAN_POINT('',(66.2,15.));
#9358 = CARTESIAN_POINT('',(66.2,12.921539030917));
#9359 = CARTESIAN_POINT('',(64.4,13.960769515459));
#9360 = CARTESIAN_POINT('',(62.6,15.));
#9361 = CARTESIAN_POINT('',(64.4,16.039230484541));
#9362 = CARTESIAN_POINT('',(66.2,17.078460969083));
#9363 = CARTESIAN_POINT('',(66.2,15.));
#9364 = ( GEOMETRIC_REPRESENTATION_CONTEXT(2) 
PARAMETRIC_REPRESENTATION_CONTEXT() REPRESENTATION_CONTEXT('2D SPACE',''
  ) );
#9365 = ORIENTED_EDGE('',*,*,#9317,.F.);
#9366 = ADVANCED_FACE('',(#9367),#3487,.F.);
#9367 = FACE_BOUND('',#9368,.T.);
#9368 = EDGE_LOOP('',(#9369,#9370,#9393,#9419));
#9369 = ORIENTED_EDGE('',*,*,#3470,.T.);
#9370 = ORIENTED_EDGE('',*,*,#9371,.T.);
#9371 = EDGE_CURVE('',#3471,#9372,#9374,.T.);
#9372 = VERTEX_POINT('',#9373);
#9373 = CARTESIAN_POINT('',(147.5,63.2,9.));
#9374 = SEAM_CURVE('',#9375,(#9379,#9386),.PCURVE_S1.);
#9375 = LINE('',#9376,#9377);
#9376 = CARTESIAN_POINT('',(151.,63.2,9.));
#9377 = VECTOR('',#9378,1.);
#9378 = DIRECTION('',(-1.,0.,0.));
#9379 = PCURVE('',#3487,#9380);
#9380 = DEFINITIONAL_REPRESENTATION('',(#9381),#9385);
#9381 = LINE('',#9382,#9383);
#9382 = CARTESIAN_POINT('',(-6.28318530718,0.));
#9383 = VECTOR('',#9384,1.);
#9384 = DIRECTION('',(-0.,-1.));
#9385 = ( GEOMETRIC_REPRESENTATION_CONTEXT(2) 
PARAMETRIC_REPRESENTATION_CONTEXT() REPRESENTATION_CONTEXT('2D SPACE',''
  ) );
#9386 = PCURVE('',#3487,#9387);
#9387 = DEFINITIONAL_REPRESENTATION('',(#9388),#9392);
#9388 = LINE('',#9389,#9390);
#9389 = CARTESIAN_POINT('',(-0.,0.));
#9390 = VECTOR('',#9391,1.);
#9391 = DIRECTION('',(-0.,-1.));
#9392 = ( GEOMETRIC_REPRESENTATION_CONTEXT(2) 
PARAMETRIC_REPRESENTATION_CONTEXT() REPRESENTATION_CONTEXT('2D SPACE',''
  ) );
#9393 = ORIENTED_EDGE('',*,*,#9394,.F.);
#9394 = EDGE_CURVE('',#9372,#9372,#9395,.T.);
#9395 = SURFACE_CURVE('',#9396,(#9401,#9408),.PCURVE_S1.);
#9396 = CIRCLE('',#9397,1.2);
#9397 = AXIS2_PLACEMENT_3D('',#9398,#9399,#9400);
#9398 = CARTESIAN_POINT('',(147.5,62.,9.));
#9399 = DIRECTION('',(1.,0.,-0.));
#9400 = DIRECTION('',(0.,1.,0.));
#9401 = PCURVE('',#3487,#9402);
#9402 = DEFINITIONAL_REPRESENTATION('',(#9403),#9407);
#9403 = LINE('',#9404,#9405);
#9404 = CARTESIAN_POINT('',(-6.28318530718,-3.5));
#9405 = VECTOR('',#9406,1.);
#9406 = DIRECTION('',(1.,-0.));
#9407 = ( GEOMETRIC_REPRESENTATION_CONTEXT(2) 
PARAMETRIC_REPRESENTATION_CONTEXT() REPRESENTATION_CONTEXT('2D SPACE',''
  ) );
#9408 = PCURVE('',#7730,#9409);
#9409 = DEFINITIONAL_REPRESENTATION('',(#9410),#9418);
#9410 = ( BOUNDED_CURVE() B_SPLINE_CURVE(2,(#9411,#9412,#9413,#9414,
#9415,#9416,#9417),.UNSPECIFIED.,.T.,.F.) B_SPLINE_CURVE_WITH_KNOTS((1,2
    ,2,2,2,1),(-2.094395102393,0.,2.094395102393,4.188790204786,
6.28318530718,8.377580409573),.UNSPECIFIED.) CURVE() 
GEOMETRIC_REPRESENTATION_ITEM() RATIONAL_B_SPLINE_CURVE((1.,0.5,1.,0.5,
1.,0.5,1.)) REPRESENTATION_ITEM('') );
#9411 = CARTESIAN_POINT('',(60.7,15.));
#9412 = CARTESIAN_POINT('',(60.7,12.921539030917));
#9413 = CARTESIAN_POINT('',(58.9,13.960769515459));
#9414 = CARTESIAN_POINT('',(57.1,15.));
#9415 = CARTESIAN_POINT('',(58.9,16.039230484541));
#9416 = CARTESIAN_POINT('',(60.7,17.078460969083));
#9417 = CARTESIAN_POINT('',(60.7,15.));
#9418 = ( GEOMETRIC_REPRESENTATION_CONTEXT(2) 
PARAMETRIC_REPRESENTATION_CONTEXT() REPRESENTATION_CONTEXT('2D SPACE',''
  ) );
#9419 = ORIENTED_EDGE('',*,*,#9371,.F.);
#9420 = ADVANCED_FACE('',(#9421),#3518,.F.);
#9421 = FACE_BOUND('',#9422,.T.);
#9422 = EDGE_LOOP('',(#9423,#9424,#9447,#9473));
#9423 = ORIENTED_EDGE('',*,*,#3501,.T.);
#9424 = ORIENTED_EDGE('',*,*,#9425,.T.);
#9425 = EDGE_CURVE('',#3502,#9426,#9428,.T.);
#9426 = VERTEX_POINT('',#9427);
#9427 = CARTESIAN_POINT('',(147.5,82.45,14.));
#9428 = SEAM_CURVE('',#9429,(#9433,#9440),.PCURVE_S1.);
#9429 = LINE('',#9430,#9431);
#9430 = CARTESIAN_POINT('',(151.,82.45,14.));
#9431 = VECTOR('',#9432,1.);
#9432 = DIRECTION('',(-1.,0.,0.));
#9433 = PCURVE('',#3518,#9434);
#9434 = DEFINITIONAL_REPRESENTATION('',(#9435),#9439);
#9435 = LINE('',#9436,#9437);
#9436 = CARTESIAN_POINT('',(-6.28318530718,0.));
#9437 = VECTOR('',#9438,1.);
#9438 = DIRECTION('',(-0.,-1.));
#9439 = ( GEOMETRIC_REPRESENTATION_CONTEXT(2) 
PARAMETRIC_REPRESENTATION_CONTEXT() REPRESENTATION_CONTEXT('2D SPACE',''
  ) );
#9440 = PCURVE('',#3518,#9441);
#9441 = DEFINITIONAL_REPRESENTATION('',(#9442),#9446);
#9442 = LINE('',#9443,#9444);
#9443 = CARTESIAN_POINT('',(-0.,0.));
#9444 = VECTOR('',#9445,1.);
#9445 = DIRECTION('',(-0.,-1.));
#9446 = ( GEOMETRIC_REPRESENTATION_CONTEXT(2) 
PARAMETRIC_REPRESENTATION_CONTEXT() REPRESENTATION_CONTEXT('2D SPACE',''
  ) );
#9447 = ORIENTED_EDGE('',*,*,#9448,.F.);
#9448 = EDGE_CURVE('',#9426,#9426,#9449,.T.);
#9449 = SURFACE_CURVE('',#9450,(#9455,#9462),.PCURVE_S1.);
#9450 = CIRCLE('',#9451,1.2);
#9451 = AXIS2_PLACEMENT_3D('',#9452,#9453,#9454);
#9452 = CARTESIAN_POINT('',(147.5,81.25,14.));
#9453 = DIRECTION('',(1.,0.,-0.));
#9454 = DIRECTION('',(0.,1.,0.));
#9455 = PCURVE('',#3518,#9456);
#9456 = DEFINITIONAL_REPRESENTATION('',(#9457),#9461);
#9457 = LINE('',#9458,#9459);
#9458 = CARTESIAN_POINT('',(-6.28318530718,-3.5));
#9459 = VECTOR('',#9460,1.);
#9460 = DIRECTION('',(1.,-0.));
#9461 = ( GEOMETRIC_REPRESENTATION_CONTEXT(2) 
PARAMETRIC_REPRESENTATION_CONTEXT() REPRESENTATION_CONTEXT('2D SPACE',''
  ) );
#9462 = PCURVE('',#7730,#9463);
#9463 = DEFINITIONAL_REPRESENTATION('',(#9464),#9472);
#9464 = ( BOUNDED_CURVE() B_SPLINE_CURVE(2,(#9465,#9466,#9467,#9468,
#9469,#9470,#9471),.UNSPECIFIED.,.T.,.F.) B_SPLINE_CURVE_WITH_KNOTS((1,2
    ,2,2,2,1),(-2.094395102393,0.,2.094395102393,4.188790204786,
6.28318530718,8.377580409573),.UNSPECIFIED.) CURVE() 
GEOMETRIC_REPRESENTATION_ITEM() RATIONAL_B_SPLINE_CURVE((1.,0.5,1.,0.5,
1.,0.5,1.)) REPRESENTATION_ITEM('') );
#9465 = CARTESIAN_POINT('',(79.95,10.));
#9466 = CARTESIAN_POINT('',(79.95,7.921539030917));
#9467 = CARTESIAN_POINT('',(78.15,8.960769515459));
#9468 = CARTESIAN_POINT('',(76.35,10.));
#9469 = CARTESIAN_POINT('',(78.15,11.039230484541));
#9470 = CARTESIAN_POINT('',(79.95,12.078460969083));
#9471 = CARTESIAN_POINT('',(79.95,10.));
#9472 = ( GEOMETRIC_REPRESENTATION_CONTEXT(2) 
PARAMETRIC_REPRESENTATION_CONTEXT() REPRESENTATION_CONTEXT('2D SPACE',''
  ) );
#9473 = ORIENTED_EDGE('',*,*,#9425,.F.);
#9474 = ADVANCED_FACE('',(#9475),#3549,.F.);
#9475 = FACE_BOUND('',#9476,.T.);
#9476 = EDGE_LOOP('',(#9477,#9478,#9501,#9527));
#9477 = ORIENTED_EDGE('',*,*,#3532,.T.);
#9478 = ORIENTED_EDGE('',*,*,#9479,.T.);
#9479 = EDGE_CURVE('',#3533,#9480,#9482,.T.);
#9480 = VERTEX_POINT('',#9481);
#9481 = CARTESIAN_POINT('',(147.5,76.95,14.));
#9482 = SEAM_CURVE('',#9483,(#9487,#9494),.PCURVE_S1.);
#9483 = LINE('',#9484,#9485);
#9484 = CARTESIAN_POINT('',(151.,76.95,14.));
#9485 = VECTOR('',#9486,1.);
#9486 = DIRECTION('',(-1.,0.,0.));
#9487 = PCURVE('',#3549,#9488);
#9488 = DEFINITIONAL_REPRESENTATION('',(#9489),#9493);
#9489 = LINE('',#9490,#9491);
#9490 = CARTESIAN_POINT('',(-6.28318530718,0.));
#9491 = VECTOR('',#9492,1.);
#9492 = DIRECTION('',(-0.,-1.));
#9493 = ( GEOMETRIC_REPRESENTATION_CONTEXT(2) 
PARAMETRIC_REPRESENTATION_CONTEXT() REPRESENTATION_CONTEXT('2D SPACE',''
  ) );
#9494 = PCURVE('',#3549,#9495);
#9495 = DEFINITIONAL_REPRESENTATION('',(#9496),#9500);
#9496 = LINE('',#9497,#9498);
#9497 = CARTESIAN_POINT('',(-0.,0.));
#9498 = VECTOR('',#9499,1.);
#9499 = DIRECTION('',(-0.,-1.));
#9500 = ( GEOMETRIC_REPRESENTATION_CONTEXT(2) 
PARAMETRIC_REPRESENTATION_CONTEXT() REPRESENTATION_CONTEXT('2D SPACE',''
  ) );
#9501 = ORIENTED_EDGE('',*,*,#9502,.F.);
#9502 = EDGE_CURVE('',#9480,#9480,#9503,.T.);
#9503 = SURFACE_CURVE('',#9504,(#9509,#9516),.PCURVE_S1.);
#9504 = CIRCLE('',#9505,1.2);
#9505 = AXIS2_PLACEMENT_3D('',#9506,#9507,#9508);
#9506 = CARTESIAN_POINT('',(147.5,75.75,14.));
#9507 = DIRECTION('',(1.,0.,-0.));
#9508 = DIRECTION('',(0.,1.,0.));
#9509 = PCURVE('',#3549,#9510);
#9510 = DEFINITIONAL_REPRESENTATION('',(#9511),#9515);
#9511 = LINE('',#9512,#9513);
#9512 = CARTESIAN_POINT('',(-6.28318530718,-3.5));
#9513 = VECTOR('',#9514,1.);
#9514 = DIRECTION('',(1.,-0.));
#9515 = ( GEOMETRIC_REPRESENTATION_CONTEXT(2) 
PARAMETRIC_REPRESENTATION_CONTEXT() REPRESENTATION_CONTEXT('2D SPACE',''
  ) );
#9516 = PCURVE('',#7730,#9517);
#9517 = DEFINITIONAL_REPRESENTATION('',(#9518),#9526);
#9518 = ( BOUNDED_CURVE() B_SPLINE_CURVE(2,(#9519,#9520,#9521,#9522,
#9523,#9524,#9525),.UNSPECIFIED.,.T.,.F.) B_SPLINE_CURVE_WITH_KNOTS((1,2
    ,2,2,2,1),(-2.094395102393,0.,2.094395102393,4.188790204786,
6.28318530718,8.377580409573),.UNSPECIFIED.) CURVE() 
GEOMETRIC_REPRESENTATION_ITEM() RATIONAL_B_SPLINE_CURVE((1.,0.5,1.,0.5,
1.,0.5,1.)) REPRESENTATION_ITEM('') );
#9519 = CARTESIAN_POINT('',(74.45,10.));
#9520 = CARTESIAN_POINT('',(74.45,7.921539030917));
#9521 = CARTESIAN_POINT('',(72.65,8.960769515459));
#9522 = CARTESIAN_POINT('',(70.85,10.));
#9523 = CARTESIAN_POINT('',(72.65,11.039230484541));
#9524 = CARTESIAN_POINT('',(74.45,12.078460969083));
#9525 = CARTESIAN_POINT('',(74.45,10.));
#9526 = ( GEOMETRIC_REPRESENTATION_CONTEXT(2) 
PARAMETRIC_REPRESENTATION_CONTEXT() REPRESENTATION_CONTEXT('2D SPACE',''
  ) );
#9527 = ORIENTED_EDGE('',*,*,#9479,.F.);
#9528 = ADVANCED_FACE('',(#9529),#3580,.F.);
#9529 = FACE_BOUND('',#9530,.T.);
#9530 = EDGE_LOOP('',(#9531,#9532,#9555,#9581));
#9531 = ORIENTED_EDGE('',*,*,#3563,.T.);
#9532 = ORIENTED_EDGE('',*,*,#9533,.T.);
#9533 = EDGE_CURVE('',#3564,#9534,#9536,.T.);
#9534 = VERTEX_POINT('',#9535);
#9535 = CARTESIAN_POINT('',(147.5,71.45,14.));
#9536 = SEAM_CURVE('',#9537,(#9541,#9548),.PCURVE_S1.);
#9537 = LINE('',#9538,#9539);
#9538 = CARTESIAN_POINT('',(151.,71.45,14.));
#9539 = VECTOR('',#9540,1.);
#9540 = DIRECTION('',(-1.,0.,0.));
#9541 = PCURVE('',#3580,#9542);
#9542 = DEFINITIONAL_REPRESENTATION('',(#9543),#9547);
#9543 = LINE('',#9544,#9545);
#9544 = CARTESIAN_POINT('',(-6.28318530718,0.));
#9545 = VECTOR('',#9546,1.);
#9546 = DIRECTION('',(-0.,-1.));
#9547 = ( GEOMETRIC_REPRESENTATION_CONTEXT(2) 
PARAMETRIC_REPRESENTATION_CONTEXT() REPRESENTATION_CONTEXT('2D SPACE',''
  ) );
#9548 = PCURVE('',#3580,#9549);
#9549 = DEFINITIONAL_REPRESENTATION('',(#9550),#9554);
#9550 = LINE('',#9551,#9552);
#9551 = CARTESIAN_POINT('',(-0.,0.));
#9552 = VECTOR('',#9553,1.);
#9553 = DIRECTION('',(-0.,-1.));
#9554 = ( GEOMETRIC_REPRESENTATION_CONTEXT(2) 
PARAMETRIC_REPRESENTATION_CONTEXT() REPRESENTATION_CONTEXT('2D SPACE',''
  ) );
#9555 = ORIENTED_EDGE('',*,*,#9556,.F.);
#9556 = EDGE_CURVE('',#9534,#9534,#9557,.T.);
#9557 = SURFACE_CURVE('',#9558,(#9563,#9570),.PCURVE_S1.);
#9558 = CIRCLE('',#9559,1.2);
#9559 = AXIS2_PLACEMENT_3D('',#9560,#9561,#9562);
#9560 = CARTESIAN_POINT('',(147.5,70.25,14.));
#9561 = DIRECTION('',(1.,0.,-0.));
#9562 = DIRECTION('',(0.,1.,0.));
#9563 = PCURVE('',#3580,#9564);
#9564 = DEFINITIONAL_REPRESENTATION('',(#9565),#9569);
#9565 = LINE('',#9566,#9567);
#9566 = CARTESIAN_POINT('',(-6.28318530718,-3.5));
#9567 = VECTOR('',#9568,1.);
#9568 = DIRECTION('',(1.,-0.));
#9569 = ( GEOMETRIC_REPRESENTATION_CONTEXT(2) 
PARAMETRIC_REPRESENTATION_CONTEXT() REPRESENTATION_CONTEXT('2D SPACE',''
  ) );
#9570 = PCURVE('',#7730,#9571);
#9571 = DEFINITIONAL_REPRESENTATION('',(#9572),#9580);
#9572 = ( BOUNDED_CURVE() B_SPLINE_CURVE(2,(#9573,#9574,#9575,#9576,
#9577,#9578,#9579),.UNSPECIFIED.,.T.,.F.) B_SPLINE_CURVE_WITH_KNOTS((1,2
    ,2,2,2,1),(-2.094395102393,0.,2.094395102393,4.188790204786,
6.28318530718,8.377580409573),.UNSPECIFIED.) CURVE() 
GEOMETRIC_REPRESENTATION_ITEM() RATIONAL_B_SPLINE_CURVE((1.,0.5,1.,0.5,
1.,0.5,1.)) REPRESENTATION_ITEM('') );
#9573 = CARTESIAN_POINT('',(68.95,10.));
#9574 = CARTESIAN_POINT('',(68.95,7.921539030917));
#9575 = CARTESIAN_POINT('',(67.15,8.960769515459));
#9576 = CARTESIAN_POINT('',(65.35,10.));
#9577 = CARTESIAN_POINT('',(67.15,11.039230484541));
#9578 = CARTESIAN_POINT('',(68.95,12.078460969083));
#9579 = CARTESIAN_POINT('',(68.95,10.));
#9580 = ( GEOMETRIC_REPRESENTATION_CONTEXT(2) 
PARAMETRIC_REPRESENTATION_CONTEXT() REPRESENTATION_CONTEXT('2D SPACE',''
  ) );
#9581 = ORIENTED_EDGE('',*,*,#9533,.F.);
#9582 = ADVANCED_FACE('',(#9583),#3611,.F.);
#9583 = FACE_BOUND('',#9584,.T.);
#9584 = EDGE_LOOP('',(#9585,#9586,#9609,#9635));
#9585 = ORIENTED_EDGE('',*,*,#3594,.T.);
#9586 = ORIENTED_EDGE('',*,*,#9587,.T.);
#9587 = EDGE_CURVE('',#3595,#9588,#9590,.T.);
#9588 = VERTEX_POINT('',#9589);
#9589 = CARTESIAN_POINT('',(147.5,65.95,14.));
#9590 = SEAM_CURVE('',#9591,(#9595,#9602),.PCURVE_S1.);
#9591 = LINE('',#9592,#9593);
#9592 = CARTESIAN_POINT('',(151.,65.95,14.));
#9593 = VECTOR('',#9594,1.);
#9594 = DIRECTION('',(-1.,0.,0.));
#9595 = PCURVE('',#3611,#9596);
#9596 = DEFINITIONAL_REPRESENTATION('',(#9597),#9601);
#9597 = LINE('',#9598,#9599);
#9598 = CARTESIAN_POINT('',(-6.28318530718,0.));
#9599 = VECTOR('',#9600,1.);
#9600 = DIRECTION('',(-0.,-1.));
#9601 = ( GEOMETRIC_REPRESENTATION_CONTEXT(2) 
PARAMETRIC_REPRESENTATION_CONTEXT() REPRESENTATION_CONTEXT('2D SPACE',''
  ) );
#9602 = PCURVE('',#3611,#9603);
#9603 = DEFINITIONAL_REPRESENTATION('',(#9604),#9608);
#9604 = LINE('',#9605,#9606);
#9605 = CARTESIAN_POINT('',(-0.,0.));
#9606 = VECTOR('',#9607,1.);
#9607 = DIRECTION('',(-0.,-1.));
#9608 = ( GEOMETRIC_REPRESENTATION_CONTEXT(2) 
PARAMETRIC_REPRESENTATION_CONTEXT() REPRESENTATION_CONTEXT('2D SPACE',''
  ) );
#9609 = ORIENTED_EDGE('',*,*,#9610,.F.);
#9610 = EDGE_CURVE('',#9588,#9588,#9611,.T.);
#9611 = SURFACE_CURVE('',#9612,(#9617,#9624),.PCURVE_S1.);
#9612 = CIRCLE('',#9613,1.2);
#9613 = AXIS2_PLACEMENT_3D('',#9614,#9615,#9616);
#9614 = CARTESIAN_POINT('',(147.5,64.75,14.));
#9615 = DIRECTION('',(1.,0.,-0.));
#9616 = DIRECTION('',(0.,1.,0.));
#9617 = PCURVE('',#3611,#9618);
#9618 = DEFINITIONAL_REPRESENTATION('',(#9619),#9623);
#9619 = LINE('',#9620,#9621);
#9620 = CARTESIAN_POINT('',(-6.28318530718,-3.5));
#9621 = VECTOR('',#9622,1.);
#9622 = DIRECTION('',(1.,-0.));
#9623 = ( GEOMETRIC_REPRESENTATION_CONTEXT(2) 
PARAMETRIC_REPRESENTATION_CONTEXT() REPRESENTATION_CONTEXT('2D SPACE',''
  ) );
#9624 = PCURVE('',#7730,#9625);
#9625 = DEFINITIONAL_REPRESENTATION('',(#9626),#9634);
#9626 = ( BOUNDED_CURVE() B_SPLINE_CURVE(2,(#9627,#9628,#9629,#9630,
#9631,#9632,#9633),.UNSPECIFIED.,.T.,.F.) B_SPLINE_CURVE_WITH_KNOTS((1,2
    ,2,2,2,1),(-2.094395102393,0.,2.094395102393,4.188790204786,
6.28318530718,8.377580409573),.UNSPECIFIED.) CURVE() 
GEOMETRIC_REPRESENTATION_ITEM() RATIONAL_B_SPLINE_CURVE((1.,0.5,1.,0.5,
1.,0.5,1.)) REPRESENTATION_ITEM('') );
#9627 = CARTESIAN_POINT('',(63.45,10.));
#9628 = CARTESIAN_POINT('',(63.45,7.921539030917));
#9629 = CARTESIAN_POINT('',(61.65,8.960769515459));
#9630 = CARTESIAN_POINT('',(59.85,10.));
#9631 = CARTESIAN_POINT('',(61.65,11.039230484541));
#9632 = CARTESIAN_POINT('',(63.45,12.078460969083));
#9633 = CARTESIAN_POINT('',(63.45,10.));
#9634 = ( GEOMETRIC_REPRESENTATION_CONTEXT(2) 
PARAMETRIC_REPRESENTATION_CONTEXT() REPRESENTATION_CONTEXT('2D SPACE',''
  ) );
#9635 = ORIENTED_EDGE('',*,*,#9587,.F.);
#9636 = ADVANCED_FACE('',(#9637),#3642,.F.);
#9637 = FACE_BOUND('',#9638,.T.);
#9638 = EDGE_LOOP('',(#9639,#9640,#9663,#9689));
#9639 = ORIENTED_EDGE('',*,*,#3625,.T.);
#9640 = ORIENTED_EDGE('',*,*,#9641,.T.);
#9641 = EDGE_CURVE('',#3626,#9642,#9644,.T.);
#9642 = VERTEX_POINT('',#9643);
#9643 = CARTESIAN_POINT('',(147.5,85.2,19.));
#9644 = SEAM_CURVE('',#9645,(#9649,#9656),.PCURVE_S1.);
#9645 = LINE('',#9646,#9647);
#9646 = CARTESIAN_POINT('',(151.,85.2,19.));
#9647 = VECTOR('',#9648,1.);
#9648 = DIRECTION('',(-1.,0.,0.));
#9649 = PCURVE('',#3642,#9650);
#9650 = DEFINITIONAL_REPRESENTATION('',(#9651),#9655);
#9651 = LINE('',#9652,#9653);
#9652 = CARTESIAN_POINT('',(-6.28318530718,0.));
#9653 = VECTOR('',#9654,1.);
#9654 = DIRECTION('',(-0.,-1.));
#9655 = ( GEOMETRIC_REPRESENTATION_CONTEXT(2) 
PARAMETRIC_REPRESENTATION_CONTEXT() REPRESENTATION_CONTEXT('2D SPACE',''
  ) );
#9656 = PCURVE('',#3642,#9657);
#9657 = DEFINITIONAL_REPRESENTATION('',(#9658),#9662);
#9658 = LINE('',#9659,#9660);
#9659 = CARTESIAN_POINT('',(-0.,0.));
#9660 = VECTOR('',#9661,1.);
#9661 = DIRECTION('',(-0.,-1.));
#9662 = ( GEOMETRIC_REPRESENTATION_CONTEXT(2) 
PARAMETRIC_REPRESENTATION_CONTEXT() REPRESENTATION_CONTEXT('2D SPACE',''
  ) );
#9663 = ORIENTED_EDGE('',*,*,#9664,.F.);
#9664 = EDGE_CURVE('',#9642,#9642,#9665,.T.);
#9665 = SURFACE_CURVE('',#9666,(#9671,#9678),.PCURVE_S1.);
#9666 = CIRCLE('',#9667,1.2);
#9667 = AXIS2_PLACEMENT_3D('',#9668,#9669,#9670);
#9668 = CARTESIAN_POINT('',(147.5,84.,19.));
#9669 = DIRECTION('',(1.,0.,-0.));
#9670 = DIRECTION('',(0.,1.,0.));
#9671 = PCURVE('',#3642,#9672);
#9672 = DEFINITIONAL_REPRESENTATION('',(#9673),#9677);
#9673 = LINE('',#9674,#9675);
#9674 = CARTESIAN_POINT('',(-6.28318530718,-3.5));
#9675 = VECTOR('',#9676,1.);
#9676 = DIRECTION('',(1.,-0.));
#9677 = ( GEOMETRIC_REPRESENTATION_CONTEXT(2) 
PARAMETRIC_REPRESENTATION_CONTEXT() REPRESENTATION_CONTEXT('2D SPACE',''
  ) );
#9678 = PCURVE('',#7730,#9679);
#9679 = DEFINITIONAL_REPRESENTATION('',(#9680),#9688);
#9680 = ( BOUNDED_CURVE() B_SPLINE_CURVE(2,(#9681,#9682,#9683,#9684,
#9685,#9686,#9687),.UNSPECIFIED.,.T.,.F.) B_SPLINE_CURVE_WITH_KNOTS((1,2
    ,2,2,2,1),(-2.094395102393,0.,2.094395102393,4.188790204786,
6.28318530718,8.377580409573),.UNSPECIFIED.) CURVE() 
GEOMETRIC_REPRESENTATION_ITEM() RATIONAL_B_SPLINE_CURVE((1.,0.5,1.,0.5,
1.,0.5,1.)) REPRESENTATION_ITEM('') );
#9681 = CARTESIAN_POINT('',(82.7,5.));
#9682 = CARTESIAN_POINT('',(82.7,2.921539030917));
#9683 = CARTESIAN_POINT('',(80.9,3.960769515459));
#9684 = CARTESIAN_POINT('',(79.1,5.));
#9685 = CARTESIAN_POINT('',(80.9,6.039230484541));
#9686 = CARTESIAN_POINT('',(82.7,7.078460969083));
#9687 = CARTESIAN_POINT('',(82.7,5.));
#9688 = ( GEOMETRIC_REPRESENTATION_CONTEXT(2) 
PARAMETRIC_REPRESENTATION_CONTEXT() REPRESENTATION_CONTEXT('2D SPACE',''
  ) );
#9689 = ORIENTED_EDGE('',*,*,#9641,.F.);
#9690 = ADVANCED_FACE('',(#9691),#3673,.F.);
#9691 = FACE_BOUND('',#9692,.T.);
#9692 = EDGE_LOOP('',(#9693,#9694,#9717,#9743));
#9693 = ORIENTED_EDGE('',*,*,#3656,.T.);
#9694 = ORIENTED_EDGE('',*,*,#9695,.T.);
#9695 = EDGE_CURVE('',#3657,#9696,#9698,.T.);
#9696 = VERTEX_POINT('',#9697);
#9697 = CARTESIAN_POINT('',(147.5,79.7,19.));
#9698 = SEAM_CURVE('',#9699,(#9703,#9710),.PCURVE_S1.);
#9699 = LINE('',#9700,#9701);
#9700 = CARTESIAN_POINT('',(151.,79.7,19.));
#9701 = VECTOR('',#9702,1.);
#9702 = DIRECTION('',(-1.,0.,0.));
#9703 = PCURVE('',#3673,#9704);
#9704 = DEFINITIONAL_REPRESENTATION('',(#9705),#9709);
#9705 = LINE('',#9706,#9707);
#9706 = CARTESIAN_POINT('',(-6.28318530718,0.));
#9707 = VECTOR('',#9708,1.);
#9708 = DIRECTION('',(-0.,-1.));
#9709 = ( GEOMETRIC_REPRESENTATION_CONTEXT(2) 
PARAMETRIC_REPRESENTATION_CONTEXT() REPRESENTATION_CONTEXT('2D SPACE',''
  ) );
#9710 = PCURVE('',#3673,#9711);
#9711 = DEFINITIONAL_REPRESENTATION('',(#9712),#9716);
#9712 = LINE('',#9713,#9714);
#9713 = CARTESIAN_POINT('',(-0.,0.));
#9714 = VECTOR('',#9715,1.);
#9715 = DIRECTION('',(-0.,-1.));
#9716 = ( GEOMETRIC_REPRESENTATION_CONTEXT(2) 
PARAMETRIC_REPRESENTATION_CONTEXT() REPRESENTATION_CONTEXT('2D SPACE',''
  ) );
#9717 = ORIENTED_EDGE('',*,*,#9718,.F.);
#9718 = EDGE_CURVE('',#9696,#9696,#9719,.T.);
#9719 = SURFACE_CURVE('',#9720,(#9725,#9732),.PCURVE_S1.);
#9720 = CIRCLE('',#9721,1.2);
#9721 = AXIS2_PLACEMENT_3D('',#9722,#9723,#9724);
#9722 = CARTESIAN_POINT('',(147.5,78.5,19.));
#9723 = DIRECTION('',(1.,0.,-0.));
#9724 = DIRECTION('',(0.,1.,0.));
#9725 = PCURVE('',#3673,#9726);
#9726 = DEFINITIONAL_REPRESENTATION('',(#9727),#9731);
#9727 = LINE('',#9728,#9729);
#9728 = CARTESIAN_POINT('',(-6.28318530718,-3.5));
#9729 = VECTOR('',#9730,1.);
#9730 = DIRECTION('',(1.,-0.));
#9731 = ( GEOMETRIC_REPRESENTATION_CONTEXT(2) 
PARAMETRIC_REPRESENTATION_CONTEXT() REPRESENTATION_CONTEXT('2D SPACE',''
  ) );
#9732 = PCURVE('',#7730,#9733);
#9733 = DEFINITIONAL_REPRESENTATION('',(#9734),#9742);
#9734 = ( BOUNDED_CURVE() B_SPLINE_CURVE(2,(#9735,#9736,#9737,#9738,
#9739,#9740,#9741),.UNSPECIFIED.,.T.,.F.) B_SPLINE_CURVE_WITH_KNOTS((1,2
    ,2,2,2,1),(-2.094395102393,0.,2.094395102393,4.188790204786,
6.28318530718,8.377580409573),.UNSPECIFIED.) CURVE() 
GEOMETRIC_REPRESENTATION_ITEM() RATIONAL_B_SPLINE_CURVE((1.,0.5,1.,0.5,
1.,0.5,1.)) REPRESENTATION_ITEM('') );
#9735 = CARTESIAN_POINT('',(77.2,5.));
#9736 = CARTESIAN_POINT('',(77.2,2.921539030917));
#9737 = CARTESIAN_POINT('',(75.4,3.960769515459));
#9738 = CARTESIAN_POINT('',(73.6,5.));
#9739 = CARTESIAN_POINT('',(75.4,6.039230484541));
#9740 = CARTESIAN_POINT('',(77.2,7.078460969083));
#9741 = CARTESIAN_POINT('',(77.2,5.));
#9742 = ( GEOMETRIC_REPRESENTATION_CONTEXT(2) 
PARAMETRIC_REPRESENTATION_CONTEXT() REPRESENTATION_CONTEXT('2D SPACE',''
  ) );
#9743 = ORIENTED_EDGE('',*,*,#9695,.F.);
#9744 = ADVANCED_FACE('',(#9745),#3704,.F.);
#9745 = FACE_BOUND('',#9746,.T.);
#9746 = EDGE_LOOP('',(#9747,#9748,#9771,#9797));
#9747 = ORIENTED_EDGE('',*,*,#3687,.T.);
#9748 = ORIENTED_EDGE('',*,*,#9749,.T.);
#9749 = EDGE_CURVE('',#3688,#9750,#9752,.T.);
#9750 = VERTEX_POINT('',#9751);
#9751 = CARTESIAN_POINT('',(147.5,74.2,19.));
#9752 = SEAM_CURVE('',#9753,(#9757,#9764),.PCURVE_S1.);
#9753 = LINE('',#9754,#9755);
#9754 = CARTESIAN_POINT('',(151.,74.2,19.));
#9755 = VECTOR('',#9756,1.);
#9756 = DIRECTION('',(-1.,0.,0.));
#9757 = PCURVE('',#3704,#9758);
#9758 = DEFINITIONAL_REPRESENTATION('',(#9759),#9763);
#9759 = LINE('',#9760,#9761);
#9760 = CARTESIAN_POINT('',(-6.28318530718,0.));
#9761 = VECTOR('',#9762,1.);
#9762 = DIRECTION('',(-0.,-1.));
#9763 = ( GEOMETRIC_REPRESENTATION_CONTEXT(2) 
PARAMETRIC_REPRESENTATION_CONTEXT() REPRESENTATION_CONTEXT('2D SPACE',''
  ) );
#9764 = PCURVE('',#3704,#9765);
#9765 = DEFINITIONAL_REPRESENTATION('',(#9766),#9770);
#9766 = LINE('',#9767,#9768);
#9767 = CARTESIAN_POINT('',(-0.,0.));
#9768 = VECTOR('',#9769,1.);
#9769 = DIRECTION('',(-0.,-1.));
#9770 = ( GEOMETRIC_REPRESENTATION_CONTEXT(2) 
PARAMETRIC_REPRESENTATION_CONTEXT() REPRESENTATION_CONTEXT('2D SPACE',''
  ) );
#9771 = ORIENTED_EDGE('',*,*,#9772,.F.);
#9772 = EDGE_CURVE('',#9750,#9750,#9773,.T.);
#9773 = SURFACE_CURVE('',#9774,(#9779,#9786),.PCURVE_S1.);
#9774 = CIRCLE('',#9775,1.2);
#9775 = AXIS2_PLACEMENT_3D('',#9776,#9777,#9778);
#9776 = CARTESIAN_POINT('',(147.5,73.,19.));
#9777 = DIRECTION('',(1.,0.,-0.));
#9778 = DIRECTION('',(0.,1.,0.));
#9779 = PCURVE('',#3704,#9780);
#9780 = DEFINITIONAL_REPRESENTATION('',(#9781),#9785);
#9781 = LINE('',#9782,#9783);
#9782 = CARTESIAN_POINT('',(-6.28318530718,-3.5));
#9783 = VECTOR('',#9784,1.);
#9784 = DIRECTION('',(1.,-0.));
#9785 = ( GEOMETRIC_REPRESENTATION_CONTEXT(2) 
PARAMETRIC_REPRESENTATION_CONTEXT() REPRESENTATION_CONTEXT('2D SPACE',''
  ) );
#9786 = PCURVE('',#7730,#9787);
#9787 = DEFINITIONAL_REPRESENTATION('',(#9788),#9796);
#9788 = ( BOUNDED_CURVE() B_SPLINE_CURVE(2,(#9789,#9790,#9791,#9792,
#9793,#9794,#9795),.UNSPECIFIED.,.T.,.F.) B_SPLINE_CURVE_WITH_KNOTS((1,2
    ,2,2,2,1),(-2.094395102393,0.,2.094395102393,4.188790204786,
6.28318530718,8.377580409573),.UNSPECIFIED.) CURVE() 
GEOMETRIC_REPRESENTATION_ITEM() RATIONAL_B_SPLINE_CURVE((1.,0.5,1.,0.5,
1.,0.5,1.)) REPRESENTATION_ITEM('') );
#9789 = CARTESIAN_POINT('',(71.7,5.));
#9790 = CARTESIAN_POINT('',(71.7,2.921539030917));
#9791 = CARTESIAN_POINT('',(69.9,3.960769515459));
#9792 = CARTESIAN_POINT('',(68.1,5.));
#9793 = CARTESIAN_POINT('',(69.9,6.039230484541));
#9794 = CARTESIAN_POINT('',(71.7,7.078460969083));
#9795 = CARTESIAN_POINT('',(71.7,5.));
#9796 = ( GEOMETRIC_REPRESENTATION_CONTEXT(2) 
PARAMETRIC_REPRESENTATION_CONTEXT() REPRESENTATION_CONTEXT('2D SPACE',''
  ) );
#9797 = ORIENTED_EDGE('',*,*,#9749,.F.);
#9798 = ADVANCED_FACE('',(#9799),#3735,.F.);
#9799 = FACE_BOUND('',#9800,.T.);
#9800 = EDGE_LOOP('',(#9801,#9802,#9825,#9851));
#9801 = ORIENTED_EDGE('',*,*,#3718,.T.);
#9802 = ORIENTED_EDGE('',*,*,#9803,.T.);
#9803 = EDGE_CURVE('',#3719,#9804,#9806,.T.);
#9804 = VERTEX_POINT('',#9805);
#9805 = CARTESIAN_POINT('',(147.5,68.7,19.));
#9806 = SEAM_CURVE('',#9807,(#9811,#9818),.PCURVE_S1.);
#9807 = LINE('',#9808,#9809);
#9808 = CARTESIAN_POINT('',(151.,68.7,19.));
#9809 = VECTOR('',#9810,1.);
#9810 = DIRECTION('',(-1.,0.,0.));
#9811 = PCURVE('',#3735,#9812);
#9812 = DEFINITIONAL_REPRESENTATION('',(#9813),#9817);
#9813 = LINE('',#9814,#9815);
#9814 = CARTESIAN_POINT('',(-6.28318530718,0.));
#9815 = VECTOR('',#9816,1.);
#9816 = DIRECTION('',(-0.,-1.));
#9817 = ( GEOMETRIC_REPRESENTATION_CONTEXT(2) 
PARAMETRIC_REPRESENTATION_CONTEXT() REPRESENTATION_CONTEXT('2D SPACE',''
  ) );
#9818 = PCURVE('',#3735,#9819);
#9819 = DEFINITIONAL_REPRESENTATION('',(#9820),#9824);
#9820 = LINE('',#9821,#9822);
#9821 = CARTESIAN_POINT('',(-0.,0.));
#9822 = VECTOR('',#9823,1.);
#9823 = DIRECTION('',(-0.,-1.));
#9824 = ( GEOMETRIC_REPRESENTATION_CONTEXT(2) 
PARAMETRIC_REPRESENTATION_CONTEXT() REPRESENTATION_CONTEXT('2D SPACE',''
  ) );
#9825 = ORIENTED_EDGE('',*,*,#9826,.F.);
#9826 = EDGE_CURVE('',#9804,#9804,#9827,.T.);
#9827 = SURFACE_CURVE('',#9828,(#9833,#9840),.PCURVE_S1.);
#9828 = CIRCLE('',#9829,1.2);
#9829 = AXIS2_PLACEMENT_3D('',#9830,#9831,#9832);
#9830 = CARTESIAN_POINT('',(147.5,67.5,19.));
#9831 = DIRECTION('',(1.,0.,-0.));
#9832 = DIRECTION('',(0.,1.,0.));
#9833 = PCURVE('',#3735,#9834);
#9834 = DEFINITIONAL_REPRESENTATION('',(#9835),#9839);
#9835 = LINE('',#9836,#9837);
#9836 = CARTESIAN_POINT('',(-6.28318530718,-3.5));
#9837 = VECTOR('',#9838,1.);
#9838 = DIRECTION('',(1.,-0.));
#9839 = ( GEOMETRIC_REPRESENTATION_CONTEXT(2) 
PARAMETRIC_REPRESENTATION_CONTEXT() REPRESENTATION_CONTEXT('2D SPACE',''
  ) );
#9840 = PCURVE('',#7730,#9841);
#9841 = DEFINITIONAL_REPRESENTATION('',(#9842),#9850);
#9842 = ( BOUNDED_CURVE() B_SPLINE_CURVE(2,(#9843,#9844,#9845,#9846,
#9847,#9848,#9849),.UNSPECIFIED.,.T.,.F.) B_SPLINE_CURVE_WITH_KNOTS((1,2
    ,2,2,2,1),(-2.094395102393,0.,2.094395102393,4.188790204786,
6.28318530718,8.377580409573),.UNSPECIFIED.) CURVE() 
GEOMETRIC_REPRESENTATION_ITEM() RATIONAL_B_SPLINE_CURVE((1.,0.5,1.,0.5,
1.,0.5,1.)) REPRESENTATION_ITEM('') );
#9843 = CARTESIAN_POINT('',(66.2,5.));
#9844 = CARTESIAN_POINT('',(66.2,2.921539030917));
#9845 = CARTESIAN_POINT('',(64.4,3.960769515459));
#9846 = CARTESIAN_POINT('',(62.6,5.));
#9847 = CARTESIAN_POINT('',(64.4,6.039230484541));
#9848 = CARTESIAN_POINT('',(66.2,7.078460969083));
#9849 = CARTESIAN_POINT('',(66.2,5.));
#9850 = ( GEOMETRIC_REPRESENTATION_CONTEXT(2) 
PARAMETRIC_REPRESENTATION_CONTEXT() REPRESENTATION_CONTEXT('2D SPACE',''
  ) );
#9851 = ORIENTED_EDGE('',*,*,#9803,.F.);
#9852 = ADVANCED_FACE('',(#9853),#3766,.F.);
#9853 = FACE_BOUND('',#9854,.T.);
#9854 = EDGE_LOOP('',(#9855,#9856,#9879,#9905));
#9855 = ORIENTED_EDGE('',*,*,#3749,.T.);
#9856 = ORIENTED_EDGE('',*,*,#9857,.T.);
#9857 = EDGE_CURVE('',#3750,#9858,#9860,.T.);
#9858 = VERTEX_POINT('',#9859);
#9859 = CARTESIAN_POINT('',(147.5,50.1,14.));
#9860 = SEAM_CURVE('',#9861,(#9865,#9872),.PCURVE_S1.);
#9861 = LINE('',#9862,#9863);
#9862 = CARTESIAN_POINT('',(151.,50.1,14.));
#9863 = VECTOR('',#9864,1.);
#9864 = DIRECTION('',(-1.,0.,0.));
#9865 = PCURVE('',#3766,#9866);
#9866 = DEFINITIONAL_REPRESENTATION('',(#9867),#9871);
#9867 = LINE('',#9868,#9869);
#9868 = CARTESIAN_POINT('',(-6.28318530718,0.));
#9869 = VECTOR('',#9870,1.);
#9870 = DIRECTION('',(-0.,-1.));
#9871 = ( GEOMETRIC_REPRESENTATION_CONTEXT(2) 
PARAMETRIC_REPRESENTATION_CONTEXT() REPRESENTATION_CONTEXT('2D SPACE',''
  ) );
#9872 = PCURVE('',#3766,#9873);
#9873 = DEFINITIONAL_REPRESENTATION('',(#9874),#9878);
#9874 = LINE('',#9875,#9876);
#9875 = CARTESIAN_POINT('',(-0.,0.));
#9876 = VECTOR('',#9877,1.);
#9877 = DIRECTION('',(-0.,-1.));
#9878 = ( GEOMETRIC_REPRESENTATION_CONTEXT(2) 
PARAMETRIC_REPRESENTATION_CONTEXT() REPRESENTATION_CONTEXT('2D SPACE',''
  ) );
#9879 = ORIENTED_EDGE('',*,*,#9880,.F.);
#9880 = EDGE_CURVE('',#9858,#9858,#9881,.T.);
#9881 = SURFACE_CURVE('',#9882,(#9887,#9894),.PCURVE_S1.);
#9882 = CIRCLE('',#9883,6.1);
#9883 = AXIS2_PLACEMENT_3D('',#9884,#9885,#9886);
#9884 = CARTESIAN_POINT('',(147.5,44.,14.));
#9885 = DIRECTION('',(1.,0.,-0.));
#9886 = DIRECTION('',(0.,1.,0.));
#9887 = PCURVE('',#3766,#9888);
#9888 = DEFINITIONAL_REPRESENTATION('',(#9889),#9893);
#9889 = LINE('',#9890,#9891);
#9890 = CARTESIAN_POINT('',(-6.28318530718,-3.5));
#9891 = VECTOR('',#9892,1.);
#9892 = DIRECTION('',(1.,-0.));
#9893 = ( GEOMETRIC_REPRESENTATION_CONTEXT(2) 
PARAMETRIC_REPRESENTATION_CONTEXT() REPRESENTATION_CONTEXT('2D SPACE',''
  ) );
#9894 = PCURVE('',#7730,#9895);
#9895 = DEFINITIONAL_REPRESENTATION('',(#9896),#9904);
#9896 = ( BOUNDED_CURVE() B_SPLINE_CURVE(2,(#9897,#9898,#9899,#9900,
#9901,#9902,#9903),.UNSPECIFIED.,.T.,.F.) B_SPLINE_CURVE_WITH_KNOTS((1,2
    ,2,2,2,1),(-2.094395102393,0.,2.094395102393,4.188790204786,
6.28318530718,8.377580409573),.UNSPECIFIED.) CURVE() 
GEOMETRIC_REPRESENTATION_ITEM() RATIONAL_B_SPLINE_CURVE((1.,0.5,1.,0.5,
1.,0.5,1.)) REPRESENTATION_ITEM('') );
#9897 = CARTESIAN_POINT('',(47.6,10.));
#9898 = CARTESIAN_POINT('',(47.6,-0.56550992617));
#9899 = CARTESIAN_POINT('',(38.45,4.717245036915));
#9900 = CARTESIAN_POINT('',(29.3,10.));
#9901 = CARTESIAN_POINT('',(38.45,15.282754963085));
#9902 = CARTESIAN_POINT('',(47.6,20.56550992617));
#9903 = CARTESIAN_POINT('',(47.6,10.));
#9904 = ( GEOMETRIC_REPRESENTATION_CONTEXT(2) 
PARAMETRIC_REPRESENTATION_CONTEXT() REPRESENTATION_CONTEXT('2D SPACE',''
  ) );
#9905 = ORIENTED_EDGE('',*,*,#9857,.F.);
#9906 = ADVANCED_FACE('',(#9907),#3797,.F.);
#9907 = FACE_BOUND('',#9908,.T.);
#9908 = EDGE_LOOP('',(#9909,#9910,#9933,#9959));
#9909 = ORIENTED_EDGE('',*,*,#3780,.T.);
#9910 = ORIENTED_EDGE('',*,*,#9911,.T.);
#9911 = EDGE_CURVE('',#3781,#9912,#9914,.T.);
#9912 = VERTEX_POINT('',#9913);
#9913 = CARTESIAN_POINT('',(147.5,63.2,19.));
#9914 = SEAM_CURVE('',#9915,(#9919,#9926),.PCURVE_S1.);
#9915 = LINE('',#9916,#9917);
#9916 = CARTESIAN_POINT('',(151.,63.2,19.));
#9917 = VECTOR('',#9918,1.);
#9918 = DIRECTION('',(-1.,0.,0.));
#9919 = PCURVE('',#3797,#9920);
#9920 = DEFINITIONAL_REPRESENTATION('',(#9921),#9925);
#9921 = LINE('',#9922,#9923);
#9922 = CARTESIAN_POINT('',(-6.28318530718,0.));
#9923 = VECTOR('',#9924,1.);
#9924 = DIRECTION('',(-0.,-1.));
#9925 = ( GEOMETRIC_REPRESENTATION_CONTEXT(2) 
PARAMETRIC_REPRESENTATION_CONTEXT() REPRESENTATION_CONTEXT('2D SPACE',''
  ) );
#9926 = PCURVE('',#3797,#9927);
#9927 = DEFINITIONAL_REPRESENTATION('',(#9928),#9932);
#9928 = LINE('',#9929,#9930);
#9929 = CARTESIAN_POINT('',(-0.,0.));
#9930 = VECTOR('',#9931,1.);
#9931 = DIRECTION('',(-0.,-1.));
#9932 = ( GEOMETRIC_REPRESENTATION_CONTEXT(2) 
PARAMETRIC_REPRESENTATION_CONTEXT() REPRESENTATION_CONTEXT('2D SPACE',''
  ) );
#9933 = ORIENTED_EDGE('',*,*,#9934,.F.);
#9934 = EDGE_CURVE('',#9912,#9912,#9935,.T.);
#9935 = SURFACE_CURVE('',#9936,(#9941,#9948),.PCURVE_S1.);
#9936 = CIRCLE('',#9937,1.2);
#9937 = AXIS2_PLACEMENT_3D('',#9938,#9939,#9940);
#9938 = CARTESIAN_POINT('',(147.5,62.,19.));
#9939 = DIRECTION('',(1.,0.,-0.));
#9940 = DIRECTION('',(0.,1.,0.));
#9941 = PCURVE('',#3797,#9942);
#9942 = DEFINITIONAL_REPRESENTATION('',(#9943),#9947);
#9943 = LINE('',#9944,#9945);
#9944 = CARTESIAN_POINT('',(-6.28318530718,-3.5));
#9945 = VECTOR('',#9946,1.);
#9946 = DIRECTION('',(1.,-0.));
#9947 = ( GEOMETRIC_REPRESENTATION_CONTEXT(2) 
PARAMETRIC_REPRESENTATION_CONTEXT() REPRESENTATION_CONTEXT('2D SPACE',''
  ) );
#9948 = PCURVE('',#7730,#9949);
#9949 = DEFINITIONAL_REPRESENTATION('',(#9950),#9958);
#9950 = ( BOUNDED_CURVE() B_SPLINE_CURVE(2,(#9951,#9952,#9953,#9954,
#9955,#9956,#9957),.UNSPECIFIED.,.T.,.F.) B_SPLINE_CURVE_WITH_KNOTS((1,2
    ,2,2,2,1),(-2.094395102393,0.,2.094395102393,4.188790204786,
6.28318530718,8.377580409573),.UNSPECIFIED.) CURVE() 
GEOMETRIC_REPRESENTATION_ITEM() RATIONAL_B_SPLINE_CURVE((1.,0.5,1.,0.5,
1.,0.5,1.)) REPRESENTATION_ITEM('') );
#9951 = CARTESIAN_POINT('',(60.7,5.));
#9952 = CARTESIAN_POINT('',(60.7,2.921539030917));
#9953 = CARTESIAN_POINT('',(58.9,3.960769515459));
#9954 = CARTESIAN_POINT('',(57.1,5.));
#9955 = CARTESIAN_POINT('',(58.9,6.039230484541));
#9956 = CARTESIAN_POINT('',(60.7,7.078460969083));
#9957 = CARTESIAN_POINT('',(60.7,5.));
#9958 = ( GEOMETRIC_REPRESENTATION_CONTEXT(2) 
PARAMETRIC_REPRESENTATION_CONTEXT() REPRESENTATION_CONTEXT('2D SPACE',''
  ) );
#9959 = ORIENTED_EDGE('',*,*,#9911,.F.);
#9960 = ADVANCED_FACE('',(#9961),#4005,.T.);
#9961 = FACE_BOUND('',#9962,.T.);
#9962 = EDGE_LOOP('',(#9963,#9986,#10007,#10008));
#9963 = ORIENTED_EDGE('',*,*,#9964,.F.);
#9964 = EDGE_CURVE('',#9965,#4578,#9967,.T.);
#9965 = VERTEX_POINT('',#9966);
#9966 = CARTESIAN_POINT('',(67.,149.3,22.5));
#9967 = SURFACE_CURVE('',#9968,(#9972,#9979),.PCURVE_S1.);
#9968 = LINE('',#9969,#9970);
#9969 = CARTESIAN_POINT('',(67.,149.3,22.5));
#9970 = VECTOR('',#9971,1.);
#9971 = DIRECTION('',(0.,0.,1.));
#9972 = PCURVE('',#4005,#9973);
#9973 = DEFINITIONAL_REPRESENTATION('',(#9974),#9978);
#9974 = LINE('',#9975,#9976);
#9975 = CARTESIAN_POINT('',(0.,0.));
#9976 = VECTOR('',#9977,1.);
#9977 = DIRECTION('',(1.,0.));
#9978 = ( GEOMETRIC_REPRESENTATION_CONTEXT(2) 
PARAMETRIC_REPRESENTATION_CONTEXT() REPRESENTATION_CONTEXT('2D SPACE',''
  ) );
#9979 = PCURVE('',#4592,#9980);
#9980 = DEFINITIONAL_REPRESENTATION('',(#9981),#9985);
#9981 = LINE('',#9982,#9983);
#9982 = CARTESIAN_POINT('',(0.,0.));
#9983 = VECTOR('',#9984,1.);
#9984 = DIRECTION('',(1.,0.));
#9985 = ( GEOMETRIC_REPRESENTATION_CONTEXT(2) 
PARAMETRIC_REPRESENTATION_CONTEXT() REPRESENTATION_CONTEXT('2D SPACE',''
  ) );
#9986 = ORIENTED_EDGE('',*,*,#9987,.T.);
#9987 = EDGE_CURVE('',#9965,#3965,#9988,.T.);
#9988 = SURFACE_CURVE('',#9989,(#9993,#10000),.PCURVE_S1.);
#9989 = LINE('',#9990,#9991);
#9990 = CARTESIAN_POINT('',(67.,149.3,22.5));
#9991 = VECTOR('',#9992,1.);
#9992 = DIRECTION('',(0.,1.,0.));
#9993 = PCURVE('',#4005,#9994);
#9994 = DEFINITIONAL_REPRESENTATION('',(#9995),#9999);
#9995 = LINE('',#9996,#9997);
#9996 = CARTESIAN_POINT('',(0.,0.));
#9997 = VECTOR('',#9998,1.);
#9998 = DIRECTION('',(0.,-1.));
#9999 = ( GEOMETRIC_REPRESENTATION_CONTEXT(2) 
PARAMETRIC_REPRESENTATION_CONTEXT() REPRESENTATION_CONTEXT('2D SPACE',''
  ) );
#10000 = PCURVE('',#3979,#10001);
#10001 = DEFINITIONAL_REPRESENTATION('',(#10002),#10006);
#10002 = LINE('',#10003,#10004);
#10003 = CARTESIAN_POINT('',(0.,0.));
#10004 = VECTOR('',#10005,1.);
#10005 = DIRECTION('',(0.,1.));
#10006 = ( GEOMETRIC_REPRESENTATION_CONTEXT(2) 
PARAMETRIC_REPRESENTATION_CONTEXT() REPRESENTATION_CONTEXT('2D SPACE',''
  ) );
#10007 = ORIENTED_EDGE('',*,*,#3990,.T.);
#10008 = ORIENTED_EDGE('',*,*,#4603,.F.);
#10009 = ADVANCED_FACE('',(#10010),#3979,.T.);
#10010 = FACE_BOUND('',#10011,.T.);
#10011 = EDGE_LOOP('',(#10012,#10013,#10036,#10057));
#10012 = ORIENTED_EDGE('',*,*,#9987,.F.);
#10013 = ORIENTED_EDGE('',*,*,#10014,.T.);
#10014 = EDGE_CURVE('',#9965,#10015,#10017,.T.);
#10015 = VERTEX_POINT('',#10016);
#10016 = CARTESIAN_POINT('',(83.,149.3,22.5));
#10017 = SURFACE_CURVE('',#10018,(#10022,#10029),.PCURVE_S1.);
#10018 = LINE('',#10019,#10020);
#10019 = CARTESIAN_POINT('',(67.,149.3,22.5));
#10020 = VECTOR('',#10021,1.);
#10021 = DIRECTION('',(1.,0.,0.));
#10022 = PCURVE('',#3979,#10023);
#10023 = DEFINITIONAL_REPRESENTATION('',(#10024),#10028);
#10024 = LINE('',#10025,#10026);
#10025 = CARTESIAN_POINT('',(0.,0.));
#10026 = VECTOR('',#10027,1.);
#10027 = DIRECTION('',(1.,0.));
#10028 = ( GEOMETRIC_REPRESENTATION_CONTEXT(2) 
PARAMETRIC_REPRESENTATION_CONTEXT() REPRESENTATION_CONTEXT('2D SPACE',''
  ) );
#10029 = PCURVE('',#4592,#10030);
#10030 = DEFINITIONAL_REPRESENTATION('',(#10031),#10035);
#10031 = LINE('',#10032,#10033);
#10032 = CARTESIAN_POINT('',(0.,0.));
#10033 = VECTOR('',#10034,1.);
#10034 = DIRECTION('',(0.,1.));
#10035 = ( GEOMETRIC_REPRESENTATION_CONTEXT(2) 
PARAMETRIC_REPRESENTATION_CONTEXT() REPRESENTATION_CONTEXT('2D SPACE',''
  ) );
#10036 = ORIENTED_EDGE('',*,*,#10037,.T.);
#10037 = EDGE_CURVE('',#10015,#3939,#10038,.T.);
#10038 = SURFACE_CURVE('',#10039,(#10043,#10050),.PCURVE_S1.);
#10039 = LINE('',#10040,#10041);
#10040 = CARTESIAN_POINT('',(83.,149.3,22.5));
#10041 = VECTOR('',#10042,1.);
#10042 = DIRECTION('',(0.,1.,0.));
#10043 = PCURVE('',#3979,#10044);
#10044 = DEFINITIONAL_REPRESENTATION('',(#10045),#10049);
#10045 = LINE('',#10046,#10047);
#10046 = CARTESIAN_POINT('',(16.,0.));
#10047 = VECTOR('',#10048,1.);
#10048 = DIRECTION('',(0.,1.));
#10049 = ( GEOMETRIC_REPRESENTATION_CONTEXT(2) 
PARAMETRIC_REPRESENTATION_CONTEXT() REPRESENTATION_CONTEXT('2D SPACE',''
  ) );
#10050 = PCURVE('',#3953,#10051);
#10051 = DEFINITIONAL_REPRESENTATION('',(#10052),#10056);
#10052 = LINE('',#10053,#10054);
#10053 = CARTESIAN_POINT('',(0.,0.));
#10054 = VECTOR('',#10055,1.);
#10055 = DIRECTION('',(0.,-1.));
#10056 = ( GEOMETRIC_REPRESENTATION_CONTEXT(2) 
PARAMETRIC_REPRESENTATION_CONTEXT() REPRESENTATION_CONTEXT('2D SPACE',''
  ) );
#10057 = ORIENTED_EDGE('',*,*,#3964,.T.);
#10058 = ADVANCED_FACE('',(#10059),#3953,.F.);
#10059 = FACE_BOUND('',#10060,.F.);
#10060 = EDGE_LOOP('',(#10061,#10082,#10083,#10084));
#10061 = ORIENTED_EDGE('',*,*,#10062,.F.);
#10062 = EDGE_CURVE('',#10015,#4557,#10063,.T.);
#10063 = SURFACE_CURVE('',#10064,(#10068,#10075),.PCURVE_S1.);
#10064 = LINE('',#10065,#10066);
#10065 = CARTESIAN_POINT('',(83.,149.3,22.5));
#10066 = VECTOR('',#10067,1.);
#10067 = DIRECTION('',(0.,0.,1.));
#10068 = PCURVE('',#3953,#10069);
#10069 = DEFINITIONAL_REPRESENTATION('',(#10070),#10074);
#10070 = LINE('',#10071,#10072);
#10071 = CARTESIAN_POINT('',(0.,0.));
#10072 = VECTOR('',#10073,1.);
#10073 = DIRECTION('',(1.,0.));
#10074 = ( GEOMETRIC_REPRESENTATION_CONTEXT(2) 
PARAMETRIC_REPRESENTATION_CONTEXT() REPRESENTATION_CONTEXT('2D SPACE',''
  ) );
#10075 = PCURVE('',#4592,#10076);
#10076 = DEFINITIONAL_REPRESENTATION('',(#10077),#10081);
#10077 = LINE('',#10078,#10079);
#10078 = CARTESIAN_POINT('',(0.,16.));
#10079 = VECTOR('',#10080,1.);
#10080 = DIRECTION('',(1.,0.));
#10081 = ( GEOMETRIC_REPRESENTATION_CONTEXT(2) 
PARAMETRIC_REPRESENTATION_CONTEXT() REPRESENTATION_CONTEXT('2D SPACE',''
  ) );
#10082 = ORIENTED_EDGE('',*,*,#10037,.T.);
#10083 = ORIENTED_EDGE('',*,*,#3938,.T.);
#10084 = ORIENTED_EDGE('',*,*,#4556,.F.);
#10085 = ADVANCED_FACE('',(#10086),#4058,.F.);
#10086 = FACE_BOUND('',#10087,.F.);
#10087 = EDGE_LOOP('',(#10088,#10111,#10112,#10135));
#10088 = ORIENTED_EDGE('',*,*,#10089,.F.);
#10089 = EDGE_CURVE('',#4040,#10090,#10092,.T.);
#10090 = VERTEX_POINT('',#10091);
#10091 = CARTESIAN_POINT('',(79.9,148.8,11.25));
#10092 = SURFACE_CURVE('',#10093,(#10097,#10104),.PCURVE_S1.);
#10093 = LINE('',#10094,#10095);
#10094 = CARTESIAN_POINT('',(79.9,151.,11.25));
#10095 = VECTOR('',#10096,1.);
#10096 = DIRECTION('',(0.,-1.,0.));
#10097 = PCURVE('',#4058,#10098);
#10098 = DEFINITIONAL_REPRESENTATION('',(#10099),#10103);
#10099 = LINE('',#10100,#10101);
#10100 = CARTESIAN_POINT('',(0.,0.));
#10101 = VECTOR('',#10102,1.);
#10102 = DIRECTION('',(0.,1.));
#10103 = ( GEOMETRIC_REPRESENTATION_CONTEXT(2) 
PARAMETRIC_REPRESENTATION_CONTEXT() REPRESENTATION_CONTEXT('2D SPACE',''
  ) );
#10104 = PCURVE('',#4085,#10105);
#10105 = DEFINITIONAL_REPRESENTATION('',(#10106),#10110);
#10106 = LINE('',#10107,#10108);
#10107 = CARTESIAN_POINT('',(11.3,0.));
#10108 = VECTOR('',#10109,1.);
#10109 = DIRECTION('',(0.,-1.));
#10110 = ( GEOMETRIC_REPRESENTATION_CONTEXT(2) 
PARAMETRIC_REPRESENTATION_CONTEXT() REPRESENTATION_CONTEXT('2D SPACE',''
  ) );
#10111 = ORIENTED_EDGE('',*,*,#4039,.T.);
#10112 = ORIENTED_EDGE('',*,*,#10113,.T.);
#10113 = EDGE_CURVE('',#4042,#10114,#10116,.T.);
#10114 = VERTEX_POINT('',#10115);
#10115 = CARTESIAN_POINT('',(81.4,148.8,12.75));
#10116 = SURFACE_CURVE('',#10117,(#10121,#10128),.PCURVE_S1.);
#10117 = LINE('',#10118,#10119);
#10118 = CARTESIAN_POINT('',(81.4,151.,12.75));
#10119 = VECTOR('',#10120,1.);
#10120 = DIRECTION('',(0.,-1.,0.));
#10121 = PCURVE('',#4058,#10122);
#10122 = DEFINITIONAL_REPRESENTATION('',(#10123),#10127);
#10123 = LINE('',#10124,#10125);
#10124 = CARTESIAN_POINT('',(1.570796326795,0.));
#10125 = VECTOR('',#10126,1.);
#10126 = DIRECTION('',(0.,1.));
#10127 = ( GEOMETRIC_REPRESENTATION_CONTEXT(2) 
PARAMETRIC_REPRESENTATION_CONTEXT() REPRESENTATION_CONTEXT('2D SPACE',''
  ) );
#10128 = PCURVE('',#4248,#10129);
#10129 = DEFINITIONAL_REPRESENTATION('',(#10130),#10134);
#10130 = LINE('',#10131,#10132);
#10131 = CARTESIAN_POINT('',(1.5,0.));
#10132 = VECTOR('',#10133,1.);
#10133 = DIRECTION('',(0.,-1.));
#10134 = ( GEOMETRIC_REPRESENTATION_CONTEXT(2) 
PARAMETRIC_REPRESENTATION_CONTEXT() REPRESENTATION_CONTEXT('2D SPACE',''
  ) );
#10135 = ORIENTED_EDGE('',*,*,#10136,.F.);
#10136 = EDGE_CURVE('',#10090,#10114,#10137,.T.);
#10137 = SURFACE_CURVE('',#10138,(#10143,#10150),.PCURVE_S1.);
#10138 = CIRCLE('',#10139,1.5);
#10139 = AXIS2_PLACEMENT_3D('',#10140,#10141,#10142);
#10140 = CARTESIAN_POINT('',(79.9,148.8,12.75));
#10141 = DIRECTION('',(0.,-1.,0.));
#10142 = DIRECTION('',(0.,-0.,-1.));
#10143 = PCURVE('',#4058,#10144);
#10144 = DEFINITIONAL_REPRESENTATION('',(#10145),#10149);
#10145 = LINE('',#10146,#10147);
#10146 = CARTESIAN_POINT('',(0.,2.2));
#10147 = VECTOR('',#10148,1.);
#10148 = DIRECTION('',(1.,0.));
#10149 = ( GEOMETRIC_REPRESENTATION_CONTEXT(2) 
PARAMETRIC_REPRESENTATION_CONTEXT() REPRESENTATION_CONTEXT('2D SPACE',''
  ) );
#10150 = PCURVE('',#10151,#10156);
#10151 = PLANE('',#10152);
#10152 = AXIS2_PLACEMENT_3D('',#10153,#10154,#10155);
#10153 = CARTESIAN_POINT('',(75.,148.8,14.));
#10154 = DIRECTION('',(-0.,-1.,-0.));
#10155 = DIRECTION('',(0.,0.,-1.));
#10156 = DEFINITIONAL_REPRESENTATION('',(#10157),#10161);
#10157 = CIRCLE('',#10158,1.5);
#10158 = AXIS2_PLACEMENT_2D('',#10159,#10160);
#10159 = CARTESIAN_POINT('',(1.25,4.9));
#10160 = DIRECTION('',(1.,0.));
#10161 = ( GEOMETRIC_REPRESENTATION_CONTEXT(2) 
PARAMETRIC_REPRESENTATION_CONTEXT() REPRESENTATION_CONTEXT('2D SPACE',''
  ) );
#10162 = ADVANCED_FACE('',(#10163),#4085,.T.);
#10163 = FACE_BOUND('',#10164,.T.);
#10164 = EDGE_LOOP('',(#10165,#10166,#10189,#10210));
#10165 = ORIENTED_EDGE('',*,*,#4070,.T.);
#10166 = ORIENTED_EDGE('',*,*,#10167,.T.);
#10167 = EDGE_CURVE('',#4071,#10168,#10170,.T.);
#10168 = VERTEX_POINT('',#10169);
#10169 = CARTESIAN_POINT('',(70.1,148.8,11.25));
#10170 = SURFACE_CURVE('',#10171,(#10175,#10182),.PCURVE_S1.);
#10171 = LINE('',#10172,#10173);
#10172 = CARTESIAN_POINT('',(70.1,151.,11.25));
#10173 = VECTOR('',#10174,1.);
#10174 = DIRECTION('',(0.,-1.,0.));
#10175 = PCURVE('',#4085,#10176);
#10176 = DEFINITIONAL_REPRESENTATION('',(#10177),#10181);
#10177 = LINE('',#10178,#10179);
#10178 = CARTESIAN_POINT('',(1.5,0.));
#10179 = VECTOR('',#10180,1.);
#10180 = DIRECTION('',(0.,-1.));
#10181 = ( GEOMETRIC_REPRESENTATION_CONTEXT(2) 
PARAMETRIC_REPRESENTATION_CONTEXT() REPRESENTATION_CONTEXT('2D SPACE',''
  ) );
#10182 = PCURVE('',#4113,#10183);
#10183 = DEFINITIONAL_REPRESENTATION('',(#10184),#10188);
#10184 = LINE('',#10185,#10186);
#10185 = CARTESIAN_POINT('',(-0.,0.));
#10186 = VECTOR('',#10187,1.);
#10187 = DIRECTION('',(-0.,1.));
#10188 = ( GEOMETRIC_REPRESENTATION_CONTEXT(2) 
PARAMETRIC_REPRESENTATION_CONTEXT() REPRESENTATION_CONTEXT('2D SPACE',''
  ) );
#10189 = ORIENTED_EDGE('',*,*,#10190,.T.);
#10190 = EDGE_CURVE('',#10168,#10090,#10191,.T.);
#10191 = SURFACE_CURVE('',#10192,(#10196,#10203),.PCURVE_S1.);
#10192 = LINE('',#10193,#10194);
#10193 = CARTESIAN_POINT('',(68.6,148.8,11.25));
#10194 = VECTOR('',#10195,1.);
#10195 = DIRECTION('',(1.,0.,0.));
#10196 = PCURVE('',#4085,#10197);
#10197 = DEFINITIONAL_REPRESENTATION('',(#10198),#10202);
#10198 = LINE('',#10199,#10200);
#10199 = CARTESIAN_POINT('',(0.,-2.2));
#10200 = VECTOR('',#10201,1.);
#10201 = DIRECTION('',(1.,0.));
#10202 = ( GEOMETRIC_REPRESENTATION_CONTEXT(2) 
PARAMETRIC_REPRESENTATION_CONTEXT() REPRESENTATION_CONTEXT('2D SPACE',''
  ) );
#10203 = PCURVE('',#10151,#10204);
#10204 = DEFINITIONAL_REPRESENTATION('',(#10205),#10209);
#10205 = LINE('',#10206,#10207);
#10206 = CARTESIAN_POINT('',(2.75,-6.4));
#10207 = VECTOR('',#10208,1.);
#10208 = DIRECTION('',(0.,1.));
#10209 = ( GEOMETRIC_REPRESENTATION_CONTEXT(2) 
PARAMETRIC_REPRESENTATION_CONTEXT() REPRESENTATION_CONTEXT('2D SPACE',''
  ) );
#10210 = ORIENTED_EDGE('',*,*,#10089,.F.);
#10211 = ADVANCED_FACE('',(#10212),#4248,.T.);
#10212 = FACE_BOUND('',#10213,.T.);
#10213 = EDGE_LOOP('',(#10214,#10215,#10216,#10239));
#10214 = ORIENTED_EDGE('',*,*,#4235,.T.);
#10215 = ORIENTED_EDGE('',*,*,#10113,.T.);
#10216 = ORIENTED_EDGE('',*,*,#10217,.T.);
#10217 = EDGE_CURVE('',#10114,#10218,#10220,.T.);
#10218 = VERTEX_POINT('',#10219);
#10219 = CARTESIAN_POINT('',(81.4,148.8,15.25));
#10220 = SURFACE_CURVE('',#10221,(#10225,#10232),.PCURVE_S1.);
#10221 = LINE('',#10222,#10223);
#10222 = CARTESIAN_POINT('',(81.4,148.8,11.25));
#10223 = VECTOR('',#10224,1.);
#10224 = DIRECTION('',(0.,0.,1.));
#10225 = PCURVE('',#4248,#10226);
#10226 = DEFINITIONAL_REPRESENTATION('',(#10227),#10231);
#10227 = LINE('',#10228,#10229);
#10228 = CARTESIAN_POINT('',(0.,-2.2));
#10229 = VECTOR('',#10230,1.);
#10230 = DIRECTION('',(1.,0.));
#10231 = ( GEOMETRIC_REPRESENTATION_CONTEXT(2) 
PARAMETRIC_REPRESENTATION_CONTEXT() REPRESENTATION_CONTEXT('2D SPACE',''
  ) );
#10232 = PCURVE('',#10151,#10233);
#10233 = DEFINITIONAL_REPRESENTATION('',(#10234),#10238);
#10234 = LINE('',#10235,#10236);
#10235 = CARTESIAN_POINT('',(2.75,6.4));
#10236 = VECTOR('',#10237,1.);
#10237 = DIRECTION('',(-1.,0.));
#10238 = ( GEOMETRIC_REPRESENTATION_CONTEXT(2) 
PARAMETRIC_REPRESENTATION_CONTEXT() REPRESENTATION_CONTEXT('2D SPACE',''
  ) );
#10239 = ORIENTED_EDGE('',*,*,#10240,.F.);
#10240 = EDGE_CURVE('',#4207,#10218,#10241,.T.);
#10241 = SURFACE_CURVE('',#10242,(#10246,#10253),.PCURVE_S1.);
#10242 = LINE('',#10243,#10244);
#10243 = CARTESIAN_POINT('',(81.4,151.,15.25));
#10244 = VECTOR('',#10245,1.);
#10245 = DIRECTION('',(0.,-1.,0.));
#10246 = PCURVE('',#4248,#10247);
#10247 = DEFINITIONAL_REPRESENTATION('',(#10248),#10252);
#10248 = LINE('',#10249,#10250);
#10249 = CARTESIAN_POINT('',(4.,0.));
#10250 = VECTOR('',#10251,1.);
#10251 = DIRECTION('',(0.,-1.));
#10252 = ( GEOMETRIC_REPRESENTATION_CONTEXT(2) 
PARAMETRIC_REPRESENTATION_CONTEXT() REPRESENTATION_CONTEXT('2D SPACE',''
  ) );
#10253 = PCURVE('',#4223,#10254);
#10254 = DEFINITIONAL_REPRESENTATION('',(#10255),#10259);
#10255 = LINE('',#10256,#10257);
#10256 = CARTESIAN_POINT('',(0.,0.));
#10257 = VECTOR('',#10258,1.);
#10258 = DIRECTION('',(0.,1.));
#10259 = ( GEOMETRIC_REPRESENTATION_CONTEXT(2) 
PARAMETRIC_REPRESENTATION_CONTEXT() REPRESENTATION_CONTEXT('2D SPACE',''
  ) );
#10260 = ADVANCED_FACE('',(#10261),#4113,.F.);
#10261 = FACE_BOUND('',#10262,.T.);
#10262 = EDGE_LOOP('',(#10263,#10264,#10265,#10288));
#10263 = ORIENTED_EDGE('',*,*,#10167,.F.);
#10264 = ORIENTED_EDGE('',*,*,#4096,.F.);
#10265 = ORIENTED_EDGE('',*,*,#10266,.T.);
#10266 = EDGE_CURVE('',#4097,#10267,#10269,.T.);
#10267 = VERTEX_POINT('',#10268);
#10268 = CARTESIAN_POINT('',(68.6,148.8,12.75));
#10269 = SURFACE_CURVE('',#10270,(#10274,#10281),.PCURVE_S1.);
#10270 = LINE('',#10271,#10272);
#10271 = CARTESIAN_POINT('',(68.6,151.,12.75));
#10272 = VECTOR('',#10273,1.);
#10273 = DIRECTION('',(0.,-1.,0.));
#10274 = PCURVE('',#4113,#10275);
#10275 = DEFINITIONAL_REPRESENTATION('',(#10276),#10280);
#10276 = LINE('',#10277,#10278);
#10277 = CARTESIAN_POINT('',(-1.570796326795,0.));
#10278 = VECTOR('',#10279,1.);
#10279 = DIRECTION('',(-0.,1.));
#10280 = ( GEOMETRIC_REPRESENTATION_CONTEXT(2) 
PARAMETRIC_REPRESENTATION_CONTEXT() REPRESENTATION_CONTEXT('2D SPACE',''
  ) );
#10281 = PCURVE('',#4140,#10282);
#10282 = DEFINITIONAL_REPRESENTATION('',(#10283),#10287);
#10283 = LINE('',#10284,#10285);
#10284 = CARTESIAN_POINT('',(4.,0.));
#10285 = VECTOR('',#10286,1.);
#10286 = DIRECTION('',(0.,-1.));
#10287 = ( GEOMETRIC_REPRESENTATION_CONTEXT(2) 
PARAMETRIC_REPRESENTATION_CONTEXT() REPRESENTATION_CONTEXT('2D SPACE',''
  ) );
#10288 = ORIENTED_EDGE('',*,*,#10289,.F.);
#10289 = EDGE_CURVE('',#10168,#10267,#10290,.T.);
#10290 = SURFACE_CURVE('',#10291,(#10296,#10303),.PCURVE_S1.);
#10291 = CIRCLE('',#10292,1.5);
#10292 = AXIS2_PLACEMENT_3D('',#10293,#10294,#10295);
#10293 = CARTESIAN_POINT('',(70.1,148.8,12.75));
#10294 = DIRECTION('',(-0.,1.,0.));
#10295 = DIRECTION('',(0.,0.,-1.));
#10296 = PCURVE('',#4113,#10297);
#10297 = DEFINITIONAL_REPRESENTATION('',(#10298),#10302);
#10298 = LINE('',#10299,#10300);
#10299 = CARTESIAN_POINT('',(-0.,2.2));
#10300 = VECTOR('',#10301,1.);
#10301 = DIRECTION('',(-1.,0.));
#10302 = ( GEOMETRIC_REPRESENTATION_CONTEXT(2) 
PARAMETRIC_REPRESENTATION_CONTEXT() REPRESENTATION_CONTEXT('2D SPACE',''
  ) );
#10303 = PCURVE('',#10151,#10304);
#10304 = DEFINITIONAL_REPRESENTATION('',(#10305),#10313);
#10305 = ( BOUNDED_CURVE() B_SPLINE_CURVE(2,(#10306,#10307,#10308,#10309
    ,#10310,#10311,#10312),.UNSPECIFIED.,.T.,.F.) 
B_SPLINE_CURVE_WITH_KNOTS((1,2,2,2,2,1),(-2.094395102393,0.,
    2.094395102393,4.188790204786,6.28318530718,8.377580409573),
.UNSPECIFIED.) CURVE() GEOMETRIC_REPRESENTATION_ITEM() 
RATIONAL_B_SPLINE_CURVE((1.,0.5,1.,0.5,1.,0.5,1.)) REPRESENTATION_ITEM(
  '') );
#10306 = CARTESIAN_POINT('',(2.75,-4.9));
#10307 = CARTESIAN_POINT('',(2.75,-7.498076211353));
#10308 = CARTESIAN_POINT('',(0.5,-6.199038105677));
#10309 = CARTESIAN_POINT('',(-1.75,-4.9));
#10310 = CARTESIAN_POINT('',(0.5,-3.600961894323));
#10311 = CARTESIAN_POINT('',(2.75,-2.301923788647));
#10312 = CARTESIAN_POINT('',(2.75,-4.9));
#10313 = ( GEOMETRIC_REPRESENTATION_CONTEXT(2) 
PARAMETRIC_REPRESENTATION_CONTEXT() REPRESENTATION_CONTEXT('2D SPACE',''
  ) );
#10314 = ADVANCED_FACE('',(#10315),#4223,.F.);
#10315 = FACE_BOUND('',#10316,.F.);
#10316 = EDGE_LOOP('',(#10317,#10318,#10319,#10342));
#10317 = ORIENTED_EDGE('',*,*,#10240,.F.);
#10318 = ORIENTED_EDGE('',*,*,#4206,.T.);
#10319 = ORIENTED_EDGE('',*,*,#10320,.T.);
#10320 = EDGE_CURVE('',#4181,#10321,#10323,.T.);
#10321 = VERTEX_POINT('',#10322);
#10322 = CARTESIAN_POINT('',(79.9,148.8,16.75));
#10323 = SURFACE_CURVE('',#10324,(#10328,#10335),.PCURVE_S1.);
#10324 = LINE('',#10325,#10326);
#10325 = CARTESIAN_POINT('',(79.9,151.,16.75));
#10326 = VECTOR('',#10327,1.);
#10327 = DIRECTION('',(0.,-1.,0.));
#10328 = PCURVE('',#4223,#10329);
#10329 = DEFINITIONAL_REPRESENTATION('',(#10330),#10334);
#10330 = LINE('',#10331,#10332);
#10331 = CARTESIAN_POINT('',(1.570796326795,0.));
#10332 = VECTOR('',#10333,1.);
#10333 = DIRECTION('',(0.,1.));
#10334 = ( GEOMETRIC_REPRESENTATION_CONTEXT(2) 
PARAMETRIC_REPRESENTATION_CONTEXT() REPRESENTATION_CONTEXT('2D SPACE',''
  ) );
#10335 = PCURVE('',#4195,#10336);
#10336 = DEFINITIONAL_REPRESENTATION('',(#10337),#10341);
#10337 = LINE('',#10338,#10339);
#10338 = CARTESIAN_POINT('',(1.5,0.));
#10339 = VECTOR('',#10340,1.);
#10340 = DIRECTION('',(0.,-1.));
#10341 = ( GEOMETRIC_REPRESENTATION_CONTEXT(2) 
PARAMETRIC_REPRESENTATION_CONTEXT() REPRESENTATION_CONTEXT('2D SPACE',''
  ) );
#10342 = ORIENTED_EDGE('',*,*,#10343,.F.);
#10343 = EDGE_CURVE('',#10218,#10321,#10344,.T.);
#10344 = SURFACE_CURVE('',#10345,(#10350,#10357),.PCURVE_S1.);
#10345 = CIRCLE('',#10346,1.5);
#10346 = AXIS2_PLACEMENT_3D('',#10347,#10348,#10349);
#10347 = CARTESIAN_POINT('',(79.9,148.8,15.25));
#10348 = DIRECTION('',(0.,-1.,0.));
#10349 = DIRECTION('',(0.,-0.,-1.));
#10350 = PCURVE('',#4223,#10351);
#10351 = DEFINITIONAL_REPRESENTATION('',(#10352),#10356);
#10352 = LINE('',#10353,#10354);
#10353 = CARTESIAN_POINT('',(-1.570796326795,2.2));
#10354 = VECTOR('',#10355,1.);
#10355 = DIRECTION('',(1.,0.));
#10356 = ( GEOMETRIC_REPRESENTATION_CONTEXT(2) 
PARAMETRIC_REPRESENTATION_CONTEXT() REPRESENTATION_CONTEXT('2D SPACE',''
  ) );
#10357 = PCURVE('',#10151,#10358);
#10358 = DEFINITIONAL_REPRESENTATION('',(#10359),#10363);
#10359 = CIRCLE('',#10360,1.5);
#10360 = AXIS2_PLACEMENT_2D('',#10361,#10362);
#10361 = CARTESIAN_POINT('',(-1.25,4.9));
#10362 = DIRECTION('',(1.,0.));
#10363 = ( GEOMETRIC_REPRESENTATION_CONTEXT(2) 
PARAMETRIC_REPRESENTATION_CONTEXT() REPRESENTATION_CONTEXT('2D SPACE',''
  ) );
#10364 = ADVANCED_FACE('',(#10365),#4140,.T.);
#10365 = FACE_BOUND('',#10366,.T.);
#10366 = EDGE_LOOP('',(#10367,#10368,#10391,#10412));
#10367 = ORIENTED_EDGE('',*,*,#4125,.T.);
#10368 = ORIENTED_EDGE('',*,*,#10369,.T.);
#10369 = EDGE_CURVE('',#4126,#10370,#10372,.T.);
#10370 = VERTEX_POINT('',#10371);
#10371 = CARTESIAN_POINT('',(68.6,148.8,15.25));
#10372 = SURFACE_CURVE('',#10373,(#10377,#10384),.PCURVE_S1.);
#10373 = LINE('',#10374,#10375);
#10374 = CARTESIAN_POINT('',(68.6,151.,15.25));
#10375 = VECTOR('',#10376,1.);
#10376 = DIRECTION('',(0.,-1.,0.));
#10377 = PCURVE('',#4140,#10378);
#10378 = DEFINITIONAL_REPRESENTATION('',(#10379),#10383);
#10379 = LINE('',#10380,#10381);
#10380 = CARTESIAN_POINT('',(1.5,0.));
#10381 = VECTOR('',#10382,1.);
#10382 = DIRECTION('',(0.,-1.));
#10383 = ( GEOMETRIC_REPRESENTATION_CONTEXT(2) 
PARAMETRIC_REPRESENTATION_CONTEXT() REPRESENTATION_CONTEXT('2D SPACE',''
  ) );
#10384 = PCURVE('',#4168,#10385);
#10385 = DEFINITIONAL_REPRESENTATION('',(#10386),#10390);
#10386 = LINE('',#10387,#10388);
#10387 = CARTESIAN_POINT('',(1.570796326795,0.));
#10388 = VECTOR('',#10389,1.);
#10389 = DIRECTION('',(0.,1.));
#10390 = ( GEOMETRIC_REPRESENTATION_CONTEXT(2) 
PARAMETRIC_REPRESENTATION_CONTEXT() REPRESENTATION_CONTEXT('2D SPACE',''
  ) );
#10391 = ORIENTED_EDGE('',*,*,#10392,.T.);
#10392 = EDGE_CURVE('',#10370,#10267,#10393,.T.);
#10393 = SURFACE_CURVE('',#10394,(#10398,#10405),.PCURVE_S1.);
#10394 = LINE('',#10395,#10396);
#10395 = CARTESIAN_POINT('',(68.6,148.8,16.75));
#10396 = VECTOR('',#10397,1.);
#10397 = DIRECTION('',(0.,0.,-1.));
#10398 = PCURVE('',#4140,#10399);
#10399 = DEFINITIONAL_REPRESENTATION('',(#10400),#10404);
#10400 = LINE('',#10401,#10402);
#10401 = CARTESIAN_POINT('',(0.,-2.2));
#10402 = VECTOR('',#10403,1.);
#10403 = DIRECTION('',(1.,0.));
#10404 = ( GEOMETRIC_REPRESENTATION_CONTEXT(2) 
PARAMETRIC_REPRESENTATION_CONTEXT() REPRESENTATION_CONTEXT('2D SPACE',''
  ) );
#10405 = PCURVE('',#10151,#10406);
#10406 = DEFINITIONAL_REPRESENTATION('',(#10407),#10411);
#10407 = LINE('',#10408,#10409);
#10408 = CARTESIAN_POINT('',(-2.75,-6.4));
#10409 = VECTOR('',#10410,1.);
#10410 = DIRECTION('',(1.,0.));
#10411 = ( GEOMETRIC_REPRESENTATION_CONTEXT(2) 
PARAMETRIC_REPRESENTATION_CONTEXT() REPRESENTATION_CONTEXT('2D SPACE',''
  ) );
#10412 = ORIENTED_EDGE('',*,*,#10266,.F.);
#10413 = ADVANCED_FACE('',(#10414),#4195,.T.);
#10414 = FACE_BOUND('',#10415,.T.);
#10415 = EDGE_LOOP('',(#10416,#10417,#10418,#10441));
#10416 = ORIENTED_EDGE('',*,*,#4180,.T.);
#10417 = ORIENTED_EDGE('',*,*,#10320,.T.);
#10418 = ORIENTED_EDGE('',*,*,#10419,.T.);
#10419 = EDGE_CURVE('',#10321,#10420,#10422,.T.);
#10420 = VERTEX_POINT('',#10421);
#10421 = CARTESIAN_POINT('',(70.1,148.8,16.75));
#10422 = SURFACE_CURVE('',#10423,(#10427,#10434),.PCURVE_S1.);
#10423 = LINE('',#10424,#10425);
#10424 = CARTESIAN_POINT('',(81.4,148.8,16.75));
#10425 = VECTOR('',#10426,1.);
#10426 = DIRECTION('',(-1.,0.,0.));
#10427 = PCURVE('',#4195,#10428);
#10428 = DEFINITIONAL_REPRESENTATION('',(#10429),#10433);
#10429 = LINE('',#10430,#10431);
#10430 = CARTESIAN_POINT('',(0.,-2.2));
#10431 = VECTOR('',#10432,1.);
#10432 = DIRECTION('',(1.,0.));
#10433 = ( GEOMETRIC_REPRESENTATION_CONTEXT(2) 
PARAMETRIC_REPRESENTATION_CONTEXT() REPRESENTATION_CONTEXT('2D SPACE',''
  ) );
#10434 = PCURVE('',#10151,#10435);
#10435 = DEFINITIONAL_REPRESENTATION('',(#10436),#10440);
#10436 = LINE('',#10437,#10438);
#10437 = CARTESIAN_POINT('',(-2.75,6.4));
#10438 = VECTOR('',#10439,1.);
#10439 = DIRECTION('',(0.,-1.));
#10440 = ( GEOMETRIC_REPRESENTATION_CONTEXT(2) 
PARAMETRIC_REPRESENTATION_CONTEXT() REPRESENTATION_CONTEXT('2D SPACE',''
  ) );
#10441 = ORIENTED_EDGE('',*,*,#10442,.F.);
#10442 = EDGE_CURVE('',#4152,#10420,#10443,.T.);
#10443 = SURFACE_CURVE('',#10444,(#10448,#10455),.PCURVE_S1.);
#10444 = LINE('',#10445,#10446);
#10445 = CARTESIAN_POINT('',(70.1,151.,16.75));
#10446 = VECTOR('',#10447,1.);
#10447 = DIRECTION('',(0.,-1.,0.));
#10448 = PCURVE('',#4195,#10449);
#10449 = DEFINITIONAL_REPRESENTATION('',(#10450),#10454);
#10450 = LINE('',#10451,#10452);
#10451 = CARTESIAN_POINT('',(11.3,0.));
#10452 = VECTOR('',#10453,1.);
#10453 = DIRECTION('',(0.,-1.));
#10454 = ( GEOMETRIC_REPRESENTATION_CONTEXT(2) 
PARAMETRIC_REPRESENTATION_CONTEXT() REPRESENTATION_CONTEXT('2D SPACE',''
  ) );
#10455 = PCURVE('',#4168,#10456);
#10456 = DEFINITIONAL_REPRESENTATION('',(#10457),#10461);
#10457 = LINE('',#10458,#10459);
#10458 = CARTESIAN_POINT('',(0.,0.));
#10459 = VECTOR('',#10460,1.);
#10460 = DIRECTION('',(0.,1.));
#10461 = ( GEOMETRIC_REPRESENTATION_CONTEXT(2) 
PARAMETRIC_REPRESENTATION_CONTEXT() REPRESENTATION_CONTEXT('2D SPACE',''
  ) );
#10462 = ADVANCED_FACE('',(#10463),#4168,.F.);
#10463 = FACE_BOUND('',#10464,.F.);
#10464 = EDGE_LOOP('',(#10465,#10466,#10467,#10468));
#10465 = ORIENTED_EDGE('',*,*,#10442,.F.);
#10466 = ORIENTED_EDGE('',*,*,#4151,.T.);
#10467 = ORIENTED_EDGE('',*,*,#10369,.T.);
#10468 = ORIENTED_EDGE('',*,*,#10469,.F.);
#10469 = EDGE_CURVE('',#10420,#10370,#10470,.T.);
#10470 = SURFACE_CURVE('',#10471,(#10476,#10483),.PCURVE_S1.);
#10471 = CIRCLE('',#10472,1.5);
#10472 = AXIS2_PLACEMENT_3D('',#10473,#10474,#10475);
#10473 = CARTESIAN_POINT('',(70.1,148.8,15.25));
#10474 = DIRECTION('',(0.,-1.,0.));
#10475 = DIRECTION('',(0.,-0.,-1.));
#10476 = PCURVE('',#4168,#10477);
#10477 = DEFINITIONAL_REPRESENTATION('',(#10478),#10482);
#10478 = LINE('',#10479,#10480);
#10479 = CARTESIAN_POINT('',(-3.14159265359,2.2));
#10480 = VECTOR('',#10481,1.);
#10481 = DIRECTION('',(1.,0.));
#10482 = ( GEOMETRIC_REPRESENTATION_CONTEXT(2) 
PARAMETRIC_REPRESENTATION_CONTEXT() REPRESENTATION_CONTEXT('2D SPACE',''
  ) );
#10483 = PCURVE('',#10151,#10484);
#10484 = DEFINITIONAL_REPRESENTATION('',(#10485),#10489);
#10485 = CIRCLE('',#10486,1.5);
#10486 = AXIS2_PLACEMENT_2D('',#10487,#10488);
#10487 = CARTESIAN_POINT('',(-1.25,-4.9));
#10488 = DIRECTION('',(1.,0.));
#10489 = ( GEOMETRIC_REPRESENTATION_CONTEXT(2) 
PARAMETRIC_REPRESENTATION_CONTEXT() REPRESENTATION_CONTEXT('2D SPACE',''
  ) );
#10490 = ADVANCED_FACE('',(#10491),#4300,.F.);
#10491 = FACE_BOUND('',#10492,.F.);
#10492 = EDGE_LOOP('',(#10493));
#10493 = ORIENTED_EDGE('',*,*,#4285,.T.);
#10494 = ADVANCED_FACE('',(#10495),#4355,.F.);
#10495 = FACE_BOUND('',#10496,.F.);
#10496 = EDGE_LOOP('',(#10497));
#10497 = ORIENTED_EDGE('',*,*,#4340,.T.);
#10498 = ADVANCED_FACE('',(#10499),#4410,.F.);
#10499 = FACE_BOUND('',#10500,.F.);
#10500 = EDGE_LOOP('',(#10501));
#10501 = ORIENTED_EDGE('',*,*,#4395,.T.);
#10502 = ADVANCED_FACE('',(#10503),#4465,.F.);
#10503 = FACE_BOUND('',#10504,.F.);
#10504 = EDGE_LOOP('',(#10505));
#10505 = ORIENTED_EDGE('',*,*,#4450,.T.);
#10506 = ADVANCED_FACE('',(#10507),#4592,.T.);
#10507 = FACE_BOUND('',#10508,.T.);
#10508 = EDGE_LOOP('',(#10509,#10510,#10511,#10512));
#10509 = ORIENTED_EDGE('',*,*,#10062,.F.);
#10510 = ORIENTED_EDGE('',*,*,#10014,.F.);
#10511 = ORIENTED_EDGE('',*,*,#9964,.T.);
#10512 = ORIENTED_EDGE('',*,*,#4577,.F.);
#10513 = ADVANCED_FACE('',(#10514),#4521,.F.);
#10514 = FACE_BOUND('',#10515,.F.);
#10515 = EDGE_LOOP('',(#10516,#10517,#10518,#10519));
#10516 = ORIENTED_EDGE('',*,*,#4885,.F.);
#10517 = ORIENTED_EDGE('',*,*,#4935,.F.);
#10518 = ORIENTED_EDGE('',*,*,#4961,.T.);
#10519 = ORIENTED_EDGE('',*,*,#4506,.F.);
#10520 = ADVANCED_FACE('',(#10521),#4644,.F.);
#10521 = FACE_BOUND('',#10522,.F.);
#10522 = EDGE_LOOP('',(#10523,#10524,#10547,#10575));
#10523 = ORIENTED_EDGE('',*,*,#4626,.F.);
#10524 = ORIENTED_EDGE('',*,*,#10525,.T.);
#10525 = EDGE_CURVE('',#4627,#10526,#10528,.T.);
#10526 = VERTEX_POINT('',#10527);
#10527 = CARTESIAN_POINT('',(8.,1.25,27.));
#10528 = SURFACE_CURVE('',#10529,(#10533,#10540),.PCURVE_S1.);
#10529 = LINE('',#10530,#10531);
#10530 = CARTESIAN_POINT('',(8.,1.25,24.));
#10531 = VECTOR('',#10532,1.);
#10532 = DIRECTION('',(0.,0.,1.));
#10533 = PCURVE('',#4644,#10534);
#10534 = DEFINITIONAL_REPRESENTATION('',(#10535),#10539);
#10535 = LINE('',#10536,#10537);
#10536 = CARTESIAN_POINT('',(6.75,0.));
#10537 = VECTOR('',#10538,1.);
#10538 = DIRECTION('',(0.,-1.));
#10539 = ( GEOMETRIC_REPRESENTATION_CONTEXT(2) 
PARAMETRIC_REPRESENTATION_CONTEXT() REPRESENTATION_CONTEXT('2D SPACE',''
  ) );
#10540 = PCURVE('',#4677,#10541);
#10541 = DEFINITIONAL_REPRESENTATION('',(#10542),#10546);
#10542 = LINE('',#10543,#10544);
#10543 = CARTESIAN_POINT('',(-0.,0.));
#10544 = VECTOR('',#10545,1.);
#10545 = DIRECTION('',(-0.,1.));
#10546 = ( GEOMETRIC_REPRESENTATION_CONTEXT(2) 
PARAMETRIC_REPRESENTATION_CONTEXT() REPRESENTATION_CONTEXT('2D SPACE',''
  ) );
#10547 = ORIENTED_EDGE('',*,*,#10548,.T.);
#10548 = EDGE_CURVE('',#10526,#10549,#10551,.T.);
#10549 = VERTEX_POINT('',#10550);
#10550 = CARTESIAN_POINT('',(142.,1.25,27.));
#10551 = SURFACE_CURVE('',#10552,(#10556,#10563),.PCURVE_S1.);
#10552 = LINE('',#10553,#10554);
#10553 = CARTESIAN_POINT('',(1.25,1.25,27.));
#10554 = VECTOR('',#10555,1.);
#10555 = DIRECTION('',(1.,0.,0.));
#10556 = PCURVE('',#4644,#10557);
#10557 = DEFINITIONAL_REPRESENTATION('',(#10558),#10562);
#10558 = LINE('',#10559,#10560);
#10559 = CARTESIAN_POINT('',(0.,-3.));
#10560 = VECTOR('',#10561,1.);
#10561 = DIRECTION('',(1.,0.));
#10562 = ( GEOMETRIC_REPRESENTATION_CONTEXT(2) 
PARAMETRIC_REPRESENTATION_CONTEXT() REPRESENTATION_CONTEXT('2D SPACE',''
  ) );
#10563 = PCURVE('',#10564,#10569);
#10564 = PLANE('',#10565);
#10565 = AXIS2_PLACEMENT_3D('',#10566,#10567,#10568);
#10566 = CARTESIAN_POINT('',(75.,75.,27.));
#10567 = DIRECTION('',(0.,0.,1.));
#10568 = DIRECTION('',(1.,0.,-0.));
#10569 = DEFINITIONAL_REPRESENTATION('',(#10570),#10574);
#10570 = LINE('',#10571,#10572);
#10571 = CARTESIAN_POINT('',(-73.75,-73.75));
#10572 = VECTOR('',#10573,1.);
#10573 = DIRECTION('',(1.,0.));
#10574 = ( GEOMETRIC_REPRESENTATION_CONTEXT(2) 
PARAMETRIC_REPRESENTATION_CONTEXT() REPRESENTATION_CONTEXT('2D SPACE',''
  ) );
#10575 = ORIENTED_EDGE('',*,*,#10576,.F.);
#10576 = EDGE_CURVE('',#4629,#10549,#10577,.T.);
#10577 = SURFACE_CURVE('',#10578,(#10582,#10589),.PCURVE_S1.);
#10578 = LINE('',#10579,#10580);
#10579 = CARTESIAN_POINT('',(142.,1.25,24.));
#10580 = VECTOR('',#10581,1.);
#10581 = DIRECTION('',(0.,0.,1.));
#10582 = PCURVE('',#4644,#10583);
#10583 = DEFINITIONAL_REPRESENTATION('',(#10584),#10588);
#10584 = LINE('',#10585,#10586);
#10585 = CARTESIAN_POINT('',(140.75,0.));
#10586 = VECTOR('',#10587,1.);
#10587 = DIRECTION('',(0.,-1.));
#10588 = ( GEOMETRIC_REPRESENTATION_CONTEXT(2) 
PARAMETRIC_REPRESENTATION_CONTEXT() REPRESENTATION_CONTEXT('2D SPACE',''
  ) );
#10589 = PCURVE('',#4846,#10590);
#10590 = DEFINITIONAL_REPRESENTATION('',(#10591),#10595);
#10591 = LINE('',#10592,#10593);
#10592 = CARTESIAN_POINT('',(0.,0.));
#10593 = VECTOR('',#10594,1.);
#10594 = DIRECTION('',(0.,1.));
#10595 = ( GEOMETRIC_REPRESENTATION_CONTEXT(2) 
PARAMETRIC_REPRESENTATION_CONTEXT() REPRESENTATION_CONTEXT('2D SPACE',''
  ) );
#10596 = ADVANCED_FACE('',(#10597),#4677,.T.);
#10597 = FACE_BOUND('',#10598,.F.);
#10598 = EDGE_LOOP('',(#10599,#10600,#10623,#10649));
#10599 = ORIENTED_EDGE('',*,*,#4656,.T.);
#10600 = ORIENTED_EDGE('',*,*,#10601,.T.);
#10601 = EDGE_CURVE('',#4657,#10602,#10604,.T.);
#10602 = VERTEX_POINT('',#10603);
#10603 = CARTESIAN_POINT('',(1.25,8.,27.));
#10604 = SURFACE_CURVE('',#10605,(#10609,#10616),.PCURVE_S1.);
#10605 = LINE('',#10606,#10607);
#10606 = CARTESIAN_POINT('',(1.25,8.,24.));
#10607 = VECTOR('',#10608,1.);
#10608 = DIRECTION('',(0.,0.,1.));
#10609 = PCURVE('',#4677,#10610);
#10610 = DEFINITIONAL_REPRESENTATION('',(#10611),#10615);
#10611 = LINE('',#10612,#10613);
#10612 = CARTESIAN_POINT('',(-1.570796326795,0.));
#10613 = VECTOR('',#10614,1.);
#10614 = DIRECTION('',(-0.,1.));
#10615 = ( GEOMETRIC_REPRESENTATION_CONTEXT(2) 
PARAMETRIC_REPRESENTATION_CONTEXT() REPRESENTATION_CONTEXT('2D SPACE',''
  ) );
#10616 = PCURVE('',#4705,#10617);
#10617 = DEFINITIONAL_REPRESENTATION('',(#10618),#10622);
#10618 = LINE('',#10619,#10620);
#10619 = CARTESIAN_POINT('',(140.75,0.));
#10620 = VECTOR('',#10621,1.);
#10621 = DIRECTION('',(0.,-1.));
#10622 = ( GEOMETRIC_REPRESENTATION_CONTEXT(2) 
PARAMETRIC_REPRESENTATION_CONTEXT() REPRESENTATION_CONTEXT('2D SPACE',''
  ) );
#10623 = ORIENTED_EDGE('',*,*,#10624,.F.);
#10624 = EDGE_CURVE('',#10526,#10602,#10625,.T.);
#10625 = SURFACE_CURVE('',#10626,(#10631,#10638),.PCURVE_S1.);
#10626 = CIRCLE('',#10627,6.75);
#10627 = AXIS2_PLACEMENT_3D('',#10628,#10629,#10630);
#10628 = CARTESIAN_POINT('',(8.,8.,27.));
#10629 = DIRECTION('',(-0.,-0.,-1.));
#10630 = DIRECTION('',(0.,-1.,0.));
#10631 = PCURVE('',#4677,#10632);
#10632 = DEFINITIONAL_REPRESENTATION('',(#10633),#10637);
#10633 = LINE('',#10634,#10635);
#10634 = CARTESIAN_POINT('',(-0.,3.));
#10635 = VECTOR('',#10636,1.);
#10636 = DIRECTION('',(-1.,0.));
#10637 = ( GEOMETRIC_REPRESENTATION_CONTEXT(2) 
PARAMETRIC_REPRESENTATION_CONTEXT() REPRESENTATION_CONTEXT('2D SPACE',''
  ) );
#10638 = PCURVE('',#10564,#10639);
#10639 = DEFINITIONAL_REPRESENTATION('',(#10640),#10648);
#10640 = ( BOUNDED_CURVE() B_SPLINE_CURVE(2,(#10641,#10642,#10643,#10644
    ,#10645,#10646,#10647),.UNSPECIFIED.,.T.,.F.) 
B_SPLINE_CURVE_WITH_KNOTS((1,2,2,2,2,1),(-2.094395102393,0.,
    2.094395102393,4.188790204786,6.28318530718,8.377580409573),
.UNSPECIFIED.) CURVE() GEOMETRIC_REPRESENTATION_ITEM() 
RATIONAL_B_SPLINE_CURVE((1.,0.5,1.,0.5,1.,0.5,1.)) REPRESENTATION_ITEM(
  '') );
#10641 = CARTESIAN_POINT('',(-67.,-73.75));
#10642 = CARTESIAN_POINT('',(-78.69134295109,-73.75));
#10643 = CARTESIAN_POINT('',(-72.84567147554,-63.625));
#10644 = CARTESIAN_POINT('',(-67.,-53.5));
#10645 = CARTESIAN_POINT('',(-61.15432852445,-63.625));
#10646 = CARTESIAN_POINT('',(-55.30865704891,-73.75));
#10647 = CARTESIAN_POINT('',(-67.,-73.75));
#10648 = ( GEOMETRIC_REPRESENTATION_CONTEXT(2) 
PARAMETRIC_REPRESENTATION_CONTEXT() REPRESENTATION_CONTEXT('2D SPACE',''
  ) );
#10649 = ORIENTED_EDGE('',*,*,#10525,.F.);
#10650 = ADVANCED_FACE('',(#10651),#4846,.T.);
#10651 = FACE_BOUND('',#10652,.T.);
#10652 = EDGE_LOOP('',(#10653,#10654,#10677,#10699));
#10653 = ORIENTED_EDGE('',*,*,#4831,.T.);
#10654 = ORIENTED_EDGE('',*,*,#10655,.T.);
#10655 = EDGE_CURVE('',#4804,#10656,#10658,.T.);
#10656 = VERTEX_POINT('',#10657);
#10657 = CARTESIAN_POINT('',(148.75,8.,27.));
#10658 = SURFACE_CURVE('',#10659,(#10663,#10670),.PCURVE_S1.);
#10659 = LINE('',#10660,#10661);
#10660 = CARTESIAN_POINT('',(148.75,8.,24.));
#10661 = VECTOR('',#10662,1.);
#10662 = DIRECTION('',(0.,0.,1.));
#10663 = PCURVE('',#4846,#10664);
#10664 = DEFINITIONAL_REPRESENTATION('',(#10665),#10669);
#10665 = LINE('',#10666,#10667);
#10666 = CARTESIAN_POINT('',(1.570796326795,0.));
#10667 = VECTOR('',#10668,1.);
#10668 = DIRECTION('',(0.,1.));
#10669 = ( GEOMETRIC_REPRESENTATION_CONTEXT(2) 
PARAMETRIC_REPRESENTATION_CONTEXT() REPRESENTATION_CONTEXT('2D SPACE',''
  ) );
#10670 = PCURVE('',#4819,#10671);
#10671 = DEFINITIONAL_REPRESENTATION('',(#10672),#10676);
#10672 = LINE('',#10673,#10674);
#10673 = CARTESIAN_POINT('',(6.75,0.));
#10674 = VECTOR('',#10675,1.);
#10675 = DIRECTION('',(0.,-1.));
#10676 = ( GEOMETRIC_REPRESENTATION_CONTEXT(2) 
PARAMETRIC_REPRESENTATION_CONTEXT() REPRESENTATION_CONTEXT('2D SPACE',''
  ) );
#10677 = ORIENTED_EDGE('',*,*,#10678,.F.);
#10678 = EDGE_CURVE('',#10549,#10656,#10679,.T.);
#10679 = SURFACE_CURVE('',#10680,(#10685,#10692),.PCURVE_S1.);
#10680 = CIRCLE('',#10681,6.75);
#10681 = AXIS2_PLACEMENT_3D('',#10682,#10683,#10684);
#10682 = CARTESIAN_POINT('',(142.,8.,27.));
#10683 = DIRECTION('',(0.,0.,1.));
#10684 = DIRECTION('',(0.,-1.,0.));
#10685 = PCURVE('',#4846,#10686);
#10686 = DEFINITIONAL_REPRESENTATION('',(#10687),#10691);
#10687 = LINE('',#10688,#10689);
#10688 = CARTESIAN_POINT('',(0.,3.));
#10689 = VECTOR('',#10690,1.);
#10690 = DIRECTION('',(1.,0.));
#10691 = ( GEOMETRIC_REPRESENTATION_CONTEXT(2) 
PARAMETRIC_REPRESENTATION_CONTEXT() REPRESENTATION_CONTEXT('2D SPACE',''
  ) );
#10692 = PCURVE('',#10564,#10693);
#10693 = DEFINITIONAL_REPRESENTATION('',(#10694),#10698);
#10694 = CIRCLE('',#10695,6.75);
#10695 = AXIS2_PLACEMENT_2D('',#10696,#10697);
#10696 = CARTESIAN_POINT('',(67.,-67.));
#10697 = DIRECTION('',(0.,-1.));
#10698 = ( GEOMETRIC_REPRESENTATION_CONTEXT(2) 
PARAMETRIC_REPRESENTATION_CONTEXT() REPRESENTATION_CONTEXT('2D SPACE',''
  ) );
#10699 = ORIENTED_EDGE('',*,*,#10576,.F.);
#10700 = ADVANCED_FACE('',(#10701),#4705,.F.);
#10701 = FACE_BOUND('',#10702,.F.);
#10702 = EDGE_LOOP('',(#10703,#10704,#10727,#10750,#10783,#10811,#10840,
    #10868,#10897,#10925,#10958,#10979));
#10703 = ORIENTED_EDGE('',*,*,#4689,.F.);
#10704 = ORIENTED_EDGE('',*,*,#10705,.T.);
#10705 = EDGE_CURVE('',#4690,#10706,#10708,.T.);
#10706 = VERTEX_POINT('',#10707);
#10707 = CARTESIAN_POINT('',(1.25,142.,27.));
#10708 = SURFACE_CURVE('',#10709,(#10713,#10720),.PCURVE_S1.);
#10709 = LINE('',#10710,#10711);
#10710 = CARTESIAN_POINT('',(1.25,142.,24.));
#10711 = VECTOR('',#10712,1.);
#10712 = DIRECTION('',(0.,0.,1.));
#10713 = PCURVE('',#4705,#10714);
#10714 = DEFINITIONAL_REPRESENTATION('',(#10715),#10719);
#10715 = LINE('',#10716,#10717);
#10716 = CARTESIAN_POINT('',(6.75,0.));
#10717 = VECTOR('',#10718,1.);
#10718 = DIRECTION('',(0.,-1.));
#10719 = ( GEOMETRIC_REPRESENTATION_CONTEXT(2) 
PARAMETRIC_REPRESENTATION_CONTEXT() REPRESENTATION_CONTEXT('2D SPACE',''
  ) );
#10720 = PCURVE('',#4734,#10721);
#10721 = DEFINITIONAL_REPRESENTATION('',(#10722),#10726);
#10722 = LINE('',#10723,#10724);
#10723 = CARTESIAN_POINT('',(1.570796326795,0.));
#10724 = VECTOR('',#10725,1.);
#10725 = DIRECTION('',(0.,1.));
#10726 = ( GEOMETRIC_REPRESENTATION_CONTEXT(2) 
PARAMETRIC_REPRESENTATION_CONTEXT() REPRESENTATION_CONTEXT('2D SPACE',''
  ) );
#10727 = ORIENTED_EDGE('',*,*,#10728,.T.);
#10728 = EDGE_CURVE('',#10706,#10729,#10731,.T.);
#10729 = VERTEX_POINT('',#10730);
#10730 = CARTESIAN_POINT('',(1.25,85.160254037844,27.));
#10731 = SURFACE_CURVE('',#10732,(#10736,#10743),.PCURVE_S1.);
#10732 = LINE('',#10733,#10734);
#10733 = CARTESIAN_POINT('',(1.25,148.75,27.));
#10734 = VECTOR('',#10735,1.);
#10735 = DIRECTION('',(0.,-1.,0.));
#10736 = PCURVE('',#4705,#10737);
#10737 = DEFINITIONAL_REPRESENTATION('',(#10738),#10742);
#10738 = LINE('',#10739,#10740);
#10739 = CARTESIAN_POINT('',(0.,-3.));
#10740 = VECTOR('',#10741,1.);
#10741 = DIRECTION('',(1.,0.));
#10742 = ( GEOMETRIC_REPRESENTATION_CONTEXT(2) 
PARAMETRIC_REPRESENTATION_CONTEXT() REPRESENTATION_CONTEXT('2D SPACE',''
  ) );
#10743 = PCURVE('',#10564,#10744);
#10744 = DEFINITIONAL_REPRESENTATION('',(#10745),#10749);
#10745 = LINE('',#10746,#10747);
#10746 = CARTESIAN_POINT('',(-73.75,73.75));
#10747 = VECTOR('',#10748,1.);
#10748 = DIRECTION('',(0.,-1.));
#10749 = ( GEOMETRIC_REPRESENTATION_CONTEXT(2) 
PARAMETRIC_REPRESENTATION_CONTEXT() REPRESENTATION_CONTEXT('2D SPACE',''
  ) );
#10750 = ORIENTED_EDGE('',*,*,#10751,.T.);
#10751 = EDGE_CURVE('',#10729,#10752,#10754,.T.);
#10752 = VERTEX_POINT('',#10753);
#10753 = CARTESIAN_POINT('',(1.25,82.160254037844,27.));
#10754 = SURFACE_CURVE('',#10755,(#10760,#10771),.PCURVE_S1.);
#10755 = CIRCLE('',#10756,1.5);
#10756 = AXIS2_PLACEMENT_3D('',#10757,#10758,#10759);
#10757 = CARTESIAN_POINT('',(1.25,83.660254037844,27.));
#10758 = DIRECTION('',(-1.,0.,0.));
#10759 = DIRECTION('',(0.,1.,0.));
#10760 = PCURVE('',#4705,#10761);
#10761 = DEFINITIONAL_REPRESENTATION('',(#10762),#10770);
#10762 = ( BOUNDED_CURVE() B_SPLINE_CURVE(2,(#10763,#10764,#10765,#10766
    ,#10767,#10768,#10769),.UNSPECIFIED.,.T.,.F.) 
B_SPLINE_CURVE_WITH_KNOTS((1,2,2,2,2,1),(-2.094395102393,0.,
    2.094395102393,4.188790204786,6.28318530718,8.377580409573),
.UNSPECIFIED.) CURVE() GEOMETRIC_REPRESENTATION_ITEM() 
RATIONAL_B_SPLINE_CURVE((1.,0.5,1.,0.5,1.,0.5,1.)) REPRESENTATION_ITEM(
  '') );
#10763 = CARTESIAN_POINT('',(63.589745962156,-3.));
#10764 = CARTESIAN_POINT('',(63.589745962156,-0.401923788647));
#10765 = CARTESIAN_POINT('',(65.839745962156,-1.700961894323));
#10766 = CARTESIAN_POINT('',(68.089745962156,-3.));
#10767 = CARTESIAN_POINT('',(65.839745962156,-4.299038105677));
#10768 = CARTESIAN_POINT('',(63.589745962156,-5.598076211353));
#10769 = CARTESIAN_POINT('',(63.589745962156,-3.));
#10770 = ( GEOMETRIC_REPRESENTATION_CONTEXT(2) 
PARAMETRIC_REPRESENTATION_CONTEXT() REPRESENTATION_CONTEXT('2D SPACE',''
  ) );
#10771 = PCURVE('',#10772,#10777);
#10772 = CYLINDRICAL_SURFACE('',#10773,1.5);
#10773 = AXIS2_PLACEMENT_3D('',#10774,#10775,#10776);
#10774 = CARTESIAN_POINT('',(-1.,83.660254037844,27.));
#10775 = DIRECTION('',(-1.,-0.,-0.));
#10776 = DIRECTION('',(0.,1.,0.));
#10777 = DEFINITIONAL_REPRESENTATION('',(#10778),#10782);
#10778 = LINE('',#10779,#10780);
#10779 = CARTESIAN_POINT('',(-6.28318530718,-2.25));
#10780 = VECTOR('',#10781,1.);
#10781 = DIRECTION('',(1.,-0.));
#10782 = ( GEOMETRIC_REPRESENTATION_CONTEXT(2) 
PARAMETRIC_REPRESENTATION_CONTEXT() REPRESENTATION_CONTEXT('2D SPACE',''
  ) );
#10783 = ORIENTED_EDGE('',*,*,#10784,.T.);
#10784 = EDGE_CURVE('',#10752,#10785,#10787,.T.);
#10785 = VERTEX_POINT('',#10786);
#10786 = CARTESIAN_POINT('',(1.25,79.231181018021,27.));
#10787 = SURFACE_CURVE('',#10788,(#10792,#10799),.PCURVE_S1.);
#10788 = LINE('',#10789,#10790);
#10789 = CARTESIAN_POINT('',(1.25,148.75,27.));
#10790 = VECTOR('',#10791,1.);
#10791 = DIRECTION('',(0.,-1.,0.));
#10792 = PCURVE('',#4705,#10793);
#10793 = DEFINITIONAL_REPRESENTATION('',(#10794),#10798);
#10794 = LINE('',#10795,#10796);
#10795 = CARTESIAN_POINT('',(0.,-3.));
#10796 = VECTOR('',#10797,1.);
#10797 = DIRECTION('',(1.,0.));
#10798 = ( GEOMETRIC_REPRESENTATION_CONTEXT(2) 
PARAMETRIC_REPRESENTATION_CONTEXT() REPRESENTATION_CONTEXT('2D SPACE',''
  ) );
#10799 = PCURVE('',#10800,#10805);
#10800 = PLANE('',#10801);
#10801 = AXIS2_PLACEMENT_3D('',#10802,#10803,#10804);
#10802 = CARTESIAN_POINT('',(75.,75.,27.));
#10803 = DIRECTION('',(0.,0.,1.));
#10804 = DIRECTION('',(1.,0.,-0.));
#10805 = DEFINITIONAL_REPRESENTATION('',(#10806),#10810);
#10806 = LINE('',#10807,#10808);
#10807 = CARTESIAN_POINT('',(-73.75,73.75));
#10808 = VECTOR('',#10809,1.);
#10809 = DIRECTION('',(0.,-1.));
#10810 = ( GEOMETRIC_REPRESENTATION_CONTEXT(2) 
PARAMETRIC_REPRESENTATION_CONTEXT() REPRESENTATION_CONTEXT('2D SPACE',''
  ) );
#10811 = ORIENTED_EDGE('',*,*,#10812,.F.);
#10812 = EDGE_CURVE('',#10813,#10785,#10815,.T.);
#10813 = VERTEX_POINT('',#10814);
#10814 = CARTESIAN_POINT('',(1.25,76.268818981979,27.));
#10815 = SURFACE_CURVE('',#10816,(#10821,#10828),.PCURVE_S1.);
#10816 = CIRCLE('',#10817,1.5);
#10817 = AXIS2_PLACEMENT_3D('',#10818,#10819,#10820);
#10818 = CARTESIAN_POINT('',(1.25,77.75,26.763139720814));
#10819 = DIRECTION('',(1.,0.,0.));
#10820 = DIRECTION('',(0.,-0.987454012014,0.15790685279));
#10821 = PCURVE('',#4705,#10822);
#10822 = DEFINITIONAL_REPRESENTATION('',(#10823),#10827);
#10823 = CIRCLE('',#10824,1.5);
#10824 = AXIS2_PLACEMENT_2D('',#10825,#10826);
#10825 = CARTESIAN_POINT('',(71.,-2.763139720814));
#10826 = DIRECTION('',(0.987454012014,-0.15790685279));
#10827 = ( GEOMETRIC_REPRESENTATION_CONTEXT(2) 
PARAMETRIC_REPRESENTATION_CONTEXT() REPRESENTATION_CONTEXT('2D SPACE',''
  ) );
#10828 = PCURVE('',#10829,#10834);
#10829 = CYLINDRICAL_SURFACE('',#10830,1.5);
#10830 = AXIS2_PLACEMENT_3D('',#10831,#10832,#10833);
#10831 = CARTESIAN_POINT('',(-1.,77.75,26.763139720814));
#10832 = DIRECTION('',(-1.,-0.,-0.));
#10833 = DIRECTION('',(0.,1.,0.));
#10834 = DEFINITIONAL_REPRESENTATION('',(#10835),#10839);
#10835 = LINE('',#10836,#10837);
#10836 = CARTESIAN_POINT('',(-2.983022103078,-2.25));
#10837 = VECTOR('',#10838,1.);
#10838 = DIRECTION('',(-1.,-0.));
#10839 = ( GEOMETRIC_REPRESENTATION_CONTEXT(2) 
PARAMETRIC_REPRESENTATION_CONTEXT() REPRESENTATION_CONTEXT('2D SPACE',''
  ) );
#10840 = ORIENTED_EDGE('',*,*,#10841,.T.);
#10841 = EDGE_CURVE('',#10813,#10842,#10844,.T.);
#10842 = VERTEX_POINT('',#10843);
#10843 = CARTESIAN_POINT('',(1.25,73.731181018021,27.));
#10844 = SURFACE_CURVE('',#10845,(#10849,#10856),.PCURVE_S1.);
#10845 = LINE('',#10846,#10847);
#10846 = CARTESIAN_POINT('',(1.25,148.75,27.));
#10847 = VECTOR('',#10848,1.);
#10848 = DIRECTION('',(0.,-1.,0.));
#10849 = PCURVE('',#4705,#10850);
#10850 = DEFINITIONAL_REPRESENTATION('',(#10851),#10855);
#10851 = LINE('',#10852,#10853);
#10852 = CARTESIAN_POINT('',(0.,-3.));
#10853 = VECTOR('',#10854,1.);
#10854 = DIRECTION('',(1.,0.));
#10855 = ( GEOMETRIC_REPRESENTATION_CONTEXT(2) 
PARAMETRIC_REPRESENTATION_CONTEXT() REPRESENTATION_CONTEXT('2D SPACE',''
  ) );
#10856 = PCURVE('',#10857,#10862);
#10857 = PLANE('',#10858);
#10858 = AXIS2_PLACEMENT_3D('',#10859,#10860,#10861);
#10859 = CARTESIAN_POINT('',(75.,75.,27.));
#10860 = DIRECTION('',(0.,0.,1.));
#10861 = DIRECTION('',(1.,0.,-0.));
#10862 = DEFINITIONAL_REPRESENTATION('',(#10863),#10867);
#10863 = LINE('',#10864,#10865);
#10864 = CARTESIAN_POINT('',(-73.75,73.75));
#10865 = VECTOR('',#10866,1.);
#10866 = DIRECTION('',(0.,-1.));
#10867 = ( GEOMETRIC_REPRESENTATION_CONTEXT(2) 
PARAMETRIC_REPRESENTATION_CONTEXT() REPRESENTATION_CONTEXT('2D SPACE',''
  ) );
#10868 = ORIENTED_EDGE('',*,*,#10869,.F.);
#10869 = EDGE_CURVE('',#10870,#10842,#10872,.T.);
#10870 = VERTEX_POINT('',#10871);
#10871 = CARTESIAN_POINT('',(1.25,70.768818981979,27.));
#10872 = SURFACE_CURVE('',#10873,(#10878,#10885),.PCURVE_S1.);
#10873 = CIRCLE('',#10874,1.5);
#10874 = AXIS2_PLACEMENT_3D('',#10875,#10876,#10877);
#10875 = CARTESIAN_POINT('',(1.25,72.25,26.763139720814));
#10876 = DIRECTION('',(1.,0.,0.));
#10877 = DIRECTION('',(0.,-0.987454012014,0.15790685279));
#10878 = PCURVE('',#4705,#10879);
#10879 = DEFINITIONAL_REPRESENTATION('',(#10880),#10884);
#10880 = CIRCLE('',#10881,1.5);
#10881 = AXIS2_PLACEMENT_2D('',#10882,#10883);
#10882 = CARTESIAN_POINT('',(76.5,-2.763139720814));
#10883 = DIRECTION('',(0.987454012014,-0.15790685279));
#10884 = ( GEOMETRIC_REPRESENTATION_CONTEXT(2) 
PARAMETRIC_REPRESENTATION_CONTEXT() REPRESENTATION_CONTEXT('2D SPACE',''
  ) );
#10885 = PCURVE('',#10886,#10891);
#10886 = CYLINDRICAL_SURFACE('',#10887,1.5);
#10887 = AXIS2_PLACEMENT_3D('',#10888,#10889,#10890);
#10888 = CARTESIAN_POINT('',(-1.,72.25,26.763139720814));
#10889 = DIRECTION('',(-1.,-0.,-0.));
#10890 = DIRECTION('',(0.,1.,0.));
#10891 = DEFINITIONAL_REPRESENTATION('',(#10892),#10896);
#10892 = LINE('',#10893,#10894);
#10893 = CARTESIAN_POINT('',(-2.983022103078,-2.25));
#10894 = VECTOR('',#10895,1.);
#10895 = DIRECTION('',(-1.,-0.));
#10896 = ( GEOMETRIC_REPRESENTATION_CONTEXT(2) 
PARAMETRIC_REPRESENTATION_CONTEXT() REPRESENTATION_CONTEXT('2D SPACE',''
  ) );
#10897 = ORIENTED_EDGE('',*,*,#10898,.T.);
#10898 = EDGE_CURVE('',#10870,#10899,#10901,.T.);
#10899 = VERTEX_POINT('',#10900);
#10900 = CARTESIAN_POINT('',(1.25,67.839745962156,27.));
#10901 = SURFACE_CURVE('',#10902,(#10906,#10913),.PCURVE_S1.);
#10902 = LINE('',#10903,#10904);
#10903 = CARTESIAN_POINT('',(1.25,148.75,27.));
#10904 = VECTOR('',#10905,1.);
#10905 = DIRECTION('',(0.,-1.,0.));
#10906 = PCURVE('',#4705,#10907);
#10907 = DEFINITIONAL_REPRESENTATION('',(#10908),#10912);
#10908 = LINE('',#10909,#10910);
#10909 = CARTESIAN_POINT('',(0.,-3.));
#10910 = VECTOR('',#10911,1.);
#10911 = DIRECTION('',(1.,0.));
#10912 = ( GEOMETRIC_REPRESENTATION_CONTEXT(2) 
PARAMETRIC_REPRESENTATION_CONTEXT() REPRESENTATION_CONTEXT('2D SPACE',''
  ) );
#10913 = PCURVE('',#10914,#10919);
#10914 = PLANE('',#10915);
#10915 = AXIS2_PLACEMENT_3D('',#10916,#10917,#10918);
#10916 = CARTESIAN_POINT('',(75.,75.,27.));
#10917 = DIRECTION('',(0.,0.,1.));
#10918 = DIRECTION('',(1.,0.,-0.));
#10919 = DEFINITIONAL_REPRESENTATION('',(#10920),#10924);
#10920 = LINE('',#10921,#10922);
#10921 = CARTESIAN_POINT('',(-73.75,73.75));
#10922 = VECTOR('',#10923,1.);
#10923 = DIRECTION('',(0.,-1.));
#10924 = ( GEOMETRIC_REPRESENTATION_CONTEXT(2) 
PARAMETRIC_REPRESENTATION_CONTEXT() REPRESENTATION_CONTEXT('2D SPACE',''
  ) );
#10925 = ORIENTED_EDGE('',*,*,#10926,.T.);
#10926 = EDGE_CURVE('',#10899,#10927,#10929,.T.);
#10927 = VERTEX_POINT('',#10928);
#10928 = CARTESIAN_POINT('',(1.25,64.839745962157,27.));
#10929 = SURFACE_CURVE('',#10930,(#10935,#10946),.PCURVE_S1.);
#10930 = CIRCLE('',#10931,1.5);
#10931 = AXIS2_PLACEMENT_3D('',#10932,#10933,#10934);
#10932 = CARTESIAN_POINT('',(1.25,66.339745962156,27.));
#10933 = DIRECTION('',(-1.,0.,0.));
#10934 = DIRECTION('',(0.,1.,0.));
#10935 = PCURVE('',#4705,#10936);
#10936 = DEFINITIONAL_REPRESENTATION('',(#10937),#10945);
#10937 = ( BOUNDED_CURVE() B_SPLINE_CURVE(2,(#10938,#10939,#10940,#10941
    ,#10942,#10943,#10944),.UNSPECIFIED.,.T.,.F.) 
B_SPLINE_CURVE_WITH_KNOTS((1,2,2,2,2,1),(-2.094395102393,0.,
    2.094395102393,4.188790204786,6.28318530718,8.377580409573),
.UNSPECIFIED.) CURVE() GEOMETRIC_REPRESENTATION_ITEM() 
RATIONAL_B_SPLINE_CURVE((1.,0.5,1.,0.5,1.,0.5,1.)) REPRESENTATION_ITEM(
  '') );
#10938 = CARTESIAN_POINT('',(80.910254037844,-3.));
#10939 = CARTESIAN_POINT('',(80.910254037844,-0.401923788647));
#10940 = CARTESIAN_POINT('',(83.160254037844,-1.700961894323));
#10941 = CARTESIAN_POINT('',(85.410254037844,-3.));
#10942 = CARTESIAN_POINT('',(83.160254037844,-4.299038105677));
#10943 = CARTESIAN_POINT('',(80.910254037844,-5.598076211353));
#10944 = CARTESIAN_POINT('',(80.910254037844,-3.));
#10945 = ( GEOMETRIC_REPRESENTATION_CONTEXT(2) 
PARAMETRIC_REPRESENTATION_CONTEXT() REPRESENTATION_CONTEXT('2D SPACE',''
  ) );
#10946 = PCURVE('',#10947,#10952);
#10947 = CYLINDRICAL_SURFACE('',#10948,1.5);
#10948 = AXIS2_PLACEMENT_3D('',#10949,#10950,#10951);
#10949 = CARTESIAN_POINT('',(-1.,66.339745962156,27.));
#10950 = DIRECTION('',(-1.,-0.,-0.));
#10951 = DIRECTION('',(0.,1.,0.));
#10952 = DEFINITIONAL_REPRESENTATION('',(#10953),#10957);
#10953 = LINE('',#10954,#10955);
#10954 = CARTESIAN_POINT('',(-6.28318530718,-2.25));
#10955 = VECTOR('',#10956,1.);
#10956 = DIRECTION('',(1.,-0.));
#10957 = ( GEOMETRIC_REPRESENTATION_CONTEXT(2) 
PARAMETRIC_REPRESENTATION_CONTEXT() REPRESENTATION_CONTEXT('2D SPACE',''
  ) );
#10958 = ORIENTED_EDGE('',*,*,#10959,.T.);
#10959 = EDGE_CURVE('',#10927,#10602,#10960,.T.);
#10960 = SURFACE_CURVE('',#10961,(#10965,#10972),.PCURVE_S1.);
#10961 = LINE('',#10962,#10963);
#10962 = CARTESIAN_POINT('',(1.25,148.75,27.));
#10963 = VECTOR('',#10964,1.);
#10964 = DIRECTION('',(0.,-1.,0.));
#10965 = PCURVE('',#4705,#10966);
#10966 = DEFINITIONAL_REPRESENTATION('',(#10967),#10971);
#10967 = LINE('',#10968,#10969);
#10968 = CARTESIAN_POINT('',(0.,-3.));
#10969 = VECTOR('',#10970,1.);
#10970 = DIRECTION('',(1.,0.));
#10971 = ( GEOMETRIC_REPRESENTATION_CONTEXT(2) 
PARAMETRIC_REPRESENTATION_CONTEXT() REPRESENTATION_CONTEXT('2D SPACE',''
  ) );
#10972 = PCURVE('',#10564,#10973);
#10973 = DEFINITIONAL_REPRESENTATION('',(#10974),#10978);
#10974 = LINE('',#10975,#10976);
#10975 = CARTESIAN_POINT('',(-73.75,73.75));
#10976 = VECTOR('',#10977,1.);
#10977 = DIRECTION('',(0.,-1.));
#10978 = ( GEOMETRIC_REPRESENTATION_CONTEXT(2) 
PARAMETRIC_REPRESENTATION_CONTEXT() REPRESENTATION_CONTEXT('2D SPACE',''
  ) );
#10979 = ORIENTED_EDGE('',*,*,#10601,.F.);
#10980 = ADVANCED_FACE('',(#10981),#4819,.F.);
#10981 = FACE_BOUND('',#10982,.F.);
#10982 = EDGE_LOOP('',(#10983,#10984,#10985,#11008));
#10983 = ORIENTED_EDGE('',*,*,#4803,.F.);
#10984 = ORIENTED_EDGE('',*,*,#10655,.T.);
#10985 = ORIENTED_EDGE('',*,*,#10986,.T.);
#10986 = EDGE_CURVE('',#10656,#10987,#10989,.T.);
#10987 = VERTEX_POINT('',#10988);
#10988 = CARTESIAN_POINT('',(148.75,142.,27.));
#10989 = SURFACE_CURVE('',#10990,(#10994,#11001),.PCURVE_S1.);
#10990 = LINE('',#10991,#10992);
#10991 = CARTESIAN_POINT('',(148.75,1.25,27.));
#10992 = VECTOR('',#10993,1.);
#10993 = DIRECTION('',(0.,1.,0.));
#10994 = PCURVE('',#4819,#10995);
#10995 = DEFINITIONAL_REPRESENTATION('',(#10996),#11000);
#10996 = LINE('',#10997,#10998);
#10997 = CARTESIAN_POINT('',(0.,-3.));
#10998 = VECTOR('',#10999,1.);
#10999 = DIRECTION('',(1.,0.));
#11000 = ( GEOMETRIC_REPRESENTATION_CONTEXT(2) 
PARAMETRIC_REPRESENTATION_CONTEXT() REPRESENTATION_CONTEXT('2D SPACE',''
  ) );
#11001 = PCURVE('',#10564,#11002);
#11002 = DEFINITIONAL_REPRESENTATION('',(#11003),#11007);
#11003 = LINE('',#11004,#11005);
#11004 = CARTESIAN_POINT('',(73.75,-73.75));
#11005 = VECTOR('',#11006,1.);
#11006 = DIRECTION('',(0.,1.));
#11007 = ( GEOMETRIC_REPRESENTATION_CONTEXT(2) 
PARAMETRIC_REPRESENTATION_CONTEXT() REPRESENTATION_CONTEXT('2D SPACE',''
  ) );
#11008 = ORIENTED_EDGE('',*,*,#11009,.F.);
#11009 = EDGE_CURVE('',#4775,#10987,#11010,.T.);
#11010 = SURFACE_CURVE('',#11011,(#11015,#11022),.PCURVE_S1.);
#11011 = LINE('',#11012,#11013);
#11012 = CARTESIAN_POINT('',(148.75,142.,24.));
#11013 = VECTOR('',#11014,1.);
#11014 = DIRECTION('',(0.,0.,1.));
#11015 = PCURVE('',#4819,#11016);
#11016 = DEFINITIONAL_REPRESENTATION('',(#11017),#11021);
#11017 = LINE('',#11018,#11019);
#11018 = CARTESIAN_POINT('',(140.75,0.));
#11019 = VECTOR('',#11020,1.);
#11020 = DIRECTION('',(0.,-1.));
#11021 = ( GEOMETRIC_REPRESENTATION_CONTEXT(2) 
PARAMETRIC_REPRESENTATION_CONTEXT() REPRESENTATION_CONTEXT('2D SPACE',''
  ) );
#11022 = PCURVE('',#4791,#11023);
#11023 = DEFINITIONAL_REPRESENTATION('',(#11024),#11028);
#11024 = LINE('',#11025,#11026);
#11025 = CARTESIAN_POINT('',(0.,0.));
#11026 = VECTOR('',#11027,1.);
#11027 = DIRECTION('',(0.,1.));
#11028 = ( GEOMETRIC_REPRESENTATION_CONTEXT(2) 
PARAMETRIC_REPRESENTATION_CONTEXT() REPRESENTATION_CONTEXT('2D SPACE',''
  ) );
#11029 = ADVANCED_FACE('',(#11030),#4734,.T.);
#11030 = FACE_BOUND('',#11031,.T.);
#11031 = EDGE_LOOP('',(#11032,#11033,#11034,#11058));
#11032 = ORIENTED_EDGE('',*,*,#4717,.T.);
#11033 = ORIENTED_EDGE('',*,*,#10705,.T.);
#11034 = ORIENTED_EDGE('',*,*,#11035,.F.);
#11035 = EDGE_CURVE('',#11036,#10706,#11038,.T.);
#11036 = VERTEX_POINT('',#11037);
#11037 = CARTESIAN_POINT('',(8.,148.75,27.));
#11038 = SURFACE_CURVE('',#11039,(#11044,#11051),.PCURVE_S1.);
#11039 = CIRCLE('',#11040,6.75);
#11040 = AXIS2_PLACEMENT_3D('',#11041,#11042,#11043);
#11041 = CARTESIAN_POINT('',(8.,142.,27.));
#11042 = DIRECTION('',(0.,0.,1.));
#11043 = DIRECTION('',(0.,-1.,0.));
#11044 = PCURVE('',#4734,#11045);
#11045 = DEFINITIONAL_REPRESENTATION('',(#11046),#11050);
#11046 = LINE('',#11047,#11048);
#11047 = CARTESIAN_POINT('',(-3.14159265359,3.));
#11048 = VECTOR('',#11049,1.);
#11049 = DIRECTION('',(1.,0.));
#11050 = ( GEOMETRIC_REPRESENTATION_CONTEXT(2) 
PARAMETRIC_REPRESENTATION_CONTEXT() REPRESENTATION_CONTEXT('2D SPACE',''
  ) );
#11051 = PCURVE('',#10564,#11052);
#11052 = DEFINITIONAL_REPRESENTATION('',(#11053),#11057);
#11053 = CIRCLE('',#11054,6.75);
#11054 = AXIS2_PLACEMENT_2D('',#11055,#11056);
#11055 = CARTESIAN_POINT('',(-67.,67.));
#11056 = DIRECTION('',(0.,-1.));
#11057 = ( GEOMETRIC_REPRESENTATION_CONTEXT(2) 
PARAMETRIC_REPRESENTATION_CONTEXT() REPRESENTATION_CONTEXT('2D SPACE',''
  ) );
#11058 = ORIENTED_EDGE('',*,*,#11059,.F.);
#11059 = EDGE_CURVE('',#4718,#11036,#11060,.T.);
#11060 = SURFACE_CURVE('',#11061,(#11065,#11072),.PCURVE_S1.);
#11061 = LINE('',#11062,#11063);
#11062 = CARTESIAN_POINT('',(8.,148.75,24.));
#11063 = VECTOR('',#11064,1.);
#11064 = DIRECTION('',(0.,0.,1.));
#11065 = PCURVE('',#4734,#11066);
#11066 = DEFINITIONAL_REPRESENTATION('',(#11067),#11071);
#11067 = LINE('',#11068,#11069);
#11068 = CARTESIAN_POINT('',(0.,0.));
#11069 = VECTOR('',#11070,1.);
#11070 = DIRECTION('',(0.,1.));
#11071 = ( GEOMETRIC_REPRESENTATION_CONTEXT(2) 
PARAMETRIC_REPRESENTATION_CONTEXT() REPRESENTATION_CONTEXT('2D SPACE',''
  ) );
#11072 = PCURVE('',#4762,#11073);
#11073 = DEFINITIONAL_REPRESENTATION('',(#11074),#11078);
#11074 = LINE('',#11075,#11076);
#11075 = CARTESIAN_POINT('',(140.75,0.));
#11076 = VECTOR('',#11077,1.);
#11077 = DIRECTION('',(0.,-1.));
#11078 = ( GEOMETRIC_REPRESENTATION_CONTEXT(2) 
PARAMETRIC_REPRESENTATION_CONTEXT() REPRESENTATION_CONTEXT('2D SPACE',''
  ) );
#11079 = ADVANCED_FACE('',(#11080),#4791,.T.);
#11080 = FACE_BOUND('',#11081,.T.);
#11081 = EDGE_LOOP('',(#11082,#11083,#11106,#11128));
#11082 = ORIENTED_EDGE('',*,*,#4774,.T.);
#11083 = ORIENTED_EDGE('',*,*,#11084,.T.);
#11084 = EDGE_CURVE('',#4747,#11085,#11087,.T.);
#11085 = VERTEX_POINT('',#11086);
#11086 = CARTESIAN_POINT('',(142.,148.75,27.));
#11087 = SURFACE_CURVE('',#11088,(#11092,#11099),.PCURVE_S1.);
#11088 = LINE('',#11089,#11090);
#11089 = CARTESIAN_POINT('',(142.,148.75,24.));
#11090 = VECTOR('',#11091,1.);
#11091 = DIRECTION('',(0.,0.,1.));
#11092 = PCURVE('',#4791,#11093);
#11093 = DEFINITIONAL_REPRESENTATION('',(#11094),#11098);
#11094 = LINE('',#11095,#11096);
#11095 = CARTESIAN_POINT('',(1.570796326795,0.));
#11096 = VECTOR('',#11097,1.);
#11097 = DIRECTION('',(0.,1.));
#11098 = ( GEOMETRIC_REPRESENTATION_CONTEXT(2) 
PARAMETRIC_REPRESENTATION_CONTEXT() REPRESENTATION_CONTEXT('2D SPACE',''
  ) );
#11099 = PCURVE('',#4762,#11100);
#11100 = DEFINITIONAL_REPRESENTATION('',(#11101),#11105);
#11101 = LINE('',#11102,#11103);
#11102 = CARTESIAN_POINT('',(6.75,0.));
#11103 = VECTOR('',#11104,1.);
#11104 = DIRECTION('',(0.,-1.));
#11105 = ( GEOMETRIC_REPRESENTATION_CONTEXT(2) 
PARAMETRIC_REPRESENTATION_CONTEXT() REPRESENTATION_CONTEXT('2D SPACE',''
  ) );
#11106 = ORIENTED_EDGE('',*,*,#11107,.F.);
#11107 = EDGE_CURVE('',#10987,#11085,#11108,.T.);
#11108 = SURFACE_CURVE('',#11109,(#11114,#11121),.PCURVE_S1.);
#11109 = CIRCLE('',#11110,6.75);
#11110 = AXIS2_PLACEMENT_3D('',#11111,#11112,#11113);
#11111 = CARTESIAN_POINT('',(142.,142.,27.));
#11112 = DIRECTION('',(0.,0.,1.));
#11113 = DIRECTION('',(0.,-1.,0.));
#11114 = PCURVE('',#4791,#11115);
#11115 = DEFINITIONAL_REPRESENTATION('',(#11116),#11120);
#11116 = LINE('',#11117,#11118);
#11117 = CARTESIAN_POINT('',(-1.570796326795,3.));
#11118 = VECTOR('',#11119,1.);
#11119 = DIRECTION('',(1.,0.));
#11120 = ( GEOMETRIC_REPRESENTATION_CONTEXT(2) 
PARAMETRIC_REPRESENTATION_CONTEXT() REPRESENTATION_CONTEXT('2D SPACE',''
  ) );
#11121 = PCURVE('',#10564,#11122);
#11122 = DEFINITIONAL_REPRESENTATION('',(#11123),#11127);
#11123 = CIRCLE('',#11124,6.75);
#11124 = AXIS2_PLACEMENT_2D('',#11125,#11126);
#11125 = CARTESIAN_POINT('',(67.,67.));
#11126 = DIRECTION('',(0.,-1.));
#11127 = ( GEOMETRIC_REPRESENTATION_CONTEXT(2) 
PARAMETRIC_REPRESENTATION_CONTEXT() REPRESENTATION_CONTEXT('2D SPACE',''
  ) );
#11128 = ORIENTED_EDGE('',*,*,#11009,.F.);
#11129 = ADVANCED_FACE('',(#11130),#4762,.F.);
#11130 = FACE_BOUND('',#11131,.F.);
#11131 = EDGE_LOOP('',(#11132,#11133,#11134,#11155));
#11132 = ORIENTED_EDGE('',*,*,#4746,.F.);
#11133 = ORIENTED_EDGE('',*,*,#11084,.T.);
#11134 = ORIENTED_EDGE('',*,*,#11135,.T.);
#11135 = EDGE_CURVE('',#11085,#11036,#11136,.T.);
#11136 = SURFACE_CURVE('',#11137,(#11141,#11148),.PCURVE_S1.);
#11137 = LINE('',#11138,#11139);
#11138 = CARTESIAN_POINT('',(148.75,148.75,27.));
#11139 = VECTOR('',#11140,1.);
#11140 = DIRECTION('',(-1.,0.,0.));
#11141 = PCURVE('',#4762,#11142);
#11142 = DEFINITIONAL_REPRESENTATION('',(#11143),#11147);
#11143 = LINE('',#11144,#11145);
#11144 = CARTESIAN_POINT('',(0.,-3.));
#11145 = VECTOR('',#11146,1.);
#11146 = DIRECTION('',(1.,0.));
#11147 = ( GEOMETRIC_REPRESENTATION_CONTEXT(2) 
PARAMETRIC_REPRESENTATION_CONTEXT() REPRESENTATION_CONTEXT('2D SPACE',''
  ) );
#11148 = PCURVE('',#10564,#11149);
#11149 = DEFINITIONAL_REPRESENTATION('',(#11150),#11154);
#11150 = LINE('',#11151,#11152);
#11151 = CARTESIAN_POINT('',(73.75,73.75));
#11152 = VECTOR('',#11153,1.);
#11153 = DIRECTION('',(-1.,0.));
#11154 = ( GEOMETRIC_REPRESENTATION_CONTEXT(2) 
PARAMETRIC_REPRESENTATION_CONTEXT() REPRESENTATION_CONTEXT('2D SPACE',''
  ) );
#11155 = ORIENTED_EDGE('',*,*,#11059,.F.);
#11156 = ADVANCED_FACE('',(#11157,#11470,#11473,#11476,#11479,#11482,
    #11485,#11488,#11491,#11494,#11497,#11500,#11503,#11506,#11509,
    #11512,#11515,#11518,#11521,#11524,#11527,#11530,#11533,#11536,
    #11539,#11542,#11545,#11548,#11551,#11554,#11557,#11680,#11683,
    #11686,#11689,#11692,#11695,#11698,#11701,#11704,#11707,#11830,
    #11833,#11836,#11839,#11842,#11845,#11848,#11851,#11854,#11857,
    #11860,#11863),#5025,.T.);
#11157 = FACE_BOUND('',#11158,.T.);
#11158 = EDGE_LOOP('',(#11159,#11189,#11212,#11240,#11263,#11291,#11314,
    #11342,#11365,#11393,#11416,#11444));
#11159 = ORIENTED_EDGE('',*,*,#11160,.F.);
#11160 = EDGE_CURVE('',#11161,#11163,#11165,.T.);
#11161 = VERTEX_POINT('',#11162);
#11162 = CARTESIAN_POINT('',(2.5,142.,27.));
#11163 = VERTEX_POINT('',#11164);
#11164 = CARTESIAN_POINT('',(2.5,142.,2.5));
#11165 = SURFACE_CURVE('',#11166,(#11170,#11177),.PCURVE_S1.);
#11166 = LINE('',#11167,#11168);
#11167 = CARTESIAN_POINT('',(2.5,142.,27.));
#11168 = VECTOR('',#11169,1.);
#11169 = DIRECTION('',(1.812609019796E-17,0.,-1.));
#11170 = PCURVE('',#5025,#11171);
#11171 = DEFINITIONAL_REPRESENTATION('',(#11172),#11176);
#11172 = LINE('',#11173,#11174);
#11173 = CARTESIAN_POINT('',(5.5,-3.));
#11174 = VECTOR('',#11175,1.);
#11175 = DIRECTION('',(0.,1.));
#11176 = ( GEOMETRIC_REPRESENTATION_CONTEXT(2) 
PARAMETRIC_REPRESENTATION_CONTEXT() REPRESENTATION_CONTEXT('2D SPACE',''
  ) );
#11177 = PCURVE('',#11178,#11183);
#11178 = CYLINDRICAL_SURFACE('',#11179,5.5);
#11179 = AXIS2_PLACEMENT_3D('',#11180,#11181,#11182);
#11180 = CARTESIAN_POINT('',(8.,142.,24.));
#11181 = DIRECTION('',(0.,0.,1.));
#11182 = DIRECTION('',(-0.,1.,0.));
#11183 = DEFINITIONAL_REPRESENTATION('',(#11184),#11188);
#11184 = LINE('',#11185,#11186);
#11185 = CARTESIAN_POINT('',(1.570796326795,3.));
#11186 = VECTOR('',#11187,1.);
#11187 = DIRECTION('',(-0.,-1.));
#11188 = ( GEOMETRIC_REPRESENTATION_CONTEXT(2) 
PARAMETRIC_REPRESENTATION_CONTEXT() REPRESENTATION_CONTEXT('2D SPACE',''
  ) );
#11189 = ORIENTED_EDGE('',*,*,#11190,.T.);
#11190 = EDGE_CURVE('',#11161,#11191,#11193,.T.);
#11191 = VERTEX_POINT('',#11192);
#11192 = CARTESIAN_POINT('',(2.5,85.160254037844,27.));
#11193 = SURFACE_CURVE('',#11194,(#11198,#11205),.PCURVE_S1.);
#11194 = LINE('',#11195,#11196);
#11195 = CARTESIAN_POINT('',(2.5,147.5,27.));
#11196 = VECTOR('',#11197,1.);
#11197 = DIRECTION('',(0.,-1.,0.));
#11198 = PCURVE('',#5025,#11199);
#11199 = DEFINITIONAL_REPRESENTATION('',(#11200),#11204);
#11200 = LINE('',#11201,#11202);
#11201 = CARTESIAN_POINT('',(0.,-3.));
#11202 = VECTOR('',#11203,1.);
#11203 = DIRECTION('',(1.,0.));
#11204 = ( GEOMETRIC_REPRESENTATION_CONTEXT(2) 
PARAMETRIC_REPRESENTATION_CONTEXT() REPRESENTATION_CONTEXT('2D SPACE',''
  ) );
#11205 = PCURVE('',#10564,#11206);
#11206 = DEFINITIONAL_REPRESENTATION('',(#11207),#11211);
#11207 = LINE('',#11208,#11209);
#11208 = CARTESIAN_POINT('',(-72.5,72.5));
#11209 = VECTOR('',#11210,1.);
#11210 = DIRECTION('',(0.,-1.));
#11211 = ( GEOMETRIC_REPRESENTATION_CONTEXT(2) 
PARAMETRIC_REPRESENTATION_CONTEXT() REPRESENTATION_CONTEXT('2D SPACE',''
  ) );
#11212 = ORIENTED_EDGE('',*,*,#11213,.T.);
#11213 = EDGE_CURVE('',#11191,#11214,#11216,.T.);
#11214 = VERTEX_POINT('',#11215);
#11215 = CARTESIAN_POINT('',(2.5,82.160254037844,27.));
#11216 = SURFACE_CURVE('',#11217,(#11222,#11233),.PCURVE_S1.);
#11217 = CIRCLE('',#11218,1.5);
#11218 = AXIS2_PLACEMENT_3D('',#11219,#11220,#11221);
#11219 = CARTESIAN_POINT('',(2.5,83.660254037844,27.));
#11220 = DIRECTION('',(-1.,0.,0.));
#11221 = DIRECTION('',(0.,1.,0.));
#11222 = PCURVE('',#5025,#11223);
#11223 = DEFINITIONAL_REPRESENTATION('',(#11224),#11232);
#11224 = ( BOUNDED_CURVE() B_SPLINE_CURVE(2,(#11225,#11226,#11227,#11228
    ,#11229,#11230,#11231),.UNSPECIFIED.,.T.,.F.) 
B_SPLINE_CURVE_WITH_KNOTS((1,2,2,2,2,1),(-2.094395102393,0.,
    2.094395102393,4.188790204786,6.28318530718,8.377580409573),
.UNSPECIFIED.) CURVE() GEOMETRIC_REPRESENTATION_ITEM() 
RATIONAL_B_SPLINE_CURVE((1.,0.5,1.,0.5,1.,0.5,1.)) REPRESENTATION_ITEM(
  '') );
#11225 = CARTESIAN_POINT('',(62.339745962156,-3.));
#11226 = CARTESIAN_POINT('',(62.339745962156,-0.401923788647));
#11227 = CARTESIAN_POINT('',(64.589745962156,-1.700961894323));
#11228 = CARTESIAN_POINT('',(66.839745962156,-3.));
#11229 = CARTESIAN_POINT('',(64.589745962156,-4.299038105677));
#11230 = CARTESIAN_POINT('',(62.339745962156,-5.598076211353));
#11231 = CARTESIAN_POINT('',(62.339745962156,-3.));
#11232 = ( GEOMETRIC_REPRESENTATION_CONTEXT(2) 
PARAMETRIC_REPRESENTATION_CONTEXT() REPRESENTATION_CONTEXT('2D SPACE',''
  ) );
#11233 = PCURVE('',#10772,#11234);
#11234 = DEFINITIONAL_REPRESENTATION('',(#11235),#11239);
#11235 = LINE('',#11236,#11237);
#11236 = CARTESIAN_POINT('',(-6.28318530718,-3.5));
#11237 = VECTOR('',#11238,1.);
#11238 = DIRECTION('',(1.,-0.));
#11239 = ( GEOMETRIC_REPRESENTATION_CONTEXT(2) 
PARAMETRIC_REPRESENTATION_CONTEXT() REPRESENTATION_CONTEXT('2D SPACE',''
  ) );
#11240 = ORIENTED_EDGE('',*,*,#11241,.T.);
#11241 = EDGE_CURVE('',#11214,#11242,#11244,.T.);
#11242 = VERTEX_POINT('',#11243);
#11243 = CARTESIAN_POINT('',(2.5,79.231181018021,27.));
#11244 = SURFACE_CURVE('',#11245,(#11249,#11256),.PCURVE_S1.);
#11245 = LINE('',#11246,#11247);
#11246 = CARTESIAN_POINT('',(2.5,147.5,27.));
#11247 = VECTOR('',#11248,1.);
#11248 = DIRECTION('',(0.,-1.,0.));
#11249 = PCURVE('',#5025,#11250);
#11250 = DEFINITIONAL_REPRESENTATION('',(#11251),#11255);
#11251 = LINE('',#11252,#11253);
#11252 = CARTESIAN_POINT('',(0.,-3.));
#11253 = VECTOR('',#11254,1.);
#11254 = DIRECTION('',(1.,0.));
#11255 = ( GEOMETRIC_REPRESENTATION_CONTEXT(2) 
PARAMETRIC_REPRESENTATION_CONTEXT() REPRESENTATION_CONTEXT('2D SPACE',''
  ) );
#11256 = PCURVE('',#10800,#11257);
#11257 = DEFINITIONAL_REPRESENTATION('',(#11258),#11262);
#11258 = LINE('',#11259,#11260);
#11259 = CARTESIAN_POINT('',(-72.5,72.5));
#11260 = VECTOR('',#11261,1.);
#11261 = DIRECTION('',(0.,-1.));
#11262 = ( GEOMETRIC_REPRESENTATION_CONTEXT(2) 
PARAMETRIC_REPRESENTATION_CONTEXT() REPRESENTATION_CONTEXT('2D SPACE',''
  ) );
#11263 = ORIENTED_EDGE('',*,*,#11264,.T.);
#11264 = EDGE_CURVE('',#11242,#11265,#11267,.T.);
#11265 = VERTEX_POINT('',#11266);
#11266 = CARTESIAN_POINT('',(2.5,76.268818981979,27.));
#11267 = SURFACE_CURVE('',#11268,(#11273,#11284),.PCURVE_S1.);
#11268 = CIRCLE('',#11269,1.5);
#11269 = AXIS2_PLACEMENT_3D('',#11270,#11271,#11272);
#11270 = CARTESIAN_POINT('',(2.5,77.75,26.763139720814));
#11271 = DIRECTION('',(-1.,0.,0.));
#11272 = DIRECTION('',(0.,0.987454012014,0.15790685279));
#11273 = PCURVE('',#5025,#11274);
#11274 = DEFINITIONAL_REPRESENTATION('',(#11275),#11283);
#11275 = ( BOUNDED_CURVE() B_SPLINE_CURVE(2,(#11276,#11277,#11278,#11279
    ,#11280,#11281,#11282),.UNSPECIFIED.,.T.,.F.) 
B_SPLINE_CURVE_WITH_KNOTS((1,2,2,2,2,1),(-2.094395102393,0.,
    2.094395102393,4.188790204786,6.28318530718,8.377580409573),
.UNSPECIFIED.) CURVE() GEOMETRIC_REPRESENTATION_ITEM() 
RATIONAL_B_SPLINE_CURVE((1.,0.5,1.,0.5,1.,0.5,1.)) REPRESENTATION_ITEM(
  '') );
#11276 = CARTESIAN_POINT('',(68.26881898198,-3.));
#11277 = CARTESIAN_POINT('',(67.858564944135,-0.434519221582));
#11278 = CARTESIAN_POINT('',(70.285463490088,-1.361969192013));
#11279 = CARTESIAN_POINT('',(72.712362036041,-2.289419162443));
#11280 = CARTESIAN_POINT('',(70.695717527932,-3.927449970431));
#11281 = CARTESIAN_POINT('',(68.679073019824,-5.565480778418));
#11282 = CARTESIAN_POINT('',(68.26881898198,-3.));
#11283 = ( GEOMETRIC_REPRESENTATION_CONTEXT(2) 
PARAMETRIC_REPRESENTATION_CONTEXT() REPRESENTATION_CONTEXT('2D SPACE',''
  ) );
#11284 = PCURVE('',#10829,#11285);
#11285 = DEFINITIONAL_REPRESENTATION('',(#11286),#11290);
#11286 = LINE('',#11287,#11288);
#11287 = CARTESIAN_POINT('',(-6.441755857691,-3.5));
#11288 = VECTOR('',#11289,1.);
#11289 = DIRECTION('',(1.,-0.));
#11290 = ( GEOMETRIC_REPRESENTATION_CONTEXT(2) 
PARAMETRIC_REPRESENTATION_CONTEXT() REPRESENTATION_CONTEXT('2D SPACE',''
  ) );
#11291 = ORIENTED_EDGE('',*,*,#11292,.T.);
#11292 = EDGE_CURVE('',#11265,#11293,#11295,.T.);
#11293 = VERTEX_POINT('',#11294);
#11294 = CARTESIAN_POINT('',(2.5,73.731181018021,27.));
#11295 = SURFACE_CURVE('',#11296,(#11300,#11307),.PCURVE_S1.);
#11296 = LINE('',#11297,#11298);
#11297 = CARTESIAN_POINT('',(2.5,147.5,27.));
#11298 = VECTOR('',#11299,1.);
#11299 = DIRECTION('',(0.,-1.,0.));
#11300 = PCURVE('',#5025,#11301);
#11301 = DEFINITIONAL_REPRESENTATION('',(#11302),#11306);
#11302 = LINE('',#11303,#11304);
#11303 = CARTESIAN_POINT('',(0.,-3.));
#11304 = VECTOR('',#11305,1.);
#11305 = DIRECTION('',(1.,0.));
#11306 = ( GEOMETRIC_REPRESENTATION_CONTEXT(2) 
PARAMETRIC_REPRESENTATION_CONTEXT() REPRESENTATION_CONTEXT('2D SPACE',''
  ) );
#11307 = PCURVE('',#10857,#11308);
#11308 = DEFINITIONAL_REPRESENTATION('',(#11309),#11313);
#11309 = LINE('',#11310,#11311);
#11310 = CARTESIAN_POINT('',(-72.5,72.5));
#11311 = VECTOR('',#11312,1.);
#11312 = DIRECTION('',(0.,-1.));
#11313 = ( GEOMETRIC_REPRESENTATION_CONTEXT(2) 
PARAMETRIC_REPRESENTATION_CONTEXT() REPRESENTATION_CONTEXT('2D SPACE',''
  ) );
#11314 = ORIENTED_EDGE('',*,*,#11315,.T.);
#11315 = EDGE_CURVE('',#11293,#11316,#11318,.T.);
#11316 = VERTEX_POINT('',#11317);
#11317 = CARTESIAN_POINT('',(2.5,70.768818981979,27.));
#11318 = SURFACE_CURVE('',#11319,(#11324,#11335),.PCURVE_S1.);
#11319 = CIRCLE('',#11320,1.5);
#11320 = AXIS2_PLACEMENT_3D('',#11321,#11322,#11323);
#11321 = CARTESIAN_POINT('',(2.5,72.25,26.763139720814));
#11322 = DIRECTION('',(-1.,0.,0.));
#11323 = DIRECTION('',(0.,0.987454012014,0.15790685279));
#11324 = PCURVE('',#5025,#11325);
#11325 = DEFINITIONAL_REPRESENTATION('',(#11326),#11334);
#11326 = ( BOUNDED_CURVE() B_SPLINE_CURVE(2,(#11327,#11328,#11329,#11330
    ,#11331,#11332,#11333),.UNSPECIFIED.,.T.,.F.) 
B_SPLINE_CURVE_WITH_KNOTS((1,2,2,2,2,1),(-2.094395102393,0.,
    2.094395102393,4.188790204786,6.28318530718,8.377580409573),
.UNSPECIFIED.) CURVE() GEOMETRIC_REPRESENTATION_ITEM() 
RATIONAL_B_SPLINE_CURVE((1.,0.5,1.,0.5,1.,0.5,1.)) REPRESENTATION_ITEM(
  '') );
#11327 = CARTESIAN_POINT('',(73.76881898198,-3.));
#11328 = CARTESIAN_POINT('',(73.358564944135,-0.434519221582));
#11329 = CARTESIAN_POINT('',(75.785463490088,-1.361969192013));
#11330 = CARTESIAN_POINT('',(78.212362036041,-2.289419162443));
#11331 = CARTESIAN_POINT('',(76.195717527932,-3.927449970431));
#11332 = CARTESIAN_POINT('',(74.179073019824,-5.565480778418));
#11333 = CARTESIAN_POINT('',(73.76881898198,-3.));
#11334 = ( GEOMETRIC_REPRESENTATION_CONTEXT(2) 
PARAMETRIC_REPRESENTATION_CONTEXT() REPRESENTATION_CONTEXT('2D SPACE',''
  ) );
#11335 = PCURVE('',#10886,#11336);
#11336 = DEFINITIONAL_REPRESENTATION('',(#11337),#11341);
#11337 = LINE('',#11338,#11339);
#11338 = CARTESIAN_POINT('',(-6.441755857691,-3.5));
#11339 = VECTOR('',#11340,1.);
#11340 = DIRECTION('',(1.,-0.));
#11341 = ( GEOMETRIC_REPRESENTATION_CONTEXT(2) 
PARAMETRIC_REPRESENTATION_CONTEXT() REPRESENTATION_CONTEXT('2D SPACE',''
  ) );
#11342 = ORIENTED_EDGE('',*,*,#11343,.T.);
#11343 = EDGE_CURVE('',#11316,#11344,#11346,.T.);
#11344 = VERTEX_POINT('',#11345);
#11345 = CARTESIAN_POINT('',(2.5,67.839745962156,27.));
#11346 = SURFACE_CURVE('',#11347,(#11351,#11358),.PCURVE_S1.);
#11347 = LINE('',#11348,#11349);
#11348 = CARTESIAN_POINT('',(2.5,147.5,27.));
#11349 = VECTOR('',#11350,1.);
#11350 = DIRECTION('',(0.,-1.,0.));
#11351 = PCURVE('',#5025,#11352);
#11352 = DEFINITIONAL_REPRESENTATION('',(#11353),#11357);
#11353 = LINE('',#11354,#11355);
#11354 = CARTESIAN_POINT('',(0.,-3.));
#11355 = VECTOR('',#11356,1.);
#11356 = DIRECTION('',(1.,0.));
#11357 = ( GEOMETRIC_REPRESENTATION_CONTEXT(2) 
PARAMETRIC_REPRESENTATION_CONTEXT() REPRESENTATION_CONTEXT('2D SPACE',''
  ) );
#11358 = PCURVE('',#10914,#11359);
#11359 = DEFINITIONAL_REPRESENTATION('',(#11360),#11364);
#11360 = LINE('',#11361,#11362);
#11361 = CARTESIAN_POINT('',(-72.5,72.5));
#11362 = VECTOR('',#11363,1.);
#11363 = DIRECTION('',(0.,-1.));
#11364 = ( GEOMETRIC_REPRESENTATION_CONTEXT(2) 
PARAMETRIC_REPRESENTATION_CONTEXT() REPRESENTATION_CONTEXT('2D SPACE',''
  ) );
#11365 = ORIENTED_EDGE('',*,*,#11366,.T.);
#11366 = EDGE_CURVE('',#11344,#11367,#11369,.T.);
#11367 = VERTEX_POINT('',#11368);
#11368 = CARTESIAN_POINT('',(2.5,64.839745962156,27.));
#11369 = SURFACE_CURVE('',#11370,(#11375,#11386),.PCURVE_S1.);
#11370 = CIRCLE('',#11371,1.5);
#11371 = AXIS2_PLACEMENT_3D('',#11372,#11373,#11374);
#11372 = CARTESIAN_POINT('',(2.5,66.339745962156,27.));
#11373 = DIRECTION('',(-1.,0.,0.));
#11374 = DIRECTION('',(0.,1.,0.));
#11375 = PCURVE('',#5025,#11376);
#11376 = DEFINITIONAL_REPRESENTATION('',(#11377),#11385);
#11377 = ( BOUNDED_CURVE() B_SPLINE_CURVE(2,(#11378,#11379,#11380,#11381
    ,#11382,#11383,#11384),.UNSPECIFIED.,.T.,.F.) 
B_SPLINE_CURVE_WITH_KNOTS((1,2,2,2,2,1),(-2.094395102393,0.,
    2.094395102393,4.188790204786,6.28318530718,8.377580409573),
.UNSPECIFIED.) CURVE() GEOMETRIC_REPRESENTATION_ITEM() 
RATIONAL_B_SPLINE_CURVE((1.,0.5,1.,0.5,1.,0.5,1.)) REPRESENTATION_ITEM(
  '') );
#11378 = CARTESIAN_POINT('',(79.660254037844,-3.));
#11379 = CARTESIAN_POINT('',(79.660254037844,-0.401923788647));
#11380 = CARTESIAN_POINT('',(81.910254037844,-1.700961894323));
#11381 = CARTESIAN_POINT('',(84.160254037844,-3.));
#11382 = CARTESIAN_POINT('',(81.910254037844,-4.299038105677));
#11383 = CARTESIAN_POINT('',(79.660254037844,-5.598076211353));
#11384 = CARTESIAN_POINT('',(79.660254037844,-3.));
#11385 = ( GEOMETRIC_REPRESENTATION_CONTEXT(2) 
PARAMETRIC_REPRESENTATION_CONTEXT() REPRESENTATION_CONTEXT('2D SPACE',''
  ) );
#11386 = PCURVE('',#10947,#11387);
#11387 = DEFINITIONAL_REPRESENTATION('',(#11388),#11392);
#11388 = LINE('',#11389,#11390);
#11389 = CARTESIAN_POINT('',(-6.28318530718,-3.5));
#11390 = VECTOR('',#11391,1.);
#11391 = DIRECTION('',(1.,-0.));
#11392 = ( GEOMETRIC_REPRESENTATION_CONTEXT(2) 
PARAMETRIC_REPRESENTATION_CONTEXT() REPRESENTATION_CONTEXT('2D SPACE',''
  ) );
#11393 = ORIENTED_EDGE('',*,*,#11394,.T.);
#11394 = EDGE_CURVE('',#11367,#11395,#11397,.T.);
#11395 = VERTEX_POINT('',#11396);
#11396 = CARTESIAN_POINT('',(2.5,8.,27.));
#11397 = SURFACE_CURVE('',#11398,(#11402,#11409),.PCURVE_S1.);
#11398 = LINE('',#11399,#11400);
#11399 = CARTESIAN_POINT('',(2.5,147.5,27.));
#11400 = VECTOR('',#11401,1.);
#11401 = DIRECTION('',(0.,-1.,0.));
#11402 = PCURVE('',#5025,#11403);
#11403 = DEFINITIONAL_REPRESENTATION('',(#11404),#11408);
#11404 = LINE('',#11405,#11406);
#11405 = CARTESIAN_POINT('',(0.,-3.));
#11406 = VECTOR('',#11407,1.);
#11407 = DIRECTION('',(1.,0.));
#11408 = ( GEOMETRIC_REPRESENTATION_CONTEXT(2) 
PARAMETRIC_REPRESENTATION_CONTEXT() REPRESENTATION_CONTEXT('2D SPACE',''
  ) );
#11409 = PCURVE('',#10564,#11410);
#11410 = DEFINITIONAL_REPRESENTATION('',(#11411),#11415);
#11411 = LINE('',#11412,#11413);
#11412 = CARTESIAN_POINT('',(-72.5,72.5));
#11413 = VECTOR('',#11414,1.);
#11414 = DIRECTION('',(0.,-1.));
#11415 = ( GEOMETRIC_REPRESENTATION_CONTEXT(2) 
PARAMETRIC_REPRESENTATION_CONTEXT() REPRESENTATION_CONTEXT('2D SPACE',''
  ) );
#11416 = ORIENTED_EDGE('',*,*,#11417,.T.);
#11417 = EDGE_CURVE('',#11395,#11418,#11420,.T.);
#11418 = VERTEX_POINT('',#11419);
#11419 = CARTESIAN_POINT('',(2.5,8.,2.5));
#11420 = SURFACE_CURVE('',#11421,(#11425,#11432),.PCURVE_S1.);
#11421 = LINE('',#11422,#11423);
#11422 = CARTESIAN_POINT('',(2.5,8.,27.));
#11423 = VECTOR('',#11424,1.);
#11424 = DIRECTION('',(1.812609019796E-17,0.,-1.));
#11425 = PCURVE('',#5025,#11426);
#11426 = DEFINITIONAL_REPRESENTATION('',(#11427),#11431);
#11427 = LINE('',#11428,#11429);
#11428 = CARTESIAN_POINT('',(139.5,-3.));
#11429 = VECTOR('',#11430,1.);
#11430 = DIRECTION('',(0.,1.));
#11431 = ( GEOMETRIC_REPRESENTATION_CONTEXT(2) 
PARAMETRIC_REPRESENTATION_CONTEXT() REPRESENTATION_CONTEXT('2D SPACE',''
  ) );
#11432 = PCURVE('',#11433,#11438);
#11433 = CYLINDRICAL_SURFACE('',#11434,5.5);
#11434 = AXIS2_PLACEMENT_3D('',#11435,#11436,#11437);
#11435 = CARTESIAN_POINT('',(8.,8.,24.));
#11436 = DIRECTION('',(0.,0.,1.));
#11437 = DIRECTION('',(0.,-1.,0.));
#11438 = DEFINITIONAL_REPRESENTATION('',(#11439),#11443);
#11439 = LINE('',#11440,#11441);
#11440 = CARTESIAN_POINT('',(-1.570796326795,3.));
#11441 = VECTOR('',#11442,1.);
#11442 = DIRECTION('',(-0.,-1.));
#11443 = ( GEOMETRIC_REPRESENTATION_CONTEXT(2) 
PARAMETRIC_REPRESENTATION_CONTEXT() REPRESENTATION_CONTEXT('2D SPACE',''
  ) );
#11444 = ORIENTED_EDGE('',*,*,#11445,.T.);
#11445 = EDGE_CURVE('',#11418,#11163,#11446,.T.);
#11446 = SURFACE_CURVE('',#11447,(#11451,#11458),.PCURVE_S1.);
#11447 = LINE('',#11448,#11449);
#11448 = CARTESIAN_POINT('',(2.5,2.5,2.5));
#11449 = VECTOR('',#11450,1.);
#11450 = DIRECTION('',(0.,1.,0.));
#11451 = PCURVE('',#5025,#11452);
#11452 = DEFINITIONAL_REPRESENTATION('',(#11453),#11457);
#11453 = LINE('',#11454,#11455);
#11454 = CARTESIAN_POINT('',(145.,21.5));
#11455 = VECTOR('',#11456,1.);
#11456 = DIRECTION('',(-1.,0.));
#11457 = ( GEOMETRIC_REPRESENTATION_CONTEXT(2) 
PARAMETRIC_REPRESENTATION_CONTEXT() REPRESENTATION_CONTEXT('2D SPACE',''
  ) );
#11458 = PCURVE('',#11459,#11464);
#11459 = PLANE('',#11460);
#11460 = AXIS2_PLACEMENT_3D('',#11461,#11462,#11463);
#11461 = CARTESIAN_POINT('',(2.5,2.5,2.5));
#11462 = DIRECTION('',(0.,0.,1.));
#11463 = DIRECTION('',(0.,1.,0.));
#11464 = DEFINITIONAL_REPRESENTATION('',(#11465),#11469);
#11465 = LINE('',#11466,#11467);
#11466 = CARTESIAN_POINT('',(0.,0.));
#11467 = VECTOR('',#11468,1.);
#11468 = DIRECTION('',(1.,0.));
#11469 = ( GEOMETRIC_REPRESENTATION_CONTEXT(2) 
PARAMETRIC_REPRESENTATION_CONTEXT() REPRESENTATION_CONTEXT('2D SPACE',''
  ) );
#11470 = FACE_BOUND('',#11471,.T.);
#11471 = EDGE_LOOP('',(#11472));
#11472 = ORIENTED_EDGE('',*,*,#6311,.T.);
#11473 = FACE_BOUND('',#11474,.T.);
#11474 = EDGE_LOOP('',(#11475));
#11475 = ORIENTED_EDGE('',*,*,#6365,.T.);
#11476 = FACE_BOUND('',#11477,.T.);
#11477 = EDGE_LOOP('',(#11478));
#11478 = ORIENTED_EDGE('',*,*,#5825,.T.);
#11479 = FACE_BOUND('',#11480,.T.);
#11480 = EDGE_LOOP('',(#11481));
#11481 = ORIENTED_EDGE('',*,*,#5879,.T.);
#11482 = FACE_BOUND('',#11483,.T.);
#11483 = EDGE_LOOP('',(#11484));
#11484 = ORIENTED_EDGE('',*,*,#5933,.T.);
#11485 = FACE_BOUND('',#11486,.T.);
#11486 = EDGE_LOOP('',(#11487));
#11487 = ORIENTED_EDGE('',*,*,#5987,.T.);
#11488 = FACE_BOUND('',#11489,.T.);
#11489 = EDGE_LOOP('',(#11490));
#11490 = ORIENTED_EDGE('',*,*,#6041,.T.);
#11491 = FACE_BOUND('',#11492,.T.);
#11492 = EDGE_LOOP('',(#11493));
#11493 = ORIENTED_EDGE('',*,*,#6095,.T.);
#11494 = FACE_BOUND('',#11495,.T.);
#11495 = EDGE_LOOP('',(#11496));
#11496 = ORIENTED_EDGE('',*,*,#6149,.T.);
#11497 = FACE_BOUND('',#11498,.T.);
#11498 = EDGE_LOOP('',(#11499));
#11499 = ORIENTED_EDGE('',*,*,#6257,.T.);
#11500 = FACE_BOUND('',#11501,.T.);
#11501 = EDGE_LOOP('',(#11502));
#11502 = ORIENTED_EDGE('',*,*,#6203,.T.);
#11503 = FACE_BOUND('',#11504,.T.);
#11504 = EDGE_LOOP('',(#11505));
#11505 = ORIENTED_EDGE('',*,*,#7229,.T.);
#11506 = FACE_BOUND('',#11507,.T.);
#11507 = EDGE_LOOP('',(#11508));
#11508 = ORIENTED_EDGE('',*,*,#7283,.T.);
#11509 = FACE_BOUND('',#11510,.T.);
#11510 = EDGE_LOOP('',(#11511));
#11511 = ORIENTED_EDGE('',*,*,#7337,.T.);
#11512 = FACE_BOUND('',#11513,.T.);
#11513 = EDGE_LOOP('',(#11514));
#11514 = ORIENTED_EDGE('',*,*,#7121,.T.);
#11515 = FACE_BOUND('',#11516,.T.);
#11516 = EDGE_LOOP('',(#11517));
#11517 = ORIENTED_EDGE('',*,*,#7175,.T.);
#11518 = FACE_BOUND('',#11519,.T.);
#11519 = EDGE_LOOP('',(#11520));
#11520 = ORIENTED_EDGE('',*,*,#7391,.T.);
#11521 = FACE_BOUND('',#11522,.T.);
#11522 = EDGE_LOOP('',(#11523));
#11523 = ORIENTED_EDGE('',*,*,#7445,.T.);
#11524 = FACE_BOUND('',#11525,.T.);
#11525 = EDGE_LOOP('',(#11526));
#11526 = ORIENTED_EDGE('',*,*,#7499,.T.);
#11527 = FACE_BOUND('',#11528,.T.);
#11528 = EDGE_LOOP('',(#11529));
#11529 = ORIENTED_EDGE('',*,*,#7553,.T.);
#11530 = FACE_BOUND('',#11531,.T.);
#11531 = EDGE_LOOP('',(#11532));
#11532 = ORIENTED_EDGE('',*,*,#7607,.T.);
#11533 = FACE_BOUND('',#11534,.T.);
#11534 = EDGE_LOOP('',(#11535));
#11535 = ORIENTED_EDGE('',*,*,#7661,.T.);
#11536 = FACE_BOUND('',#11537,.T.);
#11537 = EDGE_LOOP('',(#11538));
#11538 = ORIENTED_EDGE('',*,*,#5285,.T.);
#11539 = FACE_BOUND('',#11540,.T.);
#11540 = EDGE_LOOP('',(#11541));
#11541 = ORIENTED_EDGE('',*,*,#5339,.T.);
#11542 = FACE_BOUND('',#11543,.T.);
#11543 = EDGE_LOOP('',(#11544));
#11544 = ORIENTED_EDGE('',*,*,#5393,.T.);
#11545 = FACE_BOUND('',#11546,.T.);
#11546 = EDGE_LOOP('',(#11547));
#11547 = ORIENTED_EDGE('',*,*,#5447,.T.);
#11548 = FACE_BOUND('',#11549,.T.);
#11549 = EDGE_LOOP('',(#11550));
#11550 = ORIENTED_EDGE('',*,*,#5501,.T.);
#11551 = FACE_BOUND('',#11552,.T.);
#11552 = EDGE_LOOP('',(#11553));
#11553 = ORIENTED_EDGE('',*,*,#5555,.T.);
#11554 = FACE_BOUND('',#11555,.T.);
#11555 = EDGE_LOOP('',(#11556));
#11556 = ORIENTED_EDGE('',*,*,#5717,.T.);
#11557 = FACE_BOUND('',#11558,.T.);
#11558 = EDGE_LOOP('',(#11559,#11588,#11621,#11649));
#11559 = ORIENTED_EDGE('',*,*,#11560,.F.);
#11560 = EDGE_CURVE('',#11561,#11563,#11565,.T.);
#11561 = VERTEX_POINT('',#11562);
#11562 = CARTESIAN_POINT('',(2.5,93.190382074052,24.));
#11563 = VERTEX_POINT('',#11564);
#11564 = CARTESIAN_POINT('',(2.5,90.16871781002,24.));
#11565 = SURFACE_CURVE('',#11566,(#11570,#11577),.PCURVE_S1.);
#11566 = LINE('',#11567,#11568);
#11567 = CARTESIAN_POINT('',(2.5,73.75,24.));
#11568 = VECTOR('',#11569,1.);
#11569 = DIRECTION('',(0.,-1.,0.));
#11570 = PCURVE('',#5025,#11571);
#11571 = DEFINITIONAL_REPRESENTATION('',(#11572),#11576);
#11572 = LINE('',#11573,#11574);
#11573 = CARTESIAN_POINT('',(73.75,0.));
#11574 = VECTOR('',#11575,1.);
#11575 = DIRECTION('',(1.,0.));
#11576 = ( GEOMETRIC_REPRESENTATION_CONTEXT(2) 
PARAMETRIC_REPRESENTATION_CONTEXT() REPRESENTATION_CONTEXT('2D SPACE',''
  ) );
#11577 = PCURVE('',#11578,#11583);
#11578 = PLANE('',#11579);
#11579 = AXIS2_PLACEMENT_3D('',#11580,#11581,#11582);
#11580 = CARTESIAN_POINT('',(0.,0.,24.));
#11581 = DIRECTION('',(0.,0.,1.));
#11582 = DIRECTION('',(1.,0.,0.));
#11583 = DEFINITIONAL_REPRESENTATION('',(#11584),#11587);
#11584 = B_SPLINE_CURVE_WITH_KNOTS('',1,(#11585,#11586),.UNSPECIFIED.,
  .F.,.F.,(2,2),(-19.44038207405,-16.41871781002),
  .PIECEWISE_BEZIER_KNOTS.);
#11585 = CARTESIAN_POINT('',(2.5,93.190382074052));
#11586 = CARTESIAN_POINT('',(2.5,90.16871781002));
#11587 = ( GEOMETRIC_REPRESENTATION_CONTEXT(2) 
PARAMETRIC_REPRESENTATION_CONTEXT() REPRESENTATION_CONTEXT('2D SPACE',''
  ) );
#11588 = ORIENTED_EDGE('',*,*,#11589,.T.);
#11589 = EDGE_CURVE('',#11561,#11590,#11592,.T.);
#11590 = VERTEX_POINT('',#11591);
#11591 = CARTESIAN_POINT('',(2.5,79.000000000001,4.142508574831));
#11592 = SURFACE_CURVE('',#11593,(#11598,#11609),.PCURVE_S1.);
#11593 = CIRCLE('',#11594,18.3);
#11594 = AXIS2_PLACEMENT_3D('',#11595,#11596,#11597);
#11595 = CARTESIAN_POINT('',(2.5,75.,22.));
#11596 = DIRECTION('',(-1.,0.,0.));
#11597 = DIRECTION('',(0.,1.,0.));
#11598 = PCURVE('',#5025,#11599);
#11599 = DEFINITIONAL_REPRESENTATION('',(#11600),#11608);
#11600 = ( BOUNDED_CURVE() B_SPLINE_CURVE(2,(#11601,#11602,#11603,#11604
    ,#11605,#11606,#11607),.UNSPECIFIED.,.T.,.F.) 
B_SPLINE_CURVE_WITH_KNOTS((1,2,2,2,2,1),(-2.094395102393,0.,
    2.094395102393,4.188790204786,6.28318530718,8.377580409573),
.UNSPECIFIED.) CURVE() GEOMETRIC_REPRESENTATION_ITEM() 
RATIONAL_B_SPLINE_CURVE((1.,0.5,1.,0.5,1.,0.5,1.)) REPRESENTATION_ITEM(
  '') );
#11601 = CARTESIAN_POINT('',(54.2,2.));
#11602 = CARTESIAN_POINT('',(54.2,33.69652977851));
#11603 = CARTESIAN_POINT('',(81.65,17.848264889255));
#11604 = CARTESIAN_POINT('',(109.1,2.));
#11605 = CARTESIAN_POINT('',(81.65,-13.84826488925));
#11606 = CARTESIAN_POINT('',(54.2,-29.69652977851));
#11607 = CARTESIAN_POINT('',(54.2,2.));
#11608 = ( GEOMETRIC_REPRESENTATION_CONTEXT(2) 
PARAMETRIC_REPRESENTATION_CONTEXT() REPRESENTATION_CONTEXT('2D SPACE',''
  ) );
#11609 = PCURVE('',#11610,#11615);
#11610 = CYLINDRICAL_SURFACE('',#11611,18.3);
#11611 = AXIS2_PLACEMENT_3D('',#11612,#11613,#11614);
#11612 = CARTESIAN_POINT('',(2.49,75.,22.));
#11613 = DIRECTION('',(-1.,-0.,-0.));
#11614 = DIRECTION('',(0.,1.,0.));
#11615 = DEFINITIONAL_REPRESENTATION('',(#11616),#11620);
#11616 = LINE('',#11617,#11618);
#11617 = CARTESIAN_POINT('',(-12.56637061435,-1.E-02));
#11618 = VECTOR('',#11619,1.);
#11619 = DIRECTION('',(1.,-0.));
#11620 = ( GEOMETRIC_REPRESENTATION_CONTEXT(2) 
PARAMETRIC_REPRESENTATION_CONTEXT() REPRESENTATION_CONTEXT('2D SPACE',''
  ) );
#11621 = ORIENTED_EDGE('',*,*,#11622,.T.);
#11622 = EDGE_CURVE('',#11590,#11623,#11625,.T.);
#11623 = VERTEX_POINT('',#11624);
#11624 = CARTESIAN_POINT('',(2.5,79.,7.23212946969));
#11625 = SURFACE_CURVE('',#11626,(#11630,#11637),.PCURVE_S1.);
#11626 = LINE('',#11627,#11628);
#11627 = CARTESIAN_POINT('',(2.5,79.,2.6));
#11628 = VECTOR('',#11629,1.);
#11629 = DIRECTION('',(0.,0.,1.));
#11630 = PCURVE('',#5025,#11631);
#11631 = DEFINITIONAL_REPRESENTATION('',(#11632),#11636);
#11632 = LINE('',#11633,#11634);
#11633 = CARTESIAN_POINT('',(68.5,21.4));
#11634 = VECTOR('',#11635,1.);
#11635 = DIRECTION('',(0.,-1.));
#11636 = ( GEOMETRIC_REPRESENTATION_CONTEXT(2) 
PARAMETRIC_REPRESENTATION_CONTEXT() REPRESENTATION_CONTEXT('2D SPACE',''
  ) );
#11637 = PCURVE('',#11638,#11643);
#11638 = PLANE('',#11639);
#11639 = AXIS2_PLACEMENT_3D('',#11640,#11641,#11642);
#11640 = CARTESIAN_POINT('',(2.5,79.,2.6));
#11641 = DIRECTION('',(0.,1.,0.));
#11642 = DIRECTION('',(0.,0.,1.));
#11643 = DEFINITIONAL_REPRESENTATION('',(#11644),#11648);
#11644 = LINE('',#11645,#11646);
#11645 = CARTESIAN_POINT('',(0.,0.));
#11646 = VECTOR('',#11647,1.);
#11647 = DIRECTION('',(1.,0.));
#11648 = ( GEOMETRIC_REPRESENTATION_CONTEXT(2) 
PARAMETRIC_REPRESENTATION_CONTEXT() REPRESENTATION_CONTEXT('2D SPACE',''
  ) );
#11649 = ORIENTED_EDGE('',*,*,#11650,.F.);
#11650 = EDGE_CURVE('',#11563,#11623,#11651,.T.);
#11651 = SURFACE_CURVE('',#11652,(#11657,#11668),.PCURVE_S1.);
#11652 = CIRCLE('',#11653,15.3);
#11653 = AXIS2_PLACEMENT_3D('',#11654,#11655,#11656);
#11654 = CARTESIAN_POINT('',(2.5,75.,22.));
#11655 = DIRECTION('',(-1.,0.,0.));
#11656 = DIRECTION('',(0.,1.,0.));
#11657 = PCURVE('',#5025,#11658);
#11658 = DEFINITIONAL_REPRESENTATION('',(#11659),#11667);
#11659 = ( BOUNDED_CURVE() B_SPLINE_CURVE(2,(#11660,#11661,#11662,#11663
    ,#11664,#11665,#11666),.UNSPECIFIED.,.T.,.F.) 
B_SPLINE_CURVE_WITH_KNOTS((1,2,2,2,2,1),(-2.094395102393,0.,
    2.094395102393,4.188790204786,6.28318530718,8.377580409573),
.UNSPECIFIED.) CURVE() GEOMETRIC_REPRESENTATION_ITEM() 
RATIONAL_B_SPLINE_CURVE((1.,0.5,1.,0.5,1.,0.5,1.)) REPRESENTATION_ITEM(
  '') );
#11660 = CARTESIAN_POINT('',(57.2,2.));
#11661 = CARTESIAN_POINT('',(57.2,28.500377355804));
#11662 = CARTESIAN_POINT('',(80.15,15.250188677902));
#11663 = CARTESIAN_POINT('',(103.1,2.));
#11664 = CARTESIAN_POINT('',(80.15,-11.2501886779));
#11665 = CARTESIAN_POINT('',(57.2,-24.5003773558));
#11666 = CARTESIAN_POINT('',(57.2,2.));
#11667 = ( GEOMETRIC_REPRESENTATION_CONTEXT(2) 
PARAMETRIC_REPRESENTATION_CONTEXT() REPRESENTATION_CONTEXT('2D SPACE',''
  ) );
#11668 = PCURVE('',#11669,#11674);
#11669 = CYLINDRICAL_SURFACE('',#11670,15.3);
#11670 = AXIS2_PLACEMENT_3D('',#11671,#11672,#11673);
#11671 = CARTESIAN_POINT('',(2.49,75.,22.));
#11672 = DIRECTION('',(-1.,-0.,-0.));
#11673 = DIRECTION('',(0.,1.,0.));
#11674 = DEFINITIONAL_REPRESENTATION('',(#11675),#11679);
#11675 = LINE('',#11676,#11677);
#11676 = CARTESIAN_POINT('',(-12.56637061435,-1.E-02));
#11677 = VECTOR('',#11678,1.);
#11678 = DIRECTION('',(1.,-0.));
#11679 = ( GEOMETRIC_REPRESENTATION_CONTEXT(2) 
PARAMETRIC_REPRESENTATION_CONTEXT() REPRESENTATION_CONTEXT('2D SPACE',''
  ) );
#11680 = FACE_BOUND('',#11681,.T.);
#11681 = EDGE_LOOP('',(#11682));
#11682 = ORIENTED_EDGE('',*,*,#5771,.T.);
#11683 = FACE_BOUND('',#11684,.T.);
#11684 = EDGE_LOOP('',(#11685));
#11685 = ORIENTED_EDGE('',*,*,#5010,.T.);
#11686 = FACE_BOUND('',#11687,.T.);
#11687 = EDGE_LOOP('',(#11688));
#11688 = ORIENTED_EDGE('',*,*,#5069,.T.);
#11689 = FACE_BOUND('',#11690,.T.);
#11690 = EDGE_LOOP('',(#11691));
#11691 = ORIENTED_EDGE('',*,*,#5123,.T.);
#11692 = FACE_BOUND('',#11693,.T.);
#11693 = EDGE_LOOP('',(#11694));
#11694 = ORIENTED_EDGE('',*,*,#5177,.T.);
#11695 = FACE_BOUND('',#11696,.T.);
#11696 = EDGE_LOOP('',(#11697));
#11697 = ORIENTED_EDGE('',*,*,#5231,.T.);
#11698 = FACE_BOUND('',#11699,.T.);
#11699 = EDGE_LOOP('',(#11700));
#11700 = ORIENTED_EDGE('',*,*,#5609,.T.);
#11701 = FACE_BOUND('',#11702,.T.);
#11702 = EDGE_LOOP('',(#11703));
#11703 = ORIENTED_EDGE('',*,*,#5663,.T.);
#11704 = FACE_BOUND('',#11705,.T.);
#11705 = EDGE_LOOP('',(#11706));
#11706 = ORIENTED_EDGE('',*,*,#6473,.T.);
#11707 = FACE_BOUND('',#11708,.T.);
#11708 = EDGE_LOOP('',(#11709,#11744,#11772,#11805));
#11709 = ORIENTED_EDGE('',*,*,#11710,.F.);
#11710 = EDGE_CURVE('',#11711,#11713,#11715,.T.);
#11711 = VERTEX_POINT('',#11712);
#11712 = CARTESIAN_POINT('',(2.5,71.,7.23212946969));
#11713 = VERTEX_POINT('',#11714);
#11714 = CARTESIAN_POINT('',(2.5,59.831282189981,24.));
#11715 = SURFACE_CURVE('',#11716,(#11721,#11732),.PCURVE_S1.);
#11716 = CIRCLE('',#11717,15.3);
#11717 = AXIS2_PLACEMENT_3D('',#11718,#11719,#11720);
#11718 = CARTESIAN_POINT('',(2.5,75.,22.));
#11719 = DIRECTION('',(-1.,0.,0.));
#11720 = DIRECTION('',(0.,1.,0.));
#11721 = PCURVE('',#5025,#11722);
#11722 = DEFINITIONAL_REPRESENTATION('',(#11723),#11731);
#11723 = ( BOUNDED_CURVE() B_SPLINE_CURVE(2,(#11724,#11725,#11726,#11727
    ,#11728,#11729,#11730),.UNSPECIFIED.,.T.,.F.) 
B_SPLINE_CURVE_WITH_KNOTS((1,2,2,2,2,1),(-2.094395102393,0.,
    2.094395102393,4.188790204786,6.28318530718,8.377580409573),
.UNSPECIFIED.) CURVE() GEOMETRIC_REPRESENTATION_ITEM() 
RATIONAL_B_SPLINE_CURVE((1.,0.5,1.,0.5,1.,0.5,1.)) REPRESENTATION_ITEM(
  '') );
#11724 = CARTESIAN_POINT('',(57.2,2.));
#11725 = CARTESIAN_POINT('',(57.2,28.500377355804));
#11726 = CARTESIAN_POINT('',(80.15,15.250188677902));
#11727 = CARTESIAN_POINT('',(103.1,2.));
#11728 = CARTESIAN_POINT('',(80.15,-11.2501886779));
#11729 = CARTESIAN_POINT('',(57.2,-24.5003773558));
#11730 = CARTESIAN_POINT('',(57.2,2.));
#11731 = ( GEOMETRIC_REPRESENTATION_CONTEXT(2) 
PARAMETRIC_REPRESENTATION_CONTEXT() REPRESENTATION_CONTEXT('2D SPACE',''
  ) );
#11732 = PCURVE('',#11733,#11738);
#11733 = CYLINDRICAL_SURFACE('',#11734,15.3);
#11734 = AXIS2_PLACEMENT_3D('',#11735,#11736,#11737);
#11735 = CARTESIAN_POINT('',(2.49,75.,22.));
#11736 = DIRECTION('',(-1.,-0.,-0.));
#11737 = DIRECTION('',(0.,1.,0.));
#11738 = DEFINITIONAL_REPRESENTATION('',(#11739),#11743);
#11739 = LINE('',#11740,#11741);
#11740 = CARTESIAN_POINT('',(-12.56637061435,-1.E-02));
#11741 = VECTOR('',#11742,1.);
#11742 = DIRECTION('',(1.,-0.));
#11743 = ( GEOMETRIC_REPRESENTATION_CONTEXT(2) 
PARAMETRIC_REPRESENTATION_CONTEXT() REPRESENTATION_CONTEXT('2D SPACE',''
  ) );
#11744 = ORIENTED_EDGE('',*,*,#11745,.F.);
#11745 = EDGE_CURVE('',#11746,#11711,#11748,.T.);
#11746 = VERTEX_POINT('',#11747);
#11747 = CARTESIAN_POINT('',(2.5,70.999999999999,4.142508574831));
#11748 = SURFACE_CURVE('',#11749,(#11753,#11760),.PCURVE_S1.);
#11749 = LINE('',#11750,#11751);
#11750 = CARTESIAN_POINT('',(2.5,71.,2.6));
#11751 = VECTOR('',#11752,1.);
#11752 = DIRECTION('',(0.,0.,1.));
#11753 = PCURVE('',#5025,#11754);
#11754 = DEFINITIONAL_REPRESENTATION('',(#11755),#11759);
#11755 = LINE('',#11756,#11757);
#11756 = CARTESIAN_POINT('',(76.5,21.4));
#11757 = VECTOR('',#11758,1.);
#11758 = DIRECTION('',(0.,-1.));
#11759 = ( GEOMETRIC_REPRESENTATION_CONTEXT(2) 
PARAMETRIC_REPRESENTATION_CONTEXT() REPRESENTATION_CONTEXT('2D SPACE',''
  ) );
#11760 = PCURVE('',#11761,#11766);
#11761 = PLANE('',#11762);
#11762 = AXIS2_PLACEMENT_3D('',#11763,#11764,#11765);
#11763 = CARTESIAN_POINT('',(2.5,71.,2.6));
#11764 = DIRECTION('',(0.,1.,0.));
#11765 = DIRECTION('',(0.,0.,1.));
#11766 = DEFINITIONAL_REPRESENTATION('',(#11767),#11771);
#11767 = LINE('',#11768,#11769);
#11768 = CARTESIAN_POINT('',(0.,0.));
#11769 = VECTOR('',#11770,1.);
#11770 = DIRECTION('',(1.,0.));
#11771 = ( GEOMETRIC_REPRESENTATION_CONTEXT(2) 
PARAMETRIC_REPRESENTATION_CONTEXT() REPRESENTATION_CONTEXT('2D SPACE',''
  ) );
#11772 = ORIENTED_EDGE('',*,*,#11773,.T.);
#11773 = EDGE_CURVE('',#11746,#11774,#11776,.T.);
#11774 = VERTEX_POINT('',#11775);
#11775 = CARTESIAN_POINT('',(2.5,56.809617925948,24.));
#11776 = SURFACE_CURVE('',#11777,(#11782,#11793),.PCURVE_S1.);
#11777 = CIRCLE('',#11778,18.3);
#11778 = AXIS2_PLACEMENT_3D('',#11779,#11780,#11781);
#11779 = CARTESIAN_POINT('',(2.5,75.,22.));
#11780 = DIRECTION('',(-1.,0.,0.));
#11781 = DIRECTION('',(0.,1.,0.));
#11782 = PCURVE('',#5025,#11783);
#11783 = DEFINITIONAL_REPRESENTATION('',(#11784),#11792);
#11784 = ( BOUNDED_CURVE() B_SPLINE_CURVE(2,(#11785,#11786,#11787,#11788
    ,#11789,#11790,#11791),.UNSPECIFIED.,.T.,.F.) 
B_SPLINE_CURVE_WITH_KNOTS((1,2,2,2,2,1),(-2.094395102393,0.,
    2.094395102393,4.188790204786,6.28318530718,8.377580409573),
.UNSPECIFIED.) CURVE() GEOMETRIC_REPRESENTATION_ITEM() 
RATIONAL_B_SPLINE_CURVE((1.,0.5,1.,0.5,1.,0.5,1.)) REPRESENTATION_ITEM(
  '') );
#11785 = CARTESIAN_POINT('',(54.2,2.));
#11786 = CARTESIAN_POINT('',(54.2,33.69652977851));
#11787 = CARTESIAN_POINT('',(81.65,17.848264889255));
#11788 = CARTESIAN_POINT('',(109.1,2.));
#11789 = CARTESIAN_POINT('',(81.65,-13.84826488925));
#11790 = CARTESIAN_POINT('',(54.2,-29.69652977851));
#11791 = CARTESIAN_POINT('',(54.2,2.));
#11792 = ( GEOMETRIC_REPRESENTATION_CONTEXT(2) 
PARAMETRIC_REPRESENTATION_CONTEXT() REPRESENTATION_CONTEXT('2D SPACE',''
  ) );
#11793 = PCURVE('',#11794,#11799);
#11794 = CYLINDRICAL_SURFACE('',#11795,18.3);
#11795 = AXIS2_PLACEMENT_3D('',#11796,#11797,#11798);
#11796 = CARTESIAN_POINT('',(2.49,75.,22.));
#11797 = DIRECTION('',(-1.,-0.,-0.));
#11798 = DIRECTION('',(0.,1.,0.));
#11799 = DEFINITIONAL_REPRESENTATION('',(#11800),#11804);
#11800 = LINE('',#11801,#11802);
#11801 = CARTESIAN_POINT('',(-12.56637061435,-1.E-02));
#11802 = VECTOR('',#11803,1.);
#11803 = DIRECTION('',(1.,-0.));
#11804 = ( GEOMETRIC_REPRESENTATION_CONTEXT(2) 
PARAMETRIC_REPRESENTATION_CONTEXT() REPRESENTATION_CONTEXT('2D SPACE',''
  ) );
#11805 = ORIENTED_EDGE('',*,*,#11806,.F.);
#11806 = EDGE_CURVE('',#11713,#11774,#11807,.T.);
#11807 = SURFACE_CURVE('',#11808,(#11812,#11819),.PCURVE_S1.);
#11808 = LINE('',#11809,#11810);
#11809 = CARTESIAN_POINT('',(2.5,73.75,24.));
#11810 = VECTOR('',#11811,1.);
#11811 = DIRECTION('',(0.,-1.,0.));
#11812 = PCURVE('',#5025,#11813);
#11813 = DEFINITIONAL_REPRESENTATION('',(#11814),#11818);
#11814 = LINE('',#11815,#11816);
#11815 = CARTESIAN_POINT('',(73.75,0.));
#11816 = VECTOR('',#11817,1.);
#11817 = DIRECTION('',(1.,0.));
#11818 = ( GEOMETRIC_REPRESENTATION_CONTEXT(2) 
PARAMETRIC_REPRESENTATION_CONTEXT() REPRESENTATION_CONTEXT('2D SPACE',''
  ) );
#11819 = PCURVE('',#11820,#11825);
#11820 = PLANE('',#11821);
#11821 = AXIS2_PLACEMENT_3D('',#11822,#11823,#11824);
#11822 = CARTESIAN_POINT('',(0.,0.,24.));
#11823 = DIRECTION('',(0.,0.,1.));
#11824 = DIRECTION('',(1.,0.,0.));
#11825 = DEFINITIONAL_REPRESENTATION('',(#11826),#11829);
#11826 = B_SPLINE_CURVE_WITH_KNOTS('',1,(#11827,#11828),.UNSPECIFIED.,
  .F.,.F.,(2,2),(13.918717810019,16.940382074052),
  .PIECEWISE_BEZIER_KNOTS.);
#11827 = CARTESIAN_POINT('',(2.5,59.831282189981));
#11828 = CARTESIAN_POINT('',(2.5,56.809617925948));
#11829 = ( GEOMETRIC_REPRESENTATION_CONTEXT(2) 
PARAMETRIC_REPRESENTATION_CONTEXT() REPRESENTATION_CONTEXT('2D SPACE',''
  ) );
#11830 = FACE_BOUND('',#11831,.T.);
#11831 = EDGE_LOOP('',(#11832));
#11832 = ORIENTED_EDGE('',*,*,#6419,.T.);
#11833 = FACE_BOUND('',#11834,.T.);
#11834 = EDGE_LOOP('',(#11835));
#11835 = ORIENTED_EDGE('',*,*,#6851,.T.);
#11836 = FACE_BOUND('',#11837,.T.);
#11837 = EDGE_LOOP('',(#11838));
#11838 = ORIENTED_EDGE('',*,*,#6905,.T.);
#11839 = FACE_BOUND('',#11840,.T.);
#11840 = EDGE_LOOP('',(#11841));
#11841 = ORIENTED_EDGE('',*,*,#6959,.T.);
#11842 = FACE_BOUND('',#11843,.T.);
#11843 = EDGE_LOOP('',(#11844));
#11844 = ORIENTED_EDGE('',*,*,#7013,.T.);
#11845 = FACE_BOUND('',#11846,.T.);
#11846 = EDGE_LOOP('',(#11847));
#11847 = ORIENTED_EDGE('',*,*,#7067,.T.);
#11848 = FACE_BOUND('',#11849,.T.);
#11849 = EDGE_LOOP('',(#11850));
#11850 = ORIENTED_EDGE('',*,*,#6527,.T.);
#11851 = FACE_BOUND('',#11852,.T.);
#11852 = EDGE_LOOP('',(#11853));
#11853 = ORIENTED_EDGE('',*,*,#6581,.T.);
#11854 = FACE_BOUND('',#11855,.T.);
#11855 = EDGE_LOOP('',(#11856));
#11856 = ORIENTED_EDGE('',*,*,#6635,.T.);
#11857 = FACE_BOUND('',#11858,.T.);
#11858 = EDGE_LOOP('',(#11859));
#11859 = ORIENTED_EDGE('',*,*,#6689,.T.);
#11860 = FACE_BOUND('',#11861,.T.);
#11861 = EDGE_LOOP('',(#11862));
#11862 = ORIENTED_EDGE('',*,*,#6743,.T.);
#11863 = FACE_BOUND('',#11864,.T.);
#11864 = EDGE_LOOP('',(#11865));
#11865 = ORIENTED_EDGE('',*,*,#6797,.T.);
#11866 = ADVANCED_FACE('',(#11867,#11971,#11974,#11977,#11980,#11983,
    #11986,#11989,#11992,#11995,#11998,#12001,#12004,#12007,#12010,
    #12013,#12016,#12019,#12022,#12025,#12028,#12031,#12034,#12037,
    #12040,#12043,#12046,#12049,#12052,#12055,#12058,#12061,#12064,
    #12067,#12070,#12073,#12076,#12079,#12082,#12085,#12088,#12091,
    #12094),#7730,.T.);
#11867 = FACE_BOUND('',#11868,.T.);
#11868 = EDGE_LOOP('',(#11869,#11899,#11922,#11950));
#11869 = ORIENTED_EDGE('',*,*,#11870,.F.);
#11870 = EDGE_CURVE('',#11871,#11873,#11875,.T.);
#11871 = VERTEX_POINT('',#11872);
#11872 = CARTESIAN_POINT('',(147.5,8.,27.));
#11873 = VERTEX_POINT('',#11874);
#11874 = CARTESIAN_POINT('',(147.5,8.,2.5));
#11875 = SURFACE_CURVE('',#11876,(#11880,#11887),.PCURVE_S1.);
#11876 = LINE('',#11877,#11878);
#11877 = CARTESIAN_POINT('',(147.5,8.,27.));
#11878 = VECTOR('',#11879,1.);
#11879 = DIRECTION('',(0.,0.,-1.));
#11880 = PCURVE('',#7730,#11881);
#11881 = DEFINITIONAL_REPRESENTATION('',(#11882),#11886);
#11882 = LINE('',#11883,#11884);
#11883 = CARTESIAN_POINT('',(5.5,-3.));
#11884 = VECTOR('',#11885,1.);
#11885 = DIRECTION('',(0.,1.));
#11886 = ( GEOMETRIC_REPRESENTATION_CONTEXT(2) 
PARAMETRIC_REPRESENTATION_CONTEXT() REPRESENTATION_CONTEXT('2D SPACE',''
  ) );
#11887 = PCURVE('',#11888,#11893);
#11888 = CYLINDRICAL_SURFACE('',#11889,5.5);
#11889 = AXIS2_PLACEMENT_3D('',#11890,#11891,#11892);
#11890 = CARTESIAN_POINT('',(142.,8.,24.));
#11891 = DIRECTION('',(0.,0.,1.));
#11892 = DIRECTION('',(0.,-1.,0.));
#11893 = DEFINITIONAL_REPRESENTATION('',(#11894),#11898);
#11894 = LINE('',#11895,#11896);
#11895 = CARTESIAN_POINT('',(1.570796326795,3.));
#11896 = VECTOR('',#11897,1.);
#11897 = DIRECTION('',(-0.,-1.));
#11898 = ( GEOMETRIC_REPRESENTATION_CONTEXT(2) 
PARAMETRIC_REPRESENTATION_CONTEXT() REPRESENTATION_CONTEXT('2D SPACE',''
  ) );
#11899 = ORIENTED_EDGE('',*,*,#11900,.T.);
#11900 = EDGE_CURVE('',#11871,#11901,#11903,.T.);
#11901 = VERTEX_POINT('',#11902);
#11902 = CARTESIAN_POINT('',(147.5,142.,27.));
#11903 = SURFACE_CURVE('',#11904,(#11908,#11915),.PCURVE_S1.);
#11904 = LINE('',#11905,#11906);
#11905 = CARTESIAN_POINT('',(147.5,2.5,27.));
#11906 = VECTOR('',#11907,1.);
#11907 = DIRECTION('',(0.,1.,0.));
#11908 = PCURVE('',#7730,#11909);
#11909 = DEFINITIONAL_REPRESENTATION('',(#11910),#11914);
#11910 = LINE('',#11911,#11912);
#11911 = CARTESIAN_POINT('',(0.,-3.));
#11912 = VECTOR('',#11913,1.);
#11913 = DIRECTION('',(1.,0.));
#11914 = ( GEOMETRIC_REPRESENTATION_CONTEXT(2) 
PARAMETRIC_REPRESENTATION_CONTEXT() REPRESENTATION_CONTEXT('2D SPACE',''
  ) );
#11915 = PCURVE('',#10564,#11916);
#11916 = DEFINITIONAL_REPRESENTATION('',(#11917),#11921);
#11917 = LINE('',#11918,#11919);
#11918 = CARTESIAN_POINT('',(72.5,-72.5));
#11919 = VECTOR('',#11920,1.);
#11920 = DIRECTION('',(0.,1.));
#11921 = ( GEOMETRIC_REPRESENTATION_CONTEXT(2) 
PARAMETRIC_REPRESENTATION_CONTEXT() REPRESENTATION_CONTEXT('2D SPACE',''
  ) );
#11922 = ORIENTED_EDGE('',*,*,#11923,.T.);
#11923 = EDGE_CURVE('',#11901,#11924,#11926,.T.);
#11924 = VERTEX_POINT('',#11925);
#11925 = CARTESIAN_POINT('',(147.5,142.,2.5));
#11926 = SURFACE_CURVE('',#11927,(#11931,#11938),.PCURVE_S1.);
#11927 = LINE('',#11928,#11929);
#11928 = CARTESIAN_POINT('',(147.5,142.,27.));
#11929 = VECTOR('',#11930,1.);
#11930 = DIRECTION('',(0.,0.,-1.));
#11931 = PCURVE('',#7730,#11932);
#11932 = DEFINITIONAL_REPRESENTATION('',(#11933),#11937);
#11933 = LINE('',#11934,#11935);
#11934 = CARTESIAN_POINT('',(139.5,-3.));
#11935 = VECTOR('',#11936,1.);
#11936 = DIRECTION('',(0.,1.));
#11937 = ( GEOMETRIC_REPRESENTATION_CONTEXT(2) 
PARAMETRIC_REPRESENTATION_CONTEXT() REPRESENTATION_CONTEXT('2D SPACE',''
  ) );
#11938 = PCURVE('',#11939,#11944);
#11939 = CYLINDRICAL_SURFACE('',#11940,5.5);
#11940 = AXIS2_PLACEMENT_3D('',#11941,#11942,#11943);
#11941 = CARTESIAN_POINT('',(142.,142.,24.));
#11942 = DIRECTION('',(0.,0.,1.));
#11943 = DIRECTION('',(1.,0.,-0.));
#11944 = DEFINITIONAL_REPRESENTATION('',(#11945),#11949);
#11945 = LINE('',#11946,#11947);
#11946 = CARTESIAN_POINT('',(0.,3.));
#11947 = VECTOR('',#11948,1.);
#11948 = DIRECTION('',(-0.,-1.));
#11949 = ( GEOMETRIC_REPRESENTATION_CONTEXT(2) 
PARAMETRIC_REPRESENTATION_CONTEXT() REPRESENTATION_CONTEXT('2D SPACE',''
  ) );
#11950 = ORIENTED_EDGE('',*,*,#11951,.F.);
#11951 = EDGE_CURVE('',#11873,#11924,#11952,.T.);
#11952 = SURFACE_CURVE('',#11953,(#11957,#11964),.PCURVE_S1.);
#11953 = LINE('',#11954,#11955);
#11954 = CARTESIAN_POINT('',(147.5,2.5,2.5));
#11955 = VECTOR('',#11956,1.);
#11956 = DIRECTION('',(0.,1.,0.));
#11957 = PCURVE('',#7730,#11958);
#11958 = DEFINITIONAL_REPRESENTATION('',(#11959),#11963);
#11959 = LINE('',#11960,#11961);
#11960 = CARTESIAN_POINT('',(0.,21.5));
#11961 = VECTOR('',#11962,1.);
#11962 = DIRECTION('',(1.,0.));
#11963 = ( GEOMETRIC_REPRESENTATION_CONTEXT(2) 
PARAMETRIC_REPRESENTATION_CONTEXT() REPRESENTATION_CONTEXT('2D SPACE',''
  ) );
#11964 = PCURVE('',#11459,#11965);
#11965 = DEFINITIONAL_REPRESENTATION('',(#11966),#11970);
#11966 = LINE('',#11967,#11968);
#11967 = CARTESIAN_POINT('',(0.,-145.));
#11968 = VECTOR('',#11969,1.);
#11969 = DIRECTION('',(1.,0.));
#11970 = ( GEOMETRIC_REPRESENTATION_CONTEXT(2) 
PARAMETRIC_REPRESENTATION_CONTEXT() REPRESENTATION_CONTEXT('2D SPACE',''
  ) );
#11971 = FACE_BOUND('',#11972,.T.);
#11972 = EDGE_LOOP('',(#11973));
#11973 = ORIENTED_EDGE('',*,*,#9934,.T.);
#11974 = FACE_BOUND('',#11975,.T.);
#11975 = EDGE_LOOP('',(#11976));
#11976 = ORIENTED_EDGE('',*,*,#9826,.T.);
#11977 = FACE_BOUND('',#11978,.T.);
#11978 = EDGE_LOOP('',(#11979));
#11979 = ORIENTED_EDGE('',*,*,#9772,.T.);
#11980 = FACE_BOUND('',#11981,.T.);
#11981 = EDGE_LOOP('',(#11982));
#11982 = ORIENTED_EDGE('',*,*,#9718,.T.);
#11983 = FACE_BOUND('',#11984,.T.);
#11984 = EDGE_LOOP('',(#11985));
#11985 = ORIENTED_EDGE('',*,*,#9664,.T.);
#11986 = FACE_BOUND('',#11987,.T.);
#11987 = EDGE_LOOP('',(#11988));
#11988 = ORIENTED_EDGE('',*,*,#9124,.T.);
#11989 = FACE_BOUND('',#11990,.T.);
#11990 = EDGE_LOOP('',(#11991));
#11991 = ORIENTED_EDGE('',*,*,#9070,.T.);
#11992 = FACE_BOUND('',#11993,.T.);
#11993 = EDGE_LOOP('',(#11994));
#11994 = ORIENTED_EDGE('',*,*,#9016,.T.);
#11995 = FACE_BOUND('',#11996,.T.);
#11996 = EDGE_LOOP('',(#11997));
#11997 = ORIENTED_EDGE('',*,*,#8962,.T.);
#11998 = FACE_BOUND('',#11999,.T.);
#11999 = EDGE_LOOP('',(#12000));
#12000 = ORIENTED_EDGE('',*,*,#8638,.T.);
#12001 = FACE_BOUND('',#12002,.T.);
#12002 = EDGE_LOOP('',(#12003));
#12003 = ORIENTED_EDGE('',*,*,#8584,.T.);
#12004 = FACE_BOUND('',#12005,.T.);
#12005 = EDGE_LOOP('',(#12006));
#12006 = ORIENTED_EDGE('',*,*,#8530,.T.);
#12007 = FACE_BOUND('',#12008,.T.);
#12008 = EDGE_LOOP('',(#12009));
#12009 = ORIENTED_EDGE('',*,*,#8476,.T.);
#12010 = FACE_BOUND('',#12011,.T.);
#12011 = EDGE_LOOP('',(#12012));
#12012 = ORIENTED_EDGE('',*,*,#8422,.T.);
#12013 = FACE_BOUND('',#12014,.T.);
#12014 = EDGE_LOOP('',(#12015));
#12015 = ORIENTED_EDGE('',*,*,#9880,.T.);
#12016 = FACE_BOUND('',#12017,.T.);
#12017 = EDGE_LOOP('',(#12018));
#12018 = ORIENTED_EDGE('',*,*,#9610,.T.);
#12019 = FACE_BOUND('',#12020,.T.);
#12020 = EDGE_LOOP('',(#12021));
#12021 = ORIENTED_EDGE('',*,*,#9556,.T.);
#12022 = FACE_BOUND('',#12023,.T.);
#12023 = EDGE_LOOP('',(#12024));
#12024 = ORIENTED_EDGE('',*,*,#9502,.T.);
#12025 = FACE_BOUND('',#12026,.T.);
#12026 = EDGE_LOOP('',(#12027));
#12027 = ORIENTED_EDGE('',*,*,#9448,.T.);
#12028 = FACE_BOUND('',#12029,.T.);
#12029 = EDGE_LOOP('',(#12030));
#12030 = ORIENTED_EDGE('',*,*,#9394,.T.);
#12031 = FACE_BOUND('',#12032,.T.);
#12032 = EDGE_LOOP('',(#12033));
#12033 = ORIENTED_EDGE('',*,*,#9340,.T.);
#12034 = FACE_BOUND('',#12035,.T.);
#12035 = EDGE_LOOP('',(#12036));
#12036 = ORIENTED_EDGE('',*,*,#9286,.T.);
#12037 = FACE_BOUND('',#12038,.T.);
#12038 = EDGE_LOOP('',(#12039));
#12039 = ORIENTED_EDGE('',*,*,#9232,.T.);
#12040 = FACE_BOUND('',#12041,.T.);
#12041 = EDGE_LOOP('',(#12042));
#12042 = ORIENTED_EDGE('',*,*,#9178,.T.);
#12043 = FACE_BOUND('',#12044,.T.);
#12044 = EDGE_LOOP('',(#12045));
#12045 = ORIENTED_EDGE('',*,*,#8908,.T.);
#12046 = FACE_BOUND('',#12047,.T.);
#12047 = EDGE_LOOP('',(#12048));
#12048 = ORIENTED_EDGE('',*,*,#8854,.T.);
#12049 = FACE_BOUND('',#12050,.T.);
#12050 = EDGE_LOOP('',(#12051));
#12051 = ORIENTED_EDGE('',*,*,#8800,.T.);
#12052 = FACE_BOUND('',#12053,.T.);
#12053 = EDGE_LOOP('',(#12054));
#12054 = ORIENTED_EDGE('',*,*,#8746,.T.);
#12055 = FACE_BOUND('',#12056,.T.);
#12056 = EDGE_LOOP('',(#12057));
#12057 = ORIENTED_EDGE('',*,*,#8692,.T.);
#12058 = FACE_BOUND('',#12059,.T.);
#12059 = EDGE_LOOP('',(#12060));
#12060 = ORIENTED_EDGE('',*,*,#8368,.T.);
#12061 = FACE_BOUND('',#12062,.T.);
#12062 = EDGE_LOOP('',(#12063));
#12063 = ORIENTED_EDGE('',*,*,#8314,.T.);
#12064 = FACE_BOUND('',#12065,.T.);
#12065 = EDGE_LOOP('',(#12066));
#12066 = ORIENTED_EDGE('',*,*,#8260,.T.);
#12067 = FACE_BOUND('',#12068,.T.);
#12068 = EDGE_LOOP('',(#12069));
#12069 = ORIENTED_EDGE('',*,*,#8206,.T.);
#12070 = FACE_BOUND('',#12071,.T.);
#12071 = EDGE_LOOP('',(#12072));
#12072 = ORIENTED_EDGE('',*,*,#8152,.T.);
#12073 = FACE_BOUND('',#12074,.T.);
#12074 = EDGE_LOOP('',(#12075));
#12075 = ORIENTED_EDGE('',*,*,#8098,.T.);
#12076 = FACE_BOUND('',#12077,.T.);
#12077 = EDGE_LOOP('',(#12078));
#12078 = ORIENTED_EDGE('',*,*,#8044,.T.);
#12079 = FACE_BOUND('',#12080,.T.);
#12080 = EDGE_LOOP('',(#12081));
#12081 = ORIENTED_EDGE('',*,*,#7990,.T.);
#12082 = FACE_BOUND('',#12083,.T.);
#12083 = EDGE_LOOP('',(#12084));
#12084 = ORIENTED_EDGE('',*,*,#7936,.T.);
#12085 = FACE_BOUND('',#12086,.T.);
#12086 = EDGE_LOOP('',(#12087));
#12087 = ORIENTED_EDGE('',*,*,#7882,.T.);
#12088 = FACE_BOUND('',#12089,.T.);
#12089 = EDGE_LOOP('',(#12090));
#12090 = ORIENTED_EDGE('',*,*,#7828,.T.);
#12091 = FACE_BOUND('',#12092,.T.);
#12092 = EDGE_LOOP('',(#12093));
#12093 = ORIENTED_EDGE('',*,*,#7774,.T.);
#12094 = FACE_BOUND('',#12095,.T.);
#12095 = EDGE_LOOP('',(#12096));
#12096 = ORIENTED_EDGE('',*,*,#7715,.T.);
#12097 = ADVANCED_FACE('',(#12098,#12108),#10151,.F.);
#12098 = FACE_BOUND('',#12099,.F.);
#12099 = EDGE_LOOP('',(#12100,#12101,#12102,#12103,#12104,#12105,#12106,
    #12107));
#12100 = ORIENTED_EDGE('',*,*,#10190,.T.);
#12101 = ORIENTED_EDGE('',*,*,#10136,.T.);
#12102 = ORIENTED_EDGE('',*,*,#10217,.T.);
#12103 = ORIENTED_EDGE('',*,*,#10343,.T.);
#12104 = ORIENTED_EDGE('',*,*,#10419,.T.);
#12105 = ORIENTED_EDGE('',*,*,#10469,.T.);
#12106 = ORIENTED_EDGE('',*,*,#10392,.T.);
#12107 = ORIENTED_EDGE('',*,*,#10289,.F.);
#12108 = FACE_BOUND('',#12109,.F.);
#12109 = EDGE_LOOP('',(#12110,#12138,#12171,#12197));
#12110 = ORIENTED_EDGE('',*,*,#12111,.F.);
#12111 = EDGE_CURVE('',#12112,#12114,#12116,.T.);
#12112 = VERTEX_POINT('',#12113);
#12113 = CARTESIAN_POINT('',(78.,148.8,15.4));
#12114 = VERTEX_POINT('',#12115);
#12115 = CARTESIAN_POINT('',(72.,148.8,15.4));
#12116 = SURFACE_CURVE('',#12117,(#12121,#12127),.PCURVE_S1.);
#12117 = LINE('',#12118,#12119);
#12118 = CARTESIAN_POINT('',(73.5,148.8,15.4));
#12119 = VECTOR('',#12120,1.);
#12120 = DIRECTION('',(-1.,0.,-0.));
#12121 = PCURVE('',#10151,#12122);
#12122 = DEFINITIONAL_REPRESENTATION('',(#12123),#12126);
#12123 = B_SPLINE_CURVE_WITH_KNOTS('',1,(#12124,#12125),.UNSPECIFIED.,
  .F.,.F.,(2,2),(-4.5,1.5),.PIECEWISE_BEZIER_KNOTS.);
#12124 = CARTESIAN_POINT('',(-1.4,3.));
#12125 = CARTESIAN_POINT('',(-1.4,-3.));
#12126 = ( GEOMETRIC_REPRESENTATION_CONTEXT(2) 
PARAMETRIC_REPRESENTATION_CONTEXT() REPRESENTATION_CONTEXT('2D SPACE',''
  ) );
#12127 = PCURVE('',#12128,#12133);
#12128 = PLANE('',#12129);
#12129 = AXIS2_PLACEMENT_3D('',#12130,#12131,#12132);
#12130 = CARTESIAN_POINT('',(72.,151.,15.4));
#12131 = DIRECTION('',(-0.,0.,1.));
#12132 = DIRECTION('',(1.,0.,0.));
#12133 = DEFINITIONAL_REPRESENTATION('',(#12134),#12137);
#12134 = B_SPLINE_CURVE_WITH_KNOTS('',1,(#12135,#12136),.UNSPECIFIED.,
  .F.,.F.,(2,2),(-4.5,1.5),.PIECEWISE_BEZIER_KNOTS.);
#12135 = CARTESIAN_POINT('',(6.,-2.2));
#12136 = CARTESIAN_POINT('',(0.,-2.2));
#12137 = ( GEOMETRIC_REPRESENTATION_CONTEXT(2) 
PARAMETRIC_REPRESENTATION_CONTEXT() REPRESENTATION_CONTEXT('2D SPACE',''
  ) );
#12138 = ORIENTED_EDGE('',*,*,#12139,.T.);
#12139 = EDGE_CURVE('',#12112,#12140,#12142,.T.);
#12140 = VERTEX_POINT('',#12141);
#12141 = CARTESIAN_POINT('',(78.,148.8,12.6));
#12142 = SURFACE_CURVE('',#12143,(#12148,#12159),.PCURVE_S1.);
#12143 = CIRCLE('',#12144,1.4);
#12144 = AXIS2_PLACEMENT_3D('',#12145,#12146,#12147);
#12145 = CARTESIAN_POINT('',(78.,148.8,14.));
#12146 = DIRECTION('',(-0.,1.,0.));
#12147 = DIRECTION('',(3.172065784643E-16,0.,1.));
#12148 = PCURVE('',#10151,#12149);
#12149 = DEFINITIONAL_REPRESENTATION('',(#12150),#12158);
#12150 = ( BOUNDED_CURVE() B_SPLINE_CURVE(2,(#12151,#12152,#12153,#12154
    ,#12155,#12156,#12157),.UNSPECIFIED.,.T.,.F.) 
B_SPLINE_CURVE_WITH_KNOTS((1,2,2,2,2,1),(-2.094395102393,0.,
    2.094395102393,4.188790204786,6.28318530718,8.377580409573),
.UNSPECIFIED.) CURVE() GEOMETRIC_REPRESENTATION_ITEM() 
RATIONAL_B_SPLINE_CURVE((1.,0.5,1.,0.5,1.,0.5,1.)) REPRESENTATION_ITEM(
  '') );
#12151 = CARTESIAN_POINT('',(-1.4,3.));
#12152 = CARTESIAN_POINT('',(-1.4,5.424871130596));
#12153 = CARTESIAN_POINT('',(0.7,4.212435565298));
#12154 = CARTESIAN_POINT('',(2.8,3.));
#12155 = CARTESIAN_POINT('',(0.7,1.787564434702));
#12156 = CARTESIAN_POINT('',(-1.4,0.575128869404));
#12157 = CARTESIAN_POINT('',(-1.4,3.));
#12158 = ( GEOMETRIC_REPRESENTATION_CONTEXT(2) 
PARAMETRIC_REPRESENTATION_CONTEXT() REPRESENTATION_CONTEXT('2D SPACE',''
  ) );
#12159 = PCURVE('',#12160,#12165);
#12160 = CYLINDRICAL_SURFACE('',#12161,1.4);
#12161 = AXIS2_PLACEMENT_3D('',#12162,#12163,#12164);
#12162 = CARTESIAN_POINT('',(78.,151.,14.));
#12163 = DIRECTION('',(-0.,1.,0.));
#12164 = DIRECTION('',(3.172065784643E-16,0.,1.));
#12165 = DEFINITIONAL_REPRESENTATION('',(#12166),#12170);
#12166 = LINE('',#12167,#12168);
#12167 = CARTESIAN_POINT('',(0.,-2.2));
#12168 = VECTOR('',#12169,1.);
#12169 = DIRECTION('',(1.,0.));
#12170 = ( GEOMETRIC_REPRESENTATION_CONTEXT(2) 
PARAMETRIC_REPRESENTATION_CONTEXT() REPRESENTATION_CONTEXT('2D SPACE',''
  ) );
#12171 = ORIENTED_EDGE('',*,*,#12172,.F.);
#12172 = EDGE_CURVE('',#12173,#12140,#12175,.T.);
#12173 = VERTEX_POINT('',#12174);
#12174 = CARTESIAN_POINT('',(72.,148.8,12.6));
#12175 = SURFACE_CURVE('',#12176,(#12180,#12186),.PCURVE_S1.);
#12176 = LINE('',#12177,#12178);
#12177 = CARTESIAN_POINT('',(76.5,148.8,12.6));
#12178 = VECTOR('',#12179,1.);
#12179 = DIRECTION('',(1.,0.,0.));
#12180 = PCURVE('',#10151,#12181);
#12181 = DEFINITIONAL_REPRESENTATION('',(#12182),#12185);
#12182 = B_SPLINE_CURVE_WITH_KNOTS('',1,(#12183,#12184),.UNSPECIFIED.,
  .F.,.F.,(2,2),(-4.5,1.5),.PIECEWISE_BEZIER_KNOTS.);
#12183 = CARTESIAN_POINT('',(1.4,-3.));
#12184 = CARTESIAN_POINT('',(1.4,3.));
#12185 = ( GEOMETRIC_REPRESENTATION_CONTEXT(2) 
PARAMETRIC_REPRESENTATION_CONTEXT() REPRESENTATION_CONTEXT('2D SPACE',''
  ) );
#12186 = PCURVE('',#12187,#12192);
#12187 = PLANE('',#12188);
#12188 = AXIS2_PLACEMENT_3D('',#12189,#12190,#12191);
#12189 = CARTESIAN_POINT('',(78.,151.,12.6));
#12190 = DIRECTION('',(-0.,-0.,-1.));
#12191 = DIRECTION('',(-1.,0.,0.));
#12192 = DEFINITIONAL_REPRESENTATION('',(#12193),#12196);
#12193 = B_SPLINE_CURVE_WITH_KNOTS('',1,(#12194,#12195),.UNSPECIFIED.,
  .F.,.F.,(2,2),(-4.5,1.5),.PIECEWISE_BEZIER_KNOTS.);
#12194 = CARTESIAN_POINT('',(6.,-2.2));
#12195 = CARTESIAN_POINT('',(0.,-2.2));
#12196 = ( GEOMETRIC_REPRESENTATION_CONTEXT(2) 
PARAMETRIC_REPRESENTATION_CONTEXT() REPRESENTATION_CONTEXT('2D SPACE',''
  ) );
#12197 = ORIENTED_EDGE('',*,*,#12198,.T.);
#12198 = EDGE_CURVE('',#12173,#12114,#12199,.T.);
#12199 = SURFACE_CURVE('',#12200,(#12205,#12216),.PCURVE_S1.);
#12200 = CIRCLE('',#12201,1.4);
#12201 = AXIS2_PLACEMENT_3D('',#12202,#12203,#12204);
#12202 = CARTESIAN_POINT('',(72.,148.8,14.));
#12203 = DIRECTION('',(0.,1.,0.));
#12204 = DIRECTION('',(-3.172065784643E-16,0.,-1.));
#12205 = PCURVE('',#10151,#12206);
#12206 = DEFINITIONAL_REPRESENTATION('',(#12207),#12215);
#12207 = ( BOUNDED_CURVE() B_SPLINE_CURVE(2,(#12208,#12209,#12210,#12211
    ,#12212,#12213,#12214),.UNSPECIFIED.,.T.,.F.) 
B_SPLINE_CURVE_WITH_KNOTS((1,2,2,2,2,1),(-2.094395102393,0.,
    2.094395102393,4.188790204786,6.28318530718,8.377580409573),
.UNSPECIFIED.) CURVE() GEOMETRIC_REPRESENTATION_ITEM() 
RATIONAL_B_SPLINE_CURVE((1.,0.5,1.,0.5,1.,0.5,1.)) REPRESENTATION_ITEM(
  '') );
#12208 = CARTESIAN_POINT('',(1.4,-3.));
#12209 = CARTESIAN_POINT('',(1.4,-5.424871130596));
#12210 = CARTESIAN_POINT('',(-0.7,-4.212435565298));
#12211 = CARTESIAN_POINT('',(-2.8,-3.));
#12212 = CARTESIAN_POINT('',(-0.7,-1.787564434702));
#12213 = CARTESIAN_POINT('',(1.4,-0.575128869404));
#12214 = CARTESIAN_POINT('',(1.4,-3.));
#12215 = ( GEOMETRIC_REPRESENTATION_CONTEXT(2) 
PARAMETRIC_REPRESENTATION_CONTEXT() REPRESENTATION_CONTEXT('2D SPACE',''
  ) );
#12216 = PCURVE('',#12217,#12222);
#12217 = CYLINDRICAL_SURFACE('',#12218,1.4);
#12218 = AXIS2_PLACEMENT_3D('',#12219,#12220,#12221);
#12219 = CARTESIAN_POINT('',(72.,151.,14.));
#12220 = DIRECTION('',(0.,1.,0.));
#12221 = DIRECTION('',(-3.172065784643E-16,0.,-1.));
#12222 = DEFINITIONAL_REPRESENTATION('',(#12223),#12227);
#12223 = LINE('',#12224,#12225);
#12224 = CARTESIAN_POINT('',(0.,-2.2));
#12225 = VECTOR('',#12226,1.);
#12226 = DIRECTION('',(1.,0.));
#12227 = ( GEOMETRIC_REPRESENTATION_CONTEXT(2) 
PARAMETRIC_REPRESENTATION_CONTEXT() REPRESENTATION_CONTEXT('2D SPACE',''
  ) );
#12228 = ADVANCED_FACE('',(#12229),#10564,.T.);
#12229 = FACE_BOUND('',#12230,.T.);
#12230 = EDGE_LOOP('',(#12231,#12232,#12233,#12234,#12235,#12236,#12237,
    #12238,#12239,#12260,#12261,#12285,#12313,#12335,#12336,#12360,
    #12388,#12414,#12415,#12434));
#12231 = ORIENTED_EDGE('',*,*,#10624,.F.);
#12232 = ORIENTED_EDGE('',*,*,#10548,.T.);
#12233 = ORIENTED_EDGE('',*,*,#10678,.T.);
#12234 = ORIENTED_EDGE('',*,*,#10986,.T.);
#12235 = ORIENTED_EDGE('',*,*,#11107,.T.);
#12236 = ORIENTED_EDGE('',*,*,#11135,.T.);
#12237 = ORIENTED_EDGE('',*,*,#11035,.T.);
#12238 = ORIENTED_EDGE('',*,*,#10728,.T.);
#12239 = ORIENTED_EDGE('',*,*,#12240,.T.);
#12240 = EDGE_CURVE('',#10729,#11191,#12241,.T.);
#12241 = SURFACE_CURVE('',#12242,(#12246,#12253),.PCURVE_S1.);
#12242 = LINE('',#12243,#12244);
#12243 = CARTESIAN_POINT('',(-1.,85.160254037844,27.));
#12244 = VECTOR('',#12245,1.);
#12245 = DIRECTION('',(1.,0.,0.));
#12246 = PCURVE('',#10564,#12247);
#12247 = DEFINITIONAL_REPRESENTATION('',(#12248),#12252);
#12248 = LINE('',#12249,#12250);
#12249 = CARTESIAN_POINT('',(-76.,10.160254037844));
#12250 = VECTOR('',#12251,1.);
#12251 = DIRECTION('',(1.,0.));
#12252 = ( GEOMETRIC_REPRESENTATION_CONTEXT(2) 
PARAMETRIC_REPRESENTATION_CONTEXT() REPRESENTATION_CONTEXT('2D SPACE',''
  ) );
#12253 = PCURVE('',#10772,#12254);
#12254 = DEFINITIONAL_REPRESENTATION('',(#12255),#12259);
#12255 = LINE('',#12256,#12257);
#12256 = CARTESIAN_POINT('',(-6.28318530718,0.));
#12257 = VECTOR('',#12258,1.);
#12258 = DIRECTION('',(-0.,-1.));
#12259 = ( GEOMETRIC_REPRESENTATION_CONTEXT(2) 
PARAMETRIC_REPRESENTATION_CONTEXT() REPRESENTATION_CONTEXT('2D SPACE',''
  ) );
#12260 = ORIENTED_EDGE('',*,*,#11190,.F.);
#12261 = ORIENTED_EDGE('',*,*,#12262,.F.);
#12262 = EDGE_CURVE('',#12263,#11161,#12265,.T.);
#12263 = VERTEX_POINT('',#12264);
#12264 = CARTESIAN_POINT('',(8.,147.5,27.));
#12265 = SURFACE_CURVE('',#12266,(#12271,#12278),.PCURVE_S1.);
#12266 = CIRCLE('',#12267,5.5);
#12267 = AXIS2_PLACEMENT_3D('',#12268,#12269,#12270);
#12268 = CARTESIAN_POINT('',(8.,142.,27.));
#12269 = DIRECTION('',(0.,0.,1.));
#12270 = DIRECTION('',(0.,-1.,0.));
#12271 = PCURVE('',#10564,#12272);
#12272 = DEFINITIONAL_REPRESENTATION('',(#12273),#12277);
#12273 = CIRCLE('',#12274,5.5);
#12274 = AXIS2_PLACEMENT_2D('',#12275,#12276);
#12275 = CARTESIAN_POINT('',(-67.,67.));
#12276 = DIRECTION('',(0.,-1.));
#12277 = ( GEOMETRIC_REPRESENTATION_CONTEXT(2) 
PARAMETRIC_REPRESENTATION_CONTEXT() REPRESENTATION_CONTEXT('2D SPACE',''
  ) );
#12278 = PCURVE('',#11178,#12279);
#12279 = DEFINITIONAL_REPRESENTATION('',(#12280),#12284);
#12280 = LINE('',#12281,#12282);
#12281 = CARTESIAN_POINT('',(-3.14159265359,3.));
#12282 = VECTOR('',#12283,1.);
#12283 = DIRECTION('',(1.,0.));
#12284 = ( GEOMETRIC_REPRESENTATION_CONTEXT(2) 
PARAMETRIC_REPRESENTATION_CONTEXT() REPRESENTATION_CONTEXT('2D SPACE',''
  ) );
#12285 = ORIENTED_EDGE('',*,*,#12286,.F.);
#12286 = EDGE_CURVE('',#12287,#12263,#12289,.T.);
#12287 = VERTEX_POINT('',#12288);
#12288 = CARTESIAN_POINT('',(142.,147.5,27.));
#12289 = SURFACE_CURVE('',#12290,(#12294,#12301),.PCURVE_S1.);
#12290 = LINE('',#12291,#12292);
#12291 = CARTESIAN_POINT('',(147.5,147.5,27.));
#12292 = VECTOR('',#12293,1.);
#12293 = DIRECTION('',(-1.,0.,0.));
#12294 = PCURVE('',#10564,#12295);
#12295 = DEFINITIONAL_REPRESENTATION('',(#12296),#12300);
#12296 = LINE('',#12297,#12298);
#12297 = CARTESIAN_POINT('',(72.5,72.5));
#12298 = VECTOR('',#12299,1.);
#12299 = DIRECTION('',(-1.,0.));
#12300 = ( GEOMETRIC_REPRESENTATION_CONTEXT(2) 
PARAMETRIC_REPRESENTATION_CONTEXT() REPRESENTATION_CONTEXT('2D SPACE',''
  ) );
#12301 = PCURVE('',#12302,#12307);
#12302 = PLANE('',#12303);
#12303 = AXIS2_PLACEMENT_3D('',#12304,#12305,#12306);
#12304 = CARTESIAN_POINT('',(147.5,147.5,24.));
#12305 = DIRECTION('',(0.,-1.,0.));
#12306 = DIRECTION('',(-1.,0.,0.));
#12307 = DEFINITIONAL_REPRESENTATION('',(#12308),#12312);
#12308 = LINE('',#12309,#12310);
#12309 = CARTESIAN_POINT('',(0.,-3.));
#12310 = VECTOR('',#12311,1.);
#12311 = DIRECTION('',(1.,0.));
#12312 = ( GEOMETRIC_REPRESENTATION_CONTEXT(2) 
PARAMETRIC_REPRESENTATION_CONTEXT() REPRESENTATION_CONTEXT('2D SPACE',''
  ) );
#12313 = ORIENTED_EDGE('',*,*,#12314,.F.);
#12314 = EDGE_CURVE('',#11901,#12287,#12315,.T.);
#12315 = SURFACE_CURVE('',#12316,(#12321,#12328),.PCURVE_S1.);
#12316 = CIRCLE('',#12317,5.5);
#12317 = AXIS2_PLACEMENT_3D('',#12318,#12319,#12320);
#12318 = CARTESIAN_POINT('',(142.,142.,27.));
#12319 = DIRECTION('',(0.,0.,1.));
#12320 = DIRECTION('',(0.,-1.,0.));
#12321 = PCURVE('',#10564,#12322);
#12322 = DEFINITIONAL_REPRESENTATION('',(#12323),#12327);
#12323 = CIRCLE('',#12324,5.5);
#12324 = AXIS2_PLACEMENT_2D('',#12325,#12326);
#12325 = CARTESIAN_POINT('',(67.,67.));
#12326 = DIRECTION('',(0.,-1.));
#12327 = ( GEOMETRIC_REPRESENTATION_CONTEXT(2) 
PARAMETRIC_REPRESENTATION_CONTEXT() REPRESENTATION_CONTEXT('2D SPACE',''
  ) );
#12328 = PCURVE('',#11939,#12329);
#12329 = DEFINITIONAL_REPRESENTATION('',(#12330),#12334);
#12330 = LINE('',#12331,#12332);
#12331 = CARTESIAN_POINT('',(-1.570796326795,3.));
#12332 = VECTOR('',#12333,1.);
#12333 = DIRECTION('',(1.,0.));
#12334 = ( GEOMETRIC_REPRESENTATION_CONTEXT(2) 
PARAMETRIC_REPRESENTATION_CONTEXT() REPRESENTATION_CONTEXT('2D SPACE',''
  ) );
#12335 = ORIENTED_EDGE('',*,*,#11900,.F.);
#12336 = ORIENTED_EDGE('',*,*,#12337,.F.);
#12337 = EDGE_CURVE('',#12338,#11871,#12340,.T.);
#12338 = VERTEX_POINT('',#12339);
#12339 = CARTESIAN_POINT('',(142.,2.5,27.));
#12340 = SURFACE_CURVE('',#12341,(#12346,#12353),.PCURVE_S1.);
#12341 = CIRCLE('',#12342,5.5);
#12342 = AXIS2_PLACEMENT_3D('',#12343,#12344,#12345);
#12343 = CARTESIAN_POINT('',(142.,8.,27.));
#12344 = DIRECTION('',(0.,0.,1.));
#12345 = DIRECTION('',(0.,-1.,0.));
#12346 = PCURVE('',#10564,#12347);
#12347 = DEFINITIONAL_REPRESENTATION('',(#12348),#12352);
#12348 = CIRCLE('',#12349,5.5);
#12349 = AXIS2_PLACEMENT_2D('',#12350,#12351);
#12350 = CARTESIAN_POINT('',(67.,-67.));
#12351 = DIRECTION('',(0.,-1.));
#12352 = ( GEOMETRIC_REPRESENTATION_CONTEXT(2) 
PARAMETRIC_REPRESENTATION_CONTEXT() REPRESENTATION_CONTEXT('2D SPACE',''
  ) );
#12353 = PCURVE('',#11888,#12354);
#12354 = DEFINITIONAL_REPRESENTATION('',(#12355),#12359);
#12355 = LINE('',#12356,#12357);
#12356 = CARTESIAN_POINT('',(0.,3.));
#12357 = VECTOR('',#12358,1.);
#12358 = DIRECTION('',(1.,0.));
#12359 = ( GEOMETRIC_REPRESENTATION_CONTEXT(2) 
PARAMETRIC_REPRESENTATION_CONTEXT() REPRESENTATION_CONTEXT('2D SPACE',''
  ) );
#12360 = ORIENTED_EDGE('',*,*,#12361,.F.);
#12361 = EDGE_CURVE('',#12362,#12338,#12364,.T.);
#12362 = VERTEX_POINT('',#12363);
#12363 = CARTESIAN_POINT('',(8.,2.5,27.));
#12364 = SURFACE_CURVE('',#12365,(#12369,#12376),.PCURVE_S1.);
#12365 = LINE('',#12366,#12367);
#12366 = CARTESIAN_POINT('',(2.5,2.5,27.));
#12367 = VECTOR('',#12368,1.);
#12368 = DIRECTION('',(1.,0.,0.));
#12369 = PCURVE('',#10564,#12370);
#12370 = DEFINITIONAL_REPRESENTATION('',(#12371),#12375);
#12371 = LINE('',#12372,#12373);
#12372 = CARTESIAN_POINT('',(-72.5,-72.5));
#12373 = VECTOR('',#12374,1.);
#12374 = DIRECTION('',(1.,0.));
#12375 = ( GEOMETRIC_REPRESENTATION_CONTEXT(2) 
PARAMETRIC_REPRESENTATION_CONTEXT() REPRESENTATION_CONTEXT('2D SPACE',''
  ) );
#12376 = PCURVE('',#12377,#12382);
#12377 = PLANE('',#12378);
#12378 = AXIS2_PLACEMENT_3D('',#12379,#12380,#12381);
#12379 = CARTESIAN_POINT('',(2.5,2.5,24.));
#12380 = DIRECTION('',(0.,1.,0.));
#12381 = DIRECTION('',(1.,0.,0.));
#12382 = DEFINITIONAL_REPRESENTATION('',(#12383),#12387);
#12383 = LINE('',#12384,#12385);
#12384 = CARTESIAN_POINT('',(0.,-3.));
#12385 = VECTOR('',#12386,1.);
#12386 = DIRECTION('',(1.,0.));
#12387 = ( GEOMETRIC_REPRESENTATION_CONTEXT(2) 
PARAMETRIC_REPRESENTATION_CONTEXT() REPRESENTATION_CONTEXT('2D SPACE',''
  ) );
#12388 = ORIENTED_EDGE('',*,*,#12389,.T.);
#12389 = EDGE_CURVE('',#12362,#11395,#12390,.T.);
#12390 = SURFACE_CURVE('',#12391,(#12396,#12407),.PCURVE_S1.);
#12391 = CIRCLE('',#12392,5.5);
#12392 = AXIS2_PLACEMENT_3D('',#12393,#12394,#12395);
#12393 = CARTESIAN_POINT('',(8.,8.,27.));
#12394 = DIRECTION('',(-0.,-0.,-1.));
#12395 = DIRECTION('',(0.,-1.,0.));
#12396 = PCURVE('',#10564,#12397);
#12397 = DEFINITIONAL_REPRESENTATION('',(#12398),#12406);
#12398 = ( BOUNDED_CURVE() B_SPLINE_CURVE(2,(#12399,#12400,#12401,#12402
    ,#12403,#12404,#12405),.UNSPECIFIED.,.T.,.F.) 
B_SPLINE_CURVE_WITH_KNOTS((1,2,2,2,2,1),(-2.094395102393,0.,
    2.094395102393,4.188790204786,6.28318530718,8.377580409573),
.UNSPECIFIED.) CURVE() GEOMETRIC_REPRESENTATION_ITEM() 
RATIONAL_B_SPLINE_CURVE((1.,0.5,1.,0.5,1.,0.5,1.)) REPRESENTATION_ITEM(
  '') );
#12399 = CARTESIAN_POINT('',(-67.,-72.5));
#12400 = CARTESIAN_POINT('',(-76.52627944162,-72.5));
#12401 = CARTESIAN_POINT('',(-71.76313972081,-64.25));
#12402 = CARTESIAN_POINT('',(-67.,-56.));
#12403 = CARTESIAN_POINT('',(-62.23686027918,-64.25));
#12404 = CARTESIAN_POINT('',(-57.47372055837,-72.5));
#12405 = CARTESIAN_POINT('',(-67.,-72.5));
#12406 = ( GEOMETRIC_REPRESENTATION_CONTEXT(2) 
PARAMETRIC_REPRESENTATION_CONTEXT() REPRESENTATION_CONTEXT('2D SPACE',''
  ) );
#12407 = PCURVE('',#11433,#12408);
#12408 = DEFINITIONAL_REPRESENTATION('',(#12409),#12413);
#12409 = LINE('',#12410,#12411);
#12410 = CARTESIAN_POINT('',(-0.,3.));
#12411 = VECTOR('',#12412,1.);
#12412 = DIRECTION('',(-1.,0.));
#12413 = ( GEOMETRIC_REPRESENTATION_CONTEXT(2) 
PARAMETRIC_REPRESENTATION_CONTEXT() REPRESENTATION_CONTEXT('2D SPACE',''
  ) );
#12414 = ORIENTED_EDGE('',*,*,#11394,.F.);
#12415 = ORIENTED_EDGE('',*,*,#12416,.T.);
#12416 = EDGE_CURVE('',#11367,#10927,#12417,.T.);
#12417 = SURFACE_CURVE('',#12418,(#12422,#12428),.PCURVE_S1.);
#12418 = LINE('',#12419,#12420);
#12419 = CARTESIAN_POINT('',(-1.,64.839745962156,27.));
#12420 = VECTOR('',#12421,1.);
#12421 = DIRECTION('',(-1.,-0.,-0.));
#12422 = PCURVE('',#10564,#12423);
#12423 = DEFINITIONAL_REPRESENTATION('',(#12424),#12427);
#12424 = B_SPLINE_CURVE_WITH_KNOTS('',1,(#12425,#12426),.UNSPECIFIED.,
  .F.,.F.,(2,2),(-4.5000006,5.999999999062E-07),
  .PIECEWISE_BEZIER_KNOTS.);
#12425 = CARTESIAN_POINT('',(-71.4999994,-10.16025403784));
#12426 = CARTESIAN_POINT('',(-76.0000006,-10.16025403784));
#12427 = ( GEOMETRIC_REPRESENTATION_CONTEXT(2) 
PARAMETRIC_REPRESENTATION_CONTEXT() REPRESENTATION_CONTEXT('2D SPACE',''
  ) );
#12428 = PCURVE('',#10947,#12429);
#12429 = DEFINITIONAL_REPRESENTATION('',(#12430),#12433);
#12430 = B_SPLINE_CURVE_WITH_KNOTS('',1,(#12431,#12432),.UNSPECIFIED.,
  .F.,.F.,(2,2),(-4.5000006,5.999999999062E-07),
  .PIECEWISE_BEZIER_KNOTS.);
#12431 = CARTESIAN_POINT('',(-3.14159265359,-4.5000006));
#12432 = CARTESIAN_POINT('',(-3.14159265359,5.999999999062E-07));
#12433 = ( GEOMETRIC_REPRESENTATION_CONTEXT(2) 
PARAMETRIC_REPRESENTATION_CONTEXT() REPRESENTATION_CONTEXT('2D SPACE',''
  ) );
#12434 = ORIENTED_EDGE('',*,*,#10959,.T.);
#12435 = ADVANCED_FACE('',(#12436),#10772,.F.);
#12436 = FACE_BOUND('',#12437,.T.);
#12437 = EDGE_LOOP('',(#12438,#12439,#12440,#12459));
#12438 = ORIENTED_EDGE('',*,*,#12240,.F.);
#12439 = ORIENTED_EDGE('',*,*,#10751,.T.);
#12440 = ORIENTED_EDGE('',*,*,#12441,.F.);
#12441 = EDGE_CURVE('',#11214,#10752,#12442,.T.);
#12442 = SURFACE_CURVE('',#12443,(#12447,#12453),.PCURVE_S1.);
#12443 = LINE('',#12444,#12445);
#12444 = CARTESIAN_POINT('',(-1.,82.160254037844,27.));
#12445 = VECTOR('',#12446,1.);
#12446 = DIRECTION('',(-1.,-0.,-0.));
#12447 = PCURVE('',#10772,#12448);
#12448 = DEFINITIONAL_REPRESENTATION('',(#12449),#12452);
#12449 = B_SPLINE_CURVE_WITH_KNOTS('',1,(#12450,#12451),.UNSPECIFIED.,
  .F.,.F.,(2,2),(-4.5000006,5.999999999062E-07),
  .PIECEWISE_BEZIER_KNOTS.);
#12450 = CARTESIAN_POINT('',(-3.14159265359,-4.5000006));
#12451 = CARTESIAN_POINT('',(-3.14159265359,5.999999999062E-07));
#12452 = ( GEOMETRIC_REPRESENTATION_CONTEXT(2) 
PARAMETRIC_REPRESENTATION_CONTEXT() REPRESENTATION_CONTEXT('2D SPACE',''
  ) );
#12453 = PCURVE('',#10800,#12454);
#12454 = DEFINITIONAL_REPRESENTATION('',(#12455),#12458);
#12455 = B_SPLINE_CURVE_WITH_KNOTS('',1,(#12456,#12457),.UNSPECIFIED.,
  .F.,.F.,(2,2),(-4.5000006,5.999999999062E-07),
  .PIECEWISE_BEZIER_KNOTS.);
#12456 = CARTESIAN_POINT('',(-71.4999994,7.160254037844));
#12457 = CARTESIAN_POINT('',(-76.0000006,7.160254037844));
#12458 = ( GEOMETRIC_REPRESENTATION_CONTEXT(2) 
PARAMETRIC_REPRESENTATION_CONTEXT() REPRESENTATION_CONTEXT('2D SPACE',''
  ) );
#12459 = ORIENTED_EDGE('',*,*,#11213,.F.);
#12460 = ADVANCED_FACE('',(#12461),#10800,.T.);
#12461 = FACE_BOUND('',#12462,.T.);
#12462 = EDGE_LOOP('',(#12463,#12464,#12483,#12484));
#12463 = ORIENTED_EDGE('',*,*,#10784,.T.);
#12464 = ORIENTED_EDGE('',*,*,#12465,.F.);
#12465 = EDGE_CURVE('',#11242,#10785,#12466,.T.);
#12466 = SURFACE_CURVE('',#12467,(#12471,#12477),.PCURVE_S1.);
#12467 = LINE('',#12468,#12469);
#12468 = CARTESIAN_POINT('',(-1.,79.23118101802,27.));
#12469 = VECTOR('',#12470,1.);
#12470 = DIRECTION('',(-1.,-0.,-0.));
#12471 = PCURVE('',#10800,#12472);
#12472 = DEFINITIONAL_REPRESENTATION('',(#12473),#12476);
#12473 = B_SPLINE_CURVE_WITH_KNOTS('',1,(#12474,#12475),.UNSPECIFIED.,
  .F.,.F.,(2,2),(-4.5000006,5.999999999062E-07),
  .PIECEWISE_BEZIER_KNOTS.);
#12474 = CARTESIAN_POINT('',(-71.4999994,4.23118101802));
#12475 = CARTESIAN_POINT('',(-76.0000006,4.23118101802));
#12476 = ( GEOMETRIC_REPRESENTATION_CONTEXT(2) 
PARAMETRIC_REPRESENTATION_CONTEXT() REPRESENTATION_CONTEXT('2D SPACE',''
  ) );
#12477 = PCURVE('',#10829,#12478);
#12478 = DEFINITIONAL_REPRESENTATION('',(#12479),#12482);
#12479 = B_SPLINE_CURVE_WITH_KNOTS('',1,(#12480,#12481),.UNSPECIFIED.,
  .F.,.F.,(2,2),(-3.5,-2.25),.PIECEWISE_BEZIER_KNOTS.);
#12480 = CARTESIAN_POINT('',(-6.441755857691,-3.5));
#12481 = CARTESIAN_POINT('',(-6.441755857691,-2.25));
#12482 = ( GEOMETRIC_REPRESENTATION_CONTEXT(2) 
PARAMETRIC_REPRESENTATION_CONTEXT() REPRESENTATION_CONTEXT('2D SPACE',''
  ) );
#12483 = ORIENTED_EDGE('',*,*,#11241,.F.);
#12484 = ORIENTED_EDGE('',*,*,#12441,.T.);
#12485 = ADVANCED_FACE('',(#12486),#10829,.F.);
#12486 = FACE_BOUND('',#12487,.T.);
#12487 = EDGE_LOOP('',(#12488,#12489,#12490,#12491));
#12488 = ORIENTED_EDGE('',*,*,#11264,.F.);
#12489 = ORIENTED_EDGE('',*,*,#12465,.T.);
#12490 = ORIENTED_EDGE('',*,*,#10812,.F.);
#12491 = ORIENTED_EDGE('',*,*,#12492,.F.);
#12492 = EDGE_CURVE('',#11265,#10813,#12493,.T.);
#12493 = SURFACE_CURVE('',#12494,(#12498,#12504),.PCURVE_S1.);
#12494 = LINE('',#12495,#12496);
#12495 = CARTESIAN_POINT('',(-1.,76.26881898198,27.));
#12496 = VECTOR('',#12497,1.);
#12497 = DIRECTION('',(-1.,-0.,-0.));
#12498 = PCURVE('',#10829,#12499);
#12499 = DEFINITIONAL_REPRESENTATION('',(#12500),#12503);
#12500 = B_SPLINE_CURVE_WITH_KNOTS('',1,(#12501,#12502),.UNSPECIFIED.,
  .F.,.F.,(2,2),(-3.5,-2.25),.PIECEWISE_BEZIER_KNOTS.);
#12501 = CARTESIAN_POINT('',(-2.983022103078,-3.5));
#12502 = CARTESIAN_POINT('',(-2.983022103078,-2.25));
#12503 = ( GEOMETRIC_REPRESENTATION_CONTEXT(2) 
PARAMETRIC_REPRESENTATION_CONTEXT() REPRESENTATION_CONTEXT('2D SPACE',''
  ) );
#12504 = PCURVE('',#10857,#12505);
#12505 = DEFINITIONAL_REPRESENTATION('',(#12506),#12509);
#12506 = B_SPLINE_CURVE_WITH_KNOTS('',1,(#12507,#12508),.UNSPECIFIED.,
  .F.,.F.,(2,2),(-4.5000006,5.999999999062E-07),
  .PIECEWISE_BEZIER_KNOTS.);
#12507 = CARTESIAN_POINT('',(-71.4999994,1.26881898198));
#12508 = CARTESIAN_POINT('',(-76.0000006,1.26881898198));
#12509 = ( GEOMETRIC_REPRESENTATION_CONTEXT(2) 
PARAMETRIC_REPRESENTATION_CONTEXT() REPRESENTATION_CONTEXT('2D SPACE',''
  ) );
#12510 = ADVANCED_FACE('',(#12511),#10857,.T.);
#12511 = FACE_BOUND('',#12512,.T.);
#12512 = EDGE_LOOP('',(#12513,#12514,#12533,#12534));
#12513 = ORIENTED_EDGE('',*,*,#10841,.T.);
#12514 = ORIENTED_EDGE('',*,*,#12515,.F.);
#12515 = EDGE_CURVE('',#11293,#10842,#12516,.T.);
#12516 = SURFACE_CURVE('',#12517,(#12521,#12527),.PCURVE_S1.);
#12517 = LINE('',#12518,#12519);
#12518 = CARTESIAN_POINT('',(-1.,73.73118101802,27.));
#12519 = VECTOR('',#12520,1.);
#12520 = DIRECTION('',(-1.,-0.,-0.));
#12521 = PCURVE('',#10857,#12522);
#12522 = DEFINITIONAL_REPRESENTATION('',(#12523),#12526);
#12523 = B_SPLINE_CURVE_WITH_KNOTS('',1,(#12524,#12525),.UNSPECIFIED.,
  .F.,.F.,(2,2),(-4.5000006,5.999999999062E-07),
  .PIECEWISE_BEZIER_KNOTS.);
#12524 = CARTESIAN_POINT('',(-71.4999994,-1.26881898198));
#12525 = CARTESIAN_POINT('',(-76.0000006,-1.26881898198));
#12526 = ( GEOMETRIC_REPRESENTATION_CONTEXT(2) 
PARAMETRIC_REPRESENTATION_CONTEXT() REPRESENTATION_CONTEXT('2D SPACE',''
  ) );
#12527 = PCURVE('',#10886,#12528);
#12528 = DEFINITIONAL_REPRESENTATION('',(#12529),#12532);
#12529 = B_SPLINE_CURVE_WITH_KNOTS('',1,(#12530,#12531),.UNSPECIFIED.,
  .F.,.F.,(2,2),(-3.5,-2.25),.PIECEWISE_BEZIER_KNOTS.);
#12530 = CARTESIAN_POINT('',(-6.441755857691,-3.5));
#12531 = CARTESIAN_POINT('',(-6.441755857691,-2.25));
#12532 = ( GEOMETRIC_REPRESENTATION_CONTEXT(2) 
PARAMETRIC_REPRESENTATION_CONTEXT() REPRESENTATION_CONTEXT('2D SPACE',''
  ) );
#12533 = ORIENTED_EDGE('',*,*,#11292,.F.);
#12534 = ORIENTED_EDGE('',*,*,#12492,.T.);
#12535 = ADVANCED_FACE('',(#12536),#10886,.F.);
#12536 = FACE_BOUND('',#12537,.T.);
#12537 = EDGE_LOOP('',(#12538,#12539,#12540,#12541));
#12538 = ORIENTED_EDGE('',*,*,#11315,.F.);
#12539 = ORIENTED_EDGE('',*,*,#12515,.T.);
#12540 = ORIENTED_EDGE('',*,*,#10869,.F.);
#12541 = ORIENTED_EDGE('',*,*,#12542,.F.);
#12542 = EDGE_CURVE('',#11316,#10870,#12543,.T.);
#12543 = SURFACE_CURVE('',#12544,(#12548,#12554),.PCURVE_S1.);
#12544 = LINE('',#12545,#12546);
#12545 = CARTESIAN_POINT('',(-1.,70.76881898198,27.));
#12546 = VECTOR('',#12547,1.);
#12547 = DIRECTION('',(-1.,-0.,-0.));
#12548 = PCURVE('',#10886,#12549);
#12549 = DEFINITIONAL_REPRESENTATION('',(#12550),#12553);
#12550 = B_SPLINE_CURVE_WITH_KNOTS('',1,(#12551,#12552),.UNSPECIFIED.,
  .F.,.F.,(2,2),(-3.5,-2.25),.PIECEWISE_BEZIER_KNOTS.);
#12551 = CARTESIAN_POINT('',(-2.983022103078,-3.5));
#12552 = CARTESIAN_POINT('',(-2.983022103078,-2.25));
#12553 = ( GEOMETRIC_REPRESENTATION_CONTEXT(2) 
PARAMETRIC_REPRESENTATION_CONTEXT() REPRESENTATION_CONTEXT('2D SPACE',''
  ) );
#12554 = PCURVE('',#10914,#12555);
#12555 = DEFINITIONAL_REPRESENTATION('',(#12556),#12559);
#12556 = B_SPLINE_CURVE_WITH_KNOTS('',1,(#12557,#12558),.UNSPECIFIED.,
  .F.,.F.,(2,2),(-4.5000006,5.999999999062E-07),
  .PIECEWISE_BEZIER_KNOTS.);
#12557 = CARTESIAN_POINT('',(-71.4999994,-4.23118101802));
#12558 = CARTESIAN_POINT('',(-76.0000006,-4.23118101802));
#12559 = ( GEOMETRIC_REPRESENTATION_CONTEXT(2) 
PARAMETRIC_REPRESENTATION_CONTEXT() REPRESENTATION_CONTEXT('2D SPACE',''
  ) );
#12560 = ADVANCED_FACE('',(#12561),#10914,.T.);
#12561 = FACE_BOUND('',#12562,.T.);
#12562 = EDGE_LOOP('',(#12563,#12564,#12585,#12586));
#12563 = ORIENTED_EDGE('',*,*,#10898,.T.);
#12564 = ORIENTED_EDGE('',*,*,#12565,.T.);
#12565 = EDGE_CURVE('',#10899,#11344,#12566,.T.);
#12566 = SURFACE_CURVE('',#12567,(#12571,#12578),.PCURVE_S1.);
#12567 = LINE('',#12568,#12569);
#12568 = CARTESIAN_POINT('',(-1.,67.839745962156,27.));
#12569 = VECTOR('',#12570,1.);
#12570 = DIRECTION('',(1.,0.,0.));
#12571 = PCURVE('',#10914,#12572);
#12572 = DEFINITIONAL_REPRESENTATION('',(#12573),#12577);
#12573 = LINE('',#12574,#12575);
#12574 = CARTESIAN_POINT('',(-76.,-7.160254037844));
#12575 = VECTOR('',#12576,1.);
#12576 = DIRECTION('',(1.,0.));
#12577 = ( GEOMETRIC_REPRESENTATION_CONTEXT(2) 
PARAMETRIC_REPRESENTATION_CONTEXT() REPRESENTATION_CONTEXT('2D SPACE',''
  ) );
#12578 = PCURVE('',#10947,#12579);
#12579 = DEFINITIONAL_REPRESENTATION('',(#12580),#12584);
#12580 = LINE('',#12581,#12582);
#12581 = CARTESIAN_POINT('',(-6.28318530718,0.));
#12582 = VECTOR('',#12583,1.);
#12583 = DIRECTION('',(-0.,-1.));
#12584 = ( GEOMETRIC_REPRESENTATION_CONTEXT(2) 
PARAMETRIC_REPRESENTATION_CONTEXT() REPRESENTATION_CONTEXT('2D SPACE',''
  ) );
#12585 = ORIENTED_EDGE('',*,*,#11343,.F.);
#12586 = ORIENTED_EDGE('',*,*,#12542,.T.);
#12587 = ADVANCED_FACE('',(#12588),#10947,.F.);
#12588 = FACE_BOUND('',#12589,.T.);
#12589 = EDGE_LOOP('',(#12590,#12591,#12592,#12593));
#12590 = ORIENTED_EDGE('',*,*,#12565,.F.);
#12591 = ORIENTED_EDGE('',*,*,#10926,.T.);
#12592 = ORIENTED_EDGE('',*,*,#12416,.F.);
#12593 = ORIENTED_EDGE('',*,*,#11366,.F.);
#12594 = ADVANCED_FACE('',(#12595),#11178,.F.);
#12595 = FACE_BOUND('',#12596,.F.);
#12596 = EDGE_LOOP('',(#12597,#12620,#12642,#12643));
#12597 = ORIENTED_EDGE('',*,*,#12598,.T.);
#12598 = EDGE_CURVE('',#12263,#12599,#12601,.T.);
#12599 = VERTEX_POINT('',#12600);
#12600 = CARTESIAN_POINT('',(8.,147.5,2.5));
#12601 = SURFACE_CURVE('',#12602,(#12606,#12613),.PCURVE_S1.);
#12602 = LINE('',#12603,#12604);
#12603 = CARTESIAN_POINT('',(8.,147.5,27.));
#12604 = VECTOR('',#12605,1.);
#12605 = DIRECTION('',(0.,0.,-1.));
#12606 = PCURVE('',#11178,#12607);
#12607 = DEFINITIONAL_REPRESENTATION('',(#12608),#12612);
#12608 = LINE('',#12609,#12610);
#12609 = CARTESIAN_POINT('',(0.,3.));
#12610 = VECTOR('',#12611,1.);
#12611 = DIRECTION('',(-0.,-1.));
#12612 = ( GEOMETRIC_REPRESENTATION_CONTEXT(2) 
PARAMETRIC_REPRESENTATION_CONTEXT() REPRESENTATION_CONTEXT('2D SPACE',''
  ) );
#12613 = PCURVE('',#12302,#12614);
#12614 = DEFINITIONAL_REPRESENTATION('',(#12615),#12619);
#12615 = LINE('',#12616,#12617);
#12616 = CARTESIAN_POINT('',(139.5,-3.));
#12617 = VECTOR('',#12618,1.);
#12618 = DIRECTION('',(0.,1.));
#12619 = ( GEOMETRIC_REPRESENTATION_CONTEXT(2) 
PARAMETRIC_REPRESENTATION_CONTEXT() REPRESENTATION_CONTEXT('2D SPACE',''
  ) );
#12620 = ORIENTED_EDGE('',*,*,#12621,.T.);
#12621 = EDGE_CURVE('',#12599,#11163,#12622,.T.);
#12622 = SURFACE_CURVE('',#12623,(#12628,#12635),.PCURVE_S1.);
#12623 = CIRCLE('',#12624,5.5);
#12624 = AXIS2_PLACEMENT_3D('',#12625,#12626,#12627);
#12625 = CARTESIAN_POINT('',(8.,142.,2.5));
#12626 = DIRECTION('',(0.,0.,1.));
#12627 = DIRECTION('',(-0.,1.,0.));
#12628 = PCURVE('',#11178,#12629);
#12629 = DEFINITIONAL_REPRESENTATION('',(#12630),#12634);
#12630 = LINE('',#12631,#12632);
#12631 = CARTESIAN_POINT('',(0.,-21.5));
#12632 = VECTOR('',#12633,1.);
#12633 = DIRECTION('',(1.,0.));
#12634 = ( GEOMETRIC_REPRESENTATION_CONTEXT(2) 
PARAMETRIC_REPRESENTATION_CONTEXT() REPRESENTATION_CONTEXT('2D SPACE',''
  ) );
#12635 = PCURVE('',#11459,#12636);
#12636 = DEFINITIONAL_REPRESENTATION('',(#12637),#12641);
#12637 = CIRCLE('',#12638,5.5);
#12638 = AXIS2_PLACEMENT_2D('',#12639,#12640);
#12639 = CARTESIAN_POINT('',(139.5,-5.5));
#12640 = DIRECTION('',(1.,0.));
#12641 = ( GEOMETRIC_REPRESENTATION_CONTEXT(2) 
PARAMETRIC_REPRESENTATION_CONTEXT() REPRESENTATION_CONTEXT('2D SPACE',''
  ) );
#12642 = ORIENTED_EDGE('',*,*,#11160,.F.);
#12643 = ORIENTED_EDGE('',*,*,#12262,.F.);
#12644 = ADVANCED_FACE('',(#12645,#12764,#12799,#12834,#12869,#12904,
    #12939,#12974,#13009),#11459,.T.);
#12645 = FACE_BOUND('',#12646,.T.);
#12646 = EDGE_LOOP('',(#12647,#12671,#12694,#12716,#12717,#12741,#12762,
    #12763));
#12647 = ORIENTED_EDGE('',*,*,#12648,.T.);
#12648 = EDGE_CURVE('',#11418,#12649,#12651,.T.);
#12649 = VERTEX_POINT('',#12650);
#12650 = CARTESIAN_POINT('',(8.,2.5,2.5));
#12651 = SURFACE_CURVE('',#12652,(#12657,#12664),.PCURVE_S1.);
#12652 = CIRCLE('',#12653,5.5);
#12653 = AXIS2_PLACEMENT_3D('',#12654,#12655,#12656);
#12654 = CARTESIAN_POINT('',(8.,8.,2.5));
#12655 = DIRECTION('',(0.,0.,1.));
#12656 = DIRECTION('',(0.,-1.,0.));
#12657 = PCURVE('',#11459,#12658);
#12658 = DEFINITIONAL_REPRESENTATION('',(#12659),#12663);
#12659 = CIRCLE('',#12660,5.5);
#12660 = AXIS2_PLACEMENT_2D('',#12661,#12662);
#12661 = CARTESIAN_POINT('',(5.5,-5.5));
#12662 = DIRECTION('',(-1.,0.));
#12663 = ( GEOMETRIC_REPRESENTATION_CONTEXT(2) 
PARAMETRIC_REPRESENTATION_CONTEXT() REPRESENTATION_CONTEXT('2D SPACE',''
  ) );
#12664 = PCURVE('',#11433,#12665);
#12665 = DEFINITIONAL_REPRESENTATION('',(#12666),#12670);
#12666 = LINE('',#12667,#12668);
#12667 = CARTESIAN_POINT('',(-6.28318530718,-21.5));
#12668 = VECTOR('',#12669,1.);
#12669 = DIRECTION('',(1.,-0.));
#12670 = ( GEOMETRIC_REPRESENTATION_CONTEXT(2) 
PARAMETRIC_REPRESENTATION_CONTEXT() REPRESENTATION_CONTEXT('2D SPACE',''
  ) );
#12671 = ORIENTED_EDGE('',*,*,#12672,.T.);
#12672 = EDGE_CURVE('',#12649,#12673,#12675,.T.);
#12673 = VERTEX_POINT('',#12674);
#12674 = CARTESIAN_POINT('',(142.,2.5,2.5));
#12675 = SURFACE_CURVE('',#12676,(#12680,#12687),.PCURVE_S1.);
#12676 = LINE('',#12677,#12678);
#12677 = CARTESIAN_POINT('',(2.5,2.5,2.5));
#12678 = VECTOR('',#12679,1.);
#12679 = DIRECTION('',(1.,0.,0.));
#12680 = PCURVE('',#11459,#12681);
#12681 = DEFINITIONAL_REPRESENTATION('',(#12682),#12686);
#12682 = LINE('',#12683,#12684);
#12683 = CARTESIAN_POINT('',(0.,0.));
#12684 = VECTOR('',#12685,1.);
#12685 = DIRECTION('',(0.,-1.));
#12686 = ( GEOMETRIC_REPRESENTATION_CONTEXT(2) 
PARAMETRIC_REPRESENTATION_CONTEXT() REPRESENTATION_CONTEXT('2D SPACE',''
  ) );
#12687 = PCURVE('',#12377,#12688);
#12688 = DEFINITIONAL_REPRESENTATION('',(#12689),#12693);
#12689 = LINE('',#12690,#12691);
#12690 = CARTESIAN_POINT('',(0.,21.5));
#12691 = VECTOR('',#12692,1.);
#12692 = DIRECTION('',(1.,0.));
#12693 = ( GEOMETRIC_REPRESENTATION_CONTEXT(2) 
PARAMETRIC_REPRESENTATION_CONTEXT() REPRESENTATION_CONTEXT('2D SPACE',''
  ) );
#12694 = ORIENTED_EDGE('',*,*,#12695,.T.);
#12695 = EDGE_CURVE('',#12673,#11873,#12696,.T.);
#12696 = SURFACE_CURVE('',#12697,(#12702,#12709),.PCURVE_S1.);
#12697 = CIRCLE('',#12698,5.5);
#12698 = AXIS2_PLACEMENT_3D('',#12699,#12700,#12701);
#12699 = CARTESIAN_POINT('',(142.,8.,2.5));
#12700 = DIRECTION('',(0.,0.,1.));
#12701 = DIRECTION('',(0.,-1.,0.));
#12702 = PCURVE('',#11459,#12703);
#12703 = DEFINITIONAL_REPRESENTATION('',(#12704),#12708);
#12704 = CIRCLE('',#12705,5.5);
#12705 = AXIS2_PLACEMENT_2D('',#12706,#12707);
#12706 = CARTESIAN_POINT('',(5.5,-139.5));
#12707 = DIRECTION('',(-1.,0.));
#12708 = ( GEOMETRIC_REPRESENTATION_CONTEXT(2) 
PARAMETRIC_REPRESENTATION_CONTEXT() REPRESENTATION_CONTEXT('2D SPACE',''
  ) );
#12709 = PCURVE('',#11888,#12710);
#12710 = DEFINITIONAL_REPRESENTATION('',(#12711),#12715);
#12711 = LINE('',#12712,#12713);
#12712 = CARTESIAN_POINT('',(0.,-21.5));
#12713 = VECTOR('',#12714,1.);
#12714 = DIRECTION('',(1.,0.));
#12715 = ( GEOMETRIC_REPRESENTATION_CONTEXT(2) 
PARAMETRIC_REPRESENTATION_CONTEXT() REPRESENTATION_CONTEXT('2D SPACE',''
  ) );
#12716 = ORIENTED_EDGE('',*,*,#11951,.T.);
#12717 = ORIENTED_EDGE('',*,*,#12718,.T.);
#12718 = EDGE_CURVE('',#11924,#12719,#12721,.T.);
#12719 = VERTEX_POINT('',#12720);
#12720 = CARTESIAN_POINT('',(142.,147.5,2.5));
#12721 = SURFACE_CURVE('',#12722,(#12727,#12734),.PCURVE_S1.);
#12722 = CIRCLE('',#12723,5.5);
#12723 = AXIS2_PLACEMENT_3D('',#12724,#12725,#12726);
#12724 = CARTESIAN_POINT('',(142.,142.,2.5));
#12725 = DIRECTION('',(0.,0.,1.));
#12726 = DIRECTION('',(1.,0.,-0.));
#12727 = PCURVE('',#11459,#12728);
#12728 = DEFINITIONAL_REPRESENTATION('',(#12729),#12733);
#12729 = CIRCLE('',#12730,5.5);
#12730 = AXIS2_PLACEMENT_2D('',#12731,#12732);
#12731 = CARTESIAN_POINT('',(139.5,-139.5));
#12732 = DIRECTION('',(0.,-1.));
#12733 = ( GEOMETRIC_REPRESENTATION_CONTEXT(2) 
PARAMETRIC_REPRESENTATION_CONTEXT() REPRESENTATION_CONTEXT('2D SPACE',''
  ) );
#12734 = PCURVE('',#11939,#12735);
#12735 = DEFINITIONAL_REPRESENTATION('',(#12736),#12740);
#12736 = LINE('',#12737,#12738);
#12737 = CARTESIAN_POINT('',(0.,-21.5));
#12738 = VECTOR('',#12739,1.);
#12739 = DIRECTION('',(1.,0.));
#12740 = ( GEOMETRIC_REPRESENTATION_CONTEXT(2) 
PARAMETRIC_REPRESENTATION_CONTEXT() REPRESENTATION_CONTEXT('2D SPACE',''
  ) );
#12741 = ORIENTED_EDGE('',*,*,#12742,.F.);
#12742 = EDGE_CURVE('',#12599,#12719,#12743,.T.);
#12743 = SURFACE_CURVE('',#12744,(#12748,#12755),.PCURVE_S1.);
#12744 = LINE('',#12745,#12746);
#12745 = CARTESIAN_POINT('',(2.5,147.5,2.5));
#12746 = VECTOR('',#12747,1.);
#12747 = DIRECTION('',(1.,0.,0.));
#12748 = PCURVE('',#11459,#12749);
#12749 = DEFINITIONAL_REPRESENTATION('',(#12750),#12754);
#12750 = LINE('',#12751,#12752);
#12751 = CARTESIAN_POINT('',(145.,0.));
#12752 = VECTOR('',#12753,1.);
#12753 = DIRECTION('',(0.,-1.));
#12754 = ( GEOMETRIC_REPRESENTATION_CONTEXT(2) 
PARAMETRIC_REPRESENTATION_CONTEXT() REPRESENTATION_CONTEXT('2D SPACE',''
  ) );
#12755 = PCURVE('',#12302,#12756);
#12756 = DEFINITIONAL_REPRESENTATION('',(#12757),#12761);
#12757 = LINE('',#12758,#12759);
#12758 = CARTESIAN_POINT('',(145.,21.5));
#12759 = VECTOR('',#12760,1.);
#12760 = DIRECTION('',(-1.,-0.));
#12761 = ( GEOMETRIC_REPRESENTATION_CONTEXT(2) 
PARAMETRIC_REPRESENTATION_CONTEXT() REPRESENTATION_CONTEXT('2D SPACE',''
  ) );
#12762 = ORIENTED_EDGE('',*,*,#12621,.T.);
#12763 = ORIENTED_EDGE('',*,*,#11445,.F.);
#12764 = FACE_BOUND('',#12765,.T.);
#12765 = EDGE_LOOP('',(#12766));
#12766 = ORIENTED_EDGE('',*,*,#12767,.T.);
#12767 = EDGE_CURVE('',#12768,#12768,#12770,.T.);
#12768 = VERTEX_POINT('',#12769);
#12769 = CARTESIAN_POINT('',(142.8,12.,2.5));
#12770 = SURFACE_CURVE('',#12771,(#12776,#12787),.PCURVE_S1.);
#12771 = CIRCLE('',#12772,4.8);
#12772 = AXIS2_PLACEMENT_3D('',#12773,#12774,#12775);
#12773 = CARTESIAN_POINT('',(138.,12.,2.5));
#12774 = DIRECTION('',(0.,0.,-1.));
#12775 = DIRECTION('',(1.,0.,0.));
#12776 = PCURVE('',#11459,#12777);
#12777 = DEFINITIONAL_REPRESENTATION('',(#12778),#12786);
#12778 = ( BOUNDED_CURVE() B_SPLINE_CURVE(2,(#12779,#12780,#12781,#12782
    ,#12783,#12784,#12785),.UNSPECIFIED.,.T.,.F.) 
B_SPLINE_CURVE_WITH_KNOTS((1,2,2,2,2,1),(-2.094395102393,0.,
    2.094395102393,4.188790204786,6.28318530718,8.377580409573),
.UNSPECIFIED.) CURVE() GEOMETRIC_REPRESENTATION_ITEM() 
RATIONAL_B_SPLINE_CURVE((1.,0.5,1.,0.5,1.,0.5,1.)) REPRESENTATION_ITEM(
  '') );
#12779 = CARTESIAN_POINT('',(9.5,-140.3));
#12780 = CARTESIAN_POINT('',(1.186156123669,-140.3));
#12781 = CARTESIAN_POINT('',(5.343078061835,-133.1));
#12782 = CARTESIAN_POINT('',(9.5,-125.9));
#12783 = CARTESIAN_POINT('',(13.656921938165,-133.1));
#12784 = CARTESIAN_POINT('',(17.813843876331,-140.3));
#12785 = CARTESIAN_POINT('',(9.5,-140.3));
#12786 = ( GEOMETRIC_REPRESENTATION_CONTEXT(2) 
PARAMETRIC_REPRESENTATION_CONTEXT() REPRESENTATION_CONTEXT('2D SPACE',''
  ) );
#12787 = PCURVE('',#12788,#12793);
#12788 = CYLINDRICAL_SURFACE('',#12789,4.8);
#12789 = AXIS2_PLACEMENT_3D('',#12790,#12791,#12792);
#12790 = CARTESIAN_POINT('',(138.,12.,2.49));
#12791 = DIRECTION('',(-0.,-0.,-1.));
#12792 = DIRECTION('',(1.,0.,0.));
#12793 = DEFINITIONAL_REPRESENTATION('',(#12794),#12798);
#12794 = LINE('',#12795,#12796);
#12795 = CARTESIAN_POINT('',(-6.28318530718,-1.E-02));
#12796 = VECTOR('',#12797,1.);
#12797 = DIRECTION('',(1.,-0.));
#12798 = ( GEOMETRIC_REPRESENTATION_CONTEXT(2) 
PARAMETRIC_REPRESENTATION_CONTEXT() REPRESENTATION_CONTEXT('2D SPACE',''
  ) );
#12799 = FACE_BOUND('',#12800,.T.);
#12800 = EDGE_LOOP('',(#12801));
#12801 = ORIENTED_EDGE('',*,*,#12802,.T.);
#12802 = EDGE_CURVE('',#12803,#12803,#12805,.T.);
#12803 = VERTEX_POINT('',#12804);
#12804 = CARTESIAN_POINT('',(123.42,30.08,2.5));
#12805 = SURFACE_CURVE('',#12806,(#12811,#12822),.PCURVE_S1.);
#12806 = CIRCLE('',#12807,3.5);
#12807 = AXIS2_PLACEMENT_3D('',#12808,#12809,#12810);
#12808 = CARTESIAN_POINT('',(119.92,30.08,2.5));
#12809 = DIRECTION('',(0.,0.,-1.));
#12810 = DIRECTION('',(1.,0.,0.));
#12811 = PCURVE('',#11459,#12812);
#12812 = DEFINITIONAL_REPRESENTATION('',(#12813),#12821);
#12813 = ( BOUNDED_CURVE() B_SPLINE_CURVE(2,(#12814,#12815,#12816,#12817
    ,#12818,#12819,#12820),.UNSPECIFIED.,.T.,.F.) 
B_SPLINE_CURVE_WITH_KNOTS((1,2,2,2,2,1),(-2.094395102393,0.,
    2.094395102393,4.188790204786,6.28318530718,8.377580409573),
.UNSPECIFIED.) CURVE() GEOMETRIC_REPRESENTATION_ITEM() 
RATIONAL_B_SPLINE_CURVE((1.,0.5,1.,0.5,1.,0.5,1.)) REPRESENTATION_ITEM(
  '') );
#12814 = CARTESIAN_POINT('',(27.58,-120.92));
#12815 = CARTESIAN_POINT('',(21.517822173509,-120.92));
#12816 = CARTESIAN_POINT('',(24.548911086754,-115.67));
#12817 = CARTESIAN_POINT('',(27.58,-110.42));
#12818 = CARTESIAN_POINT('',(30.611088913246,-115.67));
#12819 = CARTESIAN_POINT('',(33.642177826491,-120.92));
#12820 = CARTESIAN_POINT('',(27.58,-120.92));
#12821 = ( GEOMETRIC_REPRESENTATION_CONTEXT(2) 
PARAMETRIC_REPRESENTATION_CONTEXT() REPRESENTATION_CONTEXT('2D SPACE',''
  ) );
#12822 = PCURVE('',#12823,#12828);
#12823 = CYLINDRICAL_SURFACE('',#12824,3.5);
#12824 = AXIS2_PLACEMENT_3D('',#12825,#12826,#12827);
#12825 = CARTESIAN_POINT('',(119.92,30.08,2.49));
#12826 = DIRECTION('',(-0.,-0.,-1.));
#12827 = DIRECTION('',(1.,0.,0.));
#12828 = DEFINITIONAL_REPRESENTATION('',(#12829),#12833);
#12829 = LINE('',#12830,#12831);
#12830 = CARTESIAN_POINT('',(-6.28318530718,-1.E-02));
#12831 = VECTOR('',#12832,1.);
#12832 = DIRECTION('',(1.,-0.));
#12833 = ( GEOMETRIC_REPRESENTATION_CONTEXT(2) 
PARAMETRIC_REPRESENTATION_CONTEXT() REPRESENTATION_CONTEXT('2D SPACE',''
  ) );
#12834 = FACE_BOUND('',#12835,.T.);
#12835 = EDGE_LOOP('',(#12836));
#12836 = ORIENTED_EDGE('',*,*,#12837,.T.);
#12837 = EDGE_CURVE('',#12838,#12838,#12840,.T.);
#12838 = VERTEX_POINT('',#12839);
#12839 = CARTESIAN_POINT('',(142.8,138.,2.5));
#12840 = SURFACE_CURVE('',#12841,(#12846,#12857),.PCURVE_S1.);
#12841 = CIRCLE('',#12842,4.8);
#12842 = AXIS2_PLACEMENT_3D('',#12843,#12844,#12845);
#12843 = CARTESIAN_POINT('',(138.,138.,2.5));
#12844 = DIRECTION('',(0.,0.,-1.));
#12845 = DIRECTION('',(1.,0.,0.));
#12846 = PCURVE('',#11459,#12847);
#12847 = DEFINITIONAL_REPRESENTATION('',(#12848),#12856);
#12848 = ( BOUNDED_CURVE() B_SPLINE_CURVE(2,(#12849,#12850,#12851,#12852
    ,#12853,#12854,#12855),.UNSPECIFIED.,.T.,.F.) 
B_SPLINE_CURVE_WITH_KNOTS((1,2,2,2,2,1),(-2.094395102393,0.,
    2.094395102393,4.188790204786,6.28318530718,8.377580409573),
.UNSPECIFIED.) CURVE() GEOMETRIC_REPRESENTATION_ITEM() 
RATIONAL_B_SPLINE_CURVE((1.,0.5,1.,0.5,1.,0.5,1.)) REPRESENTATION_ITEM(
  '') );
#12849 = CARTESIAN_POINT('',(135.5,-140.3));
#12850 = CARTESIAN_POINT('',(127.18615612366,-140.3));
#12851 = CARTESIAN_POINT('',(131.34307806183,-133.1));
#12852 = CARTESIAN_POINT('',(135.5,-125.9));
#12853 = CARTESIAN_POINT('',(139.65692193816,-133.1));
#12854 = CARTESIAN_POINT('',(143.81384387633,-140.3));
#12855 = CARTESIAN_POINT('',(135.5,-140.3));
#12856 = ( GEOMETRIC_REPRESENTATION_CONTEXT(2) 
PARAMETRIC_REPRESENTATION_CONTEXT() REPRESENTATION_CONTEXT('2D SPACE',''
  ) );
#12857 = PCURVE('',#12858,#12863);
#12858 = CYLINDRICAL_SURFACE('',#12859,4.8);
#12859 = AXIS2_PLACEMENT_3D('',#12860,#12861,#12862);
#12860 = CARTESIAN_POINT('',(138.,138.,2.49));
#12861 = DIRECTION('',(-0.,-0.,-1.));
#12862 = DIRECTION('',(1.,0.,0.));
#12863 = DEFINITIONAL_REPRESENTATION('',(#12864),#12868);
#12864 = LINE('',#12865,#12866);
#12865 = CARTESIAN_POINT('',(-6.28318530718,-1.E-02));
#12866 = VECTOR('',#12867,1.);
#12867 = DIRECTION('',(1.,-0.));
#12868 = ( GEOMETRIC_REPRESENTATION_CONTEXT(2) 
PARAMETRIC_REPRESENTATION_CONTEXT() REPRESENTATION_CONTEXT('2D SPACE',''
  ) );
#12869 = FACE_BOUND('',#12870,.T.);
#12870 = EDGE_LOOP('',(#12871));
#12871 = ORIENTED_EDGE('',*,*,#12872,.T.);
#12872 = EDGE_CURVE('',#12873,#12873,#12875,.T.);
#12873 = VERTEX_POINT('',#12874);
#12874 = CARTESIAN_POINT('',(123.5,120.,2.5));
#12875 = SURFACE_CURVE('',#12876,(#12881,#12892),.PCURVE_S1.);
#12876 = CIRCLE('',#12877,3.5);
#12877 = AXIS2_PLACEMENT_3D('',#12878,#12879,#12880);
#12878 = CARTESIAN_POINT('',(120.,120.,2.5));
#12879 = DIRECTION('',(0.,0.,-1.));
#12880 = DIRECTION('',(1.,0.,0.));
#12881 = PCURVE('',#11459,#12882);
#12882 = DEFINITIONAL_REPRESENTATION('',(#12883),#12891);
#12883 = ( BOUNDED_CURVE() B_SPLINE_CURVE(2,(#12884,#12885,#12886,#12887
    ,#12888,#12889,#12890),.UNSPECIFIED.,.T.,.F.) 
B_SPLINE_CURVE_WITH_KNOTS((1,2,2,2,2,1),(-2.094395102393,0.,
    2.094395102393,4.188790204786,6.28318530718,8.377580409573),
.UNSPECIFIED.) CURVE() GEOMETRIC_REPRESENTATION_ITEM() 
RATIONAL_B_SPLINE_CURVE((1.,0.5,1.,0.5,1.,0.5,1.)) REPRESENTATION_ITEM(
  '') );
#12884 = CARTESIAN_POINT('',(117.5,-121.));
#12885 = CARTESIAN_POINT('',(111.4378221735,-121.));
#12886 = CARTESIAN_POINT('',(114.46891108675,-115.75));
#12887 = CARTESIAN_POINT('',(117.5,-110.5));
#12888 = CARTESIAN_POINT('',(120.53108891324,-115.75));
#12889 = CARTESIAN_POINT('',(123.56217782649,-121.));
#12890 = CARTESIAN_POINT('',(117.5,-121.));
#12891 = ( GEOMETRIC_REPRESENTATION_CONTEXT(2) 
PARAMETRIC_REPRESENTATION_CONTEXT() REPRESENTATION_CONTEXT('2D SPACE',''
  ) );
#12892 = PCURVE('',#12893,#12898);
#12893 = CYLINDRICAL_SURFACE('',#12894,3.5);
#12894 = AXIS2_PLACEMENT_3D('',#12895,#12896,#12897);
#12895 = CARTESIAN_POINT('',(120.,120.,2.49));
#12896 = DIRECTION('',(-0.,-0.,-1.));
#12897 = DIRECTION('',(1.,0.,0.));
#12898 = DEFINITIONAL_REPRESENTATION('',(#12899),#12903);
#12899 = LINE('',#12900,#12901);
#12900 = CARTESIAN_POINT('',(-6.28318530718,-1.E-02));
#12901 = VECTOR('',#12902,1.);
#12902 = DIRECTION('',(1.,-0.));
#12903 = ( GEOMETRIC_REPRESENTATION_CONTEXT(2) 
PARAMETRIC_REPRESENTATION_CONTEXT() REPRESENTATION_CONTEXT('2D SPACE',''
  ) );
#12904 = FACE_BOUND('',#12905,.T.);
#12905 = EDGE_LOOP('',(#12906));
#12906 = ORIENTED_EDGE('',*,*,#12907,.T.);
#12907 = EDGE_CURVE('',#12908,#12908,#12910,.T.);
#12908 = VERTEX_POINT('',#12909);
#12909 = CARTESIAN_POINT('',(33.5,30.,2.5));
#12910 = SURFACE_CURVE('',#12911,(#12916,#12927),.PCURVE_S1.);
#12911 = CIRCLE('',#12912,3.5);
#12912 = AXIS2_PLACEMENT_3D('',#12913,#12914,#12915);
#12913 = CARTESIAN_POINT('',(30.,30.,2.5));
#12914 = DIRECTION('',(0.,0.,-1.));
#12915 = DIRECTION('',(1.,0.,0.));
#12916 = PCURVE('',#11459,#12917);
#12917 = DEFINITIONAL_REPRESENTATION('',(#12918),#12926);
#12918 = ( BOUNDED_CURVE() B_SPLINE_CURVE(2,(#12919,#12920,#12921,#12922
    ,#12923,#12924,#12925),.UNSPECIFIED.,.T.,.F.) 
B_SPLINE_CURVE_WITH_KNOTS((1,2,2,2,2,1),(-2.094395102393,0.,
    2.094395102393,4.188790204786,6.28318530718,8.377580409573),
.UNSPECIFIED.) CURVE() GEOMETRIC_REPRESENTATION_ITEM() 
RATIONAL_B_SPLINE_CURVE((1.,0.5,1.,0.5,1.,0.5,1.)) REPRESENTATION_ITEM(
  '') );
#12919 = CARTESIAN_POINT('',(27.5,-31.));
#12920 = CARTESIAN_POINT('',(21.437822173509,-31.));
#12921 = CARTESIAN_POINT('',(24.468911086754,-25.75));
#12922 = CARTESIAN_POINT('',(27.5,-20.5));
#12923 = CARTESIAN_POINT('',(30.531088913246,-25.75));
#12924 = CARTESIAN_POINT('',(33.562177826491,-31.));
#12925 = CARTESIAN_POINT('',(27.5,-31.));
#12926 = ( GEOMETRIC_REPRESENTATION_CONTEXT(2) 
PARAMETRIC_REPRESENTATION_CONTEXT() REPRESENTATION_CONTEXT('2D SPACE',''
  ) );
#12927 = PCURVE('',#12928,#12933);
#12928 = CYLINDRICAL_SURFACE('',#12929,3.5);
#12929 = AXIS2_PLACEMENT_3D('',#12930,#12931,#12932);
#12930 = CARTESIAN_POINT('',(30.,30.,2.49));
#12931 = DIRECTION('',(-0.,-0.,-1.));
#12932 = DIRECTION('',(1.,0.,0.));
#12933 = DEFINITIONAL_REPRESENTATION('',(#12934),#12938);
#12934 = LINE('',#12935,#12936);
#12935 = CARTESIAN_POINT('',(-6.28318530718,-1.E-02));
#12936 = VECTOR('',#12937,1.);
#12937 = DIRECTION('',(1.,-0.));
#12938 = ( GEOMETRIC_REPRESENTATION_CONTEXT(2) 
PARAMETRIC_REPRESENTATION_CONTEXT() REPRESENTATION_CONTEXT('2D SPACE',''
  ) );
#12939 = FACE_BOUND('',#12940,.T.);
#12940 = EDGE_LOOP('',(#12941));
#12941 = ORIENTED_EDGE('',*,*,#12942,.T.);
#12942 = EDGE_CURVE('',#12943,#12943,#12945,.T.);
#12943 = VERTEX_POINT('',#12944);
#12944 = CARTESIAN_POINT('',(16.8,12.,2.5));
#12945 = SURFACE_CURVE('',#12946,(#12951,#12962),.PCURVE_S1.);
#12946 = CIRCLE('',#12947,4.8);
#12947 = AXIS2_PLACEMENT_3D('',#12948,#12949,#12950);
#12948 = CARTESIAN_POINT('',(12.,12.,2.5));
#12949 = DIRECTION('',(0.,0.,-1.));
#12950 = DIRECTION('',(1.,0.,0.));
#12951 = PCURVE('',#11459,#12952);
#12952 = DEFINITIONAL_REPRESENTATION('',(#12953),#12961);
#12953 = ( BOUNDED_CURVE() B_SPLINE_CURVE(2,(#12954,#12955,#12956,#12957
    ,#12958,#12959,#12960),.UNSPECIFIED.,.T.,.F.) 
B_SPLINE_CURVE_WITH_KNOTS((1,2,2,2,2,1),(-2.094395102393,0.,
    2.094395102393,4.188790204786,6.28318530718,8.377580409573),
.UNSPECIFIED.) CURVE() GEOMETRIC_REPRESENTATION_ITEM() 
RATIONAL_B_SPLINE_CURVE((1.,0.5,1.,0.5,1.,0.5,1.)) REPRESENTATION_ITEM(
  '') );
#12954 = CARTESIAN_POINT('',(9.5,-14.3));
#12955 = CARTESIAN_POINT('',(1.186156123669,-14.3));
#12956 = CARTESIAN_POINT('',(5.343078061835,-7.1));
#12957 = CARTESIAN_POINT('',(9.5,1.E-01));
#12958 = CARTESIAN_POINT('',(13.656921938165,-7.1));
#12959 = CARTESIAN_POINT('',(17.813843876331,-14.3));
#12960 = CARTESIAN_POINT('',(9.5,-14.3));
#12961 = ( GEOMETRIC_REPRESENTATION_CONTEXT(2) 
PARAMETRIC_REPRESENTATION_CONTEXT() REPRESENTATION_CONTEXT('2D SPACE',''
  ) );
#12962 = PCURVE('',#12963,#12968);
#12963 = CYLINDRICAL_SURFACE('',#12964,4.8);
#12964 = AXIS2_PLACEMENT_3D('',#12965,#12966,#12967);
#12965 = CARTESIAN_POINT('',(12.,12.,2.49));
#12966 = DIRECTION('',(-0.,-0.,-1.));
#12967 = DIRECTION('',(1.,0.,0.));
#12968 = DEFINITIONAL_REPRESENTATION('',(#12969),#12973);
#12969 = LINE('',#12970,#12971);
#12970 = CARTESIAN_POINT('',(-6.28318530718,-1.E-02));
#12971 = VECTOR('',#12972,1.);
#12972 = DIRECTION('',(1.,-0.));
#12973 = ( GEOMETRIC_REPRESENTATION_CONTEXT(2) 
PARAMETRIC_REPRESENTATION_CONTEXT() REPRESENTATION_CONTEXT('2D SPACE',''
  ) );
#12974 = FACE_BOUND('',#12975,.T.);
#12975 = EDGE_LOOP('',(#12976));
#12976 = ORIENTED_EDGE('',*,*,#12977,.T.);
#12977 = EDGE_CURVE('',#12978,#12978,#12980,.T.);
#12978 = VERTEX_POINT('',#12979);
#12979 = CARTESIAN_POINT('',(33.5,120.,2.5));
#12980 = SURFACE_CURVE('',#12981,(#12986,#12997),.PCURVE_S1.);
#12981 = CIRCLE('',#12982,3.5);
#12982 = AXIS2_PLACEMENT_3D('',#12983,#12984,#12985);
#12983 = CARTESIAN_POINT('',(30.,120.,2.5));
#12984 = DIRECTION('',(0.,0.,-1.));
#12985 = DIRECTION('',(1.,0.,0.));
#12986 = PCURVE('',#11459,#12987);
#12987 = DEFINITIONAL_REPRESENTATION('',(#12988),#12996);
#12988 = ( BOUNDED_CURVE() B_SPLINE_CURVE(2,(#12989,#12990,#12991,#12992
    ,#12993,#12994,#12995),.UNSPECIFIED.,.T.,.F.) 
B_SPLINE_CURVE_WITH_KNOTS((1,2,2,2,2,1),(-2.094395102393,0.,
    2.094395102393,4.188790204786,6.28318530718,8.377580409573),
.UNSPECIFIED.) CURVE() GEOMETRIC_REPRESENTATION_ITEM() 
RATIONAL_B_SPLINE_CURVE((1.,0.5,1.,0.5,1.,0.5,1.)) REPRESENTATION_ITEM(
  '') );
#12989 = CARTESIAN_POINT('',(117.5,-31.));
#12990 = CARTESIAN_POINT('',(111.4378221735,-31.));
#12991 = CARTESIAN_POINT('',(114.46891108675,-25.75));
#12992 = CARTESIAN_POINT('',(117.5,-20.5));
#12993 = CARTESIAN_POINT('',(120.53108891324,-25.75));
#12994 = CARTESIAN_POINT('',(123.56217782649,-31.));
#12995 = CARTESIAN_POINT('',(117.5,-31.));
#12996 = ( GEOMETRIC_REPRESENTATION_CONTEXT(2) 
PARAMETRIC_REPRESENTATION_CONTEXT() REPRESENTATION_CONTEXT('2D SPACE',''
  ) );
#12997 = PCURVE('',#12998,#13003);
#12998 = CYLINDRICAL_SURFACE('',#12999,3.5);
#12999 = AXIS2_PLACEMENT_3D('',#13000,#13001,#13002);
#13000 = CARTESIAN_POINT('',(30.,120.,2.49));
#13001 = DIRECTION('',(-0.,-0.,-1.));
#13002 = DIRECTION('',(1.,0.,0.));
#13003 = DEFINITIONAL_REPRESENTATION('',(#13004),#13008);
#13004 = LINE('',#13005,#13006);
#13005 = CARTESIAN_POINT('',(-6.28318530718,-1.E-02));
#13006 = VECTOR('',#13007,1.);
#13007 = DIRECTION('',(1.,-0.));
#13008 = ( GEOMETRIC_REPRESENTATION_CONTEXT(2) 
PARAMETRIC_REPRESENTATION_CONTEXT() REPRESENTATION_CONTEXT('2D SPACE',''
  ) );
#13009 = FACE_BOUND('',#13010,.T.);
#13010 = EDGE_LOOP('',(#13011));
#13011 = ORIENTED_EDGE('',*,*,#13012,.T.);
#13012 = EDGE_CURVE('',#13013,#13013,#13015,.T.);
#13013 = VERTEX_POINT('',#13014);
#13014 = CARTESIAN_POINT('',(16.8,138.,2.5));
#13015 = SURFACE_CURVE('',#13016,(#13021,#13032),.PCURVE_S1.);
#13016 = CIRCLE('',#13017,4.8);
#13017 = AXIS2_PLACEMENT_3D('',#13018,#13019,#13020);
#13018 = CARTESIAN_POINT('',(12.,138.,2.5));
#13019 = DIRECTION('',(0.,0.,-1.));
#13020 = DIRECTION('',(1.,0.,0.));
#13021 = PCURVE('',#11459,#13022);
#13022 = DEFINITIONAL_REPRESENTATION('',(#13023),#13031);
#13023 = ( BOUNDED_CURVE() B_SPLINE_CURVE(2,(#13024,#13025,#13026,#13027
    ,#13028,#13029,#13030),.UNSPECIFIED.,.T.,.F.) 
B_SPLINE_CURVE_WITH_KNOTS((1,2,2,2,2,1),(-2.094395102393,0.,
    2.094395102393,4.188790204786,6.28318530718,8.377580409573),
.UNSPECIFIED.) CURVE() GEOMETRIC_REPRESENTATION_ITEM() 
RATIONAL_B_SPLINE_CURVE((1.,0.5,1.,0.5,1.,0.5,1.)) REPRESENTATION_ITEM(
  '') );
#13024 = CARTESIAN_POINT('',(135.5,-14.3));
#13025 = CARTESIAN_POINT('',(127.18615612366,-14.3));
#13026 = CARTESIAN_POINT('',(131.34307806183,-7.1));
#13027 = CARTESIAN_POINT('',(135.5,1.E-01));
#13028 = CARTESIAN_POINT('',(139.65692193816,-7.1));
#13029 = CARTESIAN_POINT('',(143.81384387633,-14.3));
#13030 = CARTESIAN_POINT('',(135.5,-14.3));
#13031 = ( GEOMETRIC_REPRESENTATION_CONTEXT(2) 
PARAMETRIC_REPRESENTATION_CONTEXT() REPRESENTATION_CONTEXT('2D SPACE',''
  ) );
#13032 = PCURVE('',#13033,#13038);
#13033 = CYLINDRICAL_SURFACE('',#13034,4.8);
#13034 = AXIS2_PLACEMENT_3D('',#13035,#13036,#13037);
#13035 = CARTESIAN_POINT('',(12.,138.,2.49));
#13036 = DIRECTION('',(-0.,-0.,-1.));
#13037 = DIRECTION('',(1.,0.,0.));
#13038 = DEFINITIONAL_REPRESENTATION('',(#13039),#13043);
#13039 = LINE('',#13040,#13041);
#13040 = CARTESIAN_POINT('',(-6.28318530718,-1.E-02));
#13041 = VECTOR('',#13042,1.);
#13042 = DIRECTION('',(1.,-0.));
#13043 = ( GEOMETRIC_REPRESENTATION_CONTEXT(2) 
PARAMETRIC_REPRESENTATION_CONTEXT() REPRESENTATION_CONTEXT('2D SPACE',''
  ) );
#13044 = ADVANCED_FACE('',(#13045),#11433,.F.);
#13045 = FACE_BOUND('',#13046,.T.);
#13046 = EDGE_LOOP('',(#13047,#13068,#13069,#13070));
#13047 = ORIENTED_EDGE('',*,*,#13048,.F.);
#13048 = EDGE_CURVE('',#12649,#12362,#13049,.T.);
#13049 = SURFACE_CURVE('',#13050,(#13054,#13061),.PCURVE_S1.);
#13050 = LINE('',#13051,#13052);
#13051 = CARTESIAN_POINT('',(8.,2.5,2.5));
#13052 = VECTOR('',#13053,1.);
#13053 = DIRECTION('',(0.,-1.812609019796E-17,1.));
#13054 = PCURVE('',#11433,#13055);
#13055 = DEFINITIONAL_REPRESENTATION('',(#13056),#13060);
#13056 = LINE('',#13057,#13058);
#13057 = CARTESIAN_POINT('',(-0.,-21.5));
#13058 = VECTOR('',#13059,1.);
#13059 = DIRECTION('',(-0.,1.));
#13060 = ( GEOMETRIC_REPRESENTATION_CONTEXT(2) 
PARAMETRIC_REPRESENTATION_CONTEXT() REPRESENTATION_CONTEXT('2D SPACE',''
  ) );
#13061 = PCURVE('',#12377,#13062);
#13062 = DEFINITIONAL_REPRESENTATION('',(#13063),#13067);
#13063 = LINE('',#13064,#13065);
#13064 = CARTESIAN_POINT('',(5.5,21.5));
#13065 = VECTOR('',#13066,1.);
#13066 = DIRECTION('',(0.,-1.));
#13067 = ( GEOMETRIC_REPRESENTATION_CONTEXT(2) 
PARAMETRIC_REPRESENTATION_CONTEXT() REPRESENTATION_CONTEXT('2D SPACE',''
  ) );
#13068 = ORIENTED_EDGE('',*,*,#12648,.F.);
#13069 = ORIENTED_EDGE('',*,*,#11417,.F.);
#13070 = ORIENTED_EDGE('',*,*,#12389,.F.);
#13071 = ADVANCED_FACE('',(#13072),#11578,.T.);
#13072 = FACE_BOUND('',#13073,.T.);
#13073 = EDGE_LOOP('',(#13074,#13102,#13121,#13122));
#13074 = ORIENTED_EDGE('',*,*,#13075,.F.);
#13075 = EDGE_CURVE('',#13076,#13078,#13080,.T.);
#13076 = VERTEX_POINT('',#13077);
#13077 = CARTESIAN_POINT('',(5.49,93.190382074052,24.));
#13078 = VERTEX_POINT('',#13079);
#13079 = CARTESIAN_POINT('',(5.49,90.16871781002,24.));
#13080 = SURFACE_CURVE('',#13081,(#13085,#13091),.PCURVE_S1.);
#13081 = LINE('',#13082,#13083);
#13082 = CARTESIAN_POINT('',(5.49,37.5,24.));
#13083 = VECTOR('',#13084,1.);
#13084 = DIRECTION('',(0.,-1.,0.));
#13085 = PCURVE('',#11578,#13086);
#13086 = DEFINITIONAL_REPRESENTATION('',(#13087),#13090);
#13087 = B_SPLINE_CURVE_WITH_KNOTS('',1,(#13088,#13089),.UNSPECIFIED.,
  .F.,.F.,(2,2),(-55.8,-19.2),.PIECEWISE_BEZIER_KNOTS.);
#13088 = CARTESIAN_POINT('',(5.49,93.3));
#13089 = CARTESIAN_POINT('',(5.49,56.7));
#13090 = ( GEOMETRIC_REPRESENTATION_CONTEXT(2) 
PARAMETRIC_REPRESENTATION_CONTEXT() REPRESENTATION_CONTEXT('2D SPACE',''
  ) );
#13091 = PCURVE('',#13092,#13097);
#13092 = PLANE('',#13093);
#13093 = AXIS2_PLACEMENT_3D('',#13094,#13095,#13096);
#13094 = CARTESIAN_POINT('',(5.49,75.,22.));
#13095 = DIRECTION('',(1.,0.,0.));
#13096 = DIRECTION('',(-0.,0.,1.));
#13097 = DEFINITIONAL_REPRESENTATION('',(#13098),#13101);
#13098 = B_SPLINE_CURVE_WITH_KNOTS('',1,(#13099,#13100),.UNSPECIFIED.,
  .F.,.F.,(2,2),(-55.8,-19.2),.PIECEWISE_BEZIER_KNOTS.);
#13099 = CARTESIAN_POINT('',(2.,-18.3));
#13100 = CARTESIAN_POINT('',(2.,18.3));
#13101 = ( GEOMETRIC_REPRESENTATION_CONTEXT(2) 
PARAMETRIC_REPRESENTATION_CONTEXT() REPRESENTATION_CONTEXT('2D SPACE',''
  ) );
#13102 = ORIENTED_EDGE('',*,*,#13103,.T.);
#13103 = EDGE_CURVE('',#13076,#11561,#13104,.T.);
#13104 = SURFACE_CURVE('',#13105,(#13109,#13115),.PCURVE_S1.);
#13105 = LINE('',#13106,#13107);
#13106 = CARTESIAN_POINT('',(2.49,93.190382074052,24.));
#13107 = VECTOR('',#13108,1.);
#13108 = DIRECTION('',(-1.,-0.,-0.));
#13109 = PCURVE('',#11578,#13110);
#13110 = DEFINITIONAL_REPRESENTATION('',(#13111),#13114);
#13111 = B_SPLINE_CURVE_WITH_KNOTS('',1,(#13112,#13113),.UNSPECIFIED.,
  .F.,.F.,(2,2),(-3.0000006,5.999999999062E-07),
  .PIECEWISE_BEZIER_KNOTS.);
#13112 = CARTESIAN_POINT('',(5.4900006,93.190382074052));
#13113 = CARTESIAN_POINT('',(2.4899994,93.190382074052));
#13114 = ( GEOMETRIC_REPRESENTATION_CONTEXT(2) 
PARAMETRIC_REPRESENTATION_CONTEXT() REPRESENTATION_CONTEXT('2D SPACE',''
  ) );
#13115 = PCURVE('',#11610,#13116);
#13116 = DEFINITIONAL_REPRESENTATION('',(#13117),#13120);
#13117 = B_SPLINE_CURVE_WITH_KNOTS('',1,(#13118,#13119),.UNSPECIFIED.,
  .F.,.F.,(2,2),(-3.,-0.),.PIECEWISE_BEZIER_KNOTS.);
#13118 = CARTESIAN_POINT('',(-6.392693665643,-3.));
#13119 = CARTESIAN_POINT('',(-6.392693665643,0.));
#13120 = ( GEOMETRIC_REPRESENTATION_CONTEXT(2) 
PARAMETRIC_REPRESENTATION_CONTEXT() REPRESENTATION_CONTEXT('2D SPACE',''
  ) );
#13121 = ORIENTED_EDGE('',*,*,#11560,.T.);
#13122 = ORIENTED_EDGE('',*,*,#13123,.F.);
#13123 = EDGE_CURVE('',#13078,#11563,#13124,.T.);
#13124 = SURFACE_CURVE('',#13125,(#13129,#13135),.PCURVE_S1.);
#13125 = LINE('',#13126,#13127);
#13126 = CARTESIAN_POINT('',(2.49,90.16871781002,24.));
#13127 = VECTOR('',#13128,1.);
#13128 = DIRECTION('',(-1.,-0.,-0.));
#13129 = PCURVE('',#11578,#13130);
#13130 = DEFINITIONAL_REPRESENTATION('',(#13131),#13134);
#13131 = B_SPLINE_CURVE_WITH_KNOTS('',1,(#13132,#13133),.UNSPECIFIED.,
  .F.,.F.,(2,2),(-3.0000006,5.999999999062E-07),
  .PIECEWISE_BEZIER_KNOTS.);
#13132 = CARTESIAN_POINT('',(5.4900006,90.16871781002));
#13133 = CARTESIAN_POINT('',(2.4899994,90.16871781002));
#13134 = ( GEOMETRIC_REPRESENTATION_CONTEXT(2) 
PARAMETRIC_REPRESENTATION_CONTEXT() REPRESENTATION_CONTEXT('2D SPACE',''
  ) );
#13135 = PCURVE('',#11669,#13136);
#13136 = DEFINITIONAL_REPRESENTATION('',(#13137),#13140);
#13137 = B_SPLINE_CURVE_WITH_KNOTS('',1,(#13138,#13139),.UNSPECIFIED.,
  .F.,.F.,(2,2),(-3.,-0.),.PIECEWISE_BEZIER_KNOTS.);
#13138 = CARTESIAN_POINT('',(-6.414279428933,-3.));
#13139 = CARTESIAN_POINT('',(-6.414279428933,0.));
#13140 = ( GEOMETRIC_REPRESENTATION_CONTEXT(2) 
PARAMETRIC_REPRESENTATION_CONTEXT() REPRESENTATION_CONTEXT('2D SPACE',''
  ) );
#13141 = ADVANCED_FACE('',(#13142),#11610,.T.);
#13142 = FACE_BOUND('',#13143,.F.);
#13143 = EDGE_LOOP('',(#13144,#13145,#13146,#13167));
#13144 = ORIENTED_EDGE('',*,*,#13103,.T.);
#13145 = ORIENTED_EDGE('',*,*,#11589,.T.);
#13146 = ORIENTED_EDGE('',*,*,#13147,.F.);
#13147 = EDGE_CURVE('',#13148,#11590,#13150,.T.);
#13148 = VERTEX_POINT('',#13149);
#13149 = CARTESIAN_POINT('',(5.49,79.,4.142508574831));
#13150 = SURFACE_CURVE('',#13151,(#13155,#13161),.PCURVE_S1.);
#13151 = LINE('',#13152,#13153);
#13152 = CARTESIAN_POINT('',(2.49,79.,4.142508574831));
#13153 = VECTOR('',#13154,1.);
#13154 = DIRECTION('',(-1.,-0.,-0.));
#13155 = PCURVE('',#11610,#13156);
#13156 = DEFINITIONAL_REPRESENTATION('',(#13157),#13160);
#13157 = B_SPLINE_CURVE_WITH_KNOTS('',1,(#13158,#13159),.UNSPECIFIED.,
  .F.,.F.,(2,2),(-3.0000006,-9.9994E-03),.PIECEWISE_BEZIER_KNOTS.);
#13158 = CARTESIAN_POINT('',(-4.932747241291,-3.0000006));
#13159 = CARTESIAN_POINT('',(-4.932747241291,-9.9994E-03));
#13160 = ( GEOMETRIC_REPRESENTATION_CONTEXT(2) 
PARAMETRIC_REPRESENTATION_CONTEXT() REPRESENTATION_CONTEXT('2D SPACE',''
  ) );
#13161 = PCURVE('',#11638,#13162);
#13162 = DEFINITIONAL_REPRESENTATION('',(#13163),#13166);
#13163 = B_SPLINE_CURVE_WITH_KNOTS('',1,(#13164,#13165),.UNSPECIFIED.,
  .F.,.F.,(2,2),(-3.0000006,-9.9994E-03),.PIECEWISE_BEZIER_KNOTS.);
#13164 = CARTESIAN_POINT('',(1.542508574831,2.9900006));
#13165 = CARTESIAN_POINT('',(1.542508574831,-5.999999999062E-07));
#13166 = ( GEOMETRIC_REPRESENTATION_CONTEXT(2) 
PARAMETRIC_REPRESENTATION_CONTEXT() REPRESENTATION_CONTEXT('2D SPACE',''
  ) );
#13167 = ORIENTED_EDGE('',*,*,#13168,.F.);
#13168 = EDGE_CURVE('',#13076,#13148,#13169,.T.);
#13169 = SURFACE_CURVE('',#13170,(#13175,#13182),.PCURVE_S1.);
#13170 = CIRCLE('',#13171,18.3);
#13171 = AXIS2_PLACEMENT_3D('',#13172,#13173,#13174);
#13172 = CARTESIAN_POINT('',(5.49,75.,22.));
#13173 = DIRECTION('',(-1.,0.,0.));
#13174 = DIRECTION('',(0.,0.994009949402,0.109289617486));
#13175 = PCURVE('',#11610,#13176);
#13176 = DEFINITIONAL_REPRESENTATION('',(#13177),#13181);
#13177 = LINE('',#13178,#13179);
#13178 = CARTESIAN_POINT('',(-6.392693665643,-3.));
#13179 = VECTOR('',#13180,1.);
#13180 = DIRECTION('',(1.,-0.));
#13181 = ( GEOMETRIC_REPRESENTATION_CONTEXT(2) 
PARAMETRIC_REPRESENTATION_CONTEXT() REPRESENTATION_CONTEXT('2D SPACE',''
  ) );
#13182 = PCURVE('',#13092,#13183);
#13183 = DEFINITIONAL_REPRESENTATION('',(#13184),#13192);
#13184 = ( BOUNDED_CURVE() B_SPLINE_CURVE(2,(#13185,#13186,#13187,#13188
    ,#13189,#13190,#13191),.UNSPECIFIED.,.T.,.F.) 
B_SPLINE_CURVE_WITH_KNOTS((1,2,2,2,2,1),(-2.094395102393,0.,
    2.094395102393,4.188790204786,6.28318530718,8.377580409573),
.UNSPECIFIED.) CURVE() GEOMETRIC_REPRESENTATION_ITEM() 
RATIONAL_B_SPLINE_CURVE((1.,0.5,1.,0.5,1.,0.5,1.)) REPRESENTATION_ITEM(
  '') );
#13185 = CARTESIAN_POINT('',(2.,-18.19038207405));
#13186 = CARTESIAN_POINT('',(-29.50666596134,-21.65448368919));
#13187 = CARTESIAN_POINT('',(-16.75333298067,7.363140229457));
#13188 = CARTESIAN_POINT('',(-4.,36.380764148104));
#13189 = CARTESIAN_POINT('',(14.753332980674,10.827241844595));
#13190 = CARTESIAN_POINT('',(33.506665961349,-14.72628045891));
#13191 = CARTESIAN_POINT('',(2.,-18.19038207405));
#13192 = ( GEOMETRIC_REPRESENTATION_CONTEXT(2) 
PARAMETRIC_REPRESENTATION_CONTEXT() REPRESENTATION_CONTEXT('2D SPACE',''
  ) );
#13193 = ADVANCED_FACE('',(#13194),#11669,.F.);
#13194 = FACE_BOUND('',#13195,.T.);
#13195 = EDGE_LOOP('',(#13196,#13224,#13225,#13226));
#13196 = ORIENTED_EDGE('',*,*,#13197,.F.);
#13197 = EDGE_CURVE('',#13078,#13198,#13200,.T.);
#13198 = VERTEX_POINT('',#13199);
#13199 = CARTESIAN_POINT('',(5.49,79.,7.23212946969));
#13200 = SURFACE_CURVE('',#13201,(#13206,#13213),.PCURVE_S1.);
#13201 = CIRCLE('',#13202,15.3);
#13202 = AXIS2_PLACEMENT_3D('',#13203,#13204,#13205);
#13203 = CARTESIAN_POINT('',(5.49,75.,22.));
#13204 = DIRECTION('',(-1.,0.,0.));
#13205 = DIRECTION('',(0.,0.991419464707,0.130718954248));
#13206 = PCURVE('',#11669,#13207);
#13207 = DEFINITIONAL_REPRESENTATION('',(#13208),#13212);
#13208 = LINE('',#13209,#13210);
#13209 = CARTESIAN_POINT('',(-6.414279428933,-3.));
#13210 = VECTOR('',#13211,1.);
#13211 = DIRECTION('',(1.,-0.));
#13212 = ( GEOMETRIC_REPRESENTATION_CONTEXT(2) 
PARAMETRIC_REPRESENTATION_CONTEXT() REPRESENTATION_CONTEXT('2D SPACE',''
  ) );
#13213 = PCURVE('',#13092,#13214);
#13214 = DEFINITIONAL_REPRESENTATION('',(#13215),#13223);
#13215 = ( BOUNDED_CURVE() B_SPLINE_CURVE(2,(#13216,#13217,#13218,#13219
    ,#13220,#13221,#13222),.UNSPECIFIED.,.T.,.F.) 
B_SPLINE_CURVE_WITH_KNOTS((1,2,2,2,2,1),(-2.094395102393,0.,
    2.094395102393,4.188790204786,6.28318530718,8.377580409573),
.UNSPECIFIED.) CURVE() GEOMETRIC_REPRESENTATION_ITEM() 
RATIONAL_B_SPLINE_CURVE((1.,0.5,1.,0.5,1.,0.5,1.)) REPRESENTATION_ITEM(
  '') );
#13216 = CARTESIAN_POINT('',(2.,-15.16871781002));
#13217 = CARTESIAN_POINT('',(-24.27298993262,-18.63281942515));
#13218 = CARTESIAN_POINT('',(-14.13649496631,5.852308097441));
#13219 = CARTESIAN_POINT('',(-4.,30.337435620039));
#13220 = CARTESIAN_POINT('',(12.136494966314,9.316409712578));
#13221 = CARTESIAN_POINT('',(28.272989932629,-11.70461619488));
#13222 = CARTESIAN_POINT('',(2.,-15.16871781002));
#13223 = ( GEOMETRIC_REPRESENTATION_CONTEXT(2) 
PARAMETRIC_REPRESENTATION_CONTEXT() REPRESENTATION_CONTEXT('2D SPACE',''
  ) );
#13224 = ORIENTED_EDGE('',*,*,#13123,.T.);
#13225 = ORIENTED_EDGE('',*,*,#11650,.T.);
#13226 = ORIENTED_EDGE('',*,*,#13227,.F.);
#13227 = EDGE_CURVE('',#13198,#11623,#13228,.T.);
#13228 = SURFACE_CURVE('',#13229,(#13233,#13239),.PCURVE_S1.);
#13229 = LINE('',#13230,#13231);
#13230 = CARTESIAN_POINT('',(2.49,79.,7.23212946969));
#13231 = VECTOR('',#13232,1.);
#13232 = DIRECTION('',(-1.,-0.,-0.));
#13233 = PCURVE('',#11669,#13234);
#13234 = DEFINITIONAL_REPRESENTATION('',(#13235),#13238);
#13235 = B_SPLINE_CURVE_WITH_KNOTS('',1,(#13236,#13237),.UNSPECIFIED.,
  .F.,.F.,(2,2),(-3.0000006,-9.9994E-03),.PIECEWISE_BEZIER_KNOTS.);
#13236 = CARTESIAN_POINT('',(-4.976900603947,-3.0000006));
#13237 = CARTESIAN_POINT('',(-4.976900603947,-9.9994E-03));
#13238 = ( GEOMETRIC_REPRESENTATION_CONTEXT(2) 
PARAMETRIC_REPRESENTATION_CONTEXT() REPRESENTATION_CONTEXT('2D SPACE',''
  ) );
#13239 = PCURVE('',#11638,#13240);
#13240 = DEFINITIONAL_REPRESENTATION('',(#13241),#13244);
#13241 = B_SPLINE_CURVE_WITH_KNOTS('',1,(#13242,#13243),.UNSPECIFIED.,
  .F.,.F.,(2,2),(-3.0000006,-9.9994E-03),.PIECEWISE_BEZIER_KNOTS.);
#13242 = CARTESIAN_POINT('',(4.63212946969,2.9900006));
#13243 = CARTESIAN_POINT('',(4.63212946969,-5.999999999062E-07));
#13244 = ( GEOMETRIC_REPRESENTATION_CONTEXT(2) 
PARAMETRIC_REPRESENTATION_CONTEXT() REPRESENTATION_CONTEXT('2D SPACE',''
  ) );
#13245 = ADVANCED_FACE('',(#13246),#11638,.F.);
#13246 = FACE_BOUND('',#13247,.F.);
#13247 = EDGE_LOOP('',(#13248,#13249,#13250,#13251));
#13248 = ORIENTED_EDGE('',*,*,#13147,.T.);
#13249 = ORIENTED_EDGE('',*,*,#11622,.T.);
#13250 = ORIENTED_EDGE('',*,*,#13227,.F.);
#13251 = ORIENTED_EDGE('',*,*,#13252,.F.);
#13252 = EDGE_CURVE('',#13148,#13198,#13253,.T.);
#13253 = SURFACE_CURVE('',#13254,(#13258,#13264),.PCURVE_S1.);
#13254 = LINE('',#13255,#13256);
#13255 = CARTESIAN_POINT('',(5.49,79.,12.3));
#13256 = VECTOR('',#13257,1.);
#13257 = DIRECTION('',(0.,0.,1.));
#13258 = PCURVE('',#11638,#13259);
#13259 = DEFINITIONAL_REPRESENTATION('',(#13260),#13263);
#13260 = B_SPLINE_CURVE_WITH_KNOTS('',1,(#13261,#13262),.UNSPECIFIED.,
  .F.,.F.,(2,2),(-8.6,-4.7),.PIECEWISE_BEZIER_KNOTS.);
#13261 = CARTESIAN_POINT('',(1.1,2.99));
#13262 = CARTESIAN_POINT('',(5.,2.99));
#13263 = ( GEOMETRIC_REPRESENTATION_CONTEXT(2) 
PARAMETRIC_REPRESENTATION_CONTEXT() REPRESENTATION_CONTEXT('2D SPACE',''
  ) );
#13264 = PCURVE('',#13092,#13265);
#13265 = DEFINITIONAL_REPRESENTATION('',(#13266),#13269);
#13266 = B_SPLINE_CURVE_WITH_KNOTS('',1,(#13267,#13268),.UNSPECIFIED.,
  .F.,.F.,(2,2),(-8.6,-4.7),.PIECEWISE_BEZIER_KNOTS.);
#13267 = CARTESIAN_POINT('',(-18.3,-4.));
#13268 = CARTESIAN_POINT('',(-14.4,-4.));
#13269 = ( GEOMETRIC_REPRESENTATION_CONTEXT(2) 
PARAMETRIC_REPRESENTATION_CONTEXT() REPRESENTATION_CONTEXT('2D SPACE',''
  ) );
#13270 = ADVANCED_FACE('',(#13271),#11733,.F.);
#13271 = FACE_BOUND('',#13272,.T.);
#13272 = EDGE_LOOP('',(#13273,#13308,#13327,#13328));
#13273 = ORIENTED_EDGE('',*,*,#13274,.F.);
#13274 = EDGE_CURVE('',#13275,#13277,#13279,.T.);
#13275 = VERTEX_POINT('',#13276);
#13276 = CARTESIAN_POINT('',(5.49,71.,7.23212946969));
#13277 = VERTEX_POINT('',#13278);
#13278 = CARTESIAN_POINT('',(5.49,59.831282189981,24.));
#13279 = SURFACE_CURVE('',#13280,(#13285,#13292),.PCURVE_S1.);
#13280 = CIRCLE('',#13281,15.3);
#13281 = AXIS2_PLACEMENT_3D('',#13282,#13283,#13284);
#13282 = CARTESIAN_POINT('',(5.49,75.,22.));
#13283 = DIRECTION('',(-1.,0.,0.));
#13284 = DIRECTION('',(0.,0.991419464707,0.130718954248));
#13285 = PCURVE('',#11733,#13286);
#13286 = DEFINITIONAL_REPRESENTATION('',(#13287),#13291);
#13287 = LINE('',#13288,#13289);
#13288 = CARTESIAN_POINT('',(-6.414279428933,-3.));
#13289 = VECTOR('',#13290,1.);
#13290 = DIRECTION('',(1.,-0.));
#13291 = ( GEOMETRIC_REPRESENTATION_CONTEXT(2) 
PARAMETRIC_REPRESENTATION_CONTEXT() REPRESENTATION_CONTEXT('2D SPACE',''
  ) );
#13292 = PCURVE('',#13293,#13298);
#13293 = PLANE('',#13294);
#13294 = AXIS2_PLACEMENT_3D('',#13295,#13296,#13297);
#13295 = CARTESIAN_POINT('',(5.49,75.,22.));
#13296 = DIRECTION('',(1.,0.,0.));
#13297 = DIRECTION('',(-0.,0.,1.));
#13298 = DEFINITIONAL_REPRESENTATION('',(#13299),#13307);
#13299 = ( BOUNDED_CURVE() B_SPLINE_CURVE(2,(#13300,#13301,#13302,#13303
    ,#13304,#13305,#13306),.UNSPECIFIED.,.T.,.F.) 
B_SPLINE_CURVE_WITH_KNOTS((1,2,2,2,2,1),(-2.094395102393,0.,
    2.094395102393,4.188790204786,6.28318530718,8.377580409573),
.UNSPECIFIED.) CURVE() GEOMETRIC_REPRESENTATION_ITEM() 
RATIONAL_B_SPLINE_CURVE((1.,0.5,1.,0.5,1.,0.5,1.)) REPRESENTATION_ITEM(
  '') );
#13300 = CARTESIAN_POINT('',(2.,-15.16871781002));
#13301 = CARTESIAN_POINT('',(-24.27298993262,-18.63281942515));
#13302 = CARTESIAN_POINT('',(-14.13649496631,5.852308097441));
#13303 = CARTESIAN_POINT('',(-4.,30.337435620039));
#13304 = CARTESIAN_POINT('',(12.136494966314,9.316409712578));
#13305 = CARTESIAN_POINT('',(28.272989932629,-11.70461619488));
#13306 = CARTESIAN_POINT('',(2.,-15.16871781002));
#13307 = ( GEOMETRIC_REPRESENTATION_CONTEXT(2) 
PARAMETRIC_REPRESENTATION_CONTEXT() REPRESENTATION_CONTEXT('2D SPACE',''
  ) );
#13308 = ORIENTED_EDGE('',*,*,#13309,.T.);
#13309 = EDGE_CURVE('',#13275,#11711,#13310,.T.);
#13310 = SURFACE_CURVE('',#13311,(#13315,#13321),.PCURVE_S1.);
#13311 = LINE('',#13312,#13313);
#13312 = CARTESIAN_POINT('',(2.49,71.,7.23212946969));
#13313 = VECTOR('',#13314,1.);
#13314 = DIRECTION('',(-1.,-0.,-0.));
#13315 = PCURVE('',#11733,#13316);
#13316 = DEFINITIONAL_REPRESENTATION('',(#13317),#13320);
#13317 = B_SPLINE_CURVE_WITH_KNOTS('',1,(#13318,#13319),.UNSPECIFIED.,
  .F.,.F.,(2,2),(-3.0000006,-9.9994E-03),.PIECEWISE_BEZIER_KNOTS.);
#13318 = CARTESIAN_POINT('',(-4.447877356822,-3.0000006));
#13319 = CARTESIAN_POINT('',(-4.447877356822,-9.9994E-03));
#13320 = ( GEOMETRIC_REPRESENTATION_CONTEXT(2) 
PARAMETRIC_REPRESENTATION_CONTEXT() REPRESENTATION_CONTEXT('2D SPACE',''
  ) );
#13321 = PCURVE('',#11761,#13322);
#13322 = DEFINITIONAL_REPRESENTATION('',(#13323),#13326);
#13323 = B_SPLINE_CURVE_WITH_KNOTS('',1,(#13324,#13325),.UNSPECIFIED.,
  .F.,.F.,(2,2),(-3.0000006,-9.9994E-03),.PIECEWISE_BEZIER_KNOTS.);
#13324 = CARTESIAN_POINT('',(4.63212946969,2.9900006));
#13325 = CARTESIAN_POINT('',(4.63212946969,-5.999999999062E-07));
#13326 = ( GEOMETRIC_REPRESENTATION_CONTEXT(2) 
PARAMETRIC_REPRESENTATION_CONTEXT() REPRESENTATION_CONTEXT('2D SPACE',''
  ) );
#13327 = ORIENTED_EDGE('',*,*,#11710,.T.);
#13328 = ORIENTED_EDGE('',*,*,#13329,.F.);
#13329 = EDGE_CURVE('',#13277,#11713,#13330,.T.);
#13330 = SURFACE_CURVE('',#13331,(#13335,#13341),.PCURVE_S1.);
#13331 = LINE('',#13332,#13333);
#13332 = CARTESIAN_POINT('',(2.49,59.831282189981,24.));
#13333 = VECTOR('',#13334,1.);
#13334 = DIRECTION('',(-1.,-0.,-0.));
#13335 = PCURVE('',#11733,#13336);
#13336 = DEFINITIONAL_REPRESENTATION('',(#13337),#13340);
#13337 = B_SPLINE_CURVE_WITH_KNOTS('',1,(#13338,#13339),.UNSPECIFIED.,
  .F.,.F.,(2,2),(-3.,-0.),.PIECEWISE_BEZIER_KNOTS.);
#13338 = CARTESIAN_POINT('',(-3.010498531836,-3.));
#13339 = CARTESIAN_POINT('',(-3.010498531836,0.));
#13340 = ( GEOMETRIC_REPRESENTATION_CONTEXT(2) 
PARAMETRIC_REPRESENTATION_CONTEXT() REPRESENTATION_CONTEXT('2D SPACE',''
  ) );
#13341 = PCURVE('',#11820,#13342);
#13342 = DEFINITIONAL_REPRESENTATION('',(#13343),#13346);
#13343 = B_SPLINE_CURVE_WITH_KNOTS('',1,(#13344,#13345),.UNSPECIFIED.,
  .F.,.F.,(2,2),(-3.0000006,5.999999999062E-07),
  .PIECEWISE_BEZIER_KNOTS.);
#13344 = CARTESIAN_POINT('',(5.4900006,59.831282189981));
#13345 = CARTESIAN_POINT('',(2.4899994,59.831282189981));
#13346 = ( GEOMETRIC_REPRESENTATION_CONTEXT(2) 
PARAMETRIC_REPRESENTATION_CONTEXT() REPRESENTATION_CONTEXT('2D SPACE',''
  ) );
#13347 = ADVANCED_FACE('',(#13348),#11761,.T.);
#13348 = FACE_BOUND('',#13349,.T.);
#13349 = EDGE_LOOP('',(#13350,#13371,#13372,#13373));
#13350 = ORIENTED_EDGE('',*,*,#13351,.T.);
#13351 = EDGE_CURVE('',#13352,#11746,#13354,.T.);
#13352 = VERTEX_POINT('',#13353);
#13353 = CARTESIAN_POINT('',(5.49,71.,4.142508574831));
#13354 = SURFACE_CURVE('',#13355,(#13359,#13365),.PCURVE_S1.);
#13355 = LINE('',#13356,#13357);
#13356 = CARTESIAN_POINT('',(2.49,71.,4.142508574831));
#13357 = VECTOR('',#13358,1.);
#13358 = DIRECTION('',(-1.,-0.,-0.));
#13359 = PCURVE('',#11761,#13360);
#13360 = DEFINITIONAL_REPRESENTATION('',(#13361),#13364);
#13361 = B_SPLINE_CURVE_WITH_KNOTS('',1,(#13362,#13363),.UNSPECIFIED.,
  .F.,.F.,(2,2),(-3.0000006,-9.9994E-03),.PIECEWISE_BEZIER_KNOTS.);
#13362 = CARTESIAN_POINT('',(1.542508574831,2.9900006));
#13363 = CARTESIAN_POINT('',(1.542508574831,-5.999999999062E-07));
#13364 = ( GEOMETRIC_REPRESENTATION_CONTEXT(2) 
PARAMETRIC_REPRESENTATION_CONTEXT() REPRESENTATION_CONTEXT('2D SPACE',''
  ) );
#13365 = PCURVE('',#11794,#13366);
#13366 = DEFINITIONAL_REPRESENTATION('',(#13367),#13370);
#13367 = B_SPLINE_CURVE_WITH_KNOTS('',1,(#13368,#13369),.UNSPECIFIED.,
  .F.,.F.,(2,2),(-3.0000006,-9.9994E-03),.PIECEWISE_BEZIER_KNOTS.);
#13368 = CARTESIAN_POINT('',(-4.492030719479,-3.0000006));
#13369 = CARTESIAN_POINT('',(-4.492030719479,-9.9994E-03));
#13370 = ( GEOMETRIC_REPRESENTATION_CONTEXT(2) 
PARAMETRIC_REPRESENTATION_CONTEXT() REPRESENTATION_CONTEXT('2D SPACE',''
  ) );
#13371 = ORIENTED_EDGE('',*,*,#11745,.T.);
#13372 = ORIENTED_EDGE('',*,*,#13309,.F.);
#13373 = ORIENTED_EDGE('',*,*,#13374,.F.);
#13374 = EDGE_CURVE('',#13352,#13275,#13375,.T.);
#13375 = SURFACE_CURVE('',#13376,(#13380,#13386),.PCURVE_S1.);
#13376 = LINE('',#13377,#13378);
#13377 = CARTESIAN_POINT('',(5.49,71.,12.3));
#13378 = VECTOR('',#13379,1.);
#13379 = DIRECTION('',(0.,0.,1.));
#13380 = PCURVE('',#11761,#13381);
#13381 = DEFINITIONAL_REPRESENTATION('',(#13382),#13385);
#13382 = B_SPLINE_CURVE_WITH_KNOTS('',1,(#13383,#13384),.UNSPECIFIED.,
  .F.,.F.,(2,2),(-8.6,-4.7),.PIECEWISE_BEZIER_KNOTS.);
#13383 = CARTESIAN_POINT('',(1.1,2.99));
#13384 = CARTESIAN_POINT('',(5.,2.99));
#13385 = ( GEOMETRIC_REPRESENTATION_CONTEXT(2) 
PARAMETRIC_REPRESENTATION_CONTEXT() REPRESENTATION_CONTEXT('2D SPACE',''
  ) );
#13386 = PCURVE('',#13293,#13387);
#13387 = DEFINITIONAL_REPRESENTATION('',(#13388),#13391);
#13388 = B_SPLINE_CURVE_WITH_KNOTS('',1,(#13389,#13390),.UNSPECIFIED.,
  .F.,.F.,(2,2),(-8.6,-4.7),.PIECEWISE_BEZIER_KNOTS.);
#13389 = CARTESIAN_POINT('',(-18.3,4.));
#13390 = CARTESIAN_POINT('',(-14.4,4.));
#13391 = ( GEOMETRIC_REPRESENTATION_CONTEXT(2) 
PARAMETRIC_REPRESENTATION_CONTEXT() REPRESENTATION_CONTEXT('2D SPACE',''
  ) );
#13392 = ADVANCED_FACE('',(#13393),#11820,.T.);
#13393 = FACE_BOUND('',#13394,.T.);
#13394 = EDGE_LOOP('',(#13395,#13416,#13435,#13436));
#13395 = ORIENTED_EDGE('',*,*,#13396,.F.);
#13396 = EDGE_CURVE('',#13397,#11774,#13399,.T.);
#13397 = VERTEX_POINT('',#13398);
#13398 = CARTESIAN_POINT('',(5.49,56.809617925948,24.));
#13399 = SURFACE_CURVE('',#13400,(#13404,#13410),.PCURVE_S1.);
#13400 = LINE('',#13401,#13402);
#13401 = CARTESIAN_POINT('',(2.49,56.809617925948,24.));
#13402 = VECTOR('',#13403,1.);
#13403 = DIRECTION('',(-1.,-0.,-0.));
#13404 = PCURVE('',#11820,#13405);
#13405 = DEFINITIONAL_REPRESENTATION('',(#13406),#13409);
#13406 = B_SPLINE_CURVE_WITH_KNOTS('',1,(#13407,#13408),.UNSPECIFIED.,
  .F.,.F.,(2,2),(-3.0000006,5.999999999062E-07),
  .PIECEWISE_BEZIER_KNOTS.);
#13407 = CARTESIAN_POINT('',(5.4900006,56.809617925948));
#13408 = CARTESIAN_POINT('',(2.4899994,56.809617925948));
#13409 = ( GEOMETRIC_REPRESENTATION_CONTEXT(2) 
PARAMETRIC_REPRESENTATION_CONTEXT() REPRESENTATION_CONTEXT('2D SPACE',''
  ) );
#13410 = PCURVE('',#11794,#13411);
#13411 = DEFINITIONAL_REPRESENTATION('',(#13412),#13415);
#13412 = B_SPLINE_CURVE_WITH_KNOTS('',1,(#13413,#13414),.UNSPECIFIED.,
  .F.,.F.,(2,2),(-3.,-0.),.PIECEWISE_BEZIER_KNOTS.);
#13413 = CARTESIAN_POINT('',(-3.032084295126,-3.));
#13414 = CARTESIAN_POINT('',(-3.032084295126,0.));
#13415 = ( GEOMETRIC_REPRESENTATION_CONTEXT(2) 
PARAMETRIC_REPRESENTATION_CONTEXT() REPRESENTATION_CONTEXT('2D SPACE',''
  ) );
#13416 = ORIENTED_EDGE('',*,*,#13417,.F.);
#13417 = EDGE_CURVE('',#13277,#13397,#13418,.T.);
#13418 = SURFACE_CURVE('',#13419,(#13423,#13429),.PCURVE_S1.);
#13419 = LINE('',#13420,#13421);
#13420 = CARTESIAN_POINT('',(5.49,37.5,24.));
#13421 = VECTOR('',#13422,1.);
#13422 = DIRECTION('',(0.,-1.,0.));
#13423 = PCURVE('',#11820,#13424);
#13424 = DEFINITIONAL_REPRESENTATION('',(#13425),#13428);
#13425 = B_SPLINE_CURVE_WITH_KNOTS('',1,(#13426,#13427),.UNSPECIFIED.,
  .F.,.F.,(2,2),(-55.8,-19.2),.PIECEWISE_BEZIER_KNOTS.);
#13426 = CARTESIAN_POINT('',(5.49,93.3));
#13427 = CARTESIAN_POINT('',(5.49,56.7));
#13428 = ( GEOMETRIC_REPRESENTATION_CONTEXT(2) 
PARAMETRIC_REPRESENTATION_CONTEXT() REPRESENTATION_CONTEXT('2D SPACE',''
  ) );
#13429 = PCURVE('',#13293,#13430);
#13430 = DEFINITIONAL_REPRESENTATION('',(#13431),#13434);
#13431 = B_SPLINE_CURVE_WITH_KNOTS('',1,(#13432,#13433),.UNSPECIFIED.,
  .F.,.F.,(2,2),(-55.8,-19.2),.PIECEWISE_BEZIER_KNOTS.);
#13432 = CARTESIAN_POINT('',(2.,-18.3));
#13433 = CARTESIAN_POINT('',(2.,18.3));
#13434 = ( GEOMETRIC_REPRESENTATION_CONTEXT(2) 
PARAMETRIC_REPRESENTATION_CONTEXT() REPRESENTATION_CONTEXT('2D SPACE',''
  ) );
#13435 = ORIENTED_EDGE('',*,*,#13329,.T.);
#13436 = ORIENTED_EDGE('',*,*,#11806,.T.);
#13437 = ADVANCED_FACE('',(#13438),#11794,.T.);
#13438 = FACE_BOUND('',#13439,.F.);
#13439 = EDGE_LOOP('',(#13440,#13441,#13442,#13443));
#13440 = ORIENTED_EDGE('',*,*,#13351,.T.);
#13441 = ORIENTED_EDGE('',*,*,#11773,.T.);
#13442 = ORIENTED_EDGE('',*,*,#13396,.F.);
#13443 = ORIENTED_EDGE('',*,*,#13444,.F.);
#13444 = EDGE_CURVE('',#13352,#13397,#13445,.T.);
#13445 = SURFACE_CURVE('',#13446,(#13451,#13458),.PCURVE_S1.);
#13446 = CIRCLE('',#13447,18.3);
#13447 = AXIS2_PLACEMENT_3D('',#13448,#13449,#13450);
#13448 = CARTESIAN_POINT('',(5.49,75.,22.));
#13449 = DIRECTION('',(-1.,0.,0.));
#13450 = DIRECTION('',(0.,0.994009949402,0.109289617486));
#13451 = PCURVE('',#11794,#13452);
#13452 = DEFINITIONAL_REPRESENTATION('',(#13453),#13457);
#13453 = LINE('',#13454,#13455);
#13454 = CARTESIAN_POINT('',(-6.392693665643,-3.));
#13455 = VECTOR('',#13456,1.);
#13456 = DIRECTION('',(1.,-0.));
#13457 = ( GEOMETRIC_REPRESENTATION_CONTEXT(2) 
PARAMETRIC_REPRESENTATION_CONTEXT() REPRESENTATION_CONTEXT('2D SPACE',''
  ) );
#13458 = PCURVE('',#13293,#13459);
#13459 = DEFINITIONAL_REPRESENTATION('',(#13460),#13468);
#13460 = ( BOUNDED_CURVE() B_SPLINE_CURVE(2,(#13461,#13462,#13463,#13464
    ,#13465,#13466,#13467),.UNSPECIFIED.,.T.,.F.) 
B_SPLINE_CURVE_WITH_KNOTS((1,2,2,2,2,1),(-2.094395102393,0.,
    2.094395102393,4.188790204786,6.28318530718,8.377580409573),
.UNSPECIFIED.) CURVE() GEOMETRIC_REPRESENTATION_ITEM() 
RATIONAL_B_SPLINE_CURVE((1.,0.5,1.,0.5,1.,0.5,1.)) REPRESENTATION_ITEM(
  '') );
#13461 = CARTESIAN_POINT('',(2.,-18.19038207405));
#13462 = CARTESIAN_POINT('',(-29.50666596134,-21.65448368919));
#13463 = CARTESIAN_POINT('',(-16.75333298067,7.363140229457));
#13464 = CARTESIAN_POINT('',(-4.,36.380764148104));
#13465 = CARTESIAN_POINT('',(14.753332980674,10.827241844595));
#13466 = CARTESIAN_POINT('',(33.506665961349,-14.72628045891));
#13467 = CARTESIAN_POINT('',(2.,-18.19038207405));
#13468 = ( GEOMETRIC_REPRESENTATION_CONTEXT(2) 
PARAMETRIC_REPRESENTATION_CONTEXT() REPRESENTATION_CONTEXT('2D SPACE',''
  ) );
#13469 = ADVANCED_FACE('',(#13470),#11888,.F.);
#13470 = FACE_BOUND('',#13471,.F.);
#13471 = EDGE_LOOP('',(#13472,#13493,#13494,#13495));
#13472 = ORIENTED_EDGE('',*,*,#13473,.T.);
#13473 = EDGE_CURVE('',#12338,#12673,#13474,.T.);
#13474 = SURFACE_CURVE('',#13475,(#13479,#13486),.PCURVE_S1.);
#13475 = LINE('',#13476,#13477);
#13476 = CARTESIAN_POINT('',(142.,2.5,27.));
#13477 = VECTOR('',#13478,1.);
#13478 = DIRECTION('',(0.,1.812609019796E-17,-1.));
#13479 = PCURVE('',#11888,#13480);
#13480 = DEFINITIONAL_REPRESENTATION('',(#13481),#13485);
#13481 = LINE('',#13482,#13483);
#13482 = CARTESIAN_POINT('',(0.,3.));
#13483 = VECTOR('',#13484,1.);
#13484 = DIRECTION('',(-0.,-1.));
#13485 = ( GEOMETRIC_REPRESENTATION_CONTEXT(2) 
PARAMETRIC_REPRESENTATION_CONTEXT() REPRESENTATION_CONTEXT('2D SPACE',''
  ) );
#13486 = PCURVE('',#12377,#13487);
#13487 = DEFINITIONAL_REPRESENTATION('',(#13488),#13492);
#13488 = LINE('',#13489,#13490);
#13489 = CARTESIAN_POINT('',(139.5,-3.));
#13490 = VECTOR('',#13491,1.);
#13491 = DIRECTION('',(0.,1.));
#13492 = ( GEOMETRIC_REPRESENTATION_CONTEXT(2) 
PARAMETRIC_REPRESENTATION_CONTEXT() REPRESENTATION_CONTEXT('2D SPACE',''
  ) );
#13493 = ORIENTED_EDGE('',*,*,#12695,.T.);
#13494 = ORIENTED_EDGE('',*,*,#11870,.F.);
#13495 = ORIENTED_EDGE('',*,*,#12337,.F.);
#13496 = ADVANCED_FACE('',(#13497),#11939,.F.);
#13497 = FACE_BOUND('',#13498,.F.);
#13498 = EDGE_LOOP('',(#13499,#13500,#13501,#13522));
#13499 = ORIENTED_EDGE('',*,*,#11923,.T.);
#13500 = ORIENTED_EDGE('',*,*,#12718,.T.);
#13501 = ORIENTED_EDGE('',*,*,#13502,.F.);
#13502 = EDGE_CURVE('',#12287,#12719,#13503,.T.);
#13503 = SURFACE_CURVE('',#13504,(#13508,#13515),.PCURVE_S1.);
#13504 = LINE('',#13505,#13506);
#13505 = CARTESIAN_POINT('',(142.,147.5,27.));
#13506 = VECTOR('',#13507,1.);
#13507 = DIRECTION('',(0.,0.,-1.));
#13508 = PCURVE('',#11939,#13509);
#13509 = DEFINITIONAL_REPRESENTATION('',(#13510),#13514);
#13510 = LINE('',#13511,#13512);
#13511 = CARTESIAN_POINT('',(1.570796326795,3.));
#13512 = VECTOR('',#13513,1.);
#13513 = DIRECTION('',(-0.,-1.));
#13514 = ( GEOMETRIC_REPRESENTATION_CONTEXT(2) 
PARAMETRIC_REPRESENTATION_CONTEXT() REPRESENTATION_CONTEXT('2D SPACE',''
  ) );
#13515 = PCURVE('',#12302,#13516);
#13516 = DEFINITIONAL_REPRESENTATION('',(#13517),#13521);
#13517 = LINE('',#13518,#13519);
#13518 = CARTESIAN_POINT('',(5.5,-3.));
#13519 = VECTOR('',#13520,1.);
#13520 = DIRECTION('',(0.,1.));
#13521 = ( GEOMETRIC_REPRESENTATION_CONTEXT(2) 
PARAMETRIC_REPRESENTATION_CONTEXT() REPRESENTATION_CONTEXT('2D SPACE',''
  ) );
#13522 = ORIENTED_EDGE('',*,*,#12314,.F.);
#13523 = ADVANCED_FACE('',(#13524),#12128,.F.);
#13524 = FACE_BOUND('',#13525,.F.);
#13525 = EDGE_LOOP('',(#13526,#13527,#13550,#13571));
#13526 = ORIENTED_EDGE('',*,*,#12111,.T.);
#13527 = ORIENTED_EDGE('',*,*,#13528,.T.);
#13528 = EDGE_CURVE('',#12114,#13529,#13531,.T.);
#13529 = VERTEX_POINT('',#13530);
#13530 = CARTESIAN_POINT('',(72.,147.5,15.4));
#13531 = SURFACE_CURVE('',#13532,(#13536,#13543),.PCURVE_S1.);
#13532 = LINE('',#13533,#13534);
#13533 = CARTESIAN_POINT('',(72.,151.,15.4));
#13534 = VECTOR('',#13535,1.);
#13535 = DIRECTION('',(0.,-1.,0.));
#13536 = PCURVE('',#12128,#13537);
#13537 = DEFINITIONAL_REPRESENTATION('',(#13538),#13542);
#13538 = LINE('',#13539,#13540);
#13539 = CARTESIAN_POINT('',(0.,0.));
#13540 = VECTOR('',#13541,1.);
#13541 = DIRECTION('',(0.,-1.));
#13542 = ( GEOMETRIC_REPRESENTATION_CONTEXT(2) 
PARAMETRIC_REPRESENTATION_CONTEXT() REPRESENTATION_CONTEXT('2D SPACE',''
  ) );
#13543 = PCURVE('',#12217,#13544);
#13544 = DEFINITIONAL_REPRESENTATION('',(#13545),#13549);
#13545 = LINE('',#13546,#13547);
#13546 = CARTESIAN_POINT('',(3.14159265359,0.));
#13547 = VECTOR('',#13548,1.);
#13548 = DIRECTION('',(0.,-1.));
#13549 = ( GEOMETRIC_REPRESENTATION_CONTEXT(2) 
PARAMETRIC_REPRESENTATION_CONTEXT() REPRESENTATION_CONTEXT('2D SPACE',''
  ) );
#13550 = ORIENTED_EDGE('',*,*,#13551,.F.);
#13551 = EDGE_CURVE('',#13552,#13529,#13554,.T.);
#13552 = VERTEX_POINT('',#13553);
#13553 = CARTESIAN_POINT('',(78.,147.5,15.4));
#13554 = SURFACE_CURVE('',#13555,(#13559,#13565),.PCURVE_S1.);
#13555 = LINE('',#13556,#13557);
#13556 = CARTESIAN_POINT('',(109.75,147.5,15.4));
#13557 = VECTOR('',#13558,1.);
#13558 = DIRECTION('',(-1.,-0.,0.));
#13559 = PCURVE('',#12128,#13560);
#13560 = DEFINITIONAL_REPRESENTATION('',(#13561),#13564);
#13561 = B_SPLINE_CURVE_WITH_KNOTS('',1,(#13562,#13563),.UNSPECIFIED.,
  .F.,.F.,(2,2),(31.75,37.75),.PIECEWISE_BEZIER_KNOTS.);
#13562 = CARTESIAN_POINT('',(6.,-3.5));
#13563 = CARTESIAN_POINT('',(0.,-3.5));
#13564 = ( GEOMETRIC_REPRESENTATION_CONTEXT(2) 
PARAMETRIC_REPRESENTATION_CONTEXT() REPRESENTATION_CONTEXT('2D SPACE',''
  ) );
#13565 = PCURVE('',#12302,#13566);
#13566 = DEFINITIONAL_REPRESENTATION('',(#13567),#13570);
#13567 = B_SPLINE_CURVE_WITH_KNOTS('',1,(#13568,#13569),.UNSPECIFIED.,
  .F.,.F.,(2,2),(31.75,37.75),.PIECEWISE_BEZIER_KNOTS.);
#13568 = CARTESIAN_POINT('',(69.5,8.6));
#13569 = CARTESIAN_POINT('',(75.5,8.6));
#13570 = ( GEOMETRIC_REPRESENTATION_CONTEXT(2) 
PARAMETRIC_REPRESENTATION_CONTEXT() REPRESENTATION_CONTEXT('2D SPACE',''
  ) );
#13571 = ORIENTED_EDGE('',*,*,#13572,.F.);
#13572 = EDGE_CURVE('',#12112,#13552,#13573,.T.);
#13573 = SURFACE_CURVE('',#13574,(#13578,#13585),.PCURVE_S1.);
#13574 = LINE('',#13575,#13576);
#13575 = CARTESIAN_POINT('',(78.,151.,15.4));
#13576 = VECTOR('',#13577,1.);
#13577 = DIRECTION('',(0.,-1.,0.));
#13578 = PCURVE('',#12128,#13579);
#13579 = DEFINITIONAL_REPRESENTATION('',(#13580),#13584);
#13580 = LINE('',#13581,#13582);
#13581 = CARTESIAN_POINT('',(6.,0.));
#13582 = VECTOR('',#13583,1.);
#13583 = DIRECTION('',(0.,-1.));
#13584 = ( GEOMETRIC_REPRESENTATION_CONTEXT(2) 
PARAMETRIC_REPRESENTATION_CONTEXT() REPRESENTATION_CONTEXT('2D SPACE',''
  ) );
#13585 = PCURVE('',#12160,#13586);
#13586 = DEFINITIONAL_REPRESENTATION('',(#13587),#13591);
#13587 = LINE('',#13588,#13589);
#13588 = CARTESIAN_POINT('',(0.,0.));
#13589 = VECTOR('',#13590,1.);
#13590 = DIRECTION('',(0.,-1.));
#13591 = ( GEOMETRIC_REPRESENTATION_CONTEXT(2) 
PARAMETRIC_REPRESENTATION_CONTEXT() REPRESENTATION_CONTEXT('2D SPACE',''
  ) );
#13592 = ADVANCED_FACE('',(#13593),#12217,.F.);
#13593 = FACE_BOUND('',#13594,.F.);
#13594 = EDGE_LOOP('',(#13595,#13596,#13619,#13645));
#13595 = ORIENTED_EDGE('',*,*,#12198,.F.);
#13596 = ORIENTED_EDGE('',*,*,#13597,.T.);
#13597 = EDGE_CURVE('',#12173,#13598,#13600,.T.);
#13598 = VERTEX_POINT('',#13599);
#13599 = CARTESIAN_POINT('',(72.,147.5,12.6));
#13600 = SURFACE_CURVE('',#13601,(#13605,#13612),.PCURVE_S1.);
#13601 = LINE('',#13602,#13603);
#13602 = CARTESIAN_POINT('',(72.,151.,12.6));
#13603 = VECTOR('',#13604,1.);
#13604 = DIRECTION('',(0.,-1.,0.));
#13605 = PCURVE('',#12217,#13606);
#13606 = DEFINITIONAL_REPRESENTATION('',(#13607),#13611);
#13607 = LINE('',#13608,#13609);
#13608 = CARTESIAN_POINT('',(0.,0.));
#13609 = VECTOR('',#13610,1.);
#13610 = DIRECTION('',(0.,-1.));
#13611 = ( GEOMETRIC_REPRESENTATION_CONTEXT(2) 
PARAMETRIC_REPRESENTATION_CONTEXT() REPRESENTATION_CONTEXT('2D SPACE',''
  ) );
#13612 = PCURVE('',#12187,#13613);
#13613 = DEFINITIONAL_REPRESENTATION('',(#13614),#13618);
#13614 = LINE('',#13615,#13616);
#13615 = CARTESIAN_POINT('',(6.,0.));
#13616 = VECTOR('',#13617,1.);
#13617 = DIRECTION('',(0.,-1.));
#13618 = ( GEOMETRIC_REPRESENTATION_CONTEXT(2) 
PARAMETRIC_REPRESENTATION_CONTEXT() REPRESENTATION_CONTEXT('2D SPACE',''
  ) );
#13619 = ORIENTED_EDGE('',*,*,#13620,.T.);
#13620 = EDGE_CURVE('',#13598,#13529,#13621,.T.);
#13621 = SURFACE_CURVE('',#13622,(#13627,#13634),.PCURVE_S1.);
#13622 = CIRCLE('',#13623,1.4);
#13623 = AXIS2_PLACEMENT_3D('',#13624,#13625,#13626);
#13624 = CARTESIAN_POINT('',(72.,147.5,14.));
#13625 = DIRECTION('',(0.,1.,0.));
#13626 = DIRECTION('',(-3.172065784643E-16,0.,-1.));
#13627 = PCURVE('',#12217,#13628);
#13628 = DEFINITIONAL_REPRESENTATION('',(#13629),#13633);
#13629 = LINE('',#13630,#13631);
#13630 = CARTESIAN_POINT('',(0.,-3.5));
#13631 = VECTOR('',#13632,1.);
#13632 = DIRECTION('',(1.,0.));
#13633 = ( GEOMETRIC_REPRESENTATION_CONTEXT(2) 
PARAMETRIC_REPRESENTATION_CONTEXT() REPRESENTATION_CONTEXT('2D SPACE',''
  ) );
#13634 = PCURVE('',#12302,#13635);
#13635 = DEFINITIONAL_REPRESENTATION('',(#13636),#13644);
#13636 = ( BOUNDED_CURVE() B_SPLINE_CURVE(2,(#13637,#13638,#13639,#13640
    ,#13641,#13642,#13643),.UNSPECIFIED.,.T.,.F.) 
B_SPLINE_CURVE_WITH_KNOTS((1,2,2,2,2,1),(-2.094395102393,0.,
    2.094395102393,4.188790204786,6.28318530718,8.377580409573),
.UNSPECIFIED.) CURVE() GEOMETRIC_REPRESENTATION_ITEM() 
RATIONAL_B_SPLINE_CURVE((1.,0.5,1.,0.5,1.,0.5,1.)) REPRESENTATION_ITEM(
  '') );
#13637 = CARTESIAN_POINT('',(75.5,11.4));
#13638 = CARTESIAN_POINT('',(77.924871130596,11.4));
#13639 = CARTESIAN_POINT('',(76.712435565298,9.3));
#13640 = CARTESIAN_POINT('',(75.5,7.2));
#13641 = CARTESIAN_POINT('',(74.287564434702,9.3));
#13642 = CARTESIAN_POINT('',(73.075128869404,11.4));
#13643 = CARTESIAN_POINT('',(75.5,11.4));
#13644 = ( GEOMETRIC_REPRESENTATION_CONTEXT(2) 
PARAMETRIC_REPRESENTATION_CONTEXT() REPRESENTATION_CONTEXT('2D SPACE',''
  ) );
#13645 = ORIENTED_EDGE('',*,*,#13528,.F.);
#13646 = ADVANCED_FACE('',(#13647),#12187,.F.);
#13647 = FACE_BOUND('',#13648,.F.);
#13648 = EDGE_LOOP('',(#13649,#13650,#13673,#13692));
#13649 = ORIENTED_EDGE('',*,*,#12172,.T.);
#13650 = ORIENTED_EDGE('',*,*,#13651,.T.);
#13651 = EDGE_CURVE('',#12140,#13652,#13654,.T.);
#13652 = VERTEX_POINT('',#13653);
#13653 = CARTESIAN_POINT('',(78.,147.5,12.6));
#13654 = SURFACE_CURVE('',#13655,(#13659,#13666),.PCURVE_S1.);
#13655 = LINE('',#13656,#13657);
#13656 = CARTESIAN_POINT('',(78.,151.,12.6));
#13657 = VECTOR('',#13658,1.);
#13658 = DIRECTION('',(0.,-1.,0.));
#13659 = PCURVE('',#12187,#13660);
#13660 = DEFINITIONAL_REPRESENTATION('',(#13661),#13665);
#13661 = LINE('',#13662,#13663);
#13662 = CARTESIAN_POINT('',(0.,0.));
#13663 = VECTOR('',#13664,1.);
#13664 = DIRECTION('',(0.,-1.));
#13665 = ( GEOMETRIC_REPRESENTATION_CONTEXT(2) 
PARAMETRIC_REPRESENTATION_CONTEXT() REPRESENTATION_CONTEXT('2D SPACE',''
  ) );
#13666 = PCURVE('',#12160,#13667);
#13667 = DEFINITIONAL_REPRESENTATION('',(#13668),#13672);
#13668 = LINE('',#13669,#13670);
#13669 = CARTESIAN_POINT('',(3.14159265359,0.));
#13670 = VECTOR('',#13671,1.);
#13671 = DIRECTION('',(0.,-1.));
#13672 = ( GEOMETRIC_REPRESENTATION_CONTEXT(2) 
PARAMETRIC_REPRESENTATION_CONTEXT() REPRESENTATION_CONTEXT('2D SPACE',''
  ) );
#13673 = ORIENTED_EDGE('',*,*,#13674,.F.);
#13674 = EDGE_CURVE('',#13598,#13652,#13675,.T.);
#13675 = SURFACE_CURVE('',#13676,(#13680,#13686),.PCURVE_S1.);
#13676 = LINE('',#13677,#13678);
#13677 = CARTESIAN_POINT('',(112.75,147.5,12.6));
#13678 = VECTOR('',#13679,1.);
#13679 = DIRECTION('',(1.,0.,-0.));
#13680 = PCURVE('',#12187,#13681);
#13681 = DEFINITIONAL_REPRESENTATION('',(#13682),#13685);
#13682 = B_SPLINE_CURVE_WITH_KNOTS('',1,(#13683,#13684),.UNSPECIFIED.,
  .F.,.F.,(2,2),(-40.75,-34.75),.PIECEWISE_BEZIER_KNOTS.);
#13683 = CARTESIAN_POINT('',(6.,-3.5));
#13684 = CARTESIAN_POINT('',(0.,-3.5));
#13685 = ( GEOMETRIC_REPRESENTATION_CONTEXT(2) 
PARAMETRIC_REPRESENTATION_CONTEXT() REPRESENTATION_CONTEXT('2D SPACE',''
  ) );
#13686 = PCURVE('',#12302,#13687);
#13687 = DEFINITIONAL_REPRESENTATION('',(#13688),#13691);
#13688 = B_SPLINE_CURVE_WITH_KNOTS('',1,(#13689,#13690),.UNSPECIFIED.,
  .F.,.F.,(2,2),(-40.75,-34.75),.PIECEWISE_BEZIER_KNOTS.);
#13689 = CARTESIAN_POINT('',(75.5,11.4));
#13690 = CARTESIAN_POINT('',(69.5,11.4));
#13691 = ( GEOMETRIC_REPRESENTATION_CONTEXT(2) 
PARAMETRIC_REPRESENTATION_CONTEXT() REPRESENTATION_CONTEXT('2D SPACE',''
  ) );
#13692 = ORIENTED_EDGE('',*,*,#13597,.F.);
#13693 = ADVANCED_FACE('',(#13694),#12160,.F.);
#13694 = FACE_BOUND('',#13695,.F.);
#13695 = EDGE_LOOP('',(#13696,#13697,#13698,#13724));
#13696 = ORIENTED_EDGE('',*,*,#12139,.F.);
#13697 = ORIENTED_EDGE('',*,*,#13572,.T.);
#13698 = ORIENTED_EDGE('',*,*,#13699,.T.);
#13699 = EDGE_CURVE('',#13552,#13652,#13700,.T.);
#13700 = SURFACE_CURVE('',#13701,(#13706,#13713),.PCURVE_S1.);
#13701 = CIRCLE('',#13702,1.4);
#13702 = AXIS2_PLACEMENT_3D('',#13703,#13704,#13705);
#13703 = CARTESIAN_POINT('',(78.,147.5,14.));
#13704 = DIRECTION('',(-0.,1.,0.));
#13705 = DIRECTION('',(3.172065784643E-16,0.,1.));
#13706 = PCURVE('',#12160,#13707);
#13707 = DEFINITIONAL_REPRESENTATION('',(#13708),#13712);
#13708 = LINE('',#13709,#13710);
#13709 = CARTESIAN_POINT('',(0.,-3.5));
#13710 = VECTOR('',#13711,1.);
#13711 = DIRECTION('',(1.,0.));
#13712 = ( GEOMETRIC_REPRESENTATION_CONTEXT(2) 
PARAMETRIC_REPRESENTATION_CONTEXT() REPRESENTATION_CONTEXT('2D SPACE',''
  ) );
#13713 = PCURVE('',#12302,#13714);
#13714 = DEFINITIONAL_REPRESENTATION('',(#13715),#13723);
#13715 = ( BOUNDED_CURVE() B_SPLINE_CURVE(2,(#13716,#13717,#13718,#13719
    ,#13720,#13721,#13722),.UNSPECIFIED.,.T.,.F.) 
B_SPLINE_CURVE_WITH_KNOTS((1,2,2,2,2,1),(-2.094395102393,0.,
    2.094395102393,4.188790204786,6.28318530718,8.377580409573),
.UNSPECIFIED.) CURVE() GEOMETRIC_REPRESENTATION_ITEM() 
RATIONAL_B_SPLINE_CURVE((1.,0.5,1.,0.5,1.,0.5,1.)) REPRESENTATION_ITEM(
  '') );
#13716 = CARTESIAN_POINT('',(69.5,8.6));
#13717 = CARTESIAN_POINT('',(67.075128869404,8.6));
#13718 = CARTESIAN_POINT('',(68.287564434702,10.7));
#13719 = CARTESIAN_POINT('',(69.5,12.8));
#13720 = CARTESIAN_POINT('',(70.712435565298,10.7));
#13721 = CARTESIAN_POINT('',(71.924871130596,8.6));
#13722 = CARTESIAN_POINT('',(69.5,8.6));
#13723 = ( GEOMETRIC_REPRESENTATION_CONTEXT(2) 
PARAMETRIC_REPRESENTATION_CONTEXT() REPRESENTATION_CONTEXT('2D SPACE',''
  ) );
#13724 = ORIENTED_EDGE('',*,*,#13651,.F.);
#13725 = ADVANCED_FACE('',(#13726),#12377,.T.);
#13726 = FACE_BOUND('',#13727,.T.);
#13727 = EDGE_LOOP('',(#13728,#13729,#13730,#13731));
#13728 = ORIENTED_EDGE('',*,*,#12361,.T.);
#13729 = ORIENTED_EDGE('',*,*,#13473,.T.);
#13730 = ORIENTED_EDGE('',*,*,#12672,.F.);
#13731 = ORIENTED_EDGE('',*,*,#13048,.T.);
#13732 = ADVANCED_FACE('',(#13733,#13739),#12302,.T.);
#13733 = FACE_BOUND('',#13734,.T.);
#13734 = EDGE_LOOP('',(#13735,#13736,#13737,#13738));
#13735 = ORIENTED_EDGE('',*,*,#13502,.F.);
#13736 = ORIENTED_EDGE('',*,*,#12286,.T.);
#13737 = ORIENTED_EDGE('',*,*,#12598,.T.);
#13738 = ORIENTED_EDGE('',*,*,#12742,.T.);
#13739 = FACE_BOUND('',#13740,.T.);
#13740 = EDGE_LOOP('',(#13741,#13742,#13743,#13744));
#13741 = ORIENTED_EDGE('',*,*,#13551,.F.);
#13742 = ORIENTED_EDGE('',*,*,#13699,.T.);
#13743 = ORIENTED_EDGE('',*,*,#13674,.F.);
#13744 = ORIENTED_EDGE('',*,*,#13620,.T.);
#13745 = ADVANCED_FACE('',(#13746),#12788,.T.);
#13746 = FACE_BOUND('',#13747,.F.);
#13747 = EDGE_LOOP('',(#13748,#13749,#13772,#13799));
#13748 = ORIENTED_EDGE('',*,*,#12767,.T.);
#13749 = ORIENTED_EDGE('',*,*,#13750,.T.);
#13750 = EDGE_CURVE('',#12768,#13751,#13753,.T.);
#13751 = VERTEX_POINT('',#13752);
#13752 = CARTESIAN_POINT('',(142.8,12.,24.01));
#13753 = SEAM_CURVE('',#13754,(#13758,#13765),.PCURVE_S1.);
#13754 = LINE('',#13755,#13756);
#13755 = CARTESIAN_POINT('',(142.8,12.,2.49));
#13756 = VECTOR('',#13757,1.);
#13757 = DIRECTION('',(0.,0.,1.));
#13758 = PCURVE('',#12788,#13759);
#13759 = DEFINITIONAL_REPRESENTATION('',(#13760),#13764);
#13760 = LINE('',#13761,#13762);
#13761 = CARTESIAN_POINT('',(-6.28318530718,0.));
#13762 = VECTOR('',#13763,1.);
#13763 = DIRECTION('',(-0.,-1.));
#13764 = ( GEOMETRIC_REPRESENTATION_CONTEXT(2) 
PARAMETRIC_REPRESENTATION_CONTEXT() REPRESENTATION_CONTEXT('2D SPACE',''
  ) );
#13765 = PCURVE('',#12788,#13766);
#13766 = DEFINITIONAL_REPRESENTATION('',(#13767),#13771);
#13767 = LINE('',#13768,#13769);
#13768 = CARTESIAN_POINT('',(-0.,0.));
#13769 = VECTOR('',#13770,1.);
#13770 = DIRECTION('',(-0.,-1.));
#13771 = ( GEOMETRIC_REPRESENTATION_CONTEXT(2) 
PARAMETRIC_REPRESENTATION_CONTEXT() REPRESENTATION_CONTEXT('2D SPACE',''
  ) );
#13772 = ORIENTED_EDGE('',*,*,#13773,.T.);
#13773 = EDGE_CURVE('',#13751,#13751,#13774,.T.);
#13774 = SURFACE_CURVE('',#13775,(#13780,#13787),.PCURVE_S1.);
#13775 = CIRCLE('',#13776,4.8);
#13776 = AXIS2_PLACEMENT_3D('',#13777,#13778,#13779);
#13777 = CARTESIAN_POINT('',(138.,12.,24.01));
#13778 = DIRECTION('',(0.,0.,1.));
#13779 = DIRECTION('',(1.,0.,0.));
#13780 = PCURVE('',#12788,#13781);
#13781 = DEFINITIONAL_REPRESENTATION('',(#13782),#13786);
#13782 = LINE('',#13783,#13784);
#13783 = CARTESIAN_POINT('',(-0.,-21.52));
#13784 = VECTOR('',#13785,1.);
#13785 = DIRECTION('',(-1.,0.));
#13786 = ( GEOMETRIC_REPRESENTATION_CONTEXT(2) 
PARAMETRIC_REPRESENTATION_CONTEXT() REPRESENTATION_CONTEXT('2D SPACE',''
  ) );
#13787 = PCURVE('',#13788,#13793);
#13788 = PLANE('',#13789);
#13789 = AXIS2_PLACEMENT_3D('',#13790,#13791,#13792);
#13790 = CARTESIAN_POINT('',(138.,12.,24.01));
#13791 = DIRECTION('',(0.,0.,1.));
#13792 = DIRECTION('',(1.,0.,-0.));
#13793 = DEFINITIONAL_REPRESENTATION('',(#13794),#13798);
#13794 = CIRCLE('',#13795,4.8);
#13795 = AXIS2_PLACEMENT_2D('',#13796,#13797);
#13796 = CARTESIAN_POINT('',(-2.84217094304E-14,-1.7763568394E-15));
#13797 = DIRECTION('',(1.,0.));
#13798 = ( GEOMETRIC_REPRESENTATION_CONTEXT(2) 
PARAMETRIC_REPRESENTATION_CONTEXT() REPRESENTATION_CONTEXT('2D SPACE',''
  ) );
#13799 = ORIENTED_EDGE('',*,*,#13750,.F.);
#13800 = ADVANCED_FACE('',(#13801),#12823,.T.);
#13801 = FACE_BOUND('',#13802,.F.);
#13802 = EDGE_LOOP('',(#13803,#13804,#13827,#13854));
#13803 = ORIENTED_EDGE('',*,*,#12802,.T.);
#13804 = ORIENTED_EDGE('',*,*,#13805,.T.);
#13805 = EDGE_CURVE('',#12803,#13806,#13808,.T.);
#13806 = VERTEX_POINT('',#13807);
#13807 = CARTESIAN_POINT('',(123.42,30.08,7.5));
#13808 = SEAM_CURVE('',#13809,(#13813,#13820),.PCURVE_S1.);
#13809 = LINE('',#13810,#13811);
#13810 = CARTESIAN_POINT('',(123.42,30.08,2.49));
#13811 = VECTOR('',#13812,1.);
#13812 = DIRECTION('',(0.,0.,1.));
#13813 = PCURVE('',#12823,#13814);
#13814 = DEFINITIONAL_REPRESENTATION('',(#13815),#13819);
#13815 = LINE('',#13816,#13817);
#13816 = CARTESIAN_POINT('',(-6.28318530718,0.));
#13817 = VECTOR('',#13818,1.);
#13818 = DIRECTION('',(-0.,-1.));
#13819 = ( GEOMETRIC_REPRESENTATION_CONTEXT(2) 
PARAMETRIC_REPRESENTATION_CONTEXT() REPRESENTATION_CONTEXT('2D SPACE',''
  ) );
#13820 = PCURVE('',#12823,#13821);
#13821 = DEFINITIONAL_REPRESENTATION('',(#13822),#13826);
#13822 = LINE('',#13823,#13824);
#13823 = CARTESIAN_POINT('',(-0.,0.));
#13824 = VECTOR('',#13825,1.);
#13825 = DIRECTION('',(-0.,-1.));
#13826 = ( GEOMETRIC_REPRESENTATION_CONTEXT(2) 
PARAMETRIC_REPRESENTATION_CONTEXT() REPRESENTATION_CONTEXT('2D SPACE',''
  ) );
#13827 = ORIENTED_EDGE('',*,*,#13828,.T.);
#13828 = EDGE_CURVE('',#13806,#13806,#13829,.T.);
#13829 = SURFACE_CURVE('',#13830,(#13835,#13842),.PCURVE_S1.);
#13830 = CIRCLE('',#13831,3.5);
#13831 = AXIS2_PLACEMENT_3D('',#13832,#13833,#13834);
#13832 = CARTESIAN_POINT('',(119.92,30.08,7.5));
#13833 = DIRECTION('',(0.,0.,1.));
#13834 = DIRECTION('',(1.,0.,0.));
#13835 = PCURVE('',#12823,#13836);
#13836 = DEFINITIONAL_REPRESENTATION('',(#13837),#13841);
#13837 = LINE('',#13838,#13839);
#13838 = CARTESIAN_POINT('',(-0.,-5.01));
#13839 = VECTOR('',#13840,1.);
#13840 = DIRECTION('',(-1.,0.));
#13841 = ( GEOMETRIC_REPRESENTATION_CONTEXT(2) 
PARAMETRIC_REPRESENTATION_CONTEXT() REPRESENTATION_CONTEXT('2D SPACE',''
  ) );
#13842 = PCURVE('',#13843,#13848);
#13843 = PLANE('',#13844);
#13844 = AXIS2_PLACEMENT_3D('',#13845,#13846,#13847);
#13845 = CARTESIAN_POINT('',(119.92,30.08,7.5));
#13846 = DIRECTION('',(0.,0.,1.));
#13847 = DIRECTION('',(1.,0.,-0.));
#13848 = DEFINITIONAL_REPRESENTATION('',(#13849),#13853);
#13849 = CIRCLE('',#13850,3.5);
#13850 = AXIS2_PLACEMENT_2D('',#13851,#13852);
#13851 = CARTESIAN_POINT('',(0.,-3.552713678801E-15));
#13852 = DIRECTION('',(1.,0.));
#13853 = ( GEOMETRIC_REPRESENTATION_CONTEXT(2) 
PARAMETRIC_REPRESENTATION_CONTEXT() REPRESENTATION_CONTEXT('2D SPACE',''
  ) );
#13854 = ORIENTED_EDGE('',*,*,#13805,.F.);
#13855 = ADVANCED_FACE('',(#13856),#12858,.T.);
#13856 = FACE_BOUND('',#13857,.F.);
#13857 = EDGE_LOOP('',(#13858,#13859,#13882,#13909));
#13858 = ORIENTED_EDGE('',*,*,#12837,.T.);
#13859 = ORIENTED_EDGE('',*,*,#13860,.T.);
#13860 = EDGE_CURVE('',#12838,#13861,#13863,.T.);
#13861 = VERTEX_POINT('',#13862);
#13862 = CARTESIAN_POINT('',(142.8,138.,24.01));
#13863 = SEAM_CURVE('',#13864,(#13868,#13875),.PCURVE_S1.);
#13864 = LINE('',#13865,#13866);
#13865 = CARTESIAN_POINT('',(142.8,138.,2.49));
#13866 = VECTOR('',#13867,1.);
#13867 = DIRECTION('',(0.,0.,1.));
#13868 = PCURVE('',#12858,#13869);
#13869 = DEFINITIONAL_REPRESENTATION('',(#13870),#13874);
#13870 = LINE('',#13871,#13872);
#13871 = CARTESIAN_POINT('',(-6.28318530718,0.));
#13872 = VECTOR('',#13873,1.);
#13873 = DIRECTION('',(-0.,-1.));
#13874 = ( GEOMETRIC_REPRESENTATION_CONTEXT(2) 
PARAMETRIC_REPRESENTATION_CONTEXT() REPRESENTATION_CONTEXT('2D SPACE',''
  ) );
#13875 = PCURVE('',#12858,#13876);
#13876 = DEFINITIONAL_REPRESENTATION('',(#13877),#13881);
#13877 = LINE('',#13878,#13879);
#13878 = CARTESIAN_POINT('',(-0.,0.));
#13879 = VECTOR('',#13880,1.);
#13880 = DIRECTION('',(-0.,-1.));
#13881 = ( GEOMETRIC_REPRESENTATION_CONTEXT(2) 
PARAMETRIC_REPRESENTATION_CONTEXT() REPRESENTATION_CONTEXT('2D SPACE',''
  ) );
#13882 = ORIENTED_EDGE('',*,*,#13883,.T.);
#13883 = EDGE_CURVE('',#13861,#13861,#13884,.T.);
#13884 = SURFACE_CURVE('',#13885,(#13890,#13897),.PCURVE_S1.);
#13885 = CIRCLE('',#13886,4.8);
#13886 = AXIS2_PLACEMENT_3D('',#13887,#13888,#13889);
#13887 = CARTESIAN_POINT('',(138.,138.,24.01));
#13888 = DIRECTION('',(0.,0.,1.));
#13889 = DIRECTION('',(1.,0.,0.));
#13890 = PCURVE('',#12858,#13891);
#13891 = DEFINITIONAL_REPRESENTATION('',(#13892),#13896);
#13892 = LINE('',#13893,#13894);
#13893 = CARTESIAN_POINT('',(-0.,-21.52));
#13894 = VECTOR('',#13895,1.);
#13895 = DIRECTION('',(-1.,0.));
#13896 = ( GEOMETRIC_REPRESENTATION_CONTEXT(2) 
PARAMETRIC_REPRESENTATION_CONTEXT() REPRESENTATION_CONTEXT('2D SPACE',''
  ) );
#13897 = PCURVE('',#13898,#13903);
#13898 = PLANE('',#13899);
#13899 = AXIS2_PLACEMENT_3D('',#13900,#13901,#13902);
#13900 = CARTESIAN_POINT('',(138.,138.,24.01));
#13901 = DIRECTION('',(0.,0.,1.));
#13902 = DIRECTION('',(1.,0.,-0.));
#13903 = DEFINITIONAL_REPRESENTATION('',(#13904),#13908);
#13904 = CIRCLE('',#13905,4.8);
#13905 = AXIS2_PLACEMENT_2D('',#13906,#13907);
#13906 = CARTESIAN_POINT('',(2.84217094304E-14,0.));
#13907 = DIRECTION('',(1.,0.));
#13908 = ( GEOMETRIC_REPRESENTATION_CONTEXT(2) 
PARAMETRIC_REPRESENTATION_CONTEXT() REPRESENTATION_CONTEXT('2D SPACE',''
  ) );
#13909 = ORIENTED_EDGE('',*,*,#13860,.F.);
#13910 = ADVANCED_FACE('',(#13911),#12893,.T.);
#13911 = FACE_BOUND('',#13912,.F.);
#13912 = EDGE_LOOP('',(#13913,#13914,#13937,#13964));
#13913 = ORIENTED_EDGE('',*,*,#12872,.T.);
#13914 = ORIENTED_EDGE('',*,*,#13915,.T.);
#13915 = EDGE_CURVE('',#12873,#13916,#13918,.T.);
#13916 = VERTEX_POINT('',#13917);
#13917 = CARTESIAN_POINT('',(123.5,120.,7.5));
#13918 = SEAM_CURVE('',#13919,(#13923,#13930),.PCURVE_S1.);
#13919 = LINE('',#13920,#13921);
#13920 = CARTESIAN_POINT('',(123.5,120.,2.49));
#13921 = VECTOR('',#13922,1.);
#13922 = DIRECTION('',(0.,0.,1.));
#13923 = PCURVE('',#12893,#13924);
#13924 = DEFINITIONAL_REPRESENTATION('',(#13925),#13929);
#13925 = LINE('',#13926,#13927);
#13926 = CARTESIAN_POINT('',(-6.28318530718,0.));
#13927 = VECTOR('',#13928,1.);
#13928 = DIRECTION('',(-0.,-1.));
#13929 = ( GEOMETRIC_REPRESENTATION_CONTEXT(2) 
PARAMETRIC_REPRESENTATION_CONTEXT() REPRESENTATION_CONTEXT('2D SPACE',''
  ) );
#13930 = PCURVE('',#12893,#13931);
#13931 = DEFINITIONAL_REPRESENTATION('',(#13932),#13936);
#13932 = LINE('',#13933,#13934);
#13933 = CARTESIAN_POINT('',(-0.,0.));
#13934 = VECTOR('',#13935,1.);
#13935 = DIRECTION('',(-0.,-1.));
#13936 = ( GEOMETRIC_REPRESENTATION_CONTEXT(2) 
PARAMETRIC_REPRESENTATION_CONTEXT() REPRESENTATION_CONTEXT('2D SPACE',''
  ) );
#13937 = ORIENTED_EDGE('',*,*,#13938,.T.);
#13938 = EDGE_CURVE('',#13916,#13916,#13939,.T.);
#13939 = SURFACE_CURVE('',#13940,(#13945,#13952),.PCURVE_S1.);
#13940 = CIRCLE('',#13941,3.5);
#13941 = AXIS2_PLACEMENT_3D('',#13942,#13943,#13944);
#13942 = CARTESIAN_POINT('',(120.,120.,7.5));
#13943 = DIRECTION('',(0.,0.,1.));
#13944 = DIRECTION('',(1.,0.,0.));
#13945 = PCURVE('',#12893,#13946);
#13946 = DEFINITIONAL_REPRESENTATION('',(#13947),#13951);
#13947 = LINE('',#13948,#13949);
#13948 = CARTESIAN_POINT('',(-0.,-5.01));
#13949 = VECTOR('',#13950,1.);
#13950 = DIRECTION('',(-1.,0.));
#13951 = ( GEOMETRIC_REPRESENTATION_CONTEXT(2) 
PARAMETRIC_REPRESENTATION_CONTEXT() REPRESENTATION_CONTEXT('2D SPACE',''
  ) );
#13952 = PCURVE('',#13953,#13958);
#13953 = PLANE('',#13954);
#13954 = AXIS2_PLACEMENT_3D('',#13955,#13956,#13957);
#13955 = CARTESIAN_POINT('',(120.,120.,7.5));
#13956 = DIRECTION('',(0.,0.,1.));
#13957 = DIRECTION('',(1.,0.,-0.));
#13958 = DEFINITIONAL_REPRESENTATION('',(#13959),#13963);
#13959 = CIRCLE('',#13960,3.5);
#13960 = AXIS2_PLACEMENT_2D('',#13961,#13962);
#13961 = CARTESIAN_POINT('',(1.42108547152E-14,0.));
#13962 = DIRECTION('',(1.,0.));
#13963 = ( GEOMETRIC_REPRESENTATION_CONTEXT(2) 
PARAMETRIC_REPRESENTATION_CONTEXT() REPRESENTATION_CONTEXT('2D SPACE',''
  ) );
#13964 = ORIENTED_EDGE('',*,*,#13915,.F.);
#13965 = ADVANCED_FACE('',(#13966),#12928,.T.);
#13966 = FACE_BOUND('',#13967,.F.);
#13967 = EDGE_LOOP('',(#13968,#13969,#13992,#14019));
#13968 = ORIENTED_EDGE('',*,*,#12907,.T.);
#13969 = ORIENTED_EDGE('',*,*,#13970,.T.);
#13970 = EDGE_CURVE('',#12908,#13971,#13973,.T.);
#13971 = VERTEX_POINT('',#13972);
#13972 = CARTESIAN_POINT('',(33.5,30.,7.5));
#13973 = SEAM_CURVE('',#13974,(#13978,#13985),.PCURVE_S1.);
#13974 = LINE('',#13975,#13976);
#13975 = CARTESIAN_POINT('',(33.5,30.,2.49));
#13976 = VECTOR('',#13977,1.);
#13977 = DIRECTION('',(0.,0.,1.));
#13978 = PCURVE('',#12928,#13979);
#13979 = DEFINITIONAL_REPRESENTATION('',(#13980),#13984);
#13980 = LINE('',#13981,#13982);
#13981 = CARTESIAN_POINT('',(-6.28318530718,0.));
#13982 = VECTOR('',#13983,1.);
#13983 = DIRECTION('',(-0.,-1.));
#13984 = ( GEOMETRIC_REPRESENTATION_CONTEXT(2) 
PARAMETRIC_REPRESENTATION_CONTEXT() REPRESENTATION_CONTEXT('2D SPACE',''
  ) );
#13985 = PCURVE('',#12928,#13986);
#13986 = DEFINITIONAL_REPRESENTATION('',(#13987),#13991);
#13987 = LINE('',#13988,#13989);
#13988 = CARTESIAN_POINT('',(-0.,0.));
#13989 = VECTOR('',#13990,1.);
#13990 = DIRECTION('',(-0.,-1.));
#13991 = ( GEOMETRIC_REPRESENTATION_CONTEXT(2) 
PARAMETRIC_REPRESENTATION_CONTEXT() REPRESENTATION_CONTEXT('2D SPACE',''
  ) );
#13992 = ORIENTED_EDGE('',*,*,#13993,.T.);
#13993 = EDGE_CURVE('',#13971,#13971,#13994,.T.);
#13994 = SURFACE_CURVE('',#13995,(#14000,#14007),.PCURVE_S1.);
#13995 = CIRCLE('',#13996,3.5);
#13996 = AXIS2_PLACEMENT_3D('',#13997,#13998,#13999);
#13997 = CARTESIAN_POINT('',(30.,30.,7.5));
#13998 = DIRECTION('',(0.,0.,1.));
#13999 = DIRECTION('',(1.,0.,0.));
#14000 = PCURVE('',#12928,#14001);
#14001 = DEFINITIONAL_REPRESENTATION('',(#14002),#14006);
#14002 = LINE('',#14003,#14004);
#14003 = CARTESIAN_POINT('',(-0.,-5.01));
#14004 = VECTOR('',#14005,1.);
#14005 = DIRECTION('',(-1.,0.));
#14006 = ( GEOMETRIC_REPRESENTATION_CONTEXT(2) 
PARAMETRIC_REPRESENTATION_CONTEXT() REPRESENTATION_CONTEXT('2D SPACE',''
  ) );
#14007 = PCURVE('',#14008,#14013);
#14008 = PLANE('',#14009);
#14009 = AXIS2_PLACEMENT_3D('',#14010,#14011,#14012);
#14010 = CARTESIAN_POINT('',(30.,30.,7.5));
#14011 = DIRECTION('',(0.,0.,1.));
#14012 = DIRECTION('',(1.,0.,-0.));
#14013 = DEFINITIONAL_REPRESENTATION('',(#14014),#14018);
#14014 = CIRCLE('',#14015,3.5);
#14015 = AXIS2_PLACEMENT_2D('',#14016,#14017);
#14016 = CARTESIAN_POINT('',(0.,0.));
#14017 = DIRECTION('',(1.,0.));
#14018 = ( GEOMETRIC_REPRESENTATION_CONTEXT(2) 
PARAMETRIC_REPRESENTATION_CONTEXT() REPRESENTATION_CONTEXT('2D SPACE',''
  ) );
#14019 = ORIENTED_EDGE('',*,*,#13970,.F.);
#14020 = ADVANCED_FACE('',(#14021),#12963,.T.);
#14021 = FACE_BOUND('',#14022,.F.);
#14022 = EDGE_LOOP('',(#14023,#14024,#14047,#14074));
#14023 = ORIENTED_EDGE('',*,*,#12942,.T.);
#14024 = ORIENTED_EDGE('',*,*,#14025,.T.);
#14025 = EDGE_CURVE('',#12943,#14026,#14028,.T.);
#14026 = VERTEX_POINT('',#14027);
#14027 = CARTESIAN_POINT('',(16.8,12.,24.01));
#14028 = SEAM_CURVE('',#14029,(#14033,#14040),.PCURVE_S1.);
#14029 = LINE('',#14030,#14031);
#14030 = CARTESIAN_POINT('',(16.8,12.,2.49));
#14031 = VECTOR('',#14032,1.);
#14032 = DIRECTION('',(0.,0.,1.));
#14033 = PCURVE('',#12963,#14034);
#14034 = DEFINITIONAL_REPRESENTATION('',(#14035),#14039);
#14035 = LINE('',#14036,#14037);
#14036 = CARTESIAN_POINT('',(-6.28318530718,0.));
#14037 = VECTOR('',#14038,1.);
#14038 = DIRECTION('',(-0.,-1.));
#14039 = ( GEOMETRIC_REPRESENTATION_CONTEXT(2) 
PARAMETRIC_REPRESENTATION_CONTEXT() REPRESENTATION_CONTEXT('2D SPACE',''
  ) );
#14040 = PCURVE('',#12963,#14041);
#14041 = DEFINITIONAL_REPRESENTATION('',(#14042),#14046);
#14042 = LINE('',#14043,#14044);
#14043 = CARTESIAN_POINT('',(-0.,0.));
#14044 = VECTOR('',#14045,1.);
#14045 = DIRECTION('',(-0.,-1.));
#14046 = ( GEOMETRIC_REPRESENTATION_CONTEXT(2) 
PARAMETRIC_REPRESENTATION_CONTEXT() REPRESENTATION_CONTEXT('2D SPACE',''
  ) );
#14047 = ORIENTED_EDGE('',*,*,#14048,.T.);
#14048 = EDGE_CURVE('',#14026,#14026,#14049,.T.);
#14049 = SURFACE_CURVE('',#14050,(#14055,#14062),.PCURVE_S1.);
#14050 = CIRCLE('',#14051,4.8);
#14051 = AXIS2_PLACEMENT_3D('',#14052,#14053,#14054);
#14052 = CARTESIAN_POINT('',(12.,12.,24.01));
#14053 = DIRECTION('',(0.,0.,1.));
#14054 = DIRECTION('',(1.,0.,0.));
#14055 = PCURVE('',#12963,#14056);
#14056 = DEFINITIONAL_REPRESENTATION('',(#14057),#14061);
#14057 = LINE('',#14058,#14059);
#14058 = CARTESIAN_POINT('',(-0.,-21.52));
#14059 = VECTOR('',#14060,1.);
#14060 = DIRECTION('',(-1.,0.));
#14061 = ( GEOMETRIC_REPRESENTATION_CONTEXT(2) 
PARAMETRIC_REPRESENTATION_CONTEXT() REPRESENTATION_CONTEXT('2D SPACE',''
  ) );
#14062 = PCURVE('',#14063,#14068);
#14063 = PLANE('',#14064);
#14064 = AXIS2_PLACEMENT_3D('',#14065,#14066,#14067);
#14065 = CARTESIAN_POINT('',(12.,12.,24.01));
#14066 = DIRECTION('',(0.,0.,1.));
#14067 = DIRECTION('',(1.,0.,-0.));
#14068 = DEFINITIONAL_REPRESENTATION('',(#14069),#14073);
#14069 = CIRCLE('',#14070,4.8);
#14070 = AXIS2_PLACEMENT_2D('',#14071,#14072);
#14071 = CARTESIAN_POINT('',(-1.7763568394E-15,-1.7763568394E-15));
#14072 = DIRECTION('',(1.,0.));
#14073 = ( GEOMETRIC_REPRESENTATION_CONTEXT(2) 
PARAMETRIC_REPRESENTATION_CONTEXT() REPRESENTATION_CONTEXT('2D SPACE',''
  ) );
#14074 = ORIENTED_EDGE('',*,*,#14025,.F.);
#14075 = ADVANCED_FACE('',(#14076),#12998,.T.);
#14076 = FACE_BOUND('',#14077,.F.);
#14077 = EDGE_LOOP('',(#14078,#14079,#14102,#14129));
#14078 = ORIENTED_EDGE('',*,*,#12977,.T.);
#14079 = ORIENTED_EDGE('',*,*,#14080,.T.);
#14080 = EDGE_CURVE('',#12978,#14081,#14083,.T.);
#14081 = VERTEX_POINT('',#14082);
#14082 = CARTESIAN_POINT('',(33.5,120.,7.5));
#14083 = SEAM_CURVE('',#14084,(#14088,#14095),.PCURVE_S1.);
#14084 = LINE('',#14085,#14086);
#14085 = CARTESIAN_POINT('',(33.5,120.,2.49));
#14086 = VECTOR('',#14087,1.);
#14087 = DIRECTION('',(0.,0.,1.));
#14088 = PCURVE('',#12998,#14089);
#14089 = DEFINITIONAL_REPRESENTATION('',(#14090),#14094);
#14090 = LINE('',#14091,#14092);
#14091 = CARTESIAN_POINT('',(-6.28318530718,0.));
#14092 = VECTOR('',#14093,1.);
#14093 = DIRECTION('',(-0.,-1.));
#14094 = ( GEOMETRIC_REPRESENTATION_CONTEXT(2) 
PARAMETRIC_REPRESENTATION_CONTEXT() REPRESENTATION_CONTEXT('2D SPACE',''
  ) );
#14095 = PCURVE('',#12998,#14096);
#14096 = DEFINITIONAL_REPRESENTATION('',(#14097),#14101);
#14097 = LINE('',#14098,#14099);
#14098 = CARTESIAN_POINT('',(-0.,0.));
#14099 = VECTOR('',#14100,1.);
#14100 = DIRECTION('',(-0.,-1.));
#14101 = ( GEOMETRIC_REPRESENTATION_CONTEXT(2) 
PARAMETRIC_REPRESENTATION_CONTEXT() REPRESENTATION_CONTEXT('2D SPACE',''
  ) );
#14102 = ORIENTED_EDGE('',*,*,#14103,.T.);
#14103 = EDGE_CURVE('',#14081,#14081,#14104,.T.);
#14104 = SURFACE_CURVE('',#14105,(#14110,#14117),.PCURVE_S1.);
#14105 = CIRCLE('',#14106,3.5);
#14106 = AXIS2_PLACEMENT_3D('',#14107,#14108,#14109);
#14107 = CARTESIAN_POINT('',(30.,120.,7.5));
#14108 = DIRECTION('',(0.,0.,1.));
#14109 = DIRECTION('',(1.,0.,0.));
#14110 = PCURVE('',#12998,#14111);
#14111 = DEFINITIONAL_REPRESENTATION('',(#14112),#14116);
#14112 = LINE('',#14113,#14114);
#14113 = CARTESIAN_POINT('',(-0.,-5.01));
#14114 = VECTOR('',#14115,1.);
#14115 = DIRECTION('',(-1.,0.));
#14116 = ( GEOMETRIC_REPRESENTATION_CONTEXT(2) 
PARAMETRIC_REPRESENTATION_CONTEXT() REPRESENTATION_CONTEXT('2D SPACE',''
  ) );
#14117 = PCURVE('',#14118,#14123);
#14118 = PLANE('',#14119);
#14119 = AXIS2_PLACEMENT_3D('',#14120,#14121,#14122);
#14120 = CARTESIAN_POINT('',(30.,120.,7.5));
#14121 = DIRECTION('',(0.,0.,1.));
#14122 = DIRECTION('',(1.,0.,-0.));
#14123 = DEFINITIONAL_REPRESENTATION('',(#14124),#14128);
#14124 = CIRCLE('',#14125,3.5);
#14125 = AXIS2_PLACEMENT_2D('',#14126,#14127);
#14126 = CARTESIAN_POINT('',(0.,0.));
#14127 = DIRECTION('',(1.,0.));
#14128 = ( GEOMETRIC_REPRESENTATION_CONTEXT(2) 
PARAMETRIC_REPRESENTATION_CONTEXT() REPRESENTATION_CONTEXT('2D SPACE',''
  ) );
#14129 = ORIENTED_EDGE('',*,*,#14080,.F.);
#14130 = ADVANCED_FACE('',(#14131),#13033,.T.);
#14131 = FACE_BOUND('',#14132,.F.);
#14132 = EDGE_LOOP('',(#14133,#14134,#14157,#14184));
#14133 = ORIENTED_EDGE('',*,*,#13012,.T.);
#14134 = ORIENTED_EDGE('',*,*,#14135,.T.);
#14135 = EDGE_CURVE('',#13013,#14136,#14138,.T.);
#14136 = VERTEX_POINT('',#14137);
#14137 = CARTESIAN_POINT('',(16.8,138.,24.01));
#14138 = SEAM_CURVE('',#14139,(#14143,#14150),.PCURVE_S1.);
#14139 = LINE('',#14140,#14141);
#14140 = CARTESIAN_POINT('',(16.8,138.,2.49));
#14141 = VECTOR('',#14142,1.);
#14142 = DIRECTION('',(0.,0.,1.));
#14143 = PCURVE('',#13033,#14144);
#14144 = DEFINITIONAL_REPRESENTATION('',(#14145),#14149);
#14145 = LINE('',#14146,#14147);
#14146 = CARTESIAN_POINT('',(-6.28318530718,0.));
#14147 = VECTOR('',#14148,1.);
#14148 = DIRECTION('',(-0.,-1.));
#14149 = ( GEOMETRIC_REPRESENTATION_CONTEXT(2) 
PARAMETRIC_REPRESENTATION_CONTEXT() REPRESENTATION_CONTEXT('2D SPACE',''
  ) );
#14150 = PCURVE('',#13033,#14151);
#14151 = DEFINITIONAL_REPRESENTATION('',(#14152),#14156);
#14152 = LINE('',#14153,#14154);
#14153 = CARTESIAN_POINT('',(-0.,0.));
#14154 = VECTOR('',#14155,1.);
#14155 = DIRECTION('',(-0.,-1.));
#14156 = ( GEOMETRIC_REPRESENTATION_CONTEXT(2) 
PARAMETRIC_REPRESENTATION_CONTEXT() REPRESENTATION_CONTEXT('2D SPACE',''
  ) );
#14157 = ORIENTED_EDGE('',*,*,#14158,.T.);
#14158 = EDGE_CURVE('',#14136,#14136,#14159,.T.);
#14159 = SURFACE_CURVE('',#14160,(#14165,#14172),.PCURVE_S1.);
#14160 = CIRCLE('',#14161,4.8);
#14161 = AXIS2_PLACEMENT_3D('',#14162,#14163,#14164);
#14162 = CARTESIAN_POINT('',(12.,138.,24.01));
#14163 = DIRECTION('',(0.,0.,1.));
#14164 = DIRECTION('',(1.,0.,0.));
#14165 = PCURVE('',#13033,#14166);
#14166 = DEFINITIONAL_REPRESENTATION('',(#14167),#14171);
#14167 = LINE('',#14168,#14169);
#14168 = CARTESIAN_POINT('',(-0.,-21.52));
#14169 = VECTOR('',#14170,1.);
#14170 = DIRECTION('',(-1.,0.));
#14171 = ( GEOMETRIC_REPRESENTATION_CONTEXT(2) 
PARAMETRIC_REPRESENTATION_CONTEXT() REPRESENTATION_CONTEXT('2D SPACE',''
  ) );
#14172 = PCURVE('',#14173,#14178);
#14173 = PLANE('',#14174);
#14174 = AXIS2_PLACEMENT_3D('',#14175,#14176,#14177);
#14175 = CARTESIAN_POINT('',(12.,138.,24.01));
#14176 = DIRECTION('',(0.,0.,1.));
#14177 = DIRECTION('',(1.,0.,-0.));
#14178 = DEFINITIONAL_REPRESENTATION('',(#14179),#14183);
#14179 = CIRCLE('',#14180,4.8);
#14180 = AXIS2_PLACEMENT_2D('',#14181,#14182);
#14181 = CARTESIAN_POINT('',(1.7763568394E-15,0.));
#14182 = DIRECTION('',(1.,0.));
#14183 = ( GEOMETRIC_REPRESENTATION_CONTEXT(2) 
PARAMETRIC_REPRESENTATION_CONTEXT() REPRESENTATION_CONTEXT('2D SPACE',''
  ) );
#14184 = ORIENTED_EDGE('',*,*,#14135,.F.);
#14185 = ADVANCED_FACE('',(#14186),#13092,.T.);
#14186 = FACE_BOUND('',#14187,.T.);
#14187 = EDGE_LOOP('',(#14188,#14189,#14190,#14191));
#14188 = ORIENTED_EDGE('',*,*,#13197,.T.);
#14189 = ORIENTED_EDGE('',*,*,#13252,.F.);
#14190 = ORIENTED_EDGE('',*,*,#13168,.F.);
#14191 = ORIENTED_EDGE('',*,*,#13075,.T.);
#14192 = ADVANCED_FACE('',(#14193),#13293,.T.);
#14193 = FACE_BOUND('',#14194,.T.);
#14194 = EDGE_LOOP('',(#14195,#14196,#14197,#14198));
#14195 = ORIENTED_EDGE('',*,*,#13274,.T.);
#14196 = ORIENTED_EDGE('',*,*,#13417,.T.);
#14197 = ORIENTED_EDGE('',*,*,#13444,.F.);
#14198 = ORIENTED_EDGE('',*,*,#13374,.T.);
#14199 = ADVANCED_FACE('',(#14200,#14203),#13788,.T.);
#14200 = FACE_BOUND('',#14201,.T.);
#14201 = EDGE_LOOP('',(#14202));
#14202 = ORIENTED_EDGE('',*,*,#13773,.T.);
#14203 = FACE_BOUND('',#14204,.T.);
#14204 = EDGE_LOOP('',(#14205));
#14205 = ORIENTED_EDGE('',*,*,#14206,.T.);
#14206 = EDGE_CURVE('',#14207,#14207,#14209,.T.);
#14207 = VERTEX_POINT('',#14208);
#14208 = CARTESIAN_POINT('',(140.,12.,24.01));
#14209 = SURFACE_CURVE('',#14210,(#14215,#14226),.PCURVE_S1.);
#14210 = CIRCLE('',#14211,2.);
#14211 = AXIS2_PLACEMENT_3D('',#14212,#14213,#14214);
#14212 = CARTESIAN_POINT('',(138.,12.,24.01));
#14213 = DIRECTION('',(0.,0.,-1.));
#14214 = DIRECTION('',(1.,0.,0.));
#14215 = PCURVE('',#13788,#14216);
#14216 = DEFINITIONAL_REPRESENTATION('',(#14217),#14225);
#14217 = ( BOUNDED_CURVE() B_SPLINE_CURVE(2,(#14218,#14219,#14220,#14221
    ,#14222,#14223,#14224),.UNSPECIFIED.,.T.,.F.) 
B_SPLINE_CURVE_WITH_KNOTS((1,2,2,2,2,1),(-2.094395102393,0.,
    2.094395102393,4.188790204786,6.28318530718,8.377580409573),
.UNSPECIFIED.) CURVE() GEOMETRIC_REPRESENTATION_ITEM() 
RATIONAL_B_SPLINE_CURVE((1.,0.5,1.,0.5,1.,0.5,1.)) REPRESENTATION_ITEM(
  '') );
#14218 = CARTESIAN_POINT('',(2.,-1.7763568394E-15));
#14219 = CARTESIAN_POINT('',(2.,-3.464101615138));
#14220 = CARTESIAN_POINT('',(-1.,-1.732050807569));
#14221 = CARTESIAN_POINT('',(-4.,-2.266215559059E-15));
#14222 = CARTESIAN_POINT('',(-1.,1.732050807569));
#14223 = CARTESIAN_POINT('',(2.,3.464101615138));
#14224 = CARTESIAN_POINT('',(2.,-1.7763568394E-15));
#14225 = ( GEOMETRIC_REPRESENTATION_CONTEXT(2) 
PARAMETRIC_REPRESENTATION_CONTEXT() REPRESENTATION_CONTEXT('2D SPACE',''
  ) );
#14226 = PCURVE('',#14227,#14232);
#14227 = CYLINDRICAL_SURFACE('',#14228,2.);
#14228 = AXIS2_PLACEMENT_3D('',#14229,#14230,#14231);
#14229 = CARTESIAN_POINT('',(138.,12.,17.));
#14230 = DIRECTION('',(-0.,-0.,-1.));
#14231 = DIRECTION('',(1.,0.,0.));
#14232 = DEFINITIONAL_REPRESENTATION('',(#14233),#14237);
#14233 = LINE('',#14234,#14235);
#14234 = CARTESIAN_POINT('',(-6.28318530718,-7.01));
#14235 = VECTOR('',#14236,1.);
#14236 = DIRECTION('',(1.,-0.));
#14237 = ( GEOMETRIC_REPRESENTATION_CONTEXT(2) 
PARAMETRIC_REPRESENTATION_CONTEXT() REPRESENTATION_CONTEXT('2D SPACE',''
  ) );
#14238 = ADVANCED_FACE('',(#14239,#14242),#13843,.T.);
#14239 = FACE_BOUND('',#14240,.T.);
#14240 = EDGE_LOOP('',(#14241));
#14241 = ORIENTED_EDGE('',*,*,#13828,.T.);
#14242 = FACE_BOUND('',#14243,.T.);
#14243 = EDGE_LOOP('',(#14244));
#14244 = ORIENTED_EDGE('',*,*,#14245,.T.);
#14245 = EDGE_CURVE('',#14246,#14246,#14248,.T.);
#14246 = VERTEX_POINT('',#14247);
#14247 = CARTESIAN_POINT('',(121.22,30.08,7.5));
#14248 = SURFACE_CURVE('',#14249,(#14254,#14265),.PCURVE_S1.);
#14249 = CIRCLE('',#14250,1.3);
#14250 = AXIS2_PLACEMENT_3D('',#14251,#14252,#14253);
#14251 = CARTESIAN_POINT('',(119.92,30.08,7.5));
#14252 = DIRECTION('',(0.,0.,-1.));
#14253 = DIRECTION('',(1.,0.,0.));
#14254 = PCURVE('',#13843,#14255);
#14255 = DEFINITIONAL_REPRESENTATION('',(#14256),#14264);
#14256 = ( BOUNDED_CURVE() B_SPLINE_CURVE(2,(#14257,#14258,#14259,#14260
    ,#14261,#14262,#14263),.UNSPECIFIED.,.T.,.F.) 
B_SPLINE_CURVE_WITH_KNOTS((1,2,2,2,2,1),(-2.094395102393,0.,
    2.094395102393,4.188790204786,6.28318530718,8.377580409573),
.UNSPECIFIED.) CURVE() GEOMETRIC_REPRESENTATION_ITEM() 
RATIONAL_B_SPLINE_CURVE((1.,0.5,1.,0.5,1.,0.5,1.)) REPRESENTATION_ITEM(
  '') );
#14257 = CARTESIAN_POINT('',(1.3,-3.552713678801E-15));
#14258 = CARTESIAN_POINT('',(1.3,-2.25166604984));
#14259 = CARTESIAN_POINT('',(-0.65,-1.12583302492));
#14260 = CARTESIAN_POINT('',(-2.6,-3.871121846579E-15));
#14261 = CARTESIAN_POINT('',(-0.65,1.12583302492));
#14262 = CARTESIAN_POINT('',(1.3,2.25166604984));
#14263 = CARTESIAN_POINT('',(1.3,-3.552713678801E-15));
#14264 = ( GEOMETRIC_REPRESENTATION_CONTEXT(2) 
PARAMETRIC_REPRESENTATION_CONTEXT() REPRESENTATION_CONTEXT('2D SPACE',''
  ) );
#14265 = PCURVE('',#14266,#14271);
#14266 = CYLINDRICAL_SURFACE('',#14267,1.3);
#14267 = AXIS2_PLACEMENT_3D('',#14268,#14269,#14270);
#14268 = CARTESIAN_POINT('',(119.92,30.08,3.5));
#14269 = DIRECTION('',(-0.,-0.,-1.));
#14270 = DIRECTION('',(1.,0.,0.));
#14271 = DEFINITIONAL_REPRESENTATION('',(#14272),#14276);
#14272 = LINE('',#14273,#14274);
#14273 = CARTESIAN_POINT('',(-6.28318530718,-4.));
#14274 = VECTOR('',#14275,1.);
#14275 = DIRECTION('',(1.,-0.));
#14276 = ( GEOMETRIC_REPRESENTATION_CONTEXT(2) 
PARAMETRIC_REPRESENTATION_CONTEXT() REPRESENTATION_CONTEXT('2D SPACE',''
  ) );
#14277 = ADVANCED_FACE('',(#14278,#14281),#13898,.T.);
#14278 = FACE_BOUND('',#14279,.T.);
#14279 = EDGE_LOOP('',(#14280));
#14280 = ORIENTED_EDGE('',*,*,#13883,.T.);
#14281 = FACE_BOUND('',#14282,.T.);
#14282 = EDGE_LOOP('',(#14283));
#14283 = ORIENTED_EDGE('',*,*,#14284,.T.);
#14284 = EDGE_CURVE('',#14285,#14285,#14287,.T.);
#14285 = VERTEX_POINT('',#14286);
#14286 = CARTESIAN_POINT('',(140.,138.,24.01));
#14287 = SURFACE_CURVE('',#14288,(#14293,#14304),.PCURVE_S1.);
#14288 = CIRCLE('',#14289,2.);
#14289 = AXIS2_PLACEMENT_3D('',#14290,#14291,#14292);
#14290 = CARTESIAN_POINT('',(138.,138.,24.01));
#14291 = DIRECTION('',(0.,0.,-1.));
#14292 = DIRECTION('',(1.,0.,0.));
#14293 = PCURVE('',#13898,#14294);
#14294 = DEFINITIONAL_REPRESENTATION('',(#14295),#14303);
#14295 = ( BOUNDED_CURVE() B_SPLINE_CURVE(2,(#14296,#14297,#14298,#14299
    ,#14300,#14301,#14302),.UNSPECIFIED.,.T.,.F.) 
B_SPLINE_CURVE_WITH_KNOTS((1,2,2,2,2,1),(-2.094395102393,0.,
    2.094395102393,4.188790204786,6.28318530718,8.377580409573),
.UNSPECIFIED.) CURVE() GEOMETRIC_REPRESENTATION_ITEM() 
RATIONAL_B_SPLINE_CURVE((1.,0.5,1.,0.5,1.,0.5,1.)) REPRESENTATION_ITEM(
  '') );
#14296 = CARTESIAN_POINT('',(2.,0.));
#14297 = CARTESIAN_POINT('',(2.,-3.464101615138));
#14298 = CARTESIAN_POINT('',(-1.,-1.732050807569));
#14299 = CARTESIAN_POINT('',(-4.,-4.898587196589E-16));
#14300 = CARTESIAN_POINT('',(-1.,1.732050807569));
#14301 = CARTESIAN_POINT('',(2.,3.464101615138));
#14302 = CARTESIAN_POINT('',(2.,0.));
#14303 = ( GEOMETRIC_REPRESENTATION_CONTEXT(2) 
PARAMETRIC_REPRESENTATION_CONTEXT() REPRESENTATION_CONTEXT('2D SPACE',''
  ) );
#14304 = PCURVE('',#14305,#14310);
#14305 = CYLINDRICAL_SURFACE('',#14306,2.);
#14306 = AXIS2_PLACEMENT_3D('',#14307,#14308,#14309);
#14307 = CARTESIAN_POINT('',(138.,138.,17.));
#14308 = DIRECTION('',(-0.,-0.,-1.));
#14309 = DIRECTION('',(1.,0.,0.));
#14310 = DEFINITIONAL_REPRESENTATION('',(#14311),#14315);
#14311 = LINE('',#14312,#14313);
#14312 = CARTESIAN_POINT('',(-6.28318530718,-7.01));
#14313 = VECTOR('',#14314,1.);
#14314 = DIRECTION('',(1.,-0.));
#14315 = ( GEOMETRIC_REPRESENTATION_CONTEXT(2) 
PARAMETRIC_REPRESENTATION_CONTEXT() REPRESENTATION_CONTEXT('2D SPACE',''
  ) );
#14316 = ADVANCED_FACE('',(#14317,#14320),#13953,.T.);
#14317 = FACE_BOUND('',#14318,.T.);
#14318 = EDGE_LOOP('',(#14319));
#14319 = ORIENTED_EDGE('',*,*,#13938,.T.);
#14320 = FACE_BOUND('',#14321,.T.);
#14321 = EDGE_LOOP('',(#14322));
#14322 = ORIENTED_EDGE('',*,*,#14323,.T.);
#14323 = EDGE_CURVE('',#14324,#14324,#14326,.T.);
#14324 = VERTEX_POINT('',#14325);
#14325 = CARTESIAN_POINT('',(121.3,120.,7.5));
#14326 = SURFACE_CURVE('',#14327,(#14332,#14343),.PCURVE_S1.);
#14327 = CIRCLE('',#14328,1.3);
#14328 = AXIS2_PLACEMENT_3D('',#14329,#14330,#14331);
#14329 = CARTESIAN_POINT('',(120.,120.,7.5));
#14330 = DIRECTION('',(0.,0.,-1.));
#14331 = DIRECTION('',(1.,0.,0.));
#14332 = PCURVE('',#13953,#14333);
#14333 = DEFINITIONAL_REPRESENTATION('',(#14334),#14342);
#14334 = ( BOUNDED_CURVE() B_SPLINE_CURVE(2,(#14335,#14336,#14337,#14338
    ,#14339,#14340,#14341),.UNSPECIFIED.,.T.,.F.) 
B_SPLINE_CURVE_WITH_KNOTS((1,2,2,2,2,1),(-2.094395102393,0.,
    2.094395102393,4.188790204786,6.28318530718,8.377580409573),
.UNSPECIFIED.) CURVE() GEOMETRIC_REPRESENTATION_ITEM() 
RATIONAL_B_SPLINE_CURVE((1.,0.5,1.,0.5,1.,0.5,1.)) REPRESENTATION_ITEM(
  '') );
#14335 = CARTESIAN_POINT('',(1.3,0.));
#14336 = CARTESIAN_POINT('',(1.3,-2.25166604984));
#14337 = CARTESIAN_POINT('',(-0.65,-1.12583302492));
#14338 = CARTESIAN_POINT('',(-2.6,-3.184081677783E-16));
#14339 = CARTESIAN_POINT('',(-0.65,1.12583302492));
#14340 = CARTESIAN_POINT('',(1.3,2.25166604984));
#14341 = CARTESIAN_POINT('',(1.3,0.));
#14342 = ( GEOMETRIC_REPRESENTATION_CONTEXT(2) 
PARAMETRIC_REPRESENTATION_CONTEXT() REPRESENTATION_CONTEXT('2D SPACE',''
  ) );
#14343 = PCURVE('',#14344,#14349);
#14344 = CYLINDRICAL_SURFACE('',#14345,1.3);
#14345 = AXIS2_PLACEMENT_3D('',#14346,#14347,#14348);
#14346 = CARTESIAN_POINT('',(120.,120.,3.5));
#14347 = DIRECTION('',(-0.,-0.,-1.));
#14348 = DIRECTION('',(1.,0.,0.));
#14349 = DEFINITIONAL_REPRESENTATION('',(#14350),#14354);
#14350 = LINE('',#14351,#14352);
#14351 = CARTESIAN_POINT('',(-6.28318530718,-4.));
#14352 = VECTOR('',#14353,1.);
#14353 = DIRECTION('',(1.,-0.));
#14354 = ( GEOMETRIC_REPRESENTATION_CONTEXT(2) 
PARAMETRIC_REPRESENTATION_CONTEXT() REPRESENTATION_CONTEXT('2D SPACE',''
  ) );
#14355 = ADVANCED_FACE('',(#14356,#14359),#14008,.T.);
#14356 = FACE_BOUND('',#14357,.T.);
#14357 = EDGE_LOOP('',(#14358));
#14358 = ORIENTED_EDGE('',*,*,#13993,.T.);
#14359 = FACE_BOUND('',#14360,.T.);
#14360 = EDGE_LOOP('',(#14361));
#14361 = ORIENTED_EDGE('',*,*,#14362,.T.);
#14362 = EDGE_CURVE('',#14363,#14363,#14365,.T.);
#14363 = VERTEX_POINT('',#14364);
#14364 = CARTESIAN_POINT('',(31.3,30.,7.5));
#14365 = SURFACE_CURVE('',#14366,(#14371,#14382),.PCURVE_S1.);
#14366 = CIRCLE('',#14367,1.3);
#14367 = AXIS2_PLACEMENT_3D('',#14368,#14369,#14370);
#14368 = CARTESIAN_POINT('',(30.,30.,7.5));
#14369 = DIRECTION('',(0.,0.,-1.));
#14370 = DIRECTION('',(1.,0.,0.));
#14371 = PCURVE('',#14008,#14372);
#14372 = DEFINITIONAL_REPRESENTATION('',(#14373),#14381);
#14373 = ( BOUNDED_CURVE() B_SPLINE_CURVE(2,(#14374,#14375,#14376,#14377
    ,#14378,#14379,#14380),.UNSPECIFIED.,.T.,.F.) 
B_SPLINE_CURVE_WITH_KNOTS((1,2,2,2,2,1),(-2.094395102393,0.,
    2.094395102393,4.188790204786,6.28318530718,8.377580409573),
.UNSPECIFIED.) CURVE() GEOMETRIC_REPRESENTATION_ITEM() 
RATIONAL_B_SPLINE_CURVE((1.,0.5,1.,0.5,1.,0.5,1.)) REPRESENTATION_ITEM(
  '') );
#14374 = CARTESIAN_POINT('',(1.3,0.));
#14375 = CARTESIAN_POINT('',(1.3,-2.25166604984));
#14376 = CARTESIAN_POINT('',(-0.65,-1.12583302492));
#14377 = CARTESIAN_POINT('',(-2.6,-3.184081677783E-16));
#14378 = CARTESIAN_POINT('',(-0.65,1.12583302492));
#14379 = CARTESIAN_POINT('',(1.3,2.25166604984));
#14380 = CARTESIAN_POINT('',(1.3,0.));
#14381 = ( GEOMETRIC_REPRESENTATION_CONTEXT(2) 
PARAMETRIC_REPRESENTATION_CONTEXT() REPRESENTATION_CONTEXT('2D SPACE',''
  ) );
#14382 = PCURVE('',#14383,#14388);
#14383 = CYLINDRICAL_SURFACE('',#14384,1.3);
#14384 = AXIS2_PLACEMENT_3D('',#14385,#14386,#14387);
#14385 = CARTESIAN_POINT('',(30.,30.,3.5));
#14386 = DIRECTION('',(-0.,-0.,-1.));
#14387 = DIRECTION('',(1.,0.,0.));
#14388 = DEFINITIONAL_REPRESENTATION('',(#14389),#14393);
#14389 = LINE('',#14390,#14391);
#14390 = CARTESIAN_POINT('',(-6.28318530718,-4.));
#14391 = VECTOR('',#14392,1.);
#14392 = DIRECTION('',(1.,-0.));
#14393 = ( GEOMETRIC_REPRESENTATION_CONTEXT(2) 
PARAMETRIC_REPRESENTATION_CONTEXT() REPRESENTATION_CONTEXT('2D SPACE',''
  ) );
#14394 = ADVANCED_FACE('',(#14395,#14398),#14063,.T.);
#14395 = FACE_BOUND('',#14396,.T.);
#14396 = EDGE_LOOP('',(#14397));
#14397 = ORIENTED_EDGE('',*,*,#14048,.T.);
#14398 = FACE_BOUND('',#14399,.T.);
#14399 = EDGE_LOOP('',(#14400));
#14400 = ORIENTED_EDGE('',*,*,#14401,.T.);
#14401 = EDGE_CURVE('',#14402,#14402,#14404,.T.);
#14402 = VERTEX_POINT('',#14403);
#14403 = CARTESIAN_POINT('',(14.,12.,24.01));
#14404 = SURFACE_CURVE('',#14405,(#14410,#14421),.PCURVE_S1.);
#14405 = CIRCLE('',#14406,2.);
#14406 = AXIS2_PLACEMENT_3D('',#14407,#14408,#14409);
#14407 = CARTESIAN_POINT('',(12.,12.,24.01));
#14408 = DIRECTION('',(0.,0.,-1.));
#14409 = DIRECTION('',(1.,0.,0.));
#14410 = PCURVE('',#14063,#14411);
#14411 = DEFINITIONAL_REPRESENTATION('',(#14412),#14420);
#14412 = ( BOUNDED_CURVE() B_SPLINE_CURVE(2,(#14413,#14414,#14415,#14416
    ,#14417,#14418,#14419),.UNSPECIFIED.,.T.,.F.) 
B_SPLINE_CURVE_WITH_KNOTS((1,2,2,2,2,1),(-2.094395102393,0.,
    2.094395102393,4.188790204786,6.28318530718,8.377580409573),
.UNSPECIFIED.) CURVE() GEOMETRIC_REPRESENTATION_ITEM() 
RATIONAL_B_SPLINE_CURVE((1.,0.5,1.,0.5,1.,0.5,1.)) REPRESENTATION_ITEM(
  '') );
#14413 = CARTESIAN_POINT('',(2.,-1.7763568394E-15));
#14414 = CARTESIAN_POINT('',(2.,-3.464101615138));
#14415 = CARTESIAN_POINT('',(-1.,-1.732050807569));
#14416 = CARTESIAN_POINT('',(-4.,-2.266215559059E-15));
#14417 = CARTESIAN_POINT('',(-1.,1.732050807569));
#14418 = CARTESIAN_POINT('',(2.,3.464101615138));
#14419 = CARTESIAN_POINT('',(2.,-1.7763568394E-15));
#14420 = ( GEOMETRIC_REPRESENTATION_CONTEXT(2) 
PARAMETRIC_REPRESENTATION_CONTEXT() REPRESENTATION_CONTEXT('2D SPACE',''
  ) );
#14421 = PCURVE('',#14422,#14427);
#14422 = CYLINDRICAL_SURFACE('',#14423,2.);
#14423 = AXIS2_PLACEMENT_3D('',#14424,#14425,#14426);
#14424 = CARTESIAN_POINT('',(12.,12.,17.));
#14425 = DIRECTION('',(-0.,-0.,-1.));
#14426 = DIRECTION('',(1.,0.,0.));
#14427 = DEFINITIONAL_REPRESENTATION('',(#14428),#14432);
#14428 = LINE('',#14429,#14430);
#14429 = CARTESIAN_POINT('',(-6.28318530718,-7.01));
#14430 = VECTOR('',#14431,1.);
#14431 = DIRECTION('',(1.,-0.));
#14432 = ( GEOMETRIC_REPRESENTATION_CONTEXT(2) 
PARAMETRIC_REPRESENTATION_CONTEXT() REPRESENTATION_CONTEXT('2D SPACE',''
  ) );
#14433 = ADVANCED_FACE('',(#14434),#14118,.T.);
#14434 = FACE_BOUND('',#14435,.T.);
#14435 = EDGE_LOOP('',(#14436));
#14436 = ORIENTED_EDGE('',*,*,#14103,.T.);
#14437 = ADVANCED_FACE('',(#14438,#14441),#14173,.T.);
#14438 = FACE_BOUND('',#14439,.T.);
#14439 = EDGE_LOOP('',(#14440));
#14440 = ORIENTED_EDGE('',*,*,#14158,.T.);
#14441 = FACE_BOUND('',#14442,.T.);
#14442 = EDGE_LOOP('',(#14443));
#14443 = ORIENTED_EDGE('',*,*,#14444,.T.);
#14444 = EDGE_CURVE('',#14445,#14445,#14447,.T.);
#14445 = VERTEX_POINT('',#14446);
#14446 = CARTESIAN_POINT('',(14.,138.,24.01));
#14447 = SURFACE_CURVE('',#14448,(#14453,#14464),.PCURVE_S1.);
#14448 = CIRCLE('',#14449,2.);
#14449 = AXIS2_PLACEMENT_3D('',#14450,#14451,#14452);
#14450 = CARTESIAN_POINT('',(12.,138.,24.01));
#14451 = DIRECTION('',(0.,0.,-1.));
#14452 = DIRECTION('',(1.,0.,0.));
#14453 = PCURVE('',#14173,#14454);
#14454 = DEFINITIONAL_REPRESENTATION('',(#14455),#14463);
#14455 = ( BOUNDED_CURVE() B_SPLINE_CURVE(2,(#14456,#14457,#14458,#14459
    ,#14460,#14461,#14462),.UNSPECIFIED.,.T.,.F.) 
B_SPLINE_CURVE_WITH_KNOTS((1,2,2,2,2,1),(-2.094395102393,0.,
    2.094395102393,4.188790204786,6.28318530718,8.377580409573),
.UNSPECIFIED.) CURVE() GEOMETRIC_REPRESENTATION_ITEM() 
RATIONAL_B_SPLINE_CURVE((1.,0.5,1.,0.5,1.,0.5,1.)) REPRESENTATION_ITEM(
  '') );
#14456 = CARTESIAN_POINT('',(2.,0.));
#14457 = CARTESIAN_POINT('',(2.,-3.464101615138));
#14458 = CARTESIAN_POINT('',(-1.,-1.732050807569));
#14459 = CARTESIAN_POINT('',(-4.,-4.898587196589E-16));
#14460 = CARTESIAN_POINT('',(-1.,1.732050807569));
#14461 = CARTESIAN_POINT('',(2.,3.464101615138));
#14462 = CARTESIAN_POINT('',(2.,0.));
#14463 = ( GEOMETRIC_REPRESENTATION_CONTEXT(2) 
PARAMETRIC_REPRESENTATION_CONTEXT() REPRESENTATION_CONTEXT('2D SPACE',''
  ) );
#14464 = PCURVE('',#14465,#14470);
#14465 = CYLINDRICAL_SURFACE('',#14466,2.);
#14466 = AXIS2_PLACEMENT_3D('',#14467,#14468,#14469);
#14467 = CARTESIAN_POINT('',(12.,138.,17.));
#14468 = DIRECTION('',(-0.,-0.,-1.));
#14469 = DIRECTION('',(1.,0.,0.));
#14470 = DEFINITIONAL_REPRESENTATION('',(#14471),#14475);
#14471 = LINE('',#14472,#14473);
#14472 = CARTESIAN_POINT('',(-6.28318530718,-7.01));
#14473 = VECTOR('',#14474,1.);
#14474 = DIRECTION('',(1.,-0.));
#14475 = ( GEOMETRIC_REPRESENTATION_CONTEXT(2) 
PARAMETRIC_REPRESENTATION_CONTEXT() REPRESENTATION_CONTEXT('2D SPACE',''
  ) );
#14476 = ADVANCED_FACE('',(#14477),#14227,.F.);
#14477 = FACE_BOUND('',#14478,.T.);
#14478 = EDGE_LOOP('',(#14479,#14508,#14529,#14530));
#14479 = ORIENTED_EDGE('',*,*,#14480,.F.);
#14480 = EDGE_CURVE('',#14481,#14481,#14483,.T.);
#14481 = VERTEX_POINT('',#14482);
#14482 = CARTESIAN_POINT('',(140.,12.,17.));
#14483 = SURFACE_CURVE('',#14484,(#14489,#14496),.PCURVE_S1.);
#14484 = CIRCLE('',#14485,2.);
#14485 = AXIS2_PLACEMENT_3D('',#14486,#14487,#14488);
#14486 = CARTESIAN_POINT('',(138.,12.,17.));
#14487 = DIRECTION('',(0.,0.,1.));
#14488 = DIRECTION('',(1.,0.,0.));
#14489 = PCURVE('',#14227,#14490);
#14490 = DEFINITIONAL_REPRESENTATION('',(#14491),#14495);
#14491 = LINE('',#14492,#14493);
#14492 = CARTESIAN_POINT('',(-0.,0.));
#14493 = VECTOR('',#14494,1.);
#14494 = DIRECTION('',(-1.,0.));
#14495 = ( GEOMETRIC_REPRESENTATION_CONTEXT(2) 
PARAMETRIC_REPRESENTATION_CONTEXT() REPRESENTATION_CONTEXT('2D SPACE',''
  ) );
#14496 = PCURVE('',#14497,#14502);
#14497 = PLANE('',#14498);
#14498 = AXIS2_PLACEMENT_3D('',#14499,#14500,#14501);
#14499 = CARTESIAN_POINT('',(138.,12.,17.));
#14500 = DIRECTION('',(0.,0.,1.));
#14501 = DIRECTION('',(1.,0.,-0.));
#14502 = DEFINITIONAL_REPRESENTATION('',(#14503),#14507);
#14503 = CIRCLE('',#14504,2.);
#14504 = AXIS2_PLACEMENT_2D('',#14505,#14506);
#14505 = CARTESIAN_POINT('',(0.,0.));
#14506 = DIRECTION('',(1.,0.));
#14507 = ( GEOMETRIC_REPRESENTATION_CONTEXT(2) 
PARAMETRIC_REPRESENTATION_CONTEXT() REPRESENTATION_CONTEXT('2D SPACE',''
  ) );
#14508 = ORIENTED_EDGE('',*,*,#14509,.T.);
#14509 = EDGE_CURVE('',#14481,#14207,#14510,.T.);
#14510 = SEAM_CURVE('',#14511,(#14515,#14522),.PCURVE_S1.);
#14511 = LINE('',#14512,#14513);
#14512 = CARTESIAN_POINT('',(140.,12.,17.));
#14513 = VECTOR('',#14514,1.);
#14514 = DIRECTION('',(0.,0.,1.));
#14515 = PCURVE('',#14227,#14516);
#14516 = DEFINITIONAL_REPRESENTATION('',(#14517),#14521);
#14517 = LINE('',#14518,#14519);
#14518 = CARTESIAN_POINT('',(-6.28318530718,0.));
#14519 = VECTOR('',#14520,1.);
#14520 = DIRECTION('',(-0.,-1.));
#14521 = ( GEOMETRIC_REPRESENTATION_CONTEXT(2) 
PARAMETRIC_REPRESENTATION_CONTEXT() REPRESENTATION_CONTEXT('2D SPACE',''
  ) );
#14522 = PCURVE('',#14227,#14523);
#14523 = DEFINITIONAL_REPRESENTATION('',(#14524),#14528);
#14524 = LINE('',#14525,#14526);
#14525 = CARTESIAN_POINT('',(-0.,0.));
#14526 = VECTOR('',#14527,1.);
#14527 = DIRECTION('',(-0.,-1.));
#14528 = ( GEOMETRIC_REPRESENTATION_CONTEXT(2) 
PARAMETRIC_REPRESENTATION_CONTEXT() REPRESENTATION_CONTEXT('2D SPACE',''
  ) );
#14529 = ORIENTED_EDGE('',*,*,#14206,.F.);
#14530 = ORIENTED_EDGE('',*,*,#14509,.F.);
#14531 = ADVANCED_FACE('',(#14532),#14266,.F.);
#14532 = FACE_BOUND('',#14533,.T.);
#14533 = EDGE_LOOP('',(#14534,#14563,#14584,#14585));
#14534 = ORIENTED_EDGE('',*,*,#14535,.F.);
#14535 = EDGE_CURVE('',#14536,#14536,#14538,.T.);
#14536 = VERTEX_POINT('',#14537);
#14537 = CARTESIAN_POINT('',(121.22,30.08,3.5));
#14538 = SURFACE_CURVE('',#14539,(#14544,#14551),.PCURVE_S1.);
#14539 = CIRCLE('',#14540,1.3);
#14540 = AXIS2_PLACEMENT_3D('',#14541,#14542,#14543);
#14541 = CARTESIAN_POINT('',(119.92,30.08,3.5));
#14542 = DIRECTION('',(0.,0.,1.));
#14543 = DIRECTION('',(1.,0.,0.));
#14544 = PCURVE('',#14266,#14545);
#14545 = DEFINITIONAL_REPRESENTATION('',(#14546),#14550);
#14546 = LINE('',#14547,#14548);
#14547 = CARTESIAN_POINT('',(-0.,0.));
#14548 = VECTOR('',#14549,1.);
#14549 = DIRECTION('',(-1.,0.));
#14550 = ( GEOMETRIC_REPRESENTATION_CONTEXT(2) 
PARAMETRIC_REPRESENTATION_CONTEXT() REPRESENTATION_CONTEXT('2D SPACE',''
  ) );
#14551 = PCURVE('',#14552,#14557);
#14552 = PLANE('',#14553);
#14553 = AXIS2_PLACEMENT_3D('',#14554,#14555,#14556);
#14554 = CARTESIAN_POINT('',(119.92,30.08,3.5));
#14555 = DIRECTION('',(0.,0.,1.));
#14556 = DIRECTION('',(1.,0.,-0.));
#14557 = DEFINITIONAL_REPRESENTATION('',(#14558),#14562);
#14558 = CIRCLE('',#14559,1.3);
#14559 = AXIS2_PLACEMENT_2D('',#14560,#14561);
#14560 = CARTESIAN_POINT('',(2.84217094304E-14,7.105427357601E-15));
#14561 = DIRECTION('',(1.,0.));
#14562 = ( GEOMETRIC_REPRESENTATION_CONTEXT(2) 
PARAMETRIC_REPRESENTATION_CONTEXT() REPRESENTATION_CONTEXT('2D SPACE',''
  ) );
#14563 = ORIENTED_EDGE('',*,*,#14564,.T.);
#14564 = EDGE_CURVE('',#14536,#14246,#14565,.T.);
#14565 = SEAM_CURVE('',#14566,(#14570,#14577),.PCURVE_S1.);
#14566 = LINE('',#14567,#14568);
#14567 = CARTESIAN_POINT('',(121.22,30.08,3.5));
#14568 = VECTOR('',#14569,1.);
#14569 = DIRECTION('',(0.,0.,1.));
#14570 = PCURVE('',#14266,#14571);
#14571 = DEFINITIONAL_REPRESENTATION('',(#14572),#14576);
#14572 = LINE('',#14573,#14574);
#14573 = CARTESIAN_POINT('',(-6.28318530718,0.));
#14574 = VECTOR('',#14575,1.);
#14575 = DIRECTION('',(-0.,-1.));
#14576 = ( GEOMETRIC_REPRESENTATION_CONTEXT(2) 
PARAMETRIC_REPRESENTATION_CONTEXT() REPRESENTATION_CONTEXT('2D SPACE',''
  ) );
#14577 = PCURVE('',#14266,#14578);
#14578 = DEFINITIONAL_REPRESENTATION('',(#14579),#14583);
#14579 = LINE('',#14580,#14581);
#14580 = CARTESIAN_POINT('',(-0.,0.));
#14581 = VECTOR('',#14582,1.);
#14582 = DIRECTION('',(-0.,-1.));
#14583 = ( GEOMETRIC_REPRESENTATION_CONTEXT(2) 
PARAMETRIC_REPRESENTATION_CONTEXT() REPRESENTATION_CONTEXT('2D SPACE',''
  ) );
#14584 = ORIENTED_EDGE('',*,*,#14245,.F.);
#14585 = ORIENTED_EDGE('',*,*,#14564,.F.);
#14586 = ADVANCED_FACE('',(#14587),#14305,.F.);
#14587 = FACE_BOUND('',#14588,.T.);
#14588 = EDGE_LOOP('',(#14589,#14618,#14639,#14640));
#14589 = ORIENTED_EDGE('',*,*,#14590,.F.);
#14590 = EDGE_CURVE('',#14591,#14591,#14593,.T.);
#14591 = VERTEX_POINT('',#14592);
#14592 = CARTESIAN_POINT('',(140.,138.,17.));
#14593 = SURFACE_CURVE('',#14594,(#14599,#14606),.PCURVE_S1.);
#14594 = CIRCLE('',#14595,2.);
#14595 = AXIS2_PLACEMENT_3D('',#14596,#14597,#14598);
#14596 = CARTESIAN_POINT('',(138.,138.,17.));
#14597 = DIRECTION('',(0.,0.,1.));
#14598 = DIRECTION('',(1.,0.,0.));
#14599 = PCURVE('',#14305,#14600);
#14600 = DEFINITIONAL_REPRESENTATION('',(#14601),#14605);
#14601 = LINE('',#14602,#14603);
#14602 = CARTESIAN_POINT('',(-0.,0.));
#14603 = VECTOR('',#14604,1.);
#14604 = DIRECTION('',(-1.,0.));
#14605 = ( GEOMETRIC_REPRESENTATION_CONTEXT(2) 
PARAMETRIC_REPRESENTATION_CONTEXT() REPRESENTATION_CONTEXT('2D SPACE',''
  ) );
#14606 = PCURVE('',#14607,#14612);
#14607 = PLANE('',#14608);
#14608 = AXIS2_PLACEMENT_3D('',#14609,#14610,#14611);
#14609 = CARTESIAN_POINT('',(138.,138.,17.));
#14610 = DIRECTION('',(0.,0.,1.));
#14611 = DIRECTION('',(1.,0.,-0.));
#14612 = DEFINITIONAL_REPRESENTATION('',(#14613),#14617);
#14613 = CIRCLE('',#14614,2.);
#14614 = AXIS2_PLACEMENT_2D('',#14615,#14616);
#14615 = CARTESIAN_POINT('',(0.,2.84217094304E-14));
#14616 = DIRECTION('',(1.,0.));
#14617 = ( GEOMETRIC_REPRESENTATION_CONTEXT(2) 
PARAMETRIC_REPRESENTATION_CONTEXT() REPRESENTATION_CONTEXT('2D SPACE',''
  ) );
#14618 = ORIENTED_EDGE('',*,*,#14619,.T.);
#14619 = EDGE_CURVE('',#14591,#14285,#14620,.T.);
#14620 = SEAM_CURVE('',#14621,(#14625,#14632),.PCURVE_S1.);
#14621 = LINE('',#14622,#14623);
#14622 = CARTESIAN_POINT('',(140.,138.,17.));
#14623 = VECTOR('',#14624,1.);
#14624 = DIRECTION('',(0.,0.,1.));
#14625 = PCURVE('',#14305,#14626);
#14626 = DEFINITIONAL_REPRESENTATION('',(#14627),#14631);
#14627 = LINE('',#14628,#14629);
#14628 = CARTESIAN_POINT('',(-6.28318530718,0.));
#14629 = VECTOR('',#14630,1.);
#14630 = DIRECTION('',(-0.,-1.));
#14631 = ( GEOMETRIC_REPRESENTATION_CONTEXT(2) 
PARAMETRIC_REPRESENTATION_CONTEXT() REPRESENTATION_CONTEXT('2D SPACE',''
  ) );
#14632 = PCURVE('',#14305,#14633);
#14633 = DEFINITIONAL_REPRESENTATION('',(#14634),#14638);
#14634 = LINE('',#14635,#14636);
#14635 = CARTESIAN_POINT('',(-0.,0.));
#14636 = VECTOR('',#14637,1.);
#14637 = DIRECTION('',(-0.,-1.));
#14638 = ( GEOMETRIC_REPRESENTATION_CONTEXT(2) 
PARAMETRIC_REPRESENTATION_CONTEXT() REPRESENTATION_CONTEXT('2D SPACE',''
  ) );
#14639 = ORIENTED_EDGE('',*,*,#14284,.F.);
#14640 = ORIENTED_EDGE('',*,*,#14619,.F.);
#14641 = ADVANCED_FACE('',(#14642),#14344,.F.);
#14642 = FACE_BOUND('',#14643,.T.);
#14643 = EDGE_LOOP('',(#14644,#14673,#14694,#14695));
#14644 = ORIENTED_EDGE('',*,*,#14645,.F.);
#14645 = EDGE_CURVE('',#14646,#14646,#14648,.T.);
#14646 = VERTEX_POINT('',#14647);
#14647 = CARTESIAN_POINT('',(121.3,120.,3.5));
#14648 = SURFACE_CURVE('',#14649,(#14654,#14661),.PCURVE_S1.);
#14649 = CIRCLE('',#14650,1.3);
#14650 = AXIS2_PLACEMENT_3D('',#14651,#14652,#14653);
#14651 = CARTESIAN_POINT('',(120.,120.,3.5));
#14652 = DIRECTION('',(0.,0.,1.));
#14653 = DIRECTION('',(1.,0.,0.));
#14654 = PCURVE('',#14344,#14655);
#14655 = DEFINITIONAL_REPRESENTATION('',(#14656),#14660);
#14656 = LINE('',#14657,#14658);
#14657 = CARTESIAN_POINT('',(-0.,0.));
#14658 = VECTOR('',#14659,1.);
#14659 = DIRECTION('',(-1.,0.));
#14660 = ( GEOMETRIC_REPRESENTATION_CONTEXT(2) 
PARAMETRIC_REPRESENTATION_CONTEXT() REPRESENTATION_CONTEXT('2D SPACE',''
  ) );
#14661 = PCURVE('',#14662,#14667);
#14662 = PLANE('',#14663);
#14663 = AXIS2_PLACEMENT_3D('',#14664,#14665,#14666);
#14664 = CARTESIAN_POINT('',(120.,120.,3.5));
#14665 = DIRECTION('',(0.,0.,1.));
#14666 = DIRECTION('',(1.,0.,-0.));
#14667 = DEFINITIONAL_REPRESENTATION('',(#14668),#14672);
#14668 = CIRCLE('',#14669,1.3);
#14669 = AXIS2_PLACEMENT_2D('',#14670,#14671);
#14670 = CARTESIAN_POINT('',(0.,0.));
#14671 = DIRECTION('',(1.,0.));
#14672 = ( GEOMETRIC_REPRESENTATION_CONTEXT(2) 
PARAMETRIC_REPRESENTATION_CONTEXT() REPRESENTATION_CONTEXT('2D SPACE',''
  ) );
#14673 = ORIENTED_EDGE('',*,*,#14674,.T.);
#14674 = EDGE_CURVE('',#14646,#14324,#14675,.T.);
#14675 = SEAM_CURVE('',#14676,(#14680,#14687),.PCURVE_S1.);
#14676 = LINE('',#14677,#14678);
#14677 = CARTESIAN_POINT('',(121.3,120.,3.5));
#14678 = VECTOR('',#14679,1.);
#14679 = DIRECTION('',(0.,0.,1.));
#14680 = PCURVE('',#14344,#14681);
#14681 = DEFINITIONAL_REPRESENTATION('',(#14682),#14686);
#14682 = LINE('',#14683,#14684);
#14683 = CARTESIAN_POINT('',(-6.28318530718,0.));
#14684 = VECTOR('',#14685,1.);
#14685 = DIRECTION('',(-0.,-1.));
#14686 = ( GEOMETRIC_REPRESENTATION_CONTEXT(2) 
PARAMETRIC_REPRESENTATION_CONTEXT() REPRESENTATION_CONTEXT('2D SPACE',''
  ) );
#14687 = PCURVE('',#14344,#14688);
#14688 = DEFINITIONAL_REPRESENTATION('',(#14689),#14693);
#14689 = LINE('',#14690,#14691);
#14690 = CARTESIAN_POINT('',(-0.,0.));
#14691 = VECTOR('',#14692,1.);
#14692 = DIRECTION('',(-0.,-1.));
#14693 = ( GEOMETRIC_REPRESENTATION_CONTEXT(2) 
PARAMETRIC_REPRESENTATION_CONTEXT() REPRESENTATION_CONTEXT('2D SPACE',''
  ) );
#14694 = ORIENTED_EDGE('',*,*,#14323,.F.);
#14695 = ORIENTED_EDGE('',*,*,#14674,.F.);
#14696 = ADVANCED_FACE('',(#14697),#14383,.F.);
#14697 = FACE_BOUND('',#14698,.T.);
#14698 = EDGE_LOOP('',(#14699,#14728,#14749,#14750));
#14699 = ORIENTED_EDGE('',*,*,#14700,.F.);
#14700 = EDGE_CURVE('',#14701,#14701,#14703,.T.);
#14701 = VERTEX_POINT('',#14702);
#14702 = CARTESIAN_POINT('',(31.3,30.,3.5));
#14703 = SURFACE_CURVE('',#14704,(#14709,#14716),.PCURVE_S1.);
#14704 = CIRCLE('',#14705,1.3);
#14705 = AXIS2_PLACEMENT_3D('',#14706,#14707,#14708);
#14706 = CARTESIAN_POINT('',(30.,30.,3.5));
#14707 = DIRECTION('',(0.,0.,1.));
#14708 = DIRECTION('',(1.,0.,0.));
#14709 = PCURVE('',#14383,#14710);
#14710 = DEFINITIONAL_REPRESENTATION('',(#14711),#14715);
#14711 = LINE('',#14712,#14713);
#14712 = CARTESIAN_POINT('',(-0.,0.));
#14713 = VECTOR('',#14714,1.);
#14714 = DIRECTION('',(-1.,0.));
#14715 = ( GEOMETRIC_REPRESENTATION_CONTEXT(2) 
PARAMETRIC_REPRESENTATION_CONTEXT() REPRESENTATION_CONTEXT('2D SPACE',''
  ) );
#14716 = PCURVE('',#14717,#14722);
#14717 = PLANE('',#14718);
#14718 = AXIS2_PLACEMENT_3D('',#14719,#14720,#14721);
#14719 = CARTESIAN_POINT('',(30.,30.,3.5));
#14720 = DIRECTION('',(0.,0.,1.));
#14721 = DIRECTION('',(1.,0.,-0.));
#14722 = DEFINITIONAL_REPRESENTATION('',(#14723),#14727);
#14723 = CIRCLE('',#14724,1.3);
#14724 = AXIS2_PLACEMENT_2D('',#14725,#14726);
#14725 = CARTESIAN_POINT('',(-3.552713678801E-15,0.));
#14726 = DIRECTION('',(1.,0.));
#14727 = ( GEOMETRIC_REPRESENTATION_CONTEXT(2) 
PARAMETRIC_REPRESENTATION_CONTEXT() REPRESENTATION_CONTEXT('2D SPACE',''
  ) );
#14728 = ORIENTED_EDGE('',*,*,#14729,.T.);
#14729 = EDGE_CURVE('',#14701,#14363,#14730,.T.);
#14730 = SEAM_CURVE('',#14731,(#14735,#14742),.PCURVE_S1.);
#14731 = LINE('',#14732,#14733);
#14732 = CARTESIAN_POINT('',(31.3,30.,3.5));
#14733 = VECTOR('',#14734,1.);
#14734 = DIRECTION('',(0.,0.,1.));
#14735 = PCURVE('',#14383,#14736);
#14736 = DEFINITIONAL_REPRESENTATION('',(#14737),#14741);
#14737 = LINE('',#14738,#14739);
#14738 = CARTESIAN_POINT('',(-6.28318530718,0.));
#14739 = VECTOR('',#14740,1.);
#14740 = DIRECTION('',(-0.,-1.));
#14741 = ( GEOMETRIC_REPRESENTATION_CONTEXT(2) 
PARAMETRIC_REPRESENTATION_CONTEXT() REPRESENTATION_CONTEXT('2D SPACE',''
  ) );
#14742 = PCURVE('',#14383,#14743);
#14743 = DEFINITIONAL_REPRESENTATION('',(#14744),#14748);
#14744 = LINE('',#14745,#14746);
#14745 = CARTESIAN_POINT('',(-0.,0.));
#14746 = VECTOR('',#14747,1.);
#14747 = DIRECTION('',(-0.,-1.));
#14748 = ( GEOMETRIC_REPRESENTATION_CONTEXT(2) 
PARAMETRIC_REPRESENTATION_CONTEXT() REPRESENTATION_CONTEXT('2D SPACE',''
  ) );
#14749 = ORIENTED_EDGE('',*,*,#14362,.F.);
#14750 = ORIENTED_EDGE('',*,*,#14729,.F.);
#14751 = ADVANCED_FACE('',(#14752),#14422,.F.);
#14752 = FACE_BOUND('',#14753,.T.);
#14753 = EDGE_LOOP('',(#14754,#14783,#14804,#14805));
#14754 = ORIENTED_EDGE('',*,*,#14755,.F.);
#14755 = EDGE_CURVE('',#14756,#14756,#14758,.T.);
#14756 = VERTEX_POINT('',#14757);
#14757 = CARTESIAN_POINT('',(14.,12.,17.));
#14758 = SURFACE_CURVE('',#14759,(#14764,#14771),.PCURVE_S1.);
#14759 = CIRCLE('',#14760,2.);
#14760 = AXIS2_PLACEMENT_3D('',#14761,#14762,#14763);
#14761 = CARTESIAN_POINT('',(12.,12.,17.));
#14762 = DIRECTION('',(0.,0.,1.));
#14763 = DIRECTION('',(1.,0.,0.));
#14764 = PCURVE('',#14422,#14765);
#14765 = DEFINITIONAL_REPRESENTATION('',(#14766),#14770);
#14766 = LINE('',#14767,#14768);
#14767 = CARTESIAN_POINT('',(-0.,0.));
#14768 = VECTOR('',#14769,1.);
#14769 = DIRECTION('',(-1.,0.));
#14770 = ( GEOMETRIC_REPRESENTATION_CONTEXT(2) 
PARAMETRIC_REPRESENTATION_CONTEXT() REPRESENTATION_CONTEXT('2D SPACE',''
  ) );
#14771 = PCURVE('',#14772,#14777);
#14772 = PLANE('',#14773);
#14773 = AXIS2_PLACEMENT_3D('',#14774,#14775,#14776);
#14774 = CARTESIAN_POINT('',(12.,12.,17.));
#14775 = DIRECTION('',(0.,0.,1.));
#14776 = DIRECTION('',(1.,0.,-0.));
#14777 = DEFINITIONAL_REPRESENTATION('',(#14778),#14782);
#14778 = CIRCLE('',#14779,2.);
#14779 = AXIS2_PLACEMENT_2D('',#14780,#14781);
#14780 = CARTESIAN_POINT('',(0.,0.));
#14781 = DIRECTION('',(1.,0.));
#14782 = ( GEOMETRIC_REPRESENTATION_CONTEXT(2) 
PARAMETRIC_REPRESENTATION_CONTEXT() REPRESENTATION_CONTEXT('2D SPACE',''
  ) );
#14783 = ORIENTED_EDGE('',*,*,#14784,.T.);
#14784 = EDGE_CURVE('',#14756,#14402,#14785,.T.);
#14785 = SEAM_CURVE('',#14786,(#14790,#14797),.PCURVE_S1.);
#14786 = LINE('',#14787,#14788);
#14787 = CARTESIAN_POINT('',(14.,12.,17.));
#14788 = VECTOR('',#14789,1.);
#14789 = DIRECTION('',(0.,0.,1.));
#14790 = PCURVE('',#14422,#14791);
#14791 = DEFINITIONAL_REPRESENTATION('',(#14792),#14796);
#14792 = LINE('',#14793,#14794);
#14793 = CARTESIAN_POINT('',(-6.28318530718,0.));
#14794 = VECTOR('',#14795,1.);
#14795 = DIRECTION('',(-0.,-1.));
#14796 = ( GEOMETRIC_REPRESENTATION_CONTEXT(2) 
PARAMETRIC_REPRESENTATION_CONTEXT() REPRESENTATION_CONTEXT('2D SPACE',''
  ) );
#14797 = PCURVE('',#14422,#14798);
#14798 = DEFINITIONAL_REPRESENTATION('',(#14799),#14803);
#14799 = LINE('',#14800,#14801);
#14800 = CARTESIAN_POINT('',(-0.,0.));
#14801 = VECTOR('',#14802,1.);
#14802 = DIRECTION('',(-0.,-1.));
#14803 = ( GEOMETRIC_REPRESENTATION_CONTEXT(2) 
PARAMETRIC_REPRESENTATION_CONTEXT() REPRESENTATION_CONTEXT('2D SPACE',''
  ) );
#14804 = ORIENTED_EDGE('',*,*,#14401,.F.);
#14805 = ORIENTED_EDGE('',*,*,#14784,.F.);
#14806 = ADVANCED_FACE('',(#14807),#14465,.F.);
#14807 = FACE_BOUND('',#14808,.T.);
#14808 = EDGE_LOOP('',(#14809,#14838,#14859,#14860));
#14809 = ORIENTED_EDGE('',*,*,#14810,.F.);
#14810 = EDGE_CURVE('',#14811,#14811,#14813,.T.);
#14811 = VERTEX_POINT('',#14812);
#14812 = CARTESIAN_POINT('',(14.,138.,17.));
#14813 = SURFACE_CURVE('',#14814,(#14819,#14826),.PCURVE_S1.);
#14814 = CIRCLE('',#14815,2.);
#14815 = AXIS2_PLACEMENT_3D('',#14816,#14817,#14818);
#14816 = CARTESIAN_POINT('',(12.,138.,17.));
#14817 = DIRECTION('',(0.,0.,1.));
#14818 = DIRECTION('',(1.,0.,0.));
#14819 = PCURVE('',#14465,#14820);
#14820 = DEFINITIONAL_REPRESENTATION('',(#14821),#14825);
#14821 = LINE('',#14822,#14823);
#14822 = CARTESIAN_POINT('',(-0.,0.));
#14823 = VECTOR('',#14824,1.);
#14824 = DIRECTION('',(-1.,0.));
#14825 = ( GEOMETRIC_REPRESENTATION_CONTEXT(2) 
PARAMETRIC_REPRESENTATION_CONTEXT() REPRESENTATION_CONTEXT('2D SPACE',''
  ) );
#14826 = PCURVE('',#14827,#14832);
#14827 = PLANE('',#14828);
#14828 = AXIS2_PLACEMENT_3D('',#14829,#14830,#14831);
#14829 = CARTESIAN_POINT('',(12.,138.,17.));
#14830 = DIRECTION('',(0.,0.,1.));
#14831 = DIRECTION('',(1.,0.,-0.));
#14832 = DEFINITIONAL_REPRESENTATION('',(#14833),#14837);
#14833 = CIRCLE('',#14834,2.);
#14834 = AXIS2_PLACEMENT_2D('',#14835,#14836);
#14835 = CARTESIAN_POINT('',(-1.7763568394E-15,2.84217094304E-14));
#14836 = DIRECTION('',(1.,0.));
#14837 = ( GEOMETRIC_REPRESENTATION_CONTEXT(2) 
PARAMETRIC_REPRESENTATION_CONTEXT() REPRESENTATION_CONTEXT('2D SPACE',''
  ) );
#14838 = ORIENTED_EDGE('',*,*,#14839,.T.);
#14839 = EDGE_CURVE('',#14811,#14445,#14840,.T.);
#14840 = SEAM_CURVE('',#14841,(#14845,#14852),.PCURVE_S1.);
#14841 = LINE('',#14842,#14843);
#14842 = CARTESIAN_POINT('',(14.,138.,17.));
#14843 = VECTOR('',#14844,1.);
#14844 = DIRECTION('',(0.,0.,1.));
#14845 = PCURVE('',#14465,#14846);
#14846 = DEFINITIONAL_REPRESENTATION('',(#14847),#14851);
#14847 = LINE('',#14848,#14849);
#14848 = CARTESIAN_POINT('',(-6.28318530718,0.));
#14849 = VECTOR('',#14850,1.);
#14850 = DIRECTION('',(-0.,-1.));
#14851 = ( GEOMETRIC_REPRESENTATION_CONTEXT(2) 
PARAMETRIC_REPRESENTATION_CONTEXT() REPRESENTATION_CONTEXT('2D SPACE',''
  ) );
#14852 = PCURVE('',#14465,#14853);
#14853 = DEFINITIONAL_REPRESENTATION('',(#14854),#14858);
#14854 = LINE('',#14855,#14856);
#14855 = CARTESIAN_POINT('',(-0.,0.));
#14856 = VECTOR('',#14857,1.);
#14857 = DIRECTION('',(-0.,-1.));
#14858 = ( GEOMETRIC_REPRESENTATION_CONTEXT(2) 
PARAMETRIC_REPRESENTATION_CONTEXT() REPRESENTATION_CONTEXT('2D SPACE',''
  ) );
#14859 = ORIENTED_EDGE('',*,*,#14444,.F.);
#14860 = ORIENTED_EDGE('',*,*,#14839,.F.);
#14861 = ADVANCED_FACE('',(#14862),#14497,.T.);
#14862 = FACE_BOUND('',#14863,.T.);
#14863 = EDGE_LOOP('',(#14864));
#14864 = ORIENTED_EDGE('',*,*,#14480,.T.);
#14865 = ADVANCED_FACE('',(#14866),#14552,.T.);
#14866 = FACE_BOUND('',#14867,.T.);
#14867 = EDGE_LOOP('',(#14868));
#14868 = ORIENTED_EDGE('',*,*,#14535,.T.);
#14869 = ADVANCED_FACE('',(#14870),#14607,.T.);
#14870 = FACE_BOUND('',#14871,.T.);
#14871 = EDGE_LOOP('',(#14872));
#14872 = ORIENTED_EDGE('',*,*,#14590,.T.);
#14873 = ADVANCED_FACE('',(#14874),#14662,.T.);
#14874 = FACE_BOUND('',#14875,.T.);
#14875 = EDGE_LOOP('',(#14876));
#14876 = ORIENTED_EDGE('',*,*,#14645,.T.);
#14877 = ADVANCED_FACE('',(#14878),#14717,.T.);
#14878 = FACE_BOUND('',#14879,.T.);
#14879 = EDGE_LOOP('',(#14880));
#14880 = ORIENTED_EDGE('',*,*,#14700,.T.);
#14881 = ADVANCED_FACE('',(#14882),#14772,.T.);
#14882 = FACE_BOUND('',#14883,.T.);
#14883 = EDGE_LOOP('',(#14884));
#14884 = ORIENTED_EDGE('',*,*,#14755,.T.);
#14885 = ADVANCED_FACE('',(#14886),#14827,.T.);
#14886 = FACE_BOUND('',#14887,.T.);
#14887 = EDGE_LOOP('',(#14888));
#14888 = ORIENTED_EDGE('',*,*,#14810,.T.);
#14889 = ( GEOMETRIC_REPRESENTATION_CONTEXT(3) 
GLOBAL_UNCERTAINTY_ASSIGNED_CONTEXT((#14893)) 
GLOBAL_UNIT_ASSIGNED_CONTEXT((#14890,#14891,#14892)) 
REPRESENTATION_CONTEXT('Context #1',
  '3D Context with UNIT and UNCERTAINTY') );
#14890 = ( LENGTH_UNIT() NAMED_UNIT(*) SI_UNIT(.MILLI.,.METRE.) );
#14891 = ( NAMED_UNIT(*) PLANE_ANGLE_UNIT() SI_UNIT($,.RADIAN.) );
#14892 = ( NAMED_UNIT(*) SI_UNIT($,.STERADIAN.) SOLID_ANGLE_UNIT() );
#14893 = UNCERTAINTY_MEASURE_WITH_UNIT(LENGTH_MEASURE(1.E-07),#14890,
  'distance_accuracy_value','confusion accuracy');
#14894 = PRODUCT_RELATED_PRODUCT_CATEGORY('part',$,(#7));
ENDSEC;
END-ISO-10303-21;
