color,director_name,duration,gross,movie_title,num_voted_users,language,country,content_rating,budget,title_year,imdb_score,movie_facebook_likes
Color,James Cameron,178,760505847,Avatar ,886204,English,USA,PG-13,237000000,2009,7.9,33000
Color,James Cameron,178,760505847,Avatar ,886204,English,USA,PG-13,237000000,2009,7.9,33000
Color,Sam Mendes,148,200074175,Spectre ,275868,English,UK,PG-13,245000000,2015,6.8,85000
Color,Christopher Nolan,164,448130642,The Dark Knight Rises ,1144337,English,USA,PG-13,250000000,2012,8.5,164000
,Doug Walker,,,Star Wars: Episode VII - The Force Awakens             ,8,,,,,,7.1,0
Color,Andrew Stanton,132,73058679,John Carter ,212204,English,USA,PG-13,263700000,2012,6.6,24000
Color,Sam Raimi,156,336530303,Spider-Man 3 ,383056,English,USA,PG-13,258000000,2007,6.2,0
Color,Nathan Greno,100,200807262,Tangled ,294810,English,USA,PG,260000000,2010,7.8,29000
Color,Joss Whedon,141,458991599,Avengers: Age of Ultron ,462669,English,USA,PG-13,250000000,2015,7.5,118000
Color,David Yates,153,301956980,Harry Potter and the Half-Blood Prince ,321795,English,UK,PG,250000000,2009,7.5,10000
Color,Zack Snyder,183,330249062,Batman v Superman: Dawn of Justice ,371639,English,USA,PG-13,250000000,2016,6.9,197000
Color,Bryan Singer,169,200069408,Superman Returns ,240396,English,USA,PG-13,209000000,2006,6.1,0
Color,Marc Forster,106,168368427,Quantum of Solace ,330784,English,UK,PG-13,200000000,2008,6.7,0
Color,Gore Verbinski,151,423032628,Pirates of the Caribbean: Dead Man's Chest ,522040,English,USA,PG-13,225000000,2006,7.3,5000
Color,Gore Verbinski,150,89289910,The Lone Ranger ,181792,English,USA,PG-13,215000000,2013,6.5,48000
Color,Zack Snyder,143,291021565,Man of Steel ,548573,English,USA,PG-13,225000000,2013,7.2,118000
Color,Andrew Adamson,150,141614023,The Chronicles of Narnia: Prince Caspian ,149922,English,USA,PG,225000000,2008,6.6,0
Color,Joss Whedon,173,623279547,The Avengers ,995415,English,USA,PG-13,220000000,2012,8.1,123000
Color,Rob Marshall,136,241063875,Pirates of the Caribbean: On Stranger Tides ,370704,English,USA,PG-13,250000000,2011,6.7,58000
Color,Barry Sonnenfeld,106,179020854,Men in Black 3 ,268154,English,USA,PG-13,225000000,2012,6.8,40000
Color,Peter Jackson,164,255108370,The Hobbit: The Battle of the Five Armies ,354228,English,New Zealand,PG-13,250000000,2014,7.5,65000
Color,Marc Webb,153,262030663,The Amazing Spider-Man ,451803,English,USA,PG-13,230000000,2012,7,56000
Color,Ridley Scott,156,105219735,Robin Hood ,211765,English,USA,PG-13,200000000,2010,6.7,17000
Color,Peter Jackson,186,258355354,The Hobbit: The Desolation of Smaug ,483540,English,USA,PG-13,225000000,2013,7.9,83000
Color,Chris Weitz,113,70083519,The Golden Compass ,149019,English,USA,PG-13,180000000,2007,6.1,0
Color,Peter Jackson,201,218051260,King Kong ,316018,English,New Zealand,PG-13,207000000,2005,7.2,0
Color,James Cameron,194,658672302,Titanic ,793059,English,USA,PG-13,200000000,1997,7.7,26000
Color,Anthony Russo,147,407197282,Captain America: Civil War ,272670,English,USA,PG-13,250000000,2016,8.2,72000
Color,Peter Berg,131,65173160,Battleship ,202382,English,USA,PG-13,209000000,2012,5.9,44000
Color,Colin Trevorrow,124,652177271,Jurassic World ,418214,English,USA,PG-13,150000000,2015,7,150000
Color,Sam Mendes,143,304360277,Skyfall ,522030,English,UK,PG-13,200000000,2012,7.8,80000
Color,Sam Raimi,135,373377893,Spider-Man 2 ,411164,English,USA,PG-13,200000000,2004,7.3,0
Color,Shane Black,195,408992272,Iron Man 3 ,557489,English,USA,PG-13,200000000,2013,7.2,95000
Color,Tim Burton,108,334185206,Alice in Wonderland ,306320,English,USA,PG,200000000,2010,6.5,24000
Color,Brett Ratner,104,234360014,X-Men: The Last Stand ,383427,English,Canada,PG-13,210000000,2006,6.8,0
Color,Dan Scanlon,104,268488329,Monsters University ,235025,English,USA,G,200000000,2013,7.3,44000
Color,Michael Bay,150,402076689,Transformers: Revenge of the Fallen ,323207,English,USA,PG-13,200000000,2009,6,0
Color,Michael Bay,165,245428137,Transformers: Age of Extinction ,242420,English,USA,PG-13,210000000,2014,5.7,56000
Color,Sam Raimi,130,234903076,Oz the Great and Powerful ,175409,English,USA,PG,215000000,2013,6.4,60000
Color,Marc Webb,142,202853933,The Amazing Spider-Man 2 ,321227,English,USA,PG-13,200000000,2014,6.7,41000
Color,Joseph Kosinski,125,172051787,TRON: Legacy ,264183,English,USA,PG,170000000,2010,6.8,30000
Color,John Lasseter,106,191450875,Cars 2 ,101178,English,USA,G,200000000,2011,6.3,10000
Color,Martin Campbell,123,116593191,Green Lantern ,223393,English,USA,PG-13,200000000,2011,5.6,24000
Color,Lee Unkrich,103,414984497,Toy Story 3 ,544884,English,USA,G,200000000,2010,8.3,30000
Color,McG,118,125320003,Terminator Salvation ,286095,English,USA,PG-13,200000000,2009,6.6,0
Color,James Wan,140,350034110,Furious 7 ,278232,English,USA,PG-13,190000000,2015,7.2,94000
Color,Marc Forster,123,202351611,World War Z ,465019,English,USA,PG-13,190000000,2013,7,129000
Color,Bryan Singer,149,233914986,X-Men: Days of Future Past ,514125,English,USA,PG-13,200000000,2014,8,82000
Color,J.J. Abrams,132,228756232,Star Trek Into Darkness ,395573,English,USA,PG-13,190000000,2013,7.8,92000
Color,Bryan Singer,114,65171860,Jack the Giant Slayer ,106416,English,USA,PG-13,195000000,2013,6.3,22000
Color,Baz Luhrmann,143,144812796,The Great Gatsby ,362912,English,Australia,PG-13,105000000,2013,7.3,115000
Color,Mike Newell,116,90755643,Prince of Persia: The Sands of Time ,222403,English,USA,PG-13,200000000,2010,6.6,23000
Color,Guillermo del Toro,131,101785482,Pacific Rim ,381148,English,USA,PG-13,190000000,2013,7,83000
Color,Michael Bay,154,352358779,Transformers: Dark of the Moon ,326180,English,USA,PG-13,195000000,2011,6.3,46000
Color,Steven Spielberg,122,317011114,Indiana Jones and the Kingdom of the Crystal Skull ,333847,English,USA,PG-13,185000000,2008,6.2,5000
Color,Peter Sohn,93,123070338,The Good Dinosaur ,62836,English,USA,PG,,2015,6.8,20000
Color,Mark Andrews,93,237282182,Brave ,273556,English,USA,PG,185000000,2012,7.2,39000
Color,Justin Lin,122,130468626,Star Trek Beyond ,53607,English,USA,PG-13,185000000,2016,7.5,30000
Color,Andrew Stanton,98,223806889,WALL·E ,718837,English,USA,G,180000000,2008,8.4,16000
Color,Brett Ratner,91,140080850,Rush Hour 3 ,121084,English,USA,PG-13,140000000,2007,6.2,0
Color,Roland Emmerich,158,166112167,2012 ,283418,English,USA,PG-13,200000000,2009,5.8,13000
Color,Robert Zemeckis,96,137850096,A Christmas Carol ,72809,English,USA,PG,200000000,2009,6.8,0
Color,Lana Wachowski,127,47375327,Jupiter Ascending ,139593,English,USA,PG-13,176000000,2015,5.4,44000
Color,David Yates,110,124051759,The Legend of Tarzan ,42372,English,USA,PG-13,180000000,2016,6.6,29000
Color,Andrew Adamson,150,291709845,"The Chronicles of Narnia: The Lion, the Witch and the Wardrobe ",286506,English,USA,PG,180000000,2005,6.9,0
Color,Bryan Singer,144,154985087,X-Men: Apocalypse ,148379,English,USA,PG-13,178000000,2016,7.3,54000
Color,Christopher Nolan,152,533316061,The Dark Knight ,1676169,English,USA,PG-13,185000000,2008,9,37000
Color,Pete Docter,96,292979556,Up ,665575,English,USA,PG,175000000,2009,8.3,27000
Color,Rob Letterman,94,198332128,Monsters vs. Aliens ,114553,English,USA,PG,175000000,2009,6.5,0
Color,Jon Favreau,126,318298180,Iron Man ,696338,English,USA,PG-13,140000000,2008,7.9,10000
Color,Martin Scorsese,126,73820094,Hugo ,245333,English,USA,PG,170000000,2011,7.5,42000
Color,Barry Sonnenfeld,106,113745408,Wild Wild West ,129601,English,USA,PG-13,170000000,1999,4.8,0
Color,Rob Cohen,112,102176165,The Mummy: Tomb of the Dragon Emperor ,117927,English,USA,PG-13,145000000,2008,5.2,0
Color,David Ayer,123,161087183,Suicide Squad ,118992,English,USA,PG-13,175000000,2016,6.9,80000
Color,Tom Shadyac,96,100289690,Evan Almighty ,115099,English,USA,PG,175000000,2007,5.4,2000
Color,Doug Liman,113,100189501,Edge of Tomorrow ,431620,English,USA,PG-13,178000000,2014,7.9,77000
Color,Kevin Reynolds,176,88246220,Waterworld ,144337,English,USA,PG-13,175000000,1995,6.1,0
Color,Stephen Sommers,118,150167630,G.I. Joe: The Rise of Cobra ,174578,English,USA,PG-13,175000000,2009,5.8,0
Color,Pete Docter,95,356454367,Inside Out ,345198,English,USA,PG,175000000,2015,8.3,118000
Color,Jon Favreau,106,362645141,The Jungle Book ,106072,English,UK,PG,175000000,2016,7.8,65000
Color,Jon Favreau,124,312057433,Iron Man 2 ,522371,English,USA,PG-13,200000000,2010,7,18000
Color,Rupert Sanders,132,155111815,Snow White and the Huntsman ,228554,English,USA,PG-13,170000000,2012,6.1,53000
Color,Robert Stromberg,97,241407328,Maleficent ,252257,English,USA,PG,180000000,2014,7,89000
Color,Matt Reeves,130,208543795,Dawn of the Planet of the Apes ,317542,English,USA,PG-13,170000000,2014,7.6,45000
Color,Roland Joffé,109,,The Lovers ,2138,English,Belgium,R,,2015,4.5,677
Color,Carl Rinsch,128,38297305,47 Ronin ,116994,English,USA,PG-13,175000000,2013,6.3,35000
Color,Anthony Russo,136,259746958,Captain America: The Winter Soldier ,496749,English,USA,PG-13,170000000,2014,7.8,55000
Color,Mike Mitchell,93,238371987,Shrek Forever After ,138661,English,USA,PG,165000000,2010,6.4,0
Color,Brad Bird,130,93417865,Tomorrowland ,128306,English,USA,PG,190000000,2015,6.5,37000
Color,Don Hall,102,222487711,Big Hero 6 ,279093,English,USA,PG,165000000,2014,7.9,41000
Color,Rich Moore,101,189412677,Wreck-It Ralph ,272534,English,USA,PG,165000000,2012,7.8,40000
Color,Robert Zemeckis,100,665426,The Polar Express ,120798,English,USA,G,165000000,2004,6.6,10000
Color,Roland Emmerich,120,102315545,Independence Day: Resurgence ,58137,English,USA,PG-13,165000000,2016,5.5,67000
Color,Dean DeBlois,98,217387997,How to Train Your Dragon ,485430,English,USA,PG,165000000,2010,8.2,33000
Color,Jonathan Mostow,109,150350192,Terminator 3: Rise of the Machines ,305340,English,USA,R,200000000,2003,6.4,0
Color,James Gunn,121,333130696,Guardians of the Galaxy ,682155,English,USA,PG-13,170000000,2014,8.1,96000
Color,Christopher Nolan,169,187991439,Interstellar ,928227,English,USA,PG-13,165000000,2014,8.6,349000
Color,Christopher Nolan,148,292568851,Inception ,1468200,English,USA,PG-13,160000000,2010,8.8,175000
Color,Hideaki Anno,120,,Godzilla Resurgence ,374,Japanese,Japan,,,2016,8.2,0
Color,Peter Jackson,182,303001229,The Hobbit: An Unexpected Journey ,637246,English,USA,PG-13,180000000,2012,7.9,166000
Color,Rob Cohen,106,144512310,The Fast and the Furious ,272223,English,USA,PG-13,38000000,2001,6.7,14000
Color,David Fincher,166,127490802,The Curious Case of Benjamin Button ,459346,English,USA,PG-13,150000000,2008,7.8,23000
Color,Matthew Vaughn,132,146405371,X-Men: First Class ,518537,English,USA,PG-13,160000000,2011,7.8,54000
Color,Francis Lawrence,137,281666058,The Hunger Games: Mockingjay - Part 2 ,166137,English,USA,PG-13,160000000,2015,6.6,38000
Color,Jon Turteltaub,109,63143812,The Sorcerer's Apprentice ,124185,English,USA,PG,150000000,2010,6.1,11000
Color,Wolfgang Petersen,98,60655503,Poseidon ,82380,English,USA,PG-13,160000000,2006,5.6,0
Color,James Bobin,113,76846624,Alice Through the Looking Glass ,21352,English,USA,PG,170000000,2016,6.4,30000
Color,Chris Miller,93,320706665,Shrek the Third ,211971,English,USA,PG,160000000,2007,6.1,0
Color,Duncan Jones,123,46978995,Warcraft ,111609,English,USA,PG-13,160000000,2016,7.3,89000
Color,Alan Taylor,126,89732035,Terminator Genisys ,188457,English,USA,PG-13,155000000,2015,6.6,82000
Color,Michael Apted,113,104383624,The Chronicles of Narnia: The Voyage of the Dawn Treader ,106446,English,USA,PG,155000000,2010,6.3,11000
 Black and White,Michael Bay,184,198539855,Pearl Harbor ,254111,English,USA,PG-13,140000000,2001,6.1,0
Color,Michael Bay,144,318759914,Transformers ,513158,English,USA,PG-13,150000000,2007,7.1,8000
Color,Oliver Stone,206,34293771,Alexander ,138863,English,Germany,R,155000000,2004,5.5,0
Color,David Yates,138,292000866,Harry Potter and the Order of the Phoenix ,355137,English,UK,PG-13,150000000,2007,7.5,0
Color,Mike Newell,157,289994397,Harry Potter and the Goblet of Fire ,385670,English,UK,PG-13,150000000,2005,7.6,0
Color,Peter Berg,102,227946274,Hancock ,343648,English,USA,PG-13,150000000,2008,6.4,0
Color,Francis Lawrence,104,256386216,I Am Legend ,530870,English,USA,PG-13,150000000,2007,7.2,11000
Color,Tim Burton,115,206456431,Charlie and the Chocolate Factory ,320284,English,USA,PG,150000000,2005,6.7,0
Color,Brad Bird,111,206435493,Ratatouille ,473887,English,USA,G,150000000,2007,8,10000
Color,Christopher Nolan,128,205343774,Batman Begins ,980946,English,USA,PG-13,150000000,2005,8.3,15000
Color,Eric Darnell,89,179982968,Madagascar: Escape 2 Africa ,146019,English,USA,PG,150000000,2008,6.7,0
Color,Shawn Levy,105,177243721,Night at the Museum: Battle of the Smithsonian ,130272,English,USA,PG,150000000,2009,5.9,2000
Color,Gavin Hood,119,179883016,X-Men Origins: Wolverine ,361924,English,USA,PG-13,150000000,2009,6.7,0
Color,Lana Wachowski,129,139259759,The Matrix Revolutions ,364948,English,Australia,R,150000000,2003,6.7,0
Color,Chris Buck,102,400736600,Frozen ,421658,English,USA,PG,150000000,2013,7.6,58000
Color,Lana Wachowski,138,281492479,The Matrix Reloaded ,421818,English,USA,R,150000000,2003,7.2,0
Color,Alan Taylor,112,206360018,Thor: The Dark World ,414070,English,USA,PG-13,170000000,2013,7.1,63000
Color,George Miller,120,153629485,Mad Max: Fury Road ,552503,English,Australia,R,150000000,2015,8.1,191000
Color,Ron Howard,146,133375846,Angels & Demons ,207839,English,USA,PG-13,150000000,2009,6.7,0
Color,Kenneth Branagh,115,181015141,Thor ,536314,English,USA,PG-13,150000000,2011,7,63000
Color,Byron Howard,96,114053579,Bolt ,146766,English,USA,PG,150000000,2008,6.9,0
Color,Hoyt Yeatman,88,119420252,G-Force ,33042,English,USA,PG,150000000,2009,5.1,0
Color,Jonathan Liebesman,99,83640426,Wrath of the Titans ,152826,English,USA,PG-13,150000000,2012,5.8,19000
Color,Tim Burton,113,79711678,Dark Shadows ,199039,English,USA,PG-13,100000000,2012,6.2,82000
Color,Christopher McQuarrie,131,195000874,Mission: Impossible - Rogue Nation ,232187,English,China,PG-13,150000000,2015,7.4,47000
Color,Joe Johnston,119,61937495,The Wolfman ,89442,English,USA,R,150000000,2010,5.8,0
Color,David Yates,110,124051759,The Legend of Tarzan ,42372,English,USA,PG-13,180000000,2016,6.6,29000
Color,Steve Hickner,91,126597121,Bee Movie ,105902,English,USA,PG,150000000,2007,6.2,0
Color,Jennifer Yuh Nelson,90,165230261,Kung Fu Panda 2 ,182718,English,USA,PG,150000000,2011,7.3,20000
Color,M. Night Shyamalan,103,131564731,The Last Airbender ,118951,English,USA,PG,150000000,2010,4.2,18000
Color,J.J. Abrams,124,133382309,Mission: Impossible III ,256695,English,USA,PG-13,150000000,2006,6.9,0
Color,Roland Emmerich,131,73103784,White House Down ,164238,English,USA,PG-13,150000000,2013,6.4,33000
Color,Simon Wells,88,21379315,Mars Needs Moms ,17590,English,USA,PG,150000000,2011,5.4,0
Color,David Bowers,85,64459316,Flushed Away ,85086,English,UK,PG,149000000,2006,6.7,0
Color,Joe Wright,111,34964818,Pan ,39956,English,USA,PG,150000000,2015,5.8,24000
Color,Rob Minkoff,92,111505642,Mr. Peabody & Sherman ,47900,English,USA,PG,145000000,2014,6.9,11000
Color,Wolfgang Petersen,196,133228348,Troy ,381672,English,USA,R,175000000,2004,7.2,0
Color,Eric Darnell,93,216366733,Madagascar 3: Europe's Most Wanted ,119213,English,USA,PG,145000000,2012,6.9,17000
 Black and White,Lee Tamahori,133,160201106,Die Another Day ,169914,English,UK,PG-13,142000000,2002,6.1,0
Color,Paul Feig,116,118099659,Ghostbusters ,69757,English,USA,PG-13,144000000,2016,5.5,62000
Color,Michael Bay,153,201573391,Armageddon ,322395,English,USA,PG-13,140000000,1998,6.6,11000
Color,Barry Sonnenfeld,88,190418803,Men in Black II ,270207,English,USA,PG-13,140000000,2002,6.1,2000
Color,Robert Zemeckis,115,82161969,Beowulf ,142440,English,USA,PG-13,150000000,2007,6.3,3000
Color,Alessandro Carloni,95,143523463,Kung Fu Panda 3 ,64322,English,USA,PG,145000000,2016,7.2,24000
Color,Brad Bird,133,209364921,Mission: Impossible - Ghost Protocol ,365104,English,USA,PG-13,145000000,2011,7.4,35000
Color,Peter Ramsey,97,103400692,Rise of the Guardians ,123553,English,USA,PG,145000000,2012,7.3,25000
Color,Dean Parisot,90,110332737,Fun with Dick and Jane ,110788,English,USA,PG-13,100000000,2005,6.1,2000
Color,Edward Zwick,154,111110575,The Last Samurai ,317166,English,USA,R,140000000,2003,7.7,0
Color,Ridley Scott,150,65007045,Exodus: Gods and Kings ,128682,English,UK,PG-13,140000000,2014,6.1,51000
Color,J.J. Abrams,127,257704099,Star Trek ,504419,English,USA,PG-13,150000000,2009,8,19000
Color,Sam Raimi,121,403706375,Spider-Man ,544665,English,USA,PG-13,139000000,2002,7.3,5000
Color,Dean DeBlois,102,176997107,How to Train Your Dragon 2 ,221128,English,USA,PG,145000000,2014,7.9,46000
Color,Alex Proyas,126,31141074,Gods of Egypt ,51892,English,USA,PG-13,140000000,2016,5.5,24000
Color,Rob Cohen,121,31704416,Stealth ,45455,English,USA,PG-13,135000000,2005,5,0
Color,Zack Snyder,215,107503316,Watchmen ,392474,English,USA,R,130000000,2009,7.7,18000
Color,Richard Donner,127,129734803,Lethal Weapon 4 ,127497,English,USA,R,140000000,1998,6.6,0
Color,Ang Lee,138,132122995,Hulk ,212106,English,USA,PG-13,137000000,2003,5.7,0
Color,Jon M. Chu,122,122512052,G.I. Joe: Retaliation ,146352,English,USA,PG-13,130000000,2013,5.8,42000
Color,Breck Eisner,124,68642452,Sahara ,77673,English,UK,PG-13,130000000,2005,6,0
Color,Hironobu Sakaguchi,106,32131830,Final Fantasy: The Spirits Within ,72259,English,USA,PG-13,137000000,2001,6.4,0
Color,Joe Johnston,124,176636816,Captain America: The First Avenger ,508818,English,USA,PG-13,140000000,2011,6.9,46000
Color,Michael Apted,128,126930660,The World Is Not Enough ,157519,English,UK,PG-13,135000000,1999,6.4,2000
Color,Peter Weir,138,93926386,Master and Commander: The Far Side of the World ,168207,English,USA,PG-13,150000000,2003,7.4,0
Color,Bill Condon,115,292298923,The Twilight Saga: Breaking Dawn - Part 2 ,185394,English,USA,PG-13,120000000,2012,5.5,65000
Color,George Miller,100,63992328,Happy Feet 2 ,32399,English,Australia,PG,135000000,2011,5.9,0
Color,Louis Leterrier,135,134518390,The Incredible Hulk ,326286,English,USA,PG-13,150000000,2008,6.8,0
Color,,60,,Miami Vice             ,16769,English,USA,TV-14,1500000,,7.5,0
Color,Steven Spielberg,117,52792307,The BFG ,12572,English,UK,PG,140000000,2016,6.8,27000
Color,Alejandro G. Iñárritu,156,183635922,The Revenant ,406020,English,USA,R,135000000,2015,8.1,190000
Color,David Soren,96,83024900,Turbo ,62424,English,USA,PG,135000000,2013,6.5,13000
Color,Gore Verbinski,107,123207194,Rango ,183208,English,USA,PG,135000000,2011,7.2,26000
Color,Eric Darnell,92,83348920,Penguins of Madagascar ,60230,English,USA,PG,132000000,2014,6.7,11000
Color,Paul Greengrass,115,227137090,The Bourne Ultimatum ,491077,English,USA,PG-13,110000000,2007,8.1,0
Color,Mark Osborne,92,215395021,Kung Fu Panda ,307029,English,USA,PG,130000000,2008,7.6,6000
Color,Peyton Reed,117,180191634,Ant-Man ,313866,English,USA,PG-13,130000000,2015,7.4,61000
Color,Francis Lawrence,146,424645577,The Hunger Games: Catching Fire ,498397,English,USA,PG-13,130000000,2013,7.6,82000
Color,Bill Condon,115,292298923,The Twilight Saga: Breaking Dawn - Part 2 ,185394,English,USA,PG-13,120000000,2012,5.5,65000
Color,Tim Johnson,94,177343675,Home ,70121,English,USA,PG,135000000,2015,6.7,26000
Color,Steven Spielberg,116,234277056,War of the Worlds ,334345,English,USA,PG-13,132000000,2005,6.5,0
Color,Michael Bay,147,138396624,Bad Boys II ,178126,English,USA,R,130000000,2003,6.6,0
Color,Chris Miller,90,149234747,Puss in Boots ,114287,English,USA,PG,130000000,2011,6.7,16000
Color,Phillip Noyce,101,118311368,Salt ,245621,English,USA,PG-13,110000000,2010,6.4,23000
Color,Darren Aronofsky,138,101160529,Noah ,200022,English,USA,PG-13,125000000,2014,5.8,71000
Color,Steven Spielberg,107,77564037,The Adventures of Tintin ,177383,English,USA,PG,135000000,2011,7.4,44000
Color,Alfonso Cuarón,142,249358727,Harry Potter and the Prisoner of Azkaban ,382255,English,UK,PG,130000000,2004,7.8,11000
Color,Baz Luhrmann,165,49551662,Australia ,102338,English,Australia,PG-13,130000000,2008,6.6,0
Color,M. Night Shyamalan,100,60522097,After Earth ,158720,English,USA,PG-13,130000000,2013,4.9,37000
Color,Eric Leighton,82,137748063,Dinosaur ,38438,English,USA,PG,127500000,2000,6.5,0
Color,Matt Birch,,,Harry Potter and the Deathly Hallows: Part II ,381,English,UK,,,2011,7.5,40
Color,Shawn Levy,98,113733726,Night at the Museum: Secret of the Tomb ,67223,English,USA,PG,127000000,2014,6.2,11000
Color,Tom McGrath,95,148337537,Megamind ,172754,English,USA,PG,130000000,2010,7.3,13000
Color,Chris Columbus,159,317557891,Harry Potter and the Sorcerer's Stone ,444683,English,UK,PG,125000000,2001,7.5,16000
Color,Robert Schwentke,96,33592415,R.I.P.D. ,91640,English,USA,PG-13,130000000,2013,5.6,20000
Color,Hideaki Anno,120,,Godzilla Resurgence ,374,Japanese,Japan,,,2016,8.2,0
Color,Gore Verbinski,143,305388685,Pirates of the Caribbean: The Curse of the Black Pearl ,809474,English,USA,PG-13,140000000,2003,8.1,10000
Color,Matt Birch,,,Harry Potter and the Deathly Hallows: Part I ,252,English,UK,,,2010,6.4,25
Color,Francis Lawrence,123,337103873,The Hunger Games: Mockingjay - Part 1 ,305008,English,USA,PG-13,125000000,2014,6.7,52000
Color,Ron Howard,174,217536138,The Da Vinci Code ,314253,English,USA,PG-13,125000000,2006,6.6,0
Color,Carlos Saldanha,101,131536019,Rio 2 ,58498,English,USA,G,103000000,2014,6.4,0
Color,Bryan Singer,134,214948780,X-Men 2 ,405973,English,Canada,PG-13,110000000,2003,7.5,0
Color,Justin Lin,132,209805005,Fast Five ,284792,English,USA,PG-13,125000000,2011,7.3,54000
Color,Guy Ritchie,129,186830669,Sherlock Holmes: A Game of Shadows ,338635,English,USA,PG-13,125000000,2011,7.5,39000
Color,Louis Leterrier,106,163192114,Clash of the Titans ,229679,English,USA,PG-13,125000000,2010,5.8,15000
Color,Paul Verhoeven,113,119412921,Total Recall ,240241,English,USA,R,65000000,1990,7.5,0
Color,John McTiernan,102,32694788,The 13th Warrior ,101411,English,USA,R,85000000,1999,6.6,0
Color,Tony Gilroy,135,113165635,The Bourne Legacy ,229823,English,USA,PG-13,125000000,2012,6.7,31000
Color,Joel Schumacher,125,107285004,Batman & Robin ,189855,English,USA,PG-13,125000000,1997,3.7,0
Color,Ron Howard,110,260031035,How the Grinch Stole Christmas ,141414,English,USA,PG,123000000,2000,6,0
Color,Roland Emmerich,124,186739919,The Day After Tomorrow ,333248,English,USA,PG-13,125000000,2004,6.4,19000
Color,John Woo,123,215397307,Mission: Impossible II ,242188,English,USA,PG-13,125000000,2000,6.1,0
Color,Wolfgang Petersen,130,182618434,The Perfect Storm ,133076,English,USA,PG-13,140000000,2000,6.4,0
Color,Tim Story,92,131920333,Fantastic 4: Rise of the Silver Surfer ,213275,English,USA,PG,130000000,2007,5.6,0
Color,Ang Lee,127,124976634,Life of Pi ,440084,English,USA,PG,120000000,2012,8,122000
Color,Mark Steven Johnson,123,115802596,Ghost Rider ,182661,English,USA,PG-13,110000000,2007,5.2,0
Color,Paul Greengrass,123,108521835,Jason Bourne ,40123,English,UK,PG-13,120000000,2016,7.1,31000
Color,McG,107,100685880,Charlie's Angels: Full Throttle ,100821,English,USA,PG-13,120000000,2003,4.8,0
Color,Ridley Scott,124,126464904,Prometheus ,456260,English,USA,R,130000000,2012,7,97000
Color,Rob Minkoff,77,64736114,Stuart Little 2 ,36471,English,USA,PG,120000000,2002,5.4,459
Color,Neill Blomkamp,109,93050117,Elysium ,338087,English,USA,R,115000000,2013,6.6,61000
Color,David Twohy,134,57637485,The Chronicles of Riddick ,183909,English,USA,PG-13,105000000,2004,6.7,0
Color,José Padilha,117,58607007,RoboCop ,182899,English,USA,PG-13,100000000,2014,6.2,60000
Color,Lana Wachowski,135,43929341,Speed Racer ,57873,English,USA,PG,120000000,2008,6.1,0
Color,James L. Brooks,121,30212620,How Do You Know ,35066,English,USA,PG-13,120000000,2010,5.3,0
Color,James Mangold,117,76418654,Knight and Day ,148280,English,USA,PG-13,117000000,2010,6.3,11000
Color,Joseph Kosinski,124,89021735,Oblivion ,387436,English,USA,PG-13,120000000,2013,7,71000
Color,George Lucas,140,380262555,Star Wars: Episode III - Revenge of the Sith ,520104,English,USA,PG-13,113000000,2005,7.6,10000
Color,George Lucas,142,310675583,Star Wars: Episode II - Attack of the Clones ,464310,English,USA,PG,115000000,2002,6.7,0
Color,Pete Docter,92,289907418,"Monsters, Inc. ",585659,English,USA,G,115000000,2001,8.1,0
Color,James Mangold,138,132550960,The Wolverine ,328067,English,USA,PG-13,120000000,2013,6.7,68000
Color,George Lucas,136,474544677,Star Wars: Episode I - The Phantom Menace ,534658,English,USA,PG,115000000,1999,6.5,13000
Color,Kirk De Micco,98,187165546,The Croods ,150618,English,USA,PG,135000000,2013,7.3,28000
Color,Frédéric Forestier,116,,Asterix at the Olympic Games ,20567,French,France,,78000000,2008,5.1,291
Color,John Woo,153,40911830,Windtalkers ,55994,English,USA,R,115000000,2002,6,0
Color,Cedric Nicolas-Troyan,120,47952020,The Huntsman: Winter's War ,37750,English,USA,PG-13,115000000,2016,6.1,16000
Color,Jonathan Liebesman,101,190871240,Teenage Mutant Ninja Turtles ,167085,English,USA,PG-13,125000000,2014,5.9,62000
Color,Alfonso Cuarón,91,274084951,Gravity ,582917,English,UK,PG-13,100000000,2013,7.8,147000
Color,Roger Donaldson,108,67155742,Dante's Peak ,62271,English,USA,PG-13,116000000,1997,5.8,0
Color,Dave Green,112,81638674,Teenage Mutant Ninja Turtles: Out of the Shadows ,17533,English,USA,PG-13,135000000,2016,6.3,12000
Color,Josh Trank,100,56114221,Fantastic Four ,110486,English,USA,PG-13,120000000,2015,4.3,41000
Color,Shawn Levy,108,250863268,Night at the Museum ,234480,English,USA,PG,110000000,2006,6.4,3000
Color,Brad Peyton,114,155181732,San Andreas ,147497,English,USA,PG-13,110000000,2015,6.1,52000
Color,Roger Spottiswoode,119,125332007,Tomorrow Never Dies ,149680,English,UK,PG-13,110000000,1997,6.5,0
Color,Roland Emmerich,142,113330342,The Patriot ,207613,English,USA,R,110000000,2000,7.1,4000
Color,Steven Soderbergh,125,125531634,Ocean's Twelve ,284852,English,USA,PG-13,110000000,2004,6.4,0
Color,Doug Liman,126,186336103,Mr. & Mrs. Smith ,348861,English,USA,PG-13,120000000,2005,6.5,0
Color,Robert Schwentke,119,129995817,Insurgent ,154621,English,USA,PG-13,110000000,2015,6.3,27000
 Black and White,Martin Scorsese,170,102608827,The Aviator ,264318,English,USA,PG-13,110000000,2004,7.5,0
Color,Rob Letterman,85,42776259,Gulliver's Travels ,53160,English,USA,PG,112000000,2010,4.9,0
Color,Michel Gondry,119,98780042,The Green Hornet ,136019,English,USA,PG-13,120000000,2011,5.8,14000
Color,,60,,The A-Team             ,25402,English,USA,TV-PG,,,7.6,0
Color,Noam Murro,102,106369117,300: Rise of an Empire ,225273,English,USA,R,110000000,2014,6.2,71000
Color,Raja Gosnell,103,142614158,The Smurfs ,66593,English,USA,PG,110000000,2011,5.5,31000
Color,Will Finn,76,50026353,Home on the Range ,13581,English,USA,PG,110000000,2004,5.4,304
Color,Robert Schwentke,120,66002193,Allegiant ,44296,English,USA,PG-13,110000000,2016,5.8,12000
Color,Shawn Levy,127,85463309,Real Steel ,254841,English,USA,PG-13,110000000,2011,7.1,36000
Color,Raja Gosnell,105,71017784,The Smurfs 2 ,27257,English,USA,PG,105000000,2013,5.4,0
Color,Jan de Bont,121,48068396,Speed 2: Cruise Control ,60573,English,USA,PG-13,160000000,1997,3.7,894
Color,Gavin Hood,114,61656849,Ender's Game ,184561,English,USA,PG-13,110000000,2013,6.7,123000
Color,Len Wiseman,129,134520804,Live Free or Die Hard ,336235,English,USA,PG-13,110000000,2007,7.2,0
Color,Peter Jackson,171,313837577,The Lord of the Rings: The Fellowship of the Ring ,1238746,English,New Zealand,PG-13,93000000,2001,8.8,21000
Color,Frank Coraci,120,24004159,Around the World in 80 Days ,68720,English,USA,PG,110000000,2004,5.8,0
 Black and White,Michael Mann,165,58183966,Ali ,79186,English,USA,R,107000000,2001,6.8,0
Color,Bo Welch,82,100446895,The Cat in the Hat ,36033,English,USA,PG,109000000,2003,3.8,946
Color,Alex Proyas,115,144795350,"I, Robot ",387632,English,USA,PG-13,120000000,2004,7.1,0
Color,Ridley Scott,194,47396698,Kingdom of Heaven ,217373,English,USA,R,130000000,2005,7.2,0
Color,Rob Minkoff,84,140015224,Stuart Little ,94172,English,Germany,PG,133000000,1999,5.9,0
Color,Ron Clements,97,104374107,The Princess and the Frog ,89351,English,USA,G,105000000,2009,7.1,5000
Color,Ridley Scott,151,228430993,The Martian ,472488,English,USA,PG-13,108000000,2015,8.1,153000
,Christopher Barnard,22,,"10,000 B.C.             ",6,,,,,,7.2,0
Color,Michael Bay,136,35799026,The Island ,263329,English,USA,PG-13,126000000,2005,6.9,0
Color,Peter Chelsom,104,6712451,Town & Country ,4102,English,New Line,R,90000000,2001,4.4,53
Color,Dominic Sena,127,101643008,Gone in Sixty Seconds ,218341,English,USA,PG-13,90000000,2000,6.5,0
Color,Ridley Scott,171,187670866,Gladiator ,982637,English,USA,R,103000000,2000,8.5,21000
Color,Steven Spielberg,145,132014112,Minority Report ,399651,English,USA,PG-13,102000000,2002,7.7,0
Color,Chris Columbus,174,261970615,Harry Potter and the Chamber of Secrets ,387616,English,UK,PG,100000000,2002,7.4,0
 Black and White,Martin Campbell,144,167007184,Casino Royale ,470483,English,UK,PG-13,150000000,2006,8,0
Color,Tim Burton,119,180011740,Planet of the Apes ,177725,English,USA,PG-13,100000000,2001,5.7,0
Color,James Cameron,153,204843350,Terminator 2: Judgment Day ,744891,English,USA,R,102000000,1991,8.5,13000
Color,Michael Mann,140,97030725,Public Enemies ,230931,English,USA,R,100000000,2009,7,0
Color,Ridley Scott,176,130127620,American Gangster ,324671,English,USA,R,100000000,2007,7.8,0
Color,James Cameron,141,146282411,True Lies ,190439,English,USA,R,115000000,1994,7.2,0
Color,Tony Scott,106,65452312,The Taking of Pelham 1 2 3 ,149998,English,USA,R,100000000,2009,6.4,0
Color,Paul Weitz,98,148383780,Little Fockers ,85531,English,USA,PG-13,100000000,2010,5.5,0
Color,Adam McKay,116,119219978,The Other Guys ,189806,English,USA,PG-13,100000000,2010,6.7,16000
Color,Chuck Russell,115,101228120,Eraser ,84424,English,USA,R,100000000,1996,6.1,0
Color,Quentin Tarantino,165,162804648,Django Unchained ,955174,English,USA,R,100000000,2012,8.5,199000
Color,Gary Trousdale,91,100117603,The Hunchback of Notre Dame ,102933,English,USA,G,100000000,1996,6.9,0
Color,Mark Dindal,78,89296573,The Emperor's New Groove ,128285,English,USA,G,100000000,2000,7.3,0
Color,Simon West,103,85017401,The Expendables 2 ,246803,English,USA,R,92000000,2012,6.7,108000
Color,Jon Turteltaub,131,173005002,National Treasure ,255447,English,USA,PG,100000000,2004,6.9,0
 Black and White,Stefen Fangmeier,104,75030163,Eragon ,108076,English,USA,PG,100000000,2006,5.1,0
Color,Spike Jonze,101,77222184,Where the Wild Things Are ,87677,English,Germany,PG,100000000,2009,6.8,11000
Color,Joe Wright,111,34964818,Pan ,39956,English,USA,PG,150000000,2015,5.8,24000
Color,Chris Wedge,102,107515297,Epic ,85833,English,USA,PG,100000000,2013,6.7,17000
Color,Florian Henckel von Donnersmarck,103,67631157,The Tourist ,176598,English,USA,PG-13,100000000,2010,6,25000
Color,Peter Hyams,121,66862068,End of Days ,89509,English,USA,R,83000000,1999,5.7,2000
Color,Edward Zwick,143,57366262,Blood Diamond ,400292,English,Germany,R,100000000,2006,8,14000
Color,Martin Scorsese,240,116866727,The Wolf of Wall Street ,780588,English,USA,R,100000000,2013,8.2,138000
Color,Joel Schumacher,121,184031112,Batman Forever ,190786,English,USA,PG-13,100000000,1995,5.4,0
Color,Paul Verhoeven,129,54700065,Starship Troopers ,221521,English,USA,R,105000000,1997,7.2,0
Color,Tom Tykwer,172,27098580,Cloud Atlas ,284825,English,Germany,R,102000000,2012,7.5,124000
Color,Zack Snyder,101,55673333,Legend of the Guardians: The Owls of Ga'Hoole ,65785,English,USA,PG,80000000,2010,7,16000
Color,Pitof,87,40198710,Catwoman ,87451,English,USA,PG-13,100000000,2004,3.3,0
Color,Brett Ratner,101,72660029,Hercules ,115687,English,USA,PG-13,100000000,2014,6,21000
Color,Ron Clements,95,38120554,Treasure Planet ,71527,English,USA,PG,140000000,2002,7.1,0
Color,Brad Silberling,102,49392095,Land of the Lost ,52029,English,USA,PG-13,100000000,2009,5.4,0
Color,Patrick Hughes,131,39292022,The Expendables 3 ,127258,English,USA,PG-13,90000000,2014,6.1,56000
Color,Ericson Core,114,28772222,Point Break ,33953,English,USA,PG-13,105000000,2015,5.3,37000
Color,Lawrence Guterman,94,17010646,Son of the Mask ,40751,English,USA,PG,84000000,2005,2.2,881
Color,Ron Howard,122,24985612,In the Heart of the Sea ,71782,English,USA,PG-13,100000000,2015,7,27000
Color,Ron Underwood,95,4411102,The Adventures of Pluto Nash ,20295,English,USA,PG-13,100000000,2002,3.8,416
Color,Paul Greengrass,115,35024475,Green Zone ,110364,English,France,R,100000000,2010,6.9,0
Color,Steve Martino,88,130174897,The Peanuts Movie ,27918,English,USA,G,99000000,2015,7.2,33000
Color,David Mamet,110,10200000,The Spanish Prisoner ,18697,English,USA,PG,10000000,1997,7.3,578
Color,Stephen Sommers,130,202007640,The Mummy Returns ,248045,English,USA,PG-13,98000000,2001,6.3,0
Color,Martin Scorsese,216,77679638,Gangs of New York ,314033,English,USA,R,100000000,2002,7.5,0
Color,Yimou Zhang,146,9213,The Flowers of War ,38690,Mandarin,China,R,94000000,2011,7.6,13000
Color,Ash Brannon,85,58867694,Surf's Up ,54077,English,USA,PG,100000000,2007,6.8,0
Color,Frank Oz,93,59475623,The Stepford Wives ,49739,English,USA,PG-13,90000000,2004,5.2,0
Color,Ridley Scott,152,108638745,Black Hawk Down ,292022,English,USA,R,92000000,2001,7.7,10000
Color,Jay Roach,85,86897182,The Campaign ,106790,English,USA,R,95000000,2012,6.2,18000
Color,Luc Besson,126,63540020,The Fifth Element ,343274,English,France,PG-13,93000000,1997,7.7,18000
Color,Michael Patrick King,146,95328937,Sex and the City 2 ,59581,English,USA,R,100000000,2010,4.3,0
Color,Bibo Bergeron,89,50802661,The Road to El Dorado ,58300,English,USA,PG,95000000,2000,6.9,0
Color,Steve Martino,88,161317423,Ice Age: Continental Drift ,145321,English,USA,PG,95000000,2012,6.6,14000
Color,Kenneth Branagh,105,201148159,Cinderella ,103737,English,USA,PG,95000000,2015,7,56000
Color,Peter Jackson,135,43982842,The Lovely Bones ,125109,English,USA,PG-13,65000000,2009,6.7,16000
Color,Andrew Stanton,100,380838870,Finding Nemo ,692482,English,USA,G,94000000,2003,8.2,11000
Color,Peter Jackson,192,377019252,The Lord of the Rings: The Return of the King ,1215718,English,USA,PG-13,94000000,2003,8.9,16000
Color,Peter Jackson,172,340478898,The Lord of the Rings: The Two Towers ,1100446,English,USA,PG-13,94000000,2002,8.7,10000
Color,Sergey Bodrov,102,17176900,Seventh Son ,54501,English,USA,PG-13,95000000,2014,5.5,16000
Color,Simon West,100,131144183,Lara Croft: Tomb Raider ,157016,English,USA,PG-13,115000000,2001,5.7,0
Color,Wally Pfister,119,23014504,Transcendence ,172707,English,UK,PG-13,100000000,2014,6.3,37000
Color,Joe Johnston,92,181166115,Jurassic Park III ,219501,English,USA,PG-13,93000000,2001,5.9,0
Color,Rupert Wyatt,105,176740650,Rise of the Planet of the Apes ,403836,English,USA,PG-13,93000000,2011,7.6,47000
Color,Mark Waters,107,71148699,The Spiderwick Chronicles ,68935,English,USA,PG,90000000,2008,6.6,0
Color,John Moore,101,67344392,A Good Day to Die Hard ,165618,English,USA,R,92000000,2013,5.3,66000
Color,John Lee Hancock,137,22406362,The Alamo ,16832,English,USA,PG-13,107000000,2004,6,701
Color,Brad Bird,115,261437578,The Incredibles ,479166,English,USA,PG,92000000,2004,8,0
Color,Renny Harlin,124,11000000,Cutthroat Island ,21102,English,USA,PG-13,98000000,1995,5.6,1000
Color,Chris Columbus,118,88761720,Percy Jackson & the Olympians: The Lightning Thief ,141179,English,UK,PG,95000000,2010,5.9,9000
Color,Barry Sonnenfeld,98,250147615,Men in Black ,403014,English,USA,PG-13,90000000,1997,7.3,0
Color,John Lasseter,82,245823397,Toy Story 2 ,385871,English,USA,G,90000000,1999,7.9,0
Color,Tony Scott,98,81557479,Unstoppable ,149947,English,USA,PG-13,100000000,2010,6.8,18000
Color,Brett Ratner,90,226138454,Rush Hour 2 ,160440,English,USA,PG-13,90000000,2001,6.6,0
Color,Robert Zemeckis,130,155370362,What Lies Beneath ,98403,English,USA,PG-13,100000000,2000,6.6,0
Color,Phil Lord,90,124870275,Cloudy with a Chance of Meatballs ,152601,English,USA,PG,100000000,2009,7,0
Color,Carlos Saldanha,94,196573705,Ice Age: Dawn of the Dinosaurs ,166791,English,USA,PG,90000000,2009,7,0
Color,Ben Stiller,114,58229120,The Secret Life of Walter Mitty ,236421,English,USA,PG,90000000,2013,7.3,70000
Color,McG,94,125305545,Charlie's Angels ,145350,English,USA,PG-13,92000000,2000,5.5,0
Color,Martin Scorsese,151,132373442,The Departed ,873649,English,USA,R,90000000,2006,8.5,29000
Color,Tony Bancroft,88,120618403,Mulan ,171792,English,USA,G,90000000,1998,7.5,12000
Color,Ben Stiller,121,110416702,Tropic Thunder ,307539,English,USA,R,92000000,2008,7,0
Color,David Fincher,158,102515793,The Girl with the Dragon Tattoo ,330152,English,USA,R,90000000,2011,7.8,54000
Color,John McTiernan,128,100012500,Die Hard with a Vengeance ,299258,English,USA,R,90000000,1995,7.6,0
Color,Guy Ritchie,128,209019489,Sherlock Holmes ,477300,English,USA,PG-13,90000000,2009,7.6,20000
Color,Timur Bekmambetov,141,,Ben-Hur ,57,English,USA,PG-13,,2016,6.1,0
Color,Gary Trousdale,95,84037039,Atlantis: The Lost Empire ,72591,English,USA,PG,120000000,2001,6.8,0
Color,Walt Becker,92,85884815,Alvin and the Chipmunks: The Road Chip ,9418,English,USA,PG,90000000,2015,5,0
Color,Bryan Singer,121,83077470,Valkyrie ,183247,English,USA,PG-13,75000000,2008,7.1,0
Color,Dennis Dugan,113,100018837,You Don't Mess with the Zohan ,156348,English,USA,PG-13,90000000,2008,5.5,0
Color,Chris Columbus,106,78747585,Pixels ,89770,English,USA,PG-13,88000000,2015,5.6,39000
Color,Steven Spielberg,146,78616689,A.I. Artificial Intelligence ,238747,English,USA,PG-13,100000000,2001,7.1,11000
Color,Rob Minkoff,88,75817994,The Haunted Mansion ,32049,English,USA,PG,90000000,2003,4.9,988
Color,Robert Zemeckis,150,100853835,Contact ,200556,English,USA,PG,90000000,1997,7.4,15000
Color,Paul Verhoeven,119,73209340,Hollow Man ,101834,English,USA,R,95000000,2000,5.7,0
Color,Sydney Pollack,128,72515360,The Interpreter ,86152,Aboriginal,UK,PG-13,80000000,2005,6.4,0
Color,Thor Freudenthal,106,68558662,Percy Jackson: Sea of Monsters ,86627,English,USA,PG,90000000,2013,5.9,28000
Color,Jan de Bont,117,65653758,Lara Croft Tomb Raider: The Cradle of Life ,102747,English,USA,PG-13,95000000,2003,5.5,0
Color,Jon M. Chu,129,64685359,Now You See Me 2 ,40862,English,USA,PG-13,90000000,2016,6.9,15000
Color,Phillip Noyce,116,61355436,The Saint ,52136,English,USA,PG-13,68000000,1997,6.2,0
Color,Tony Scott,114,26871,Spy Game ,121259,English,Germany,R,92000000,2001,7,0
Color,Brian De Palma,114,60874615,Mission to Mars ,60467,English,USA,PG,90000000,2000,5.6,0
Color,Carlos Saldanha,96,143618384,Rio ,165333,English,USA,G,90000000,2011,7,19000
Color,Chris Columbus,132,58220776,Bicentennial Man ,87785,English,USA,PG,100000000,1999,6.8,0
Color,Mick Jackson,104,47474112,Volcano ,58227,English,USA,PG-13,90000000,1997,5.4,2000
Color,Alan J. Pakula,111,42877165,The Devil's Own ,45602,English,USA,R,86000000,1997,6.1,979
Color,Kathryn Bigelow,138,35168677,K-19: The Widowmaker ,49311,English,UK,PG-13,100000000,2002,6.7,0
Color,Josh Trank,100,56114221,Fantastic Four ,110486,English,USA,PG-13,120000000,2015,4.3,41000
Color,John Milius,129,37567440,Conan the Barbarian ,113065,English,USA,R,20000000,1982,6.9,0
Color,Ron Howard,144,61644321,Cinderella Man ,148238,English,USA,PG-13,88000000,2005,8,0
Color,Andrey Konchalovskiy,110,190562,The Nutcracker in 3D ,2508,English,UK,PG,90000000,2010,4.4,788
 Black and White,Gary Ross,140,120147445,Seabiscuit ,57661,English,USA,PG-13,87000000,2003,7.3,0
Color,Jan de Bont,113,241688385,Twister ,144053,English,USA,PG-13,92000000,1996,6.3,0
Color,Rob Cohen,106,144512310,The Fast and the Furious ,272223,English,USA,PG-13,38000000,2001,6.7,14000
Color,Robert Zemeckis,143,233630478,Cast Away ,394317,English,USA,PG-13,90000000,2000,7.7,23000
Color,George Miller,108,197992827,Happy Feet ,132501,English,USA,PG,100000000,2006,6.5,0
Color,Paul Greengrass,108,176049130,The Bourne Supremacy ,348232,English,USA,PG-13,75000000,2004,7.8,0
Color,Wolfgang Petersen,124,172620724,Air Force One ,146134,English,USA,R,85000000,1997,6.4,0
Color,Steven Soderbergh,116,183405771,Ocean's Eleven ,402645,English,USA,PG-13,85000000,2001,7.8,0
Color,Paul W.S. Anderson,110,20315324,The Three Musketeers ,88542,English,Germany,PG-13,75000000,2011,5.8,19000
Color,Genndy Tartakovsky,91,148313048,Hotel Transylvania ,164148,English,USA,PG,85000000,2012,7.1,28000
Color,Kevin Lima,107,127706877,Enchanted ,142496,English,USA,PG,85000000,2007,7.1,0
Color,,44,,Hannibal             ,159910,English,USA,TV-14,,,8.6,59000
Color,Daniel Espinosa,115,126149655,Safe House ,166693,English,USA,R,85000000,2012,6.8,19000
Color,Kevin Lima,100,66941559,102 Dalmatians ,26413,English,USA,G,85000000,2000,4.8,372
Color,Brett Ratner,104,78009155,Tower Heist ,110073,English,USA,PG-13,75000000,2011,6.2,0
Color,Nancy Meyers,138,63224849,The Holiday ,182757,English,USA,PG-13,85000000,2006,6.9,19000
Color,Tony Scott,140,111544445,Enemy of the State ,188116,English,USA,R,90000000,1998,7.3,0
Color,Nancy Meyers,120,112703470,It's Complicated ,69860,English,USA,R,85000000,2009,6.6,0
Color,Steven Soderbergh,122,117144465,Ocean's Thirteen ,256928,English,USA,PG-13,85000000,2007,6.9,0
Color,Roger Allers,83,84303558,Open Season ,65270,English,USA,PG,85000000,2006,6.2,863
Color,Neil Burger,139,150832203,Divergent ,341058,English,USA,PG-13,85000000,2014,6.7,49000
Color,Jean-Jacques Annaud,131,51396781,Enemy at the Gates ,188887,English,USA,R,68000000,2001,7.6,0
Color,Peter Berg,104,47592825,The Rundown ,82731,English,USA,PG-13,85000000,2003,6.7,0
Color,John McTiernan,130,50016394,Last Action Hero ,106528,English,USA,PG-13,70000000,1993,6.2,0
Color,Rob Marshall,145,57010853,Memoirs of a Geisha ,119286,English,USA,PG-13,85000000,2005,7.3,0
Color,Justin Lin,104,62494975,The Fast and the Furious: Tokyo Drift ,179500,English,USA,PG-13,85000000,2006,6,0
Color,Sarah Smith,97,46440491,Arthur Christmas ,35446,English,UK,PG,100000000,2011,7.1,0
Color,Martin Brest,178,44606335,Meet Joe Black ,169023,English,USA,PG-13,90000000,1998,7.1,10000
Color,Andrew Davis,108,40048332,Collateral Damage ,61417,English,USA,R,85000000,2002,5.5,941
Color,Bob Fosse,123,,All That Jazz ,19228,English,USA,R,,1979,7.8,0
Color,Tarsem Singh,106,64933670,Mirror Mirror ,70838,English,USA,PG,85000000,2012,5.6,18000
Color,Edgar Wright,112,31494270,Scott Pilgrim vs. the World ,273921,English,USA,PG-13,60000000,2010,7.5,36000
Color,Jon Amiel,135,31111260,The Core ,77029,English,USA,PG-13,60000000,2003,5.4,0
Color,Peter Segal,109,123307945,Nutty Professor II: The Klumps ,39391,English,USA,PG-13,65000000,2000,4.3,374
Color,Raja Gosnell,86,153288182,Scooby-Doo ,71424,English,USA,PG,84000000,2002,4.9,0
Color,Pete Travis,95,13401683,Dredd ,203458,English,UK,R,35000000,2012,7.1,46000
Color,Frank Coraci,107,137340146,Click ,246492,English,USA,PG-13,70000000,2006,6.4,7000
Color,George A. Romero,130,,Creepshow ,29932,English,USA,R,8000000,1982,6.9,0
Color,Brad Peyton,82,43575716,Cats & Dogs: The Revenge of Kitty Galore ,10233,English,USA,PG,85000000,2010,4.3,0
Color,Doug Liman,88,80170146,Jumper ,243053,English,USA,PG-13,85000000,2008,6.1,0
Color,Guillermo del Toro,120,75754670,Hellboy II: The Golden Army ,208422,English,USA,PG-13,85000000,2008,7,3000
Color,David Fincher,162,33048353,Zodiac ,301279,English,USA,R,65000000,2007,7.7,12000
Color,Roger Spottiswoode,123,34543701,The 6th Day ,100001,English,USA,PG-13,82000000,2000,5.9,0
Color,Tom Shadyac,101,242589580,Bruce Almighty ,296904,English,USA,PG-13,81000000,2003,6.7,0
Color,Sylvester Stallone,113,102981571,The Expendables ,270226,English,USA,R,80000000,2010,6.5,57000
Color,Brian De Palma,110,180965237,Mission: Impossible ,300542,English,USA,PG-13,80000000,1996,7.1,0
Color,Gary Ross,142,407999255,The Hunger Games ,701607,English,USA,PG-13,78000000,2012,7.3,140000
Color,Todd Phillips,102,254455986,The Hangover Part II ,375879,English,USA,R,80000000,2011,6.5,56000
Color,Tim Burton,126,162831698,Batman Returns ,215255,English,USA,PG-13,80000000,1992,7,0
Color,Tim Johnson,83,155019340,Over the Hedge ,127345,English,USA,PG,80000000,2006,6.8,0
Color,Dean DeBlois,85,145771527,Lilo & Stitch ,117212,English,USA,PG,80000000,2002,7.2,0
Color,Gary Winick,97,82506325,Charlotte's Web ,27838,English,USA,G,,2006,6.4,0
Color,Mimi Leder,120,140459099,Deep Impact ,135601,English,USA,PG-13,75000000,1998,6.1,0
Color,Dean Parisot,116,53215979,RED 2 ,125036,English,USA,PG-13,84000000,2013,6.7,22000
Color,Peter Segal,113,158115031,The Longest Yard ,130070,English,USA,PG-13,82000000,2005,6.4,0
Color,Mike Mitchell,87,133103929,Alvin and the Chipmunks: Chipwrecked ,22838,English,USA,G,75000000,2011,4.4,0
Color,Dennis Dugan,101,133668525,Grown Ups 2 ,107817,English,USA,PG-13,80000000,2013,5.4,14000
Color,Peter Segal,110,130313314,Get Smart ,168172,English,USA,PG-13,80000000,2008,6.5,0
Color,Nancy Meyers,128,124590960,Something's Gotta Give ,91092,English,USA,PG-13,80000000,2003,6.7,0
Color,Martin Scorsese,138,127968405,Shutter Island ,786092,English,USA,R,80000000,2010,8.1,53000
Color,Seth Gordon,88,120136047,Four Christmases ,48500,English,Germany,PG-13,80000000,2008,5.6,0
Color,Chris Wedge,91,128200012,Robots ,103022,English,USA,PG,75000000,2005,6.3,0
Color,John Woo,138,112225777,Face/Off ,283967,English,USA,R,80000000,1997,7.3,11000
Color,Adam Shankman,99,109993847,Bedtime Stories ,72326,English,USA,PG,80000000,2008,6.1,0
Color,Sam Mendes,117,104054514,Road to Perdition ,200359,English,USA,R,80000000,2002,7.7,0
Color,Dennis Dugan,117,103028109,Just Go with It ,172878,English,USA,PG-13,80000000,2011,6.4,19000
,,54,,Daredevil             ,213483,English,USA,TV-MA,,,8.8,55000
Color,Simon West,123,101087161,Con Air ,225282,English,USA,R,75000000,1997,6.8,0
Color,D.J. Caruso,118,101111837,Eagle Eye ,150764,English,USA,PG-13,80000000,2008,6.6,0
Color,Anthony Minghella,154,95632614,Cold Mountain ,118483,English,USA,R,79000000,2003,7.2,0
Color,Albert Hughes,118,94822707,The Book of Eli ,227072,English,USA,R,80000000,2010,6.9,20000
Color,Les Mayfield,90,92969824,Flubber ,63625,English,USA,PG,80000000,1997,5.2,0
Color,Jan de Bont,113,91188905,The Haunting ,58184,English,USA,PG-13,80000000,1999,4.9,0
Color,Joe Pytka,88,90443603,Space Jam ,112167,English,USA,PG,80000000,1996,6.3,0
Color,Shawn Levy,93,82226474,The Pink Panther ,65499,English,USA,PG,65000000,2006,5.6,0
Color,Scott Derrickson,104,79363785,The Day the Earth Stood Still ,139423,English,USA,PG-13,80000000,2008,5.5,0
Color,Richard Donner,135,76081498,Conspiracy Theory ,76099,English,USA,R,75000000,1997,6.7,0
Color,David Ayer,134,85707116,Fury ,303185,English,USA,R,68000000,2014,7.6,82000
Color,Ivan Reitman,98,74329966,Six Days Seven Nights ,60910,English,USA,PG-13,70000000,1998,5.7,0
Color,Eric Brevig,80,100169068,Yogi Bear ,16385,English,USA,PG,80000000,2010,4.6,0
Color,Kelly Asbury,83,73215310,Spirit: Stallion of the Cimarron ,44143,English,USA,G,80000000,2002,7,4000
Color,Frank Coraci,102,80360866,Zookeeper ,44662,English,USA,PG,80000000,2011,5.2,0
Color,Stephen Hopkins,130,69102910,Lost in Space ,58402,English,USA,PG-13,80000000,1998,5.1,0
Color,Jonathan Demme,129,65948711,The Manchurian Candidate ,86422,English,USA,R,80000000,2004,6.6,0
Color,Henry Jaglom,117,821997,Déjà Vu ,666,English,USA,PG-13,,1997,7,91
Color,Genndy Tartakovsky,89,169692572,Hotel Transylvania 2 ,56501,English,USA,PG,80000000,2015,6.7,16000
 Black and White,,25,,Bewitched             ,11427,English,USA,TV-G,,,7.6,0
Color,James Algar,74,60507228,Fantasia 2000 ,27543,English,USA,G,80000000,1999,7.3,607
Color,Simon Wells,96,56684819,The Time Machine ,103787,English,USA,PG-13,80000000,2002,5.9,3000
Color,Ron Underwood,114,50628009,Mighty Joe Young ,22955,English,USA,PG,90000000,1998,5.6,0
Color,Dominic Sena,99,69772969,Swordfish ,155532,English,USA,R,80000000,2001,6.5,0
Color,Martin Campbell,129,45356386,The Legend of Zorro ,71574,Spanish,USA,PG,75000000,2005,5.9,951
Color,Vincent Ward,113,55350897,What Dreams May Come ,83560,English,USA,PG-13,85000000,1998,7,32000
Color,Steven Brill,90,39442871,Little Nicky ,80639,English,USA,PG-13,80000000,2000,5.3,0
Color,Terry Gilliam,118,37899638,The Brothers Grimm ,98472,English,USA,PG-13,88000000,2005,5.9,0
Color,Tim Burton,106,37754208,Mars Attacks! ,172217,English,USA,PG-13,70000000,1996,6.3,0
Color,Lucile Hadzihalilovic,81,,Evolution ,979,French,France,,,2015,6.4,257
Color,Lee Tamahori,117,27779888,The Edge ,55913,English,USA,R,,1997,6.9,0
Color,Jonathan Mostow,89,38542418,Surrogates ,151424,English,USA,PG-13,80000000,2009,6.3,0
Color,Roger Donaldson,145,34566746,Thirteen Days ,45231,English,USA,PG-13,80000000,2000,7.3,0
Color,Rob Cohen,114,32885565,Daylight ,53132,English,USA,PG-13,80000000,1996,5.8,0
Color,Barry Cook,87,36073232,Walking with Dinosaurs 3D ,8913,English,USA,PG,80000000,2013,5.2,0
Color,Roger Christian,119,21471685,Battlefield Earth ,65464,English,USA,PG-13,44000000,2000,2.4,0
Color,Joe Dante,91,20950820,Looney Tunes: Back in Action ,24183,English,Germany,PG,80000000,2003,5.7,665
 Black and White,Rob Marshall,118,19673424,Nine ,37446,English,USA,PG-13,80000000,2009,5.8,0
Color,Richard Donner,116,19480739,Timeline ,53057,English,USA,PG-13,80000000,2003,5.6,0
Color,Kevin Costner,177,17593391,The Postman ,56403,English,USA,R,80000000,1997,6,0
Color,George Miller,97,18318000,Babe: Pig in the City ,24868,English,Australia,G,80000000,1998,5.8,964
Color,Breck Eisner,106,27356090,The Last Witch Hunter ,58752,English,USA,PG-13,90000000,2015,6,21000
Color,Antony Hoffman,106,17473245,Red Planet ,47612,English,USA,PG-13,70000000,2000,5.7,995
Color,Luc Besson,94,15131330,Arthur and the Invisibles ,25843,English,France,PG,86000000,2006,6,941
Color,Jacques Perrin,104,19406406,Oceans ,7630,French,France,G,40000000,2009,7.8,0
Color,Peter Hyams,102,1891821,A Sound of Thunder ,16474,English,UK,PG-13,52000000,2005,4.2,785
Color,Paul W.S. Anderson,105,23219748,Pompeii ,84508,English,Canada,PG-13,80000000,2014,5.6,20000
Color,Andrés Couturier,89,,Top Cat Begins ,230,Spanish,Mexico,PG,8000000,2015,4.4,138
Color,Ron Howard,135,170708996,A Beautiful Mind ,610568,English,USA,PG-13,58000000,2001,8.2,29000
Color,Roger Allers,73,422783777,The Lion King ,644348,English,USA,G,45000000,1994,8.5,17000
Color,Brad Peyton,94,103812241,Journey 2: The Mysterious Island ,67296,English,USA,PG,79000000,2012,5.8,0
Color,Cody Cameron,95,119793567,Cloudy with a Chance of Meatballs 2 ,64387,English,USA,PG,78000000,2013,6.5,15000
Color,Brett Ratner,124,92930005,Red Dragon ,204063,English,Germany,R,78000000,2002,7.2,0
Color,Joe Johnston,136,67286731,Hidalgo ,67856,English,USA,PG-13,100000000,2004,6.7,0
Color,Dennis Dugan,91,74158157,Jack and Jill ,60370,English,USA,PG,79000000,2011,3.4,0
Color,John Singleton,107,127083765,2 Fast 2 Furious ,191912,English,USA,PG-13,76000000,2003,5.9,0
Color,Mark Osborne,108,1339152,The Little Prince ,28276,English,France,PG,81200000,2015,7.8,31000
Color,Oliver Hirschbiegel,99,15071514,The Invasion ,65037,English,USA,PG-13,80000000,2007,5.9,0
Color,Des McAnuff,92,26000610,The Adventures of Rocky & Bullwinkle ,16611,English,USA,PG,76000000,2000,4.1,413
Color,Yarrow Cheney,87,323505540,The Secret Life of Pets ,24407,English,Japan,PG,75000000,2016,6.8,36000
 Black and White,Stephen Norrington,110,66462600,The League of Extraordinary Gentlemen ,141533,English,USA,PG-13,78000000,2003,5.8,0
Color,Pierre Coffin,98,368049635,Despicable Me 2 ,286877,English,USA,PG,76000000,2013,7.5,56000
Color,Roland Emmerich,154,306124059,Independence Day ,430055,English,USA,PG-13,75000000,1996,6.9,16000
Color,Steven Spielberg,129,229074524,The Lost World: Jurassic Park ,278362,English,USA,PG-13,73000000,1997,6.5,0
Color,Eric Darnell,86,193136719,Madagascar ,266636,English,USA,PG,75000000,2005,6.9,0
Color,Alfonso Cuarón,109,35286428,Children of Men ,361767,English,USA,R,76000000,2006,7.9,17000
Color,Bryan Singer,104,157299717,X-Men ,452928,English,USA,PG-13,75000000,2000,7.4,0
Color,Timur Bekmambetov,110,134568845,Wanted ,299852,English,USA,R,75000000,2008,6.7,0
Color,Michael Bay,136,134006721,The Rock ,259492,English,USA,R,75000000,1996,7.4,51000
Color,Carlos Saldanha,115,195329763,Ice Age: The Meltdown ,194249,English,USA,PG,80000000,2006,6.9,0
Color,Peter Segal,99,120776832,50 First Dates ,266103,English,USA,PG-13,75000000,2004,6.8,11000
Color,Adam Shankman,117,118823091,Hairspray ,98693,English,USA,PG,75000000,2007,6.7,0
Color,Renny Harlin,125,41814863,Exorcist: The Beginning ,28635,English,USA,R,50000000,2004,5.1,893
Color,David Kellogg,110,97360069,Inspector Gadget ,36491,English,USA,PG,75000000,1999,4.1,509
Color,Louis Leterrier,125,117698894,Now You See Me ,447979,English,USA,PG-13,75000000,2013,7.3,105000
Color,Dennis Dugan,102,162001186,Grown Ups ,181443,English,USA,PG-13,80000000,2010,6,12000
Color,Steven Spielberg,128,77032279,The Terminal ,303864,English,USA,PG-13,60000000,2004,7.3,16000
Color,,43,,Constantine             ,36919,English,USA,TV-14,,,7.5,10000
Color,Thor Freudenthal,100,73023275,Hotel for Dogs ,16271,English,USA,PG,35000000,2009,5.4,1000
Color,Martin Campbell,124,68473360,Vertical Limit ,49536,English,USA,PG-13,75000000,2000,5.9,0
Color,Mike Nichols,102,66636385,Charlie Wilson's War ,88451,English,USA,R,75000000,2007,7.1,0
Color,Bibo Bergeron,90,160762022,Shark Tale ,132415,English,USA,PG,75000000,2004,6,0
Color,Bill Condon,130,103338338,Dreamgirls ,55901,English,USA,PG-13,70000000,2006,6.5,0
Color,,45,,Life             ,29450,English,USA,,,,8.3,0
Color,F. Gary Gray,118,55808744,Be Cool ,59435,English,USA,PG-13,53000000,2005,5.7,0
Color,Steven Spielberg,163,47379090,Munich ,176936,English,France,R,70000000,2005,7.6,0
Color,Antoine Fuqua,142,43426961,Tears of the Sun ,93494,English,USA,R,70000000,2003,6.6,0
Color,Robert Luketic,100,47000485,Killers ,72867,English,USA,PG-13,75000000,2010,5.4,0
Color,Guy Ritchie,116,45434443,The Man from U.N.C.L.E. ,175960,English,USA,PG-13,75000000,2015,7.3,43000
Color,James L. Brooks,131,42044321,Spanglish ,65668,English,USA,PG-13,80000000,2004,6.5,0
Color,Gil Kenan,91,73661010,Monster House ,71137,English,USA,PG,75000000,2006,6.6,0
Color,Barry Levinson,123,41523271,Bandits ,57038,English,USA,PG-13,80000000,2001,6.6,0
Color,Jerry Zucker,134,37600435,First Knight ,55350,English,USA,PG-13,55000000,1995,5.9,0
Color,Andy Tennant,148,39251128,Anna and the King ,31080,English,USA,PG-13,75000000,1999,6.7,0
Color,Tarsem Singh,110,83503161,Immortals ,138190,English,USA,R,75000000,2011,6.1,30000
Color,Florent-Emilio Siri,113,34636443,Hostage ,93790,English,USA,R,52000000,2005,6.6,0
Color,Don Bluth,94,22751979,Titan A.E. ,52244,English,USA,PG,75000000,2000,6.6,0
Color,Ron Shelton,116,30013346,Hollywood Homicide ,31293,English,USA,PG-13,75000000,2003,5.3,648
Color,Paul W.S. Anderson,99,14567883,Soldier ,44248,English,UK,R,75000000,1998,6,0
Color,David Pastor,84,90820,Carriers ,35510,English,USA,PG-13,,2009,6,0
Color,Henry Selick,93,5409517,Monkeybone ,14280,English,USA,PG-13,75000000,2001,4.7,683
Color,John Moore,113,21009180,Flight of the Phoenix ,45815,English,USA,PG-13,45000000,2004,6.1,1000
Color,M. Night Shyamalan,106,94999143,Unbreakable ,245152,English,USA,PG-13,75000000,2000,7.2,0
Color,Kyle Balda,91,336029560,Minions ,142403,English,USA,PG,74000000,2015,6.4,70000
Color,Zack Snyder,128,36381716,Sucker Punch ,197584,English,USA,PG-13,82000000,2011,6.1,42000
Color,Brian De Palma,98,55585389,Snake Eyes ,64121,English,USA,R,69000000,1998,5.9,880
Color,Barry Levinson,134,36976367,Sphere ,81611,English,USA,PG-13,75000000,1998,6,0
Color,Clay Kaytis,97,107225164,The Angry Birds Movie ,27130,English,USA,PG,73000000,2016,6.3,14000
Color,Andy Tennant,112,70224196,Fool's Gold ,59352,English,USA,PG-13,70000000,2008,5.6,0
Color,Judd Apatow,153,51814190,Funny People ,100837,English,USA,R,75000000,2009,6.4,0
Color,Peter Berg,110,47456450,The Kingdom ,101386,English,USA,R,70000000,2007,7.1,0
Color,Adam McKay,122,148213377,Talladega Nights: The Ballad of Ricky Bobby ,130776,English,USA,PG-13,73000000,2006,6.6,0
Color,Steve Carr,87,112950721,Dr. Dolittle 2 ,33884,English,USA,PG,72000000,2001,4.6,266
Color,Mel Gibson,178,75600000,Braveheart ,736638,English,USA,R,72000000,1995,8.4,17000
Color,Sam Mendes,125,62647540,Jarhead ,143525,English,Germany,R,70000000,2005,7.1,0
Color,David Silverman,87,183132370,The Simpsons Movie ,259083,English,USA,PG-13,75000000,2007,7.4,0
Color,Frank Darabont,152,27796042,The Majestic ,45031,English,USA,PG,72000000,2001,6.9,0
Color,Renny Harlin,116,32616869,Driven ,34435,English,USA,PG-13,72000000,2001,4.5,886
Color,Jean-Jacques Annaud,109,18947630,Two Brothers ,11798,English,France,PG,59660000,2004,7.1,2000
Color,M. Night Shyamalan,108,114195633,The Village ,193770,English,USA,PG-13,60000000,2004,6.5,0
Color,Betty Thomas,85,144156464,Doctor Dolittle ,74343,English,USA,PG-13,71500000,1998,5.3,694
Color,M. Night Shyamalan,106,227965690,Signs ,271592,English,USA,PG-13,72000000,2002,6.7,0
Color,Andrew Adamson,93,436471036,Shrek 2 ,314630,English,USA,PG,150000000,2004,7.2,0
Color,John Lasseter,117,244052771,Cars ,263853,English,USA,G,120000000,2006,7.2,0
Color,Garry Marshall,116,152149590,Runaway Bride ,74274,English,USA,PG,70000000,1999,5.5,0
Color,Rob Cohen,132,141204016,xXx ,142569,English,USA,PG-13,70000000,2002,5.8,10000
Color,Paul Tibbitt,92,162495848,The SpongeBob Movie: Sponge Out of Water ,34359,English,USA,PG,74000000,2015,6,16000
Color,Ron Howard,139,136448821,Ransom ,98989,English,USA,R,80000000,1996,6.6,1000
Color,Quentin Tarantino,153,120523073,Inglourious Basterds ,885175,English,USA,R,75000000,2009,8.3,42000
Color,Steven Spielberg,142,119654900,Hook ,182802,English,USA,PG,70000000,1991,6.7,13000
Color,Brett Ratner,101,72660029,Hercules ,115687,English,USA,PG-13,100000000,2014,6,21000
Color,Renny Harlin,124,117541000,Die Hard 2 ,269858,English,USA,R,70000000,1990,7.1,0
Color,Clark Johnson,117,116643346,S.W.A.T. ,119807,English,USA,PG-13,80000000,2003,6,0
Color,,45,,Sleepy Hollow             ,49049,English,USA,TV-14,,,7.5,14000
Color,Cameron Crowe,141,100614858,Vanilla Sky ,206776,English,USA,R,68000000,2001,6.9,0
Color,M. Night Shyamalan,110,42272747,Lady in the Water ,78635,English,USA,PG-13,70000000,2006,5.6,0
Color,Paul W.S. Anderson,109,80281096,AVP: Alien vs. Predator ,143628,English,USA,PG-13,60000000,2004,5.6,0
Color,Betty Thomas,88,219613391,Alvin and the Chipmunks: The Squeakquel ,31649,English,USA,PG,75000000,2009,4.5,2000
Color,Randall Wallace,124,78120196,We Were Soldiers ,103241,English,USA,R,75000000,2002,7.1,5000
Color,Antoine Fuqua,119,98895417,Olympus Has Fallen ,203154,English,USA,R,70000000,2013,6.5,45000
Color,Jonathan Frakes,103,70117571,Star Trek: Insurrection ,56741,English,USA,PG,58000000,1998,6.4,1000
Color,Jonathan Liebesman,116,83552429,Battle Los Angeles ,154955,English,USA,PG-13,70000000,2011,5.8,25000
Color,Tim Burton,125,66257002,Big Fish ,350698,English,USA,PG-13,70000000,2003,8,26000
Color,Mike Nichols,125,65012000,Wolf ,43559,English,USA,R,70000000,1994,6.2,0
 Black and White,Steven Spielberg,146,79883359,War Horse ,116159,English,USA,PG-13,66000000,2011,7.2,28000
Color,George Clooney,118,78031620,The Monuments Men ,102248,English,USA,PG-13,70000000,2014,6.1,34000
Color,James Cameron,171,54222000,The Abyss ,131217,English,USA,PG-13,69500000,1989,7.6,0
Color,Oliver Stone,136,52474616,Wall Street: Money Never Sleeps ,84118,English,USA,PG-13,70000000,2010,6.3,13000
Color,Gary Shore,92,55942830,Dracula Untold ,138582,English,USA,PG-13,70000000,2014,6.3,37000
Color,Edward Zwick,116,40932372,The Siege ,58023,English,USA,R,70000000,1998,6.3,0
Color,Matthew Vaughn,127,38345403,Stardust ,212085,English,UK,PG-13,70000000,2007,7.7,15000
Color,Jean-Jacques Annaud,136,37901509,Seven Years in Tibet ,96385,English,USA,PG-13,70000000,1997,7,0
Color,Ron Howard,111,48430355,The Dilemma ,43709,English,USA,PG-13,70000000,2011,5.3,0
Color,Joel Schumacher,116,30157016,Bad Company ,39659,English,USA,PG-13,70000000,2002,5.6,792
Color,Andrzej Bartkowiak,113,28031250,Doom ,88146,English,UK,R,60000000,2005,5.2,0
Color,Betty Thomas,97,33105600,I Spy ,41663,English,USA,PG-13,70000000,2002,5.4,531
Color,Måns Mårlind,88,62321039,Underworld: Awakening ,117096,English,USA,R,70000000,2012,6.4,24000
Color,Adam Shankman,136,38509342,Rock of Ages ,61995,English,USA,PG-13,75000000,2012,5.9,33000
Color,Gregory Hoblit,125,19076815,Hart's War ,43651,English,USA,R,60000000,2002,6.3,997
Color,Gary McKendry,116,25093607,Killer Elite ,105556,English,UK,R,35000000,2011,6.5,17000
Color,John McTiernan,98,18990542,Rollerball ,22264,English,USA,R,70000000,2002,3,584
Color,Wych Kaosayananda,91,14294842,Ballistic: Ecks vs. Sever ,16761,English,USA,R,70000000,2002,3.6,391
Color,Mikael Salomon,97,19819494,Hard Rain ,26893,English,USA,R,70000000,1998,5.8,815
Color,Bobby Farrelly,95,13596911,Osmosis Jones ,25572,English,USA,PG,70000000,2001,6.2,2000
Color,Will Finn,88,8460990,Legends of Oz: Dorothy's Return ,5116,English,USA,PG,70000000,2013,5.6,5000
Color,Michael Mann,133,7097125,Blackhat ,38983,English,USA,R,70000000,2015,5.4,11000
Color,Kerry Conran,106,37760080,Sky Captain and the World of Tomorrow ,72868,English,USA,PG,70000000,2004,6.1,0
Color,Michael Caton-Jones,116,5851188,Basic Instinct 2 ,31124,English,UK,R,70000000,2006,4.2,764
Color,Mikael Håfström,115,25121291,Escape Plan ,177653,English,USA,R,50000000,2013,6.7,34000
Color,Renny Harlin,99,18821279,The Legend of Hercules ,44891,English,USA,PG-13,70000000,2014,4.2,12000
Color,Phil Alden Robinson,124,118471320,The Sum of All Fears ,86504,English,USA,PG-13,68000000,2002,6.4,0
Color,David Slade,124,300523113,The Twilight Saga: Eclipse ,184637,English,USA,PG-13,68000000,2010,4.9,29000
Color,Frank Oz,124,71069884,The Score ,101899,English,USA,R,68000000,2001,6.8,0
Color,Pierre Coffin,87,251501645,Despicable Me ,385943,English,USA,PG,69000000,2010,7.7,31000
Color,Joseph Ruben,105,35324232,Money Train ,32224,English,USA,R,68000000,1995,5.6,617
Color,Seth MacFarlane,125,81257500,Ted 2 ,117739,English,USA,R,68000000,2015,6.4,30000
Color,Alejandro Amenábar,141,617840,Agora ,52496,English,Spain,R,70000000,2009,7.2,29000
Color,Kinka Usher,121,29655590,Mystery Men ,53970,English,USA,PG-13,65000000,1999,6,0
Color,Bobby Farrelly,111,45045037,Hall Pass ,103230,English,USA,R,36000000,2011,5.9,10000
Color,Michael Mann,157,28965197,The Insider ,133526,English,USA,R,68000000,1999,7.9,0
Color,Craig Gillespie,117,27550735,The Finest Hours ,27481,English,USA,PG-13,,2016,6.8,12000
Color,Ridley Scott,128,39380442,Body of Lies ,174248,English,USA,R,70000000,2008,7.1,0
Color,Jay Roach,114,72980108,Dinner for Schmucks ,80338,English,USA,PG-13,,2010,5.9,0
Color,Timur Bekmambetov,105,37516013,Abraham Lincoln: Vampire Hunter ,128629,English,USA,R,69000000,2012,5.9,98000
Color,Jon Amiel,113,87704396,Entrapment ,88132,English,USA,PG-13,66000000,1999,6.2,0
Color,,30,,Last Man Standing             ,15114,English,USA,TV-PG,,,7.4,0
Color,Rob Bowman,121,83892374,The X Files ,85720,English,USA,PG-13,66000000,1998,7,0
Color,Doug Lefler,102,5932060,The Last Legion ,29285,English,UK,PG-13,35000000,2007,5.4,0
Color,Steven Spielberg,169,216119491,Saving Private Ryan ,881236,English,USA,R,70000000,1998,8.6,22000
Color,Scott Waugh,132,43568507,Need for Speed ,136954,English,USA,PG-13,66000000,2014,6.5,32000
Color,Nancy Meyers,127,182805123,What Women Want ,158864,English,USA,PG-13,70000000,2000,6.4,0
Color,Chris Wedge,103,176387405,Ice Age ,328159,English,USA,PG,59000000,2002,7.6,3000
Color,Lawrence Kasdan,136,33685268,Dreamcatcher ,75573,English,USA,R,68000000,2003,5.5,4000
Color,Steven Spielberg,150,182204440,Lincoln ,197412,English,USA,PG-13,65000000,2012,7.4,71000
Color,Lana Wachowski,136,171383253,The Matrix ,1217752,English,USA,R,63000000,1999,8.7,25000
Color,Ron Howard,140,172071312,Apollo 13 ,208817,English,USA,PG,62000000,1995,7.6,5000
Color,Paul Verhoeven,113,119412921,Total Recall ,240241,English,USA,R,65000000,1990,7.5,0
Color,Michael Lembeck,104,139225854,The Santa Clause 2 ,34561,English,USA,G,60000000,2002,5.5,1000
Color,Tom Hooper,158,148775460,Les Misérables ,243834,English,USA,PG-13,61000000,2012,7.6,144000
Color,Nora Ephron,119,115731542,You've Got Mail ,151812,English,USA,PG,65000000,1998,6.5,0
Color,Adam McKay,106,100468793,Step Brothers ,212499,English,USA,R,65000000,2008,6.9,0
Color,Martin Campbell,136,93771072,The Mask of Zorro ,135404,English,USA,PG-13,65000000,1998,6.7,0
Color,Todd Phillips,95,100448498,Due Date ,272789,English,USA,R,65000000,2010,6.6,25000
Color,Angelina Jolie Pitt,137,115603980,Unbroken ,103589,English,USA,PG-13,65000000,2014,7.2,35000
 Black and White,Clint Eastwood,130,90454043,Space Cowboys ,60165,English,USA,PG-13,65000000,2000,6.4,0
Color,Renny Harlin,124,84049211,Cliffhanger ,96096,English,USA,R,70000000,1993,6.4,0
Color,John Woo,108,70450000,Broken Arrow ,77390,English,USA,R,50000000,1996,6,0
Color,Jon Turteltaub,104,69688384,The Kid ,34473,English,USA,PG,60000000,2000,6.1,0
Color,Oliver Stone,129,70236496,World Trade Center ,67395,English,USA,PG-13,63000000,2006,6,0
Color,Mike Newell,117,63695760,Mona Lisa Smile ,61490,English,USA,PG-13,65000000,2003,6.4,0
Color,Larry Charles,99,59617068,The Dictator ,213863,English,USA,R,65000000,2012,6.4,59000
Color,Stanley Kubrick,159,55637680,Eyes Wide Shut ,227071,English,UK,R,65000000,1999,7.3,10000
Color,Will Gluck,118,85911262,Annie ,24735,English,USA,PG,65000000,2014,5.2,16000
Color,Glenn Ficarra,105,53846915,Focus ,149337,English,USA,R,50100000,2015,6.6,23000
Color,McG,103,54758461,This Means War ,147641,English,USA,PG-13,65000000,2012,6.3,18000
Color,David S. Goyer,122,52397389,Blade: Trinity ,132954,English,USA,R,65000000,2004,5.9,0
Color,John Milius,114,,Red Dawn ,41776,English,USA,PG-13,16900000,1984,6.4,0
Color,Mike Nichols,143,38966057,Primary Colors ,23940,English,France,R,65000000,1998,6.7,688
Color,Paul W.S. Anderson,96,42345531,Resident Evil: Retribution ,104831,English,Germany,R,65000000,2012,5.4,32000
Color,Paul W.S. Anderson,111,36064910,Death Race ,166610,English,USA,R,45000000,2008,6.4,0
Color,Renny Harlin,121,33328051,The Long Kiss Goodnight ,60508,English,USA,R,65000000,1996,6.7,4000
Color,Taylor Hackford,135,32598931,Proof of Life ,49300,English,USA,R,65000000,2000,6.2,892
Color,Jon Favreau,101,28045540,Zathura: A Space Adventure ,67707,English,USA,PG,65000000,2005,6.1,0
Color,David Fincher,151,37023395,Fight Club ,1347461,English,USA,R,63000000,1999,8.8,48000
Color,McG,131,43532294,We Are Marshall ,46951,English,USA,PG,65000000,2006,7.1,0
Color,,60,,The Missing             ,8739,English,UK,,,,8.1,0
Color,Michael Lehmann,100,17218080,Hudson Hawk ,43376,English,USA,R,70000000,1991,5.7,0
Color,Nora Ephron,105,10014234,Lucky Numbers ,8560,English,France,R,65000000,2000,5,177
Color,Stuart Beattie,92,19059018,"I, Frankenstein ",65709,English,Australia,PG-13,65000000,2014,5.1,15000
Color,Roman Polanski,130,1987287,Oliver Twist ,25474,English,UK,PG-13,50000000,2005,6.9,0
Color,Rob Bowman,100,24407944,Elektra ,71202,English,Canada,PG-13,43000000,2005,4.8,0
 Black and White,Frank Miller,102,13750556,Sin City: A Dame to Kill For ,111102,English,USA,R,65000000,2014,6.5,32000
Color,Sydney Pollack,133,31054924,Random Hearts ,17025,English,USA,R,64000000,1999,5.1,295
Color,Baltasar Kormákur,121,43247140,Everest ,134625,English,UK,PG-13,55000000,2015,7.1,40000
Color,Tom Tykwer,147,2208939,Perfume: The Story of a Murderer ,190490,English,Germany,R,50000000,2006,7.5,26000
Color,Jay Roach,94,213079163,Austin Powers in Goldmember ,162909,English,USA,PG-13,63000000,2002,6.2,0
Color,David Bowers,94,19548064,Astro Boy ,25681,English,Hong Kong,PG,65000000,2009,6.3,0
Color,Steven Spielberg,127,356784000,Jurassic Park ,613473,English,USA,PG-13,63000000,1993,8.1,19000
Color,Lawrence Kasdan,212,25052000,Wyatt Earp ,35314,English,USA,PG-13,63000000,1994,6.6,0
Color,Phillip Noyce,141,122012710,Clear and Present Danger ,69663,English,USA,PG-13,62000000,1994,6.9,0
Color,Daniel Lee,103,72413,Dragon Blade ,11584,Mandarin,China,R,65000000,2015,6.1,0
Color,Keenen Ivory Wayans,98,58255287,Littleman ,39471,English,USA,PG-13,64000000,2006,4.3,0
Color,Jonathan Mostow,116,77086030,U-571 ,65297,English,France,PG-13,62000000,2000,6.6,0
Color,Rob Reiner,114,65000000,The American President ,43027,English,USA,PG-13,62000000,1995,6.8,0
Color,Marco Schnabel,87,32178777,The Love Guru ,43300,English,USA,PG-13,62000000,2008,3.8,0
Color,Demian Lichtenstein,125,15738632,3000 Miles to Graceland ,38076,English,USA,R,42000000,2001,5.9,0
Color,Quentin Tarantino,187,54116191,The Hateful Eight ,272839,English,USA,R,44000000,2015,7.9,114000
Color,Josh Gordon,93,118153533,Blades of Glory ,129995,English,USA,PG-13,61000000,2007,6.3,0
Color,Tim Hill,95,108012170,Hop ,24089,English,USA,PG,63000000,2011,5.5,0
Color,Zack Snyder,117,210592590,300 ,607235,English,USA,R,65000000,2006,7.7,13000
Color,Jay Roach,106,279167575,Meet the Fockers ,211296,English,USA,PG-13,80000000,2004,6.3,0
Color,David Frankel,115,143151473,Marley & Me ,116681,English,USA,PG,60000000,2008,7.1,11000
Color,Frank Darabont,189,136801374,The Green Mile ,782610,English,USA,R,60000000,1999,8.5,30000
Color,Walt Becker,100,168213584,Wild Hogs ,99989,English,USA,PG-13,,2007,5.9,0
Color,Mark Dindal,81,135381507,Chicken Little ,63912,English,USA,G,150000000,2005,5.8,912
Color,David Fincher,149,167735396,Gone Girl ,569841,English,USA,R,61000000,2014,8.1,146000
Color,Doug Liman,119,121468960,The Bourne Identity ,407601,English,USA,PG-13,60000000,2002,7.9,0
Color,Martin Campbell,130,106635996,GoldenEye ,199025,English,UK,PG-13,58000000,1995,7.2,0
Color,Simon West,116,102678089,The General's Daughter ,42705,English,USA,R,95000000,1999,6.3,885
Color,Peter Weir,103,125603360,The Truman Show ,667983,English,USA,PG,60000000,1998,8.1,18000
Color,Brenda Chapman,99,101217900,The Prince of Egypt ,91093,English,USA,PG,70000000,1998,7,0
Color,Steve Carr,92,104148781,Daddy Day Care ,49486,English,USA,PG,60000000,2003,5.5,886
Color,Baltasar Kormákur,109,75573300,2 Guns ,156898,English,USA,R,61000000,2013,6.7,22000
Color,Lawrence Guterman,87,93375151,Cats & Dogs ,46031,English,USA,PG,60000000,2001,5.2,0
Color,F. Gary Gray,111,106126012,The Italian Job ,285623,English,USA,PG-13,60000000,2003,7,0
Color,Marc Lawrence,101,93307796,Two Weeks Notice ,85673,English,USA,PG-13,60000000,2002,6.1,0
Color,Eric Darnell,83,90646554,Antz ,124641,English,USA,PG,105000000,1998,6.6,0
Color,Peter Billingsley,113,109176215,Couples Retreat ,83506,English,USA,PG-13,60000000,2009,5.5,0
Color,Tony Scott,107,82670733,Days of Thunder ,60476,English,USA,PG-13,60000000,1990,5.9,0
Color,Adam Shankman,94,82569532,Cheaper by the Dozen 2 ,42737,English,USA,PG,60000000,2005,5.4,781
Color,Wes Ball,132,81687587,The Scorch Trials ,138246,English,USA,PG-13,61000000,2015,6.4,24000
Color,Ryan Murphy,140,80574010,Eat Pray Love ,63493,English,USA,PG-13,60000000,2010,5.7,26000
Color,Brett Ratner,125,75764085,The Family Man ,85844,English,USA,PG-13,60000000,2000,6.7,0
Color,Robert Schwentke,111,90356857,RED ,238916,English,USA,PG-13,58000000,2010,7.1,32000
Color,Oliver Stone,156,75530832,Any Given Sunday ,97047,English,USA,R,55000000,1999,6.8,0
Color,Robert Redford,170,75370763,The Horse Whisperer ,32353,English,USA,PG-13,60000000,1998,6.5,0
Color,Michael Mann,120,100003492,Collateral ,293662,English,USA,R,65000000,2004,7.6,0
Color,Chuck Russell,100,90341670,The Scorpion King ,102129,English,USA,PG-13,60000000,2002,5.5,0
Color,Jay Russell,115,74540762,Ladder 49 ,48753,English,USA,PG-13,55000000,2004,6.5,0
Color,Christopher McQuarrie,130,80033643,Jack Reacher ,226570,English,USA,PG-13,60000000,2012,7,38000
Color,Renny Harlin,105,73648142,Deep Blue Sea ,99043,English,USA,R,60000000,1999,5.8,0
Color,Kenny Ortega,111,71844424,This Is It ,33158,English,USA,PG,60000000,2009,7.3,0
Color,Steven Soderbergh,106,75638743,Contagion ,180479,English,USA,PG-13,60000000,2011,6.6,42000
Color,David McNally,89,66734992,Kangaroo Jack ,23476,English,USA,PG,60000000,2003,4.4,858
 Black and White,Henry Selick,100,75280058,Coraline ,143121,English,USA,PG,60000000,2009,7.7,10000
Color,M. Night Shyamalan,91,64505912,The Happening ,163130,English,USA,R,48000000,2008,5,6000
Color,Tony Scott,146,77862546,Man on Fire ,266310,English,USA,R,70000000,2004,7.7,14000
Color,Brian Robbins,98,61112916,The Shaggy Dog ,14888,English,USA,PG,50000000,2006,4.4,747
Color,Todd Phillips,101,88200225,Starsky & Hutch ,120795,English,USA,PG-13,60000000,2004,6.1,0
Color,Brian Levant,94,60573641,Jingle All the Way ,68406,English,USA,PG,60000000,1996,5.4,0
Color,Guillermo del Toro,132,59035104,Hellboy ,244566,English,USA,PG-13,66000000,2004,6.8,0
Color,Steven Zaillian,115,56702901,A Civil Action ,23302,English,USA,PG-13,60000000,1998,6.5,1000
Color,Chris Butler,92,55994557,ParaNorman ,72287,English,USA,PG,60000000,2012,7,12000
Color,Michael Caton-Jones,124,54910560,The Jackal ,88225,English,USA,R,60000000,1997,6.3,0
Color,John Woo,119,53789313,Paycheck ,89816,English,USA,PG-13,60000000,2003,6.3,0
Color,Jon Avnet,124,51045801,Up Close & Personal ,11370,English,USA,PG-13,60000000,1996,6.1,829
Color,Sam Fell,93,50818750,The Tale of Despereaux ,31209,English,UK,G,60000000,2008,6.1,0
Color,,22,,Rules of Engagement             ,26404,English,USA,TV-PG,,,7.3,0
Color,Kevin Donovan,98,50189179,The Tuxedo ,61966,English,USA,PG-13,60000000,2002,5.3,797
Color,Geoff Murphy,92,50024083,Under Siege 2: Dark Territory ,35918,English,USA,R,60000000,1995,5.4,1000
Color,Kenneth Branagh,105,50549107,Jack Ryan: Shadow Recruit ,99035,English,USA,PG-13,60000000,2014,6.2,17000
Color,David O. Russell,124,56443482,Joy ,75329,English,USA,PG-13,60000000,2015,6.6,24000
Color,Babak Najafi,99,62401264,London Has Fallen ,69484,English,UK,R,60000000,2016,5.9,28000
Color,Jean-Pierre Jeunet,116,47748610,Alien: Resurrection ,170179,English,USA,R,75000000,1997,6.3,0
Color,Antoine Fuqua,124,46975183,Shooter ,256213,English,USA,R,61000000,2007,7.2,0
Color,Graham Annable,96,50807639,The Boxtrolls ,40883,English,USA,PG,60000000,2014,6.8,11000
Color,Griffin Dunne,104,46611204,Practical Magic ,55749,English,USA,PG-13,48000000,1998,6.1,0
Color,Phil Lord,100,257756197,The Lego Movie ,246698,English,Australia,PG,60000000,2014,7.8,64000
Color,John Pasquin,115,48472213,Miss Congeniality 2: Armed and Fabulous ,51252,English,USA,PG-13,45000000,2005,5,621
Color,Rob Bowman,101,43060566,Reign of Fire ,107859,English,USA,PG-13,60000000,2002,6.2,0
Color,Ruben Fleischer,113,45996718,Gangster Squad ,173530,English,USA,R,60000000,2013,6.7,40000
Color,Harold Ramis,100,43337279,Year One ,76770,English,USA,PG-13,60000000,2009,4.9,0
Color,Clint Eastwood,134,37479778,Invictus ,124222,English,USA,PG-13,60000000,2009,7.4,23000
Color,Kevin Macdonald,127,36965395,State of Play ,113295,English,USA,PG-13,,2009,7.1,0
Color,Tony Gilroy,125,40559930,Duplicity ,41727,English,USA,PG-13,60000000,2009,6.2,0
Color,Donald Petrie,94,36830057,My Favorite Martian ,10883,English,USA,PG,65000000,1999,4.9,448
Color,Clark Johnson,107,36279230,The Sentinel ,42144,English,USA,PG-13,60000000,2006,6.1,690
Color,Jorge Blanco,91,42194060,Planet 51 ,41259,English,Spain,PG,70000000,2009,6.1,0
Color,Stuart Baird,116,43119879,Star Trek: Nemesis ,58450,English,USA,PG-13,60000000,2002,6.4,0
Color,Joel Coen,100,35096190,Intolerable Cruelty ,76560,English,USA,PG-13,60000000,2003,6.3,0
Color,Robert Lorenz,111,35754555,Trouble with the Curve ,47954,English,USA,PG-13,,2012,6.8,11000
Color,Martin Campbell,117,43290977,Edge of Darkness ,75201,English,UK,R,80000000,2010,6.6,0
Color,Peter Hyams,110,33927476,The Relic ,19176,English,UK,R,40000000,1997,5.7,956
Color,Harold Ramis,96,32122249,Analyze That ,69319,English,USA,R,60000000,2002,5.9,846
Color,Jon Avnet,101,40076438,Righteous Kill ,73368,English,USA,R,60000000,2008,6,0
Color,Harold Becker,111,32940507,Mercury Rising ,54314,English,USA,R,60000000,1998,6.1,0
Color,Joe Wright,117,31670931,The Soloist ,44099,English,UK,PG-13,60000000,2009,6.7,0
Color,Robert Redford,126,30695227,The Legend of Bagger Vance ,45296,English,USA,PG-13,60000000,2000,6.7,0
Color,Cameron Crowe,152,32522352,Almost Famous ,207287,English,USA,R,60000000,2000,7.9,15000
Color,Tim Hill,86,28424210,Garfield 2 ,27517,English,UK,PG,,2006,5,470
Color,Lee Tamahori,101,26082914,xXx: State of the Union ,51349,English,USA,PG-13,87000000,2005,4.3,0
Color,Scott Stewart,87,29136626,Priest ,97089,English,USA,PG-13,60000000,2011,5.7,20000
Color,Patrick Gilmore,85,26288320,Sinbad: Legend of the Seven Seas ,36144,English,USA,PG,60000000,2003,6.7,880
Color,Paul W.S. Anderson,130,26616590,Event Horizon ,120416,English,UK,R,60000000,1997,6.7,10000
Color,Joss Whedon,173,623279547,The Avengers ,995415,English,USA,PG-13,220000000,2012,8.1,123000
Color,Tom Shadyac,104,30063805,Dragonfly ,31788,English,USA,PG-13,60000000,2002,6.1,0
Color,Brian De Palma,121,22518325,The Black Dahlia ,63363,English,Germany,R,50000000,2006,5.6,0
 Black and White,Tony Bill,140,13082288,Flyboys ,35565,English,UK,PG-13,60000000,2006,6.6,2000
Color,Rod Lurie,131,18208078,The Last Castle ,57100,English,USA,R,60000000,2001,6.9,0
Color,Walter Hill,91,14218868,Supernova ,14596,English,USA,PG-13,65000000,2000,4.8,589
Color,Akiva Goldsman,118,22451,Winter's Tale ,41288,English,USA,PG-13,60000000,2014,6.2,17000
Color,Harald Zwart,130,31165421,The Mortal Instruments: City of Bones ,107028,English,USA,PG-13,60000000,2013,6,44000
Color,Brian Robbins,90,11802056,Meet Dave ,31640,English,USA,PG,60000000,2008,4.9,791
Color,Walter Salles,103,25472967,Dark Water ,44966,English,USA,PG-13,30000000,2005,5.6,0
Color,Ron Howard,122,22362500,Edtv ,35599,English,USA,PG-13,55000000,1999,6.1,641
Color,Iain Softley,106,17281832,Inkheart ,60232,English,Germany,PG,60000000,2008,6.1,0
Color,Frank Miller,103,19781879,The Spirit ,53864,English,USA,PG-13,60000000,2008,4.8,2000
Color,David Koepp,107,7605668,Mortdecai ,47320,English,UK,R,60000000,2015,5.5,12000
Color,Uwe Boll,156,4535117,In the Name of the King: A Dungeon Siege Tale ,38398,English,Germany,PG-13,60000000,2007,3.8,0
Color,Martin Campbell,127,4426297,Beyond Borders ,22570,English,USA,R,35000000,2003,6.5,0
Color,Pou-Soi Cheang,119,,Xi you ji zhi: Sun Wukong san da Baigu Jing ,1212,English,China,,68005000,2016,6,426
 Black and White,John Dahl,132,10166502,The Great Raid ,18209,Filipino,USA,R,80000000,2005,6.7,0
Color,Tim Miller,108,363024263,Deadpool ,479047,English,USA,R,58000000,2016,8.1,117000
Color,Stephen Herek,114,12065985,Holy Man ,16260,English,USA,PG,60000000,1998,4.9,296
Color,Clint Eastwood,133,350123553,American Sniper ,325264,English,USA,R,58800000,2014,7.3,112000
Color,Rob Letterman,103,80021740,Goosebumps ,47968,English,USA,PG,58000000,2015,6.4,35000
Color,,22,,"Sabrina, the Teenage Witch             ",24420,English,USA,TV-G,3000000,,6.6,990
Color,Mark Waters,95,48291624,Just Like Heaven ,82819,English,USA,PG-13,58000000,2005,6.7,0
Color,Brian Levant,90,35231365,The Flintstones in Viva Rock Vegas ,15517,English,USA,PG,60000000,2000,3.6,500
Color,Peter MacDonald,87,53715611,Rambo III ,92106,English,USA,R,63000000,1988,5.7,2000
Color,George Clooney,114,31199215,Leatherheads ,27664,English,USA,PG-13,58000000,2008,6,472
Color,Frank Coraci,119,,The Ridiculous 6 ,27019,English,USA,TV-14,,2015,4.9,0
Color,Marc Lawrence,103,29580087,Did You Hear About the Morgans? ,29523,English,USA,PG-13,58000000,2009,4.7,0
Color,Shawn Levy,125,44665963,The Internship ,159931,English,USA,PG-13,58000000,2013,6.3,22000
Color,Paul W.S. Anderson,97,60128566,Resident Evil: Afterlife ,131447,English,Germany,R,60000000,2010,5.9,19000
Color,Anthony Hemingway,125,49875589,Red Tails ,28807,English,USA,PG-13,58000000,2012,5.9,0
Color,,30,,Sex and the City             ,80025,English,USA,TV-MA,,,7,0
Color,Taylor Hackford,136,60984028,The Devil's Advocate ,259519,English,USA,R,57000000,1997,7.5,11000
Color,Sean Anders,116,36931089,That's My Boy ,70681,English,USA,R,70000000,2012,5.6,12000
Color,Rob Cohen,103,51317350,DragonHeart ,78343,English,USA,PG-13,57000000,1996,6.4,0
Color,Brett Ratner,97,28328132,After the Sunset ,38298,English,USA,PG-13,58000000,2004,6.3,782
Color,Mark Neveldine,96,51774002,Ghost Rider: Spirit of Vengeance ,87745,English,USA,PG-13,57000000,2011,4.3,18000
Color,John Madden,131,25528495,Captain Corelli's Mandolin ,28099,English,UK,R,57000000,2001,5.9,0
Color,,22,,Anger Management             ,26992,English,USA,,,,6.7,0
Color,Adam Shankman,95,113006880,The Pacifier ,66308,English,Canada,PG,56000000,2005,5.5,0
Color,Kevin Bray,86,45860039,Walking Tall ,53118,English,USA,PG-13,56000000,2004,6.2,0
 Black and White,Robert Zemeckis,142,329691196,Forrest Gump ,1251222,English,USA,PG-13,55000000,1994,8.8,59000
Color,Tim Hill,92,217326336,Alvin and the Chipmunks ,57276,English,USA,PG,60000000,2007,5.2,0
Color,Jay Roach,108,166225040,Meet the Parents ,260442,English,USA,PG-13,55000000,2000,7,0
Color,Mike Gabriel,84,141600000,Pocahontas ,119675,English,USA,G,55000000,1995,6.6,0
Color,Richard Donner,188,134218018,Superman ,126357,English,USA,PG,55000000,1978,7.3,0
Color,Tom Shadyac,95,128769345,The Nutty Professor ,86556,English,USA,PG-13,54000000,1996,5.6,960
Color,Andy Tennant,118,177575142,Hitch ,244840,English,USA,PG-13,70000000,2005,6.6,0
Color,Sam Weisman,92,105263257,George of the Jungle ,56168,English,USA,PG,55000000,1997,5.4,5000
Color,Jesse Dylan,74,104354205,American Wedding ,162331,English,USA,R,55000000,2003,6.3,0
Color,Paul Greengrass,134,107100855,Captain Phillips ,323353,English,USA,PG-13,55000000,2013,7.9,65000
Color,Shawn Levy,101,98711404,Date Night ,127571,English,USA,PG-13,55000000,2010,6.3,0
Color,Brad Silberling,100,100328194,Casper ,85903,English,USA,PG,50000000,1995,6,0
Color,Antoine Fuqua,132,101530738,The Equalizer ,229574,English,USA,R,55000000,2014,7.2,56000
Color,Wayne Wang,105,93815117,Maid in Manhattan ,68417,English,USA,PG-13,55000000,2002,5.1,0
Color,Tony Scott,123,91400000,Crimson Tide ,81026,English,USA,R,53000000,1995,7.3,0
Color,Gabriele Muccino,117,162586036,The Pursuit of Happyness ,338383,English,USA,PG-13,55000000,2006,8,32000
Color,Robert Schwentke,98,89706988,Flightplan ,126746,English,USA,PG-13,55000000,2005,6.2,0
Color,Barry Levinson,128,83000000,Disclosure ,36587,English,USA,R,55000000,1994,6,0
Color,Brad Silberling,114,78745923,City of Angels ,94407,English,Germany,PG-13,55000000,1998,6.7,0
 Black and White,Quentin Tarantino,111,70098138,Kill Bill: Vol. 1 ,735784,English,USA,R,30000000,2003,8.1,13000
Color,Frank Oz,85,66365290,Bowfinger ,56874,English,USA,PG-13,55000000,1999,6.4,0
Color,,44,,Stargate SG-1             ,63982,English,USA,TV-14,1400000,,8.4,0
 Black and White,Quentin Tarantino,137,66207920,Kill Bill: Vol. 2 ,512749,English,USA,R,30000000,2004,8,0
Color,Andrey Konchalovskiy,97,63408614,Tango & Cash ,75365,English,USA,R,55000000,1989,6.3,0
Color,Robert Zemeckis,104,58422650,Death Becomes Her ,78974,English,USA,PG-13,55000000,1992,6.4,8000
Color,Tom Dey,110,56932305,Shanghai Noon ,96690,English,USA,PG-13,55000000,2000,6.6,0
Color,Stuart Baird,133,68750000,Executive Decision ,40858,English,USA,R,55000000,1996,6.4,0
Color,Mark Waters,94,68218041,Mr. Popper's Penguins ,67191,English,USA,PG,55000000,2011,6,14000
Color,Rob Minkoff,104,25040293,The Forbidden Kingdom ,88049,English,USA,PG-13,55000000,2008,6.6,0
Color,Jimmy Hayward,91,55747724,Free Birds ,18042,English,USA,PG,55000000,2013,5.9,0
Color,David Fincher,145,55473600,Alien 3 ,207686,English,USA,R,50000000,1992,6.4,0
Color,Alan Parker,135,49994804,Evita ,29205,English,USA,PG,55000000,1996,6.3,0
Color,John Frankenheimer,122,41609593,Ronin ,145422,English,UK,R,55000000,1998,7.3,0
Color,Stephen Hopkins,110,38553833,The Ghost and the Darkness ,46239,English,USA,R,55000000,1996,6.8,0
Color,Paul King,95,76137505,Paddington ,49207,English,UK,PG,55000000,2014,7.2,30000
Color,Akiva Schaffer,102,34350553,The Watch ,104066,English,USA,R,68000000,2012,5.7,15000
Color,William Friedkin,94,34238611,The Hunted ,35830,English,USA,R,55000000,2003,6,0
Color,Jon Turteltaub,126,34098563,Instinct ,27191,English,USA,R,55000000,1999,6.5,0
Color,Bobby Farrelly,118,33828318,Stuck on You ,44453,English,USA,PG-13,55000000,2003,5.8,0
Color,Kent Alterman,99,33472850,Semi-Pro ,67005,English,USA,R,55000000,2008,5.8,0
Color,Peter Lord,88,31051126,The Pirates! Band of Misfits ,36877,English,UK,PG,55000000,2012,6.7,0
Color,Clint Eastwood,141,35707327,Changeling ,199056,English,USA,R,55000000,2008,7.8,14000
Color,Andrew Davis,107,20550712,Chain Reaction ,40346,English,USA,PG-13,50000000,1996,5.6,1000
Color,Tony Scott,116,18573791,The Fan ,38533,English,USA,R,55000000,1996,5.8,0
 Black and White,Joel Schumacher,143,51225796,The Phantom of the Opera ,96654,English,UK,PG-13,70000000,2004,7.4,0
Color,Shekhar Kapur,114,16264475,Elizabeth: The Golden Age ,54787,English,UK,PG-13,55000000,2007,6.9,0
Color,Karyn Kusama,93,25857987,Æon Flux ,110614,English,USA,PG-13,62000000,2005,5.5,0
Color,Ron Maxwell,280,12870569,Gods and Generals ,13215,English,USA,PG-13,56000000,2003,6.3,953
Color,Robert Butler,100,11466088,Turbulence ,8983,English,USA,R,71000000,1997,4.7,316
Color,Karey Kirkpatrick,107,16088610,Imagine That ,10417,English,USA,PG,55000000,2009,5.6,610
Color,James Bobin,119,51178893,Muppets Most Wanted ,24285,English,USA,PG,50000000,2014,6.4,10000
Color,Jonathan Frakes,95,6768055,Thunderbirds ,11148,English,UK,PG,57000000,2004,4.2,437
Color,Steve Antin,119,39440655,Burlesque ,61680,English,USA,PG-13,55000000,2010,6.4,19000
Color,Jean-Pierre Jeunet,133,6167817,A Very Long Engagement ,62607,French,France,R,47000000,2004,7.7,0
 Black and White,Stanley Kubrick,152,,Lolita ,67822,English,UK,Not Rated,2000000,1962,7.7,0
Color,Jim Gillespie,96,,Eye See You ,19706,English,USA,R,55000000,2002,5.3,448
Color,Guillermo del Toro,117,81645152,Blade II ,158267,English,USA,R,54000000,2002,6.7,0
Color,Gabriele Muccino,123,69951824,Seven Pounds ,232710,English,USA,PG-13,55000000,2008,7.7,26000
Color,Walter Hill,92,9483821,Bullet to the Head ,39247,English,USA,R,55000000,2012,5.7,10000
Color,Francis Ford Coppola,170,66676062,The Godfather: Part III ,267980,English,USA,R,54000000,1990,7.6,0
Color,Cameron Crowe,123,26838389,Elizabethtown ,58658,English,USA,PG-13,57000000,2005,6.4,0
Color,Anthony Russo,110,75604320,"You, Me and Dupree ",68417,English,USA,PG-13,54000000,2006,5.6,0
Color,Richard Lester,116,108200000,Superman II ,76331,English,USA,PG,54000000,1980,6.8,0
Color,Martin Brest,121,5660084,Gigli ,41620,English,USA,R,54000000,2003,2.4,2000
 Black and White,Steven Zaillian,128,7221458,All the King's Men ,20740,English,Germany,PG-13,55000000,2006,6.2,0
Color,John Singleton,99,70327868,Shaft ,58416,English,Germany,R,46000000,2000,5.9,0
Color,Don Bluth,94,58297830,Anastasia ,86347,English,USA,G,50000000,1997,7.1,0
 Black and White,Baz Luhrmann,127,57386369,Moulin Rouge! ,224013,English,USA,PG-13,52500000,2001,7.6,10000
Color,Harold Becker,89,45207112,Domestic Disturbance ,21283,English,USA,PG-13,53000000,2001,5.5,361
Color,Scott Cooper,123,62563543,Black Mass ,115216,English,USA,R,53000000,2015,7,44000
Color,Clint Eastwood,135,33574332,Flags of Our Fathers ,101221,English,USA,R,90000000,2006,7.1,0
Color,F. Gary Gray,118,73343413,Law Abiding Citizen ,217480,English,USA,R,50000000,2009,7.4,21000
Color,Robert Rodriguez,189,25031037,Grindhouse ,155496,English,USA,R,53000000,2007,7.6,0
Color,Jonathan Demme,172,22843047,Beloved ,6082,English,USA,R,55000000,1998,5.9,853
Color,Curtis Hanson,124,5755286,Lucky You ,18310,English,USA,PG-13,55000000,2007,5.9,672
Color,Steven Spielberg,141,164435221,Catch Me If You Can ,525801,English,USA,PG-13,52000000,2002,8,15000
Color,Kathryn Bigelow,157,95720716,Zero Dark Thirty ,216032,English,USA,R,40000000,2012,7.4,39000
Color,Peyton Reed,106,118683135,The Break-Up ,102167,English,USA,PG-13,52000000,2006,5.8,0
Color,Phyllida Lloyd,108,143704210,Mamma Mia! ,145974,English,USA,PG-13,52000000,2008,6.3,10000
Color,Garry Marshall,125,110476776,Valentine's Day ,95437,English,USA,PG-13,52000000,2010,5.7,9000
Color,Jay Chandrasekhar,107,80270227,The Dukes of Hazzard ,66382,English,USA,PG-13,50000000,2005,5.1,0
Color,Terrence Malick,215,36385763,The Thin Red Line ,138941,English,USA,R,52000000,1998,7.6,0
Color,David Dobkin,118,37035845,The Change-Up ,136680,English,USA,R,52000000,2011,6.4,13000
Color,Milos Forman,118,34580635,Man on the Moon ,100743,English,UK,R,52000000,1999,7.4,0
Color,Martin Scorsese,178,42438300,Casino ,333542,English,USA,R,52000000,1995,8.2,11000
Color,Pierre Morel,92,23324666,From Paris with Love ,97775,English,France,R,52000000,2010,6.5,0
Color,Paul Hunter,104,23020488,Bulletproof Monk ,42324,English,USA,PG-13,52000000,2003,5.5,846
Color,Bobby Farrelly,116,90567722,"Me, Myself & Irene ",185878,English,USA,R,51000000,2000,6.5,0
Color,Steve Oedekerk,90,72601713,Barnyard ,21396,English,Germany,PG,51000000,2006,5.6,605
Color,John Whitesell,93,35092918,Deck the Halls ,15740,English,USA,PG,,2006,4.9,1000
Color,Chris Weitz,130,296623634,The Twilight Saga: New Moon ,220758,English,USA,PG-13,50000000,2009,4.6,13000
Color,Andrew Adamson,90,267652016,Shrek ,467113,English,USA,PG,60000000,2001,7.9,0
Color,George Nolfi,106,62453315,The Adjustment Bureau ,200035,English,USA,PG-13,50200000,2011,7.1,36000
Color,Kevin Reynolds,155,165500000,Robin Hood: Prince of Thieves ,145257,English,USA,PG-13,48000000,1991,6.9,0
Color,Cameron Crowe,139,153620822,Jerry Maguire ,189923,English,USA,R,50000000,1996,7.3,0
Color,Seth MacFarlane,112,218628680,Ted ,471644,English,USA,R,50000000,2012,7,74000
Color,James L. Brooks,139,147637474,As Good as It Gets ,224671,English,USA,PG-13,50000000,1997,7.7,11000
Color,Tom Shadyac,115,135014968,Patch Adams ,80580,English,USA,PG-13,50000000,1998,6.7,0
Color,Adam McKay,143,2175312,Anchorman 2: The Legend Continues ,131227,English,USA,PG-13,50000000,2013,6.3,41000
Color,Steven Brill,96,126203320,Mr. Deeds ,110432,English,USA,PG-13,50000000,2002,5.8,0
Color,J.J. Abrams,112,126975169,Super 8 ,287822,English,USA,PG-13,50000000,2011,7.1,37000
Color,Steven Soderbergh,131,125548685,Erin Brockovich ,135246,English,USA,R,52000000,2000,7.3,0
Color,Donald Petrie,116,105807520,How to Lose a Guy in 10 Days ,156717,English,USA,PG-13,50000000,2003,6.4,0
Color,Phil Lord,112,191616238,22 Jump Street ,258186,English,USA,R,50000000,2014,7.1,24000
Color,Neil Jordan,123,105264608,Interview with the Vampire: The Vampire Chronicles ,239752,English,USA,R,60000000,1994,7.6,11000
Color,Peyton Reed,104,97680195,Yes Man ,271691,English,USA,PG-13,70000000,2008,6.8,0
Color,Rawson Marshall Thurber,107,126088877,Central Intelligence ,33354,English,USA,PG-13,50000000,2016,6.6,10000
Color,Chris Columbus,124,91030827,Stepmom ,46482,English,USA,PG-13,50000000,1998,6.7,0
Color,Sean Anders,96,150315155,Daddy's Home ,54010,English,USA,PG-13,50000000,2015,6.1,13000
Color,Rob Marshall,125,127997349,Into the Woods ,101178,English,USA,PG,50000000,2014,6,90000
Color,Spike Lee,129,88504640,Inside Man ,273108,English,USA,R,45000000,2006,7.6,0
Color,Brian Helgeland,90,81517441,Payback ,111368,English,USA,R,50000000,1999,7.1,0
Color,Frank Marshall,109,81022333,Congo ,34471,English,USA,PG-13,50000000,1995,5,0
Color,Cameron Crowe,124,75621915,We Bought a Zoo ,111003,English,USA,PG,,2011,7.1,22000
Color,Alex Proyas,121,79948113,Knowing ,186879,English,USA,PG-13,50000000,2009,6.2,0
Color,Tom Dey,95,88658172,Failure to Launch ,58412,English,USA,PG-13,50000000,2006,5.6,2000
Color,Hideo Nakata,128,75888270,The Ring Two ,71153,English,USA,PG-13,,2005,5.4,0
Color,Glenn Ficarra,118,84244877,"Crazy, Stupid, Love. ",375456,English,USA,PG-13,50000000,2011,7.4,44000
Color,Peter Hewitt,80,75367693,Garfield ,58961,English,USA,PG,35000000,2004,5,795
Color,Joe Roth,99,73701902,Christmas with the Kranks ,27548,English,USA,PG,60000000,2004,5.2,0
Color,Bennett Miller,133,75605492,Moneyball ,283563,English,USA,PG-13,50000000,2011,7.6,27000
Color,Wolfgang Petersen,127,67823573,Outbreak ,91176,English,USA,R,50000000,1995,6.6,0
Color,Jaume Collet-Serra,106,91439400,Non-Stop ,200647,English,UK,PG-13,50000000,2014,7,24000
Color,Andy Fickman,98,67128202,Race to Witch Mountain ,43328,English,USA,PG,65000000,2009,5.7,0
Color,James McTeigue,132,70496802,V for Vendetta ,791783,English,USA,R,54000000,2005,8.2,48000
Color,David Dobkin,114,60470220,Shanghai Knights ,81444,English,USA,PG-13,50000000,2003,6.2,955
Color,,45,,Unforgotten             ,1824,English,UK,,,,7.9,0
Color,Matthew O'Callaghan,78,58336565,Curious George ,12845,English,USA,G,50000000,2006,6.6,624
Color,Angela Robinson,101,66002004,Herbie Fully Loaded ,36431,English,USA,G,50000000,2005,4.7,1000
Color,Gary Fleder,113,54997476,Don't Say a Word ,40362,English,USA,R,50000000,2001,6.3,970
Color,Tommy Wirkola,98,55682070,Hansel & Gretel: Witch Hunters ,159868,English,Germany,R,50000000,2013,6.1,45000
Color,Adrian Lyne,124,52752475,Unfaithful ,63067,English,USA,R,50000000,2002,6.7,0
Color,D.J. Caruso,109,55092830,I Am Number Four ,195043,English,USA,PG-13,60000000,2011,6.1,27000
Color,Stephen Gaghan,128,50815288,Syriana ,109188,English,USA,R,50000000,2005,7,0
Color,Michael Bay,144,52822418,13 Hours ,47764,English,USA,R,50000000,2016,7.4,44000
Color,Jorge R. Gutiérrez,95,50150619,The Book of Life ,45580,English,USA,PG,50000000,2014,7.3,18000
Color,Richard Loncraine,105,48745150,Firewall ,50170,English,USA,PG-13,50000000,2006,5.8,773
Color,Clint Eastwood,121,50007168,Absolute Power ,39529,English,USA,R,50000000,1997,6.7,1000
Color,Ridley Scott,125,48154732,G.I. Jane ,60326,English,USA,R,50000000,1997,5.8,2000
Color,David Fincher,129,48265581,The Game ,261069,English,USA,R,50000000,1997,7.8,25000
Color,Christophe Gans,132,46982632,Silent Hill ,172792,English,Canada,R,50000000,2006,6.6,0
Color,Howard Deutch,118,44737059,The Replacements ,48322,English,USA,PG-13,50000000,2000,6.5,0
Color,Jon Hurwitz,113,56724080,American Reunion ,172112,English,USA,R,50000000,2012,6.7,39000
Color,F. Gary Gray,140,44484065,The Negotiator ,107227,English,Germany,R,50000000,1998,7.3,3000
Color,Steven Quale,89,47553512,Into the Storm ,54101,English,USA,PG-13,50000000,2014,5.8,15000
Color,John Landis,104,42610000,Beverly Hills Cop III ,60293,English,USA,R,55000000,1994,5.5,669
Color,Joe Dante,106,41482207,Gremlins 2: The New Batch ,68428,English,USA,PG-13,50000000,1990,6.3,0
Color,David Dobkin,141,47105085,The Judge ,136973,English,USA,R,50000000,2014,7.4,47000
Color,Mimi Leder,124,41256277,The Peacemaker ,46451,English,USA,R,50000000,1997,5.9,0
Color,Alexander Witt,98,50740078,Resident Evil: Apocalypse ,151580,English,Germany,R,45000000,2004,6.2,0
Color,Beeban Kidron,108,40203020,Bridget Jones: The Edge of Reason ,74315,English,UK,R,40000000,2004,5.9,0
Color,Carl Franklin,114,40905277,Out of Time ,45895,English,USA,R,50000000,2003,6.5,1000
Color,Steven Seagal,101,38590500,On Deadly Ground ,17997,English,USA,R,50000000,1994,4.4,812
Color,Robert Rodriguez,93,39177541,The Adventures of Sharkboy and Lavagirl 3-D ,20310,English,USA,PG,50000000,2005,3.5,0
Color,Danny Boyle,119,39778599,The Beach ,176169,English,USA,R,50000000,2000,6.6,0
Color,Garry Marshall,119,37486138,Raising Helen ,30890,English,USA,PG-13,50000000,2004,6,718
Color,James McTeigue,99,38105077,Ninja Assassin ,58349,English,USA,R,40000000,2009,6.4,0
Color,Sam Raimi,137,35168395,For Love of the Game ,26034,English,USA,PG-13,50000000,1999,6.5,0
Color,,105,,A Touch of Frost             ,4438,English,UK,,,,7.8,361
Color,Andrew Bergman,117,32800000,Striptease ,34896,English,USA,R,40000000,1996,4.3,877
Color,Tom Dey,87,33643461,Marmaduke ,11257,English,USA,PG,50000000,2010,4.2,0
Color,Clint Eastwood,129,32741596,Hereafter ,80140,English,USA,PG-13,50000000,2010,6.5,16000
Color,Barbet Schroeder,115,31874869,Murder by Numbers ,43574,English,USA,R,50000000,2002,6.1,0
 Black and White,Richard Donner,132,30306268,Assassins ,62981,English,France,R,50000000,1995,6.3,0
Color,Peter Webber,131,27667947,Hannibal Rising ,86374,English,UK,R,50000000,2007,6.2,3000
Color,Rob Reiner,95,27067160,The Story of Us ,18404,English,USA,R,50000000,1999,5.9,0
Color,Andrew Niccol,125,26616999,The Host ,92461,English,USA,PG-13,40000000,2013,5.9,43000
Color,John McTiernan,98,26536120,Basic ,49926,English,Germany,R,50000000,2003,6.5,0
Color,Clint Eastwood,110,26199517,Blood Work ,34356,English,USA,R,50000000,2002,6.4,705
Color,Tom Tykwer,118,25450527,The International ,80196,English,USA,R,50000000,2009,6.5,0
Color,John Carpenter,101,25407250,Escape from L.A. ,54021,English,USA,R,50000000,1996,5.7,0
Color,,60,,Twisted             ,7945,English,USA,,,,7.5,915
Color,Brad Bird,90,23159305,The Iron Giant ,128455,English,USA,PG,70000000,1999,8,0
Color,Wes Anderson,119,24006726,The Life Aquatic with Steve Zissou ,139535,English,USA,R,50000000,2004,7.3,0
Color,Gary Ross,139,20389967,Free State of Jones ,3077,English,USA,R,50000000,2016,6.7,10000
Color,Alan Parker,130,19593740,The Life of David Gale ,88270,English,USA,R,50000000,2003,7.5,0
Color,Stephen Herek,100,19118247,Man of the House ,19829,English,USA,PG-13,40000000,2005,5.4,779
Color,Jaume Collet-Serra,114,26442251,Run All Night ,76010,English,USA,R,50000000,2015,6.6,15000
Color,David Cronenberg,96,17114882,Eastern Promises ,189249,English,USA,R,25000000,2007,7.7,0
Color,John Stockwell,110,18472363,Into the Blue ,63599,English,USA,PG-13,50000000,2005,5.8,0
Color,Luc Besson,158,14131298,The Messenger: The Story of Joan of Arc ,55889,English,France,R,390000000,1999,6.4,0
Color,David Gordon Green,102,21557240,Your Highness ,85237,English,USA,R,49900000,2011,5.6,18000
Color,Jim Sheridan,84,21283440,Dream House ,46239,English,USA,PG-13,55000000,2011,6,0
Color,Costa-Gavras,115,10556196,Mad City ,16562,English,USA,PG-13,50000000,1997,6.2,697
Color,Patrick Read Johnson,99,16671505,Baby's Day Out ,33186,English,USA,PG,50000000,1994,5.9,0
Color,Roland Joffé,135,10400000,The Scarlet Letter ,12037,English,USA,R,50000000,1995,5.1,943
Color,Doug Liman,108,9528092,Fair Game ,38513,English,USA,PG-13,22000000,2010,6.8,9000
Color,,43,,Defiance             ,33535,English,USA,TV-MA,,,7,0
Color,Tony Scott,127,10137232,Domino ,58015,English,France,R,50000000,2005,6,0
Color,William Friedkin,107,9795017,Jade ,9227,English,USA,R,50000000,1995,5.1,422
Color,Mark Neveldine,95,20488579,Gamer ,113483,English,USA,R,50000000,2009,5.8,0
Color,Richard LaGravenese,124,19445217,Beautiful Creatures ,67796,English,USA,PG-13,60000000,2013,6.2,14000
Color,Danny DeVito,109,8355815,Death to Smoochy ,34730,English,UK,R,55000000,2002,6.4,0
Color,Ben Stiller,102,28837115,Zoolander 2 ,34964,English,USA,PG-13,50000000,2016,4.8,28000
Color,George Armitage,88,6471394,The Big Bounce ,15880,English,USA,PG-13,50000000,2004,4.9,288
Color,Mike Nichols,87,6291602,What Planet Are You From? ,8070,English,USA,R,50000000,2000,5.6,255
Color,Patrick Lussier,104,10706786,Drive Angry ,81800,English,USA,R,50000000,2011,5.5,15000
Color,Andrzej Bartkowiak,96,8742261,Street Fighter: The Legend of Chun-Li ,19824,English,Canada,PG-13,18000000,2009,3.7,0
Color,James Wong,85,43905746,The One ,77684,English,USA,PG-13,49000000,2001,5.9,0
Color,,64,,Outlander             ,50391,English,USA,TV-MA,,,8.5,31000
Color,Renny Harlin,104,21413502,The Adventures of Ford Fairlane ,14429,English,USA,R,40000000,1990,6.3,2000
Color,Richard Curtis,135,7994115,Pirate Radio ,90932,English,UK,R,,2009,7.4,21000
Color,Steven Soderbergh,190,124107476,Traffic ,170684,English,USA,R,48000000,2000,7.6,0
Color,Steven Spielberg,127,197171806,Indiana Jones and the Last Crusade ,515306,English,USA,PG-13,48000000,1989,8.3,0
Color,Joe Wright,129,12802907,Anna Karenina ,70886,English,UK,R,,2012,6.6,36000
Color,Neill Blomkamp,120,31569268,Chappie ,172965,English,USA,R,49000000,2015,6.9,67000
Color,Phillip Noyce,118,66488090,The Bone Collector ,120202,English,USA,R,48000000,1999,6.7,0
Color,David Fincher,112,95308367,Panic Room ,206104,English,USA,R,48000000,2002,6.8,0
Color,Chuck Bowman,89,,The Tooth Fairy ,1263,English,USA,,1500000,2006,4.6,352
Color,David O. Russell,114,60652036,Three Kings ,137854,English,USA,R,48000000,1999,7.1,3000
Color,Daniel Espinosa,137,1206135,Child 44 ,40568,English,Czech Republic,R,50000000,2015,6.4,18000
Color,Jerry Zucker,112,56607223,Rat Race ,93367,English,Canada,PG-13,48000000,2001,6.4,0
Color,Iain Softley,120,50173190,K-PAX ,148490,English,USA,PG-13,48000000,2001,7.4,0
Color,James Mangold,123,47095453,Kate & Leopold ,64595,English,USA,PG-13,48000000,2001,6.4,0
Color,Harold Ramis,93,37879996,Bedazzled ,81888,English,USA,PG-13,48000000,2000,6,0
Color,Francis Ford Coppola,123,25900000,The Cotton Club ,12771,English,USA,R,58000000,1984,6.5,828
Color,James Mangold,122,53574088,3:10 to Yuma ,237872,English,USA,R,55000000,2007,7.8,0
Color,Olivier Megaton,115,89253340,Taken 3 ,133436,English,France,PG-13,48000000,2014,6,38000
Color,Steven Soderbergh,123,37339525,Out of Sight ,71708,English,USA,R,48000000,1998,7,0
Color,Ben Stiller,96,60154431,The Cable Guy ,122347,English,USA,PG-13,47000000,1996,6,0
Color,Deepa Mehta,110,528972,Earth ,5639,Hindi,India,Unrated,,1998,7.8,522
Color,Warren Beatty,105,103738726,Dick Tracy ,47819,English,USA,PG,100000000,1990,6.1,2000
Color,John McTiernan,113,69304264,The Thomas Crown Affair ,73068,English,USA,R,48000000,1999,6.8,0
Color,Penny Marshall,132,29781453,Riding in Cars with Boys ,22447,English,USA,PG-13,48000000,2001,6.4,0
Color,Ted Kotcheff,93,,First Blood ,172489,English,USA,R,14000000,1982,7.7,0
 Black and White,Andrei Tarkovsky,115,,Solaris ,54057,Russian,Soviet Union,PG,1000000,1972,8.1,0
Color,Paul Bolger,75,15519841,Happily N'Ever After ,8693,English,USA,PG,47000000,2006,4.5,261
Color,Stephen Frears,108,5600000,Mary Reilly ,11913,English,USA,R,47000000,1996,5.8,616
Color,P.J. Hogan,105,126805112,My Best Friend's Wedding ,98199,English,USA,PG-13,46000000,1997,6.3,0
Color,Joe Roth,102,93607673,America's Sweethearts ,47573,English,USA,PG-13,48000000,2001,5.7,881
Color,Christopher Nolan,118,67263182,Insomnia ,218771,English,USA,R,46000000,2002,7.2,0
Color,Jonathan Frakes,111,92001027,Star Trek: First Contact ,97838,English,USA,PG-13,45000000,1996,7.6,3000
Color,Jimmy Hayward,81,10539414,Jonah Hex ,45729,English,USA,PG-13,47000000,2010,4.7,0
Color,Edward Zwick,116,58918501,Courage Under Fire ,40126,English,USA,R,46000000,1996,6.6,975
Color,Tom Shadyac,86,181395380,Liar Liar ,220392,English,USA,PG-13,45000000,1997,6.8,0
Color,Brad Furman,127,14946229,The Infiltrator ,2581,English,UK,R,25000000,2016,7.3,0
Color,Terence Young,140,,Inchon ,491,English,South Korea,PG,48000000,1981,2.7,115
Color,Brian Levant,91,130512915,The Flintstones ,60884,English,USA,PG,45000000,1994,4.8,0
Color,Olivier Megaton,98,139852971,Taken 2 ,238671,English,France,PG-13,45000000,2012,6.3,63000
Color,David Zucker,84,110000082,Scary Movie 3 ,111526,English,USA,PG-13,48000000,2003,5.5,0
Color,Donald Petrie,109,106807667,Miss Congeniality ,137377,English,USA,PG-13,45000000,2000,6.2,0
Color,Eric Brevig,93,101702060,Journey to the Center of the Earth ,85323,English,USA,PG,45000000,2008,5.8,0
Color,Garry Marshall,113,95149435,The Princess Diaries 2: Royal Engagement ,53687,English,USA,G,40000000,2004,5.7,1000
Color,Alan J. Pakula,141,100768056,The Pelican Brief ,59569,English,USA,PG-13,45000000,1993,6.5,0
Color,Joel Schumacher,119,92115211,The Client ,45798,English,USA,PG-13,45000000,1994,6.7,1000
Color,Rob Reiner,97,93452056,The Bucket List ,184795,English,USA,PG-13,45000000,2007,7.4,22000
Color,Phillip Noyce,117,83287363,Patriot Games ,81442,English,USA,R,45000000,1992,6.9,0
Color,Robert Luketic,101,82931301,Monster-in-Law ,43358,English,Germany,PG-13,60000000,2005,5.5,0
Color,Denis Villeneuve,153,60962878,Prisoners ,383591,English,USA,R,46000000,2013,8.1,86000
Color,Antoine Fuqua,122,76261036,Training Day ,305929,English,USA,R,45000000,2001,7.7,0
Color,Dean Parisot,102,71423726,Galaxy Quest ,123558,English,USA,PG,45000000,1999,7.3,19000
Color,Keenen Ivory Wayans,83,71277420,Scary Movie 2 ,119590,English,USA,R,45000000,2001,5.2,0
Color,James Bobin,103,88625922,The Muppets ,75176,English,USA,PG,45000000,2011,7.1,26000
Color,Stephen Norrington,110,70001065,Blade ,191437,English,USA,R,45000000,1998,7.1,0
Color,Thomas Carter,136,67253092,Coach Carter ,92702,English,USA,PG-13,30000000,2005,7.2,0
Color,Roger Michell,91,66790248,Changing Lanes ,57281,English,USA,R,45000000,2002,6.5,0
Color,Luis Llosa,89,65557989,Anaconda ,73539,English,USA,PG-13,45000000,1997,4.6,0
Color,David McNally,107,60786269,Coyote Ugly ,90539,English,USA,PG-13,45000000,2000,5.6,0
Color,Richard Curtis,129,59365105,Love Actually ,318634,English,UK,R,45000000,2003,7.7,52000
Color,John Lasseter,95,162792677,A Bug's Life ,211226,English,USA,G,120000000,1998,7.2,0
Color,Albert Hughes,122,31598308,From Hell ,124765,English,USA,R,35000000,2001,6.8,0
Color,Luis Llosa,110,57362581,The Specialist ,50148,English,Peru,R,45000000,1994,5.4,0
Color,Ron Shelton,135,53854588,Tin Cup ,37911,English,USA,R,45000000,1996,6.3,1000
Color,Melville Shavelson,111,,"Yours, Mine and Ours ",5888,English,USA,Unrated,2500000,1968,7.2,0
Color,Jesse Dylan,95,52580895,Kicking & Screaming ,30255,English,USA,PG,45000000,2005,5.6,743
Color,Garth Jennings,109,51019112,The Hitchhiker's Guide to the Galaxy ,155745,English,USA,PG,50000000,2005,6.8,10000
Color,Joel Zwick,93,48114556,Fat Albert ,9380,English,USA,PG,26000000,2004,4.3,531
Color,Russell Mulcahy,94,50648679,Resident Evil: Extinction ,149549,English,France,R,45000000,2007,6.3,0
Color,Frank Coraci,117,46280507,Blended ,87165,English,USA,PG-13,40000000,2014,6.5,12000
Color,Wayne Wang,112,38360195,Last Holiday ,21215,English,USA,PG-13,45000000,2006,6.4,0
Color,Curtis Hanson,111,46815748,The River Wild ,32544,English,USA,PG-13,45000000,1994,6.3,0
Color,Frank Oz,96,35617599,The Indian in the Cupboard ,20688,English,USA,PG,45000000,1995,5.9,0
 Black and White,Oliver Stone,141,47307550,Savages ,104301,English,USA,R,45000000,2012,6.5,28000
Color,David R. Ellis,94,32003620,Cellular ,79141,English,USA,PG-13,25000000,2004,6.5,2000
Color,Peter Howitt,87,27972410,Johnny English ,114692,English,UK,PG,35000000,2003,6.1,2000
Color,John A. Davis,88,28133159,The Ant Bully ,30055,English,USA,PG,50000000,2006,5.9,593
Color,David Lynch,177,27400000,Dune ,97087,English,USA,PG-13,40000000,1984,6.6,11000
Color,Julie Taymor,133,24343673,Across the Universe ,91860,English,USA,PG-13,45000000,2007,7.4,14000
Color,Sam Mendes,119,22877808,Revolutionary Road ,152591,English,USA,R,35000000,2008,7.3,0
Color,Richard Donner,102,36883539,16 Blocks ,112769,English,Germany,PG-13,52000000,2006,6.6,0
Color,Mathieu Kassovitz,101,22531698,Babylon A.D. ,81523,English,France,PG-13,70000000,2008,5.6,0
Color,John Gray,91,20400913,The Glimmer Man ,15455,English,USA,R,45000000,1996,5.3,451
Color,Harold Ramis,117,20101861,Multiplicity ,24757,English,USA,PG-13,45000000,1996,6,0
Color,John Schultz,86,25200412,Aliens in the Attic ,16580,English,USA,PG,45000000,2009,5.4,916
Color,Sean Penn,124,19719930,The Pledge ,42621,English,USA,R,45000000,2001,6.8,0
Color,Susan Stroman,134,19377727,The Producers ,35140,English,USA,PG-13,45000000,2005,6.4,0
Color,Pete Travis,95,13401683,Dredd ,203461,English,UK,R,35000000,2012,7.1,46000
Color,Simon Wincer,100,17300889,The Phantom ,27648,English,Australia,PG,45000000,1996,4.9,0
Color,Billy Bob Thornton,220,15527125,All the Pretty Horses ,11388,English,USA,PG-13,57000000,2000,5.8,652
 Black and White,Oliver Stone,212,13560960,Nixon ,23996,English,USA,R,50000000,1995,7.1,915
Color,Roman Polanski,128,15523168,The Ghost Writer ,132423,English,France,PG-13,45000000,2010,7.2,15000
Color,Stephen Sommers,106,11146409,Deep Rising ,26551,English,USA,R,45000000,1998,6,0
Color,Spike Lee,160,7916887,Miracle at St. Anna ,15697,English,USA,R,45000000,2008,6,0
Color,Yimou Zhang,114,6565495,Curse of the Golden Flower ,36455,Mandarin,China,R,45000000,2006,7,0
Color,Danny Pang,99,15279680,Bangkok Dangerous ,48245,English,USA,R,40000000,2008,5.4,0
Color,Barry Sonnenfeld,74,7262288,Big Trouble ,17307,English,USA,PG-13,40000000,2002,6.5,892
Color,Mike Newell,139,4584886,Love in the Time of Cholera ,19114,English,USA,R,45000000,2007,6.4,0
Color,,52,,The Returned             ,15762,French,France,TV-MA,,,8.3,17000
Color,George P. Cosmatos,103,2154540,Shadow Conspiracy ,3803,English,USA,R,45000000,1997,4.9,68
Color,Oliver Parker,101,8129455,Johnny English Reborn ,89568,English,USA,PG,45000000,2011,6.3,17000
Color,Lawrence Kasanoff,91,,Foodfight! ,4377,English,USA,PG,65000000,2012,1.7,0
Color,Ben Affleck,130,136019448,Argo ,452465,English,USA,R,44500000,2012,7.7,89000
Color,Andrew Davis,130,183875760,The Fugitive ,213668,English,USA,PG-13,44000000,1993,7.8,0
Color,Andy Tennant,110,67061228,The Bounty Hunter ,96565,English,USA,PG-13,40000000,2010,5.5,0
 Black and White,Barry Levinson,147,53300852,Sleepers ,154487,English,USA,R,44000000,1996,7.5,0
Color,George P. Cosmatos,96,150415432,Rambo: First Blood Part II ,117606,English,USA,R,44000000,1985,6.4,0
Color,Brian Gibson,118,44834712,The Juror ,13995,English,USA,R,44000000,1996,5.6,353
Color,Norman Ferguson,88,84300000,Pinocchio ,90360,English,USA,Approved,2600000,1940,7.5,0
Color,Michael Cimino,325,1500000,Heaven's Gate ,9830,English,USA,R,44000000,1980,6.8,1000
Color,Len Wiseman,102,62318875,Underworld: Evolution ,156225,English,USA,R,50000000,2006,6.8,0
Color,Paul McGuigan,110,5773519,Victor Frankenstein ,28618,English,USA,PG-13,40000000,2015,6,11000
Color,Gus Van Sant,136,51768623,Finding Forrester ,73006,English,USA,PG-13,43000000,2000,7.3,0
Color,Betty Thomas,103,37035515,28 Days ,34597,English,USA,PG-13,43000000,2000,6,0
Color,Louis Leterrier,103,24520892,Unleashed ,85198,English,France,R,45000000,2005,7,0
Color,Roger Kumble,90,24430272,The Sweetest Thing ,46158,English,USA,R,43000000,2002,5.1,0
Color,Sydney Pollack,154,158348400,The Firm ,88844,English,USA,R,42000000,1993,6.8,0
Color,Burr Steers,99,31136950,Charlie St. Cloud ,47364,English,USA,PG-13,44000000,2010,6.5,0
Color,Simon West,93,29113588,The Mechanic ,117999,English,USA,R,40000000,2011,6.6,16000
Color,Phil Lord,109,138447667,21 Jump Street ,408302,English,USA,R,42000000,2012,7.2,39000
Color,Roger Michell,124,116006080,Notting Hill ,203269,English,UK,PG-13,42000000,1999,7,11000
Color,Peter Lord,84,106793915,Chicken Run ,140499,English,UK,G,45000000,2000,7,0
Color,John Hamburg,90,87856565,Along Came Polly ,106909,English,USA,PG-13,42000000,2004,5.9,0
Color,Reginald Hudlin,117,70100000,Boomerang ,20183,English,USA,R,40000000,1992,5.4,0
Color,Paul Feig,123,159578352,The Heat ,133177,English,USA,R,43000000,2013,6.6,24000
Color,Joseph L. Mankiewicz,251,57750000,Cleopatra ,21554,English,UK,Approved,31115000,1963,7,0
Color,Frank Coraci,105,45290318,Here Comes the Boom ,74169,English,USA,PG,42000000,2012,6.5,17000
Color,Carl Franklin,115,41543207,High Crimes ,30077,English,USA,PG-13,42000000,2002,6.3,893
Color,Barbra Streisand,122,41252428,The Mirror Has Two Faces ,11453,English,USA,PG-13,42000000,1996,6.5,0
Color,Mark Pellington,119,35228696,The Mothman Prophecies ,63677,English,USA,PG-13,32000000,2002,6.5,0
Color,Larry Charles,81,59992760,Brüno ,119622,English,USA,R,42000000,2009,5.8,0
Color,John Glen,133,34667015,Licence to Kill ,74009,English,UK,PG-13,32000000,1989,6.6,0
Color,Catherine Hardwicke,100,37652565,Red Riding Hood ,91151,English,USA,PG-13,42000000,2011,5.4,20000
Color,John Herzfeld,120,24375436,15 Minutes ,42547,English,USA,R,42000000,2001,6.1,748
Color,Annabel Jankel,104,20915465,Super Mario Bros. ,38203,English,UK,PG,42000000,1993,4,0
Color,Andrew Niccol,122,24127895,Lord of War ,248123,English,USA,R,50000000,2005,7.6,10000
 Black and White,Yimou Zhang,80,84961,Hero ,149414,Mandarin,China,PG-13,31000000,2002,7.9,0
Color,Julie Anne Robinson,91,26404753,One for the Money ,34203,English,USA,PG-13,40000000,2012,5.3,19000
Color,Evan Goldberg,112,6105175,The Interview ,247020,English,USA,R,44000000,2014,6.6,50000
Color,Sngmoo Lee,100,5664251,The Warrior's Way ,22309,English,New Zealand,R,45000000,2010,6.3,0
 Black and White,,30,,McHale's Navy             ,1558,English,USA,TV-G,,,7.5,455
Color,Jean-Pierre Jeunet,105,1260917,Micmacs ,24657,French,France,R,27000000,2009,7.2,0
Color,Curtis Hanson,110,116724075,8 Mile ,187181,English,USA,R,41000000,2002,7,0
Color,Jamel Debbouze,101,,Animal Kingdom: Let's go Ape ,590,French,France,,,2015,4.9,161
Color,Brian Helgeland,144,56083966,A Knight's Tale ,137003,English,USA,PG-13,65000000,2001,6.9,0
Color,Gordon Chan,108,22108977,The Medallion ,29861,English,Hong Kong,PG-13,41000000,2003,5.2,505
Color,M. Night Shyamalan,107,293501675,The Sixth Sense ,704766,English,USA,PG-13,40000000,1999,8.1,14000
Color,Asger Leth,102,18600911,Man on a Ledge ,125198,English,USA,PG-13,42000000,2012,6.6,11000
Color,David Frankel,100,7204138,The Big Year ,34809,English,USA,PG,41000000,2011,6.2,11000
Color,John G. Avildsen,126,90800000,The Karate Kid ,126907,English,USA,PG,8000000,1984,7.2,0
Color,David O. Russell,138,150117807,American Hustle ,358416,English,USA,R,40000000,2013,7.3,63000
Color,Anne Fletcher,108,163947053,The Proposal ,227824,English,USA,PG-13,40000000,2009,6.7,10000
Color,Bruce Beresford,105,116735231,Double Jeopardy ,56646,English,USA,R,70000000,1999,6.4,0
Color,Robert Zemeckis,108,118500000,Back to the Future Part II ,340085,English,USA,PG,40000000,1989,7.8,12000
Color,Luc Besson,89,126546825,Lucy ,327367,English,France,R,40000000,2014,6.4,83000
Color,Sam Taylor-Johnson,129,166147885,Fifty Shades of Grey ,220020,English,USA,R,40000000,2015,4.1,101000
Color,Robert Rodriguez,84,111760631,Spy Kids 3-D: Game Over ,40227,English,USA,PG,38000000,2003,4.1,681
Color,Joel Schumacher,149,108706165,A Time to Kill ,99558,English,USA,R,40000000,1996,7.4,0
Color,Shawn Levy,94,138614544,Cheaper by the Dozen ,75152,English,USA,PG,40000000,2003,5.8,0
Color,Peter Berg,121,125069696,Lone Survivor ,203963,English,USA,R,40000000,2013,7.6,58000
 Black and White,Penny Marshall,128,107458785,A League of Their Own ,71754,English,USA,PG,40000000,1992,7.2,0
Color,James Wan,134,102310175,The Conjuring 2 ,64989,English,USA,R,40000000,2016,7.8,40000
Color,David Fincher,120,96917897,The Social Network ,479453,English,USA,PG-13,40000000,2010,7.7,74000
Color,Ken Kwapis,129,93952276,He's Just Not That Into You ,132048,English,USA,PG-13,40000000,2009,6.4,12000
Color,David Zucker,89,90703745,Scary Movie 4 ,93748,English,USA,PG-13,45000000,2006,5.1,1000
Color,Wes Craven,116,89138076,Scream 3 ,98535,English,USA,R,40000000,2000,5.5,0
Color,Robert Zemeckis,118,87666629,Back to the Future Part III ,283480,English,USA,PG,40000000,1990,7.4,0
Color,Etan Cohen,107,90353764,Get Hard ,85629,English,USA,R,40000000,2015,6,14000
Color,Francis Ford Coppola,155,82522790,Bram Stoker's Dracula ,143835,English,USA,R,40000000,1992,7.5,14000
Color,Nora Ephron,123,94125426,Julie & Julia ,79264,English,USA,PG-13,40000000,2009,7,13000
Color,Brian Helgeland,128,95001343,42 ,66511,English,USA,PG-13,40000000,2013,7.5,28000
Color,Anthony Minghella,139,81292135,The Talented Mr. Ripley ,137891,English,USA,R,40000000,1999,7.3,0
Color,Bobby Farrelly,109,86208010,Dumb and Dumber To ,97045,English,USA,PG-13,35000000,2014,5.7,55000
Color,Frank Marshall,120,81593527,Eight Below ,48806,English,USA,PG,40000000,2006,7.3,11000
Color,Nancy Meyers,121,75274748,The Intern ,130661,English,USA,PG-13,35000000,2015,7.2,54000
Color,Tim Story,102,90835030,Ride Along 2 ,28621,English,USA,PG-13,40000000,2016,5.9,0
Color,Michael Mann,117,72455275,The Last of the Mohicans ,113068,English,USA,R,40000000,1992,7.8,0
Color,Taylor Hackford,178,75305995,Ray ,110394,English,USA,PG-13,40000000,2004,7.7,0
 Black and White,Frank Miller,147,74098862,Sin City ,656640,English,USA,R,40000000,2005,8.1,13000
Color,Pete Travis,90,72266306,Vantage Point ,127528,English,USA,PG-13,40000000,2008,6.6,0
Color,John Hamburg,105,71347010,"I Love You, Man ",166194,English,USA,R,40000000,2009,7.1,0
Color,Bobby Farrelly,114,70836296,Shallow Hal ,109445,English,USA,PG-13,40000000,2001,5.9,0
 Black and White,Oliver Stone,206,70405498,JFK ,113472,English,France,R,40000000,1991,8,0
Color,John Whitesell,99,70163652,Big Momma's House 2 ,31968,English,USA,PG-13,40000000,2006,4.6,663
Color,Gore Verbinski,123,66808615,The Mexican ,87351,English,USA,R,34000000,2001,6.1,2000
Color,Angelina Jolie Pitt,137,115603980,Unbroken ,103589,English,USA,PG-13,65000000,2014,7.2,35000
Color,Burr Steers,102,64149837,17 Again ,146899,English,USA,PG-13,20000000,2009,6.4,0
Color,Nick Cassavetes,109,83906114,The Other Woman ,104481,English,USA,PG-13,40000000,2014,6,16000
Color,David R. Ellis,82,66466372,The Final Destination ,75345,English,USA,R,40000000,2009,5.2,0
Color,Steven Spielberg,142,72306065,Bridge of Spies ,178118,English,USA,PG-13,40000000,2015,7.6,55000
Color,John Moore,106,59068786,Behind Enemy Lines ,86902,English,USA,PG-13,40000000,2001,6.4,0
Color,Nicholas Stoller,114,60923325,Get Him to the Greek ,147317,English,USA,R,,2010,6.4,12000
Color,Peter Chelsom,106,57887882,Shall We Dance ,35508,English,USA,PG-13,50000000,2004,6.1,0
Color,Joe Dante,108,53955614,Small Soldiers ,77415,English,USA,PG-13,40000000,1998,6.1,0
Color,Mark A.Z. Dippé,98,54967359,Spawn ,52805,English,USA,R,40000000,1997,5.2,0
Color,Kevin Reynolds,131,54228104,The Count of Monte Cristo ,104991,English,UK,PG-13,35000000,2002,7.7,0
Color,Brad Furman,118,57981889,The Lincoln Lawyer ,173848,English,USA,R,40000000,2011,7.3,25000
Color,Jaume Collet-Serra,113,61094903,Unknown ,210542,English,UK,PG-13,30000000,2011,6.9,29000
Color,Christopher Nolan,130,53082743,The Prestige ,844052,English,USA,PG-13,40000000,2006,8.5,49000
Color,Sean Anders,116,54414716,Horrible Bosses 2 ,114294,English,USA,R,42000000,2014,6.3,12000
Color,Cal Brunker,89,57011847,Escape from Planet Earth ,20615,English,USA,PG,40000000,2013,5.9,0
Color,Mel Gibson,139,50859889,Apocalypto ,236000,Maya,USA,R,40000000,2006,7.8,14000
Color,John Glen,130,51185897,The Living Daylights ,69457,English,UK,PG,30000000,1987,6.7,0
Color,Nimród Antal,107,52000688,Predators ,171418,English,USA,R,40000000,2010,6.4,17000
Color,Ivan Reitman,116,49851591,Legal Eagles ,7900,English,USA,PG,40000000,1986,5.9,263
Color,David Koepp,96,47781388,Secret Window ,147504,English,USA,PG-13,40000000,2004,6.6,0
Color,Alejandro Agresti,99,52320979,The Lake House ,114321,English,USA,PG,40000000,2006,6.8,0
 Black and White,Iain Softley,104,47806295,The Skeleton Key ,87447,English,USA,PG-13,43000000,2005,6.5,0
Color,Peter Hedges,105,51853450,The Odd Life of Timothy Green ,37398,English,USA,PG,25000000,2012,6.6,11000
Color,Paul Weiland,101,46012734,Made of Honor ,54421,English,USA,PG-13,40000000,2008,5.8,3000
Color,Clint Eastwood,134,47034272,Jersey Boys ,25465,English,USA,R,40000000,2014,6.9,16000
Color,Francis Ford Coppola,135,45856732,The Rainmaker ,46221,English,USA,PG-13,40000000,1997,7.1,0
Color,Mathieu Kassovitz,98,59588068,Gothika ,89557,English,USA,R,40000000,2003,5.8,0
Color,Steven Spielberg,155,44175394,Amistad ,56509,English,USA,R,36000000,1997,7.2,0
Color,John McTiernan,106,45500797,Medicine Man ,17443,English,USA,PG-13,40000000,1992,6,694
Color,Colin Strause,102,41797066,Aliens vs. Predator: Requiem ,92789,English,USA,R,40000000,2007,4.7,0
Color,Donald Petrie,95,38087756,Ri¢hie Ri¢h ,49612,English,USA,PG,40000000,1994,5.2,0
Color,Joan Chen,103,37752931,Autumn in New York ,20201,English,USA,PG-13,40000000,2000,5.5,0
Color,Marc Lawrence,95,50562555,Music and Lyrics ,81334,English,USA,PG-13,,2007,6.5,0
Color,Greg Mottola,109,37371385,Paul ,192462,English,USA,R,40000000,2011,7,42000
Color,Anne Fletcher,95,37101011,The Guilt Trip ,30394,English,USA,PG-13,40000000,2012,5.8,0
Color,Wes Craven,111,38176892,Scream 4 ,104119,English,USA,R,40000000,2011,6.2,26000
Color,Joel Schumacher,123,36283504,8MM ,104564,English,Germany,R,40000000,1999,6.5,0
Color,Oliver Stone,140,35183792,The Doors ,68159,English,USA,R,38000000,1991,7.2,0
Color,Jake Kasdan,94,38543473,Sex Tape ,84382,English,USA,R,40000000,2014,5.1,0
Color,Diane Keaton,94,36037909,Hanging Up ,10132,English,Germany,PG-13,60000000,2000,4.7,390
Color,Steven Quale,92,42575718,Final Destination 5 ,83788,English,USA,R,40000000,2011,5.9,20000
Color,Kelly Makin,102,33864342,Mickey Blue Eyes ,29968,English,UK,PG-13,40000000,1999,5.8,445
Color,Mimi Leder,123,33508922,Pay It Forward ,95860,English,USA,PG-13,40000000,2000,7.2,16000
Color,Bobby Farrelly,104,42071069,Fever Pitch ,36223,English,USA,PG-13,30000000,2005,6.2,0
Color,,30,,Arthur             ,8495,English,Canada,TV-Y,,,7.4,301
Color,Steven Brill,102,32853640,Drillbit Taylor ,50199,English,USA,PG-13,40000000,2008,5.7,702
Color,Seth MacFarlane,136,42615685,A Million Ways to Die in the West ,136093,English,USA,R,40000000,2014,6.1,24000
Color,Russell Mulcahy,93,32055248,The Shadow ,18723,English,USA,PG-13,25000000,1994,6,0
Color,Stephen Daldry,129,31836745,Extremely Loud & Incredibly Close ,81298,English,USA,PG-13,40000000,2011,6.9,39000
Color,Roger Michell,107,30993544,Morning Glory ,58871,English,USA,PG-13,40000000,2010,6.5,0
Color,Jim Sheridan,117,30981850,Get Rich or Die Tryin' ,35834,English,USA,R,40000000,2005,5,0
Color,Christian Duguay,116,30199105,The Art of War ,25346,English,USA,R,40000000,2000,5.7,470
Color,Chris Columbus,135,29077547,Rent ,41685,English,USA,PG-13,40000000,2005,7,3000
Color,Chuck Russell,107,29374178,Bless the Child ,12093,English,USA,R,40000000,2000,5.1,394
Color,Sam Weisman,90,28535768,The Out-of-Towners ,10446,English,USA,PG-13,40000000,1999,5.3,279
Color,John Frankenheimer,99,27663982,The Island of Dr. Moreau ,26051,English,USA,PG-13,40000000,1996,4.4,0
Color,Peter Hyams,104,27053815,The Musketeer ,12856,English,Germany,PG-13,40000000,2001,4.7,299
Color,Justin Chadwick,115,26814957,The Other Boleyn Girl ,84357,English,UK,PG-13,35000000,2008,6.7,0
Color,Pat O'Connor,119,25178165,Sweet November ,70292,English,USA,PG-13,40000000,2001,6.7,8000
Color,Stephen Hopkins,99,25117498,The Reaping ,37412,English,USA,R,40000000,2007,5.7,0
Color,Martin Scorsese,112,32645,Mean Streets ,67797,English,USA,R,500000,1973,7.4,0
Color,Penny Marshall,128,24332324,Renaissance Man ,13830,English,USA,PG-13,40000000,1994,6.1,680
Color,Olivier Megaton,112,36665854,Colombiana ,76498,English,France,PG-13,40000000,2011,6.4,15000
Color,Frederik Du Chau,86,22717758,The Magic Sword: Quest for Camelot ,11156,English,USA,G,40000000,1998,6.2,0
Color,Michael Caton-Jones,108,22433915,City by the Sea ,21319,English,USA,R,60000000,2002,6.2,416
 Black and White,Irwin Winkler,128,22326247,At First Sight ,11232,English,USA,PG-13,60000000,1999,5.9,0
Color,Joseph Kahn,84,21176322,Torque ,23747,English,USA,PG-13,40000000,2004,4,0
Color,Harold Becker,111,20300000,City Hall ,16741,English,USA,R,40000000,1996,6.2,309
Color,Paul Verhoeven,131,20302961,Showgirls ,49874,English,France,NC-17,45000000,1995,4.6,0
Color,Sofia Coppola,123,15962471,Marie Antoinette ,79892,English,USA,PG-13,40000000,2006,6.4,0
Color,Barbet Schroeder,101,14942422,Kiss of Death ,14226,English,USA,R,40000000,1995,5.9,555
Color,Stephen Kay,102,14967182,Get Carter ,27305,English,USA,R,40000000,2000,5.1,604
Color,J.A. Bayona,114,18996755,The Impossible ,145270,English,Spain,PG-13,45000000,2012,7.6,54000
Color,Elaine May,107,14375181,Ishtar ,8692,English,USA,PG-13,51000000,1987,4.2,754
Color,Wes Anderson,87,20999103,Fantastic Mr. Fox ,139114,English,USA,PG,40000000,2009,7.8,15000
Color,Stephen Herek,103,14448589,Life or Something Like It ,19364,English,USA,PG-13,40000000,2002,5.8,835
Color,John Carpenter,99,14358033,Memoirs of an Invisible Man ,17365,English,USA,PG-13,40000000,1992,5.9,630
 Black and White,Jean-Pierre Jeunet,122,33201661,Amélie ,534262,French,France,R,77000000,2001,8.4,39000
Color,Dennie Gordon,91,14018364,New York Minute ,17722,English,USA,PG,30000000,2004,4.8,849
Color,Charles Shyer,103,13395939,Alfie ,43442,English,UK,R,60000000,2004,6.2,0
Color,Ken Kwapis,107,20113965,Big Miracle ,15231,English,USA,PG,40000000,2012,6.5,0
Color,Ulu Grosbard,106,13376506,The Deep End of the Ocean ,10413,English,USA,PG-13,40000000,1999,6.3,579
Color,William Malone,101,13208023,Feardotcom ,17309,English,UK,R,42000000,2002,3.3,612
Color,Paul Weitz,109,13838130,Cirque du Freak: The Vampire's Assistant ,35990,English,USA,PG-13,40000000,2009,5.9,0
Color,Paul McGuigan,110,5773519,Victor Frankenstein ,28618,English,USA,PG-13,40000000,2015,6,11000
Color,Danny DeVito,89,9652000,Duplex ,46205,English,USA,PG-13,40000000,2003,5.8,0
Color,Malcolm D. Lee,100,12081447,Soul Men ,7794,English,USA,R,,2008,6.5,866
Color,Jerry Jameson,119,7000000,Raise the Titanic ,2933,English,UK,PG,36000000,1980,4.7,328
Color,Mic Rodgers,83,10431220,Universal Soldier: The Return ,24216,English,USA,R,24000000,1999,4.1,401
Color,Christian Alvart,108,10326062,Pandorum ,121432,English,Germany,R,33000000,2009,6.8,10000
Color,Gary Fleder,102,6114237,Impostor ,19986,English,USA,R,40000000,2001,6.2,892
Color,Christian Duguay,93,4835968,Extreme Ops ,4821,English,UK,PG-13,40000000,2002,4.5,158
Color,Jean-Marie Poiré,84,4777007,Just Visiting ,15130,English,France,PG-13,40000000,2001,5.8,565
Color,Danny Boyle,107,3675072,Sunshine ,190132,English,UK,R,26000000,2007,7.3,15000
Color,Brian Robbins,91,18438149,A Thousand Words ,30842,English,USA,PG-13,40000000,2012,5.9,0
Color,Marc F. Adler,94,511920,Delgo ,2458,English,USA,PG,40000000,2008,4.4,211
Color,Pierre Morel,115,10640645,The Gunman ,28429,English,USA,R,40000000,2015,5.8,0
Color,Geoffrey Sax,93,652526,Alex Rider: Operation Stormbreaker ,20201,English,Germany,PG,40000000,2006,5.1,823
Color,D.J. Caruso,105,80050171,Disturbia ,186982,English,USA,PG-13,20000000,2007,6.9,0
Color,Iain Softley,107,7564000,Hackers ,54650,English,USA,PG-13,20000000,1995,6.2,12000
Color,Richard Shepard,101,876671,The Hunting Party ,22010,English,USA,R,25000000,2007,6.9,0
 Black and White,Joel Coen,111,2869369,The Hudsucker Proxy ,65474,English,UK,PG,30000000,1994,7.3,0
Color,Peter Ho-Sun Chan,113,128978,The Warlords ,22897,Mandarin,Hong Kong,R,40000000,2007,7.1,0
Color,Sergey Bodrov,112,77231,Nomad: The Warrior ,3322,Kazakh,France,R,25000000,2005,6,265
Color,Joon-ho Bong,126,4563029,Snowpiercer ,181472,English,South Korea,R,39200000,2013,7,58000
Color,Bibo Bergeron,90,,A Monster in Paris ,15790,French,France,PG,25000000,2011,6.8,0
Color,Jeff Nathanson,93,463730,The Last Shot ,3789,English,USA,R,,2004,5.7,89
Color,Alex Proyas,98,50693162,The Crow ,136580,English,USA,R,23000000,1994,7.6,15000
Color,S.S. Rajamouli,159,6498000,Baahubali: The Beginning ,62756,Telugu,India,,18026148,2015,8.4,21000
Color,Robert Schwentke,107,63411478,The Time Traveler's Wife ,114925,English,USA,PG-13,39000000,2009,7.1,13000
Color,Michael Lehmann,102,42640890,Because I Said So ,32412,English,USA,PG-13,,2007,5.6,0
Color,Rob Cohen,106,144512310,The Fast and the Furious ,272227,English,USA,PG-13,38000000,2001,6.7,14000
 Black and White,Tim Burton,87,35287788,Frankenweenie ,73886,English,USA,PG,39000000,2012,7,25000
Color,Joss Whedon,119,25335935,Serenity ,242599,English,USA,PG-13,40000000,2005,8,14000
Color,Charles S. Dutton,110,5881504,Against the Ropes ,5917,English,USA,PG-13,39000000,2004,5.3,177
Color,Richard Lester,125,60000000,Superman III ,49934,English,UK,PG,39000000,1983,4.9,0
Color,Peter Segal,113,29802761,Grudge Match ,46480,English,USA,PG-13,40000000,2013,6.4,12000
Color,John Woo,150,626809,Red Cliff ,36894,Mandarin,China,R,553632000,2008,7.4,0
Color,Andy Tennant,108,127214072,Sweet Home Alabama ,83786,English,USA,PG-13,38000000,2002,6.1,0
Color,Robert Luketic,96,88915214,The Ugly Truth ,163665,English,USA,R,38000000,2009,6.5,9000
Color,Jonathan Lynn,93,30400000,Sgt. Bilko ,17810,English,USA,PG,39000000,1996,5.7,478
Color,Robert Rodriguez,100,85570368,Spy Kids 2: Island of Lost Dreams ,44885,English,USA,PG,38000000,2002,5.1,478
Color,David Carson,118,75668868,Star Trek: Generations ,60504,English,USA,PG,35000000,1994,6.6,0
Color,Kar-Wai Wong,122,6594136,The Grandmaster ,24557,Mandarin,Hong Kong,PG-13,38600000,2013,6.5,13000
Color,Francis Lawrence,120,58700247,Water for Elephants ,95367,English,USA,PG-13,38000000,2011,6.9,33000
Color,,60,,3rd Rock from the Sun             ,38383,English,USA,TV-PG,,,7.8,0
Color,Yuefeng Song,88,,Dragon Nest: Warriors' Dawn ,2169,English,China,,40000000,2014,6.4,0
 Black and White,Norman Jewison,146,50668906,The Hurricane ,76016,English,USA,R,38000000,1999,7.6,0
Color,Michael Apted,115,39177215,Enough ,30667,English,USA,PG-13,38000000,2002,5.6,0
Color,David Mirkin,123,40334024,Heartbreakers ,44168,English,USA,PG-13,35000000,2001,6.2,989
Color,Andy Fickman,94,71038190,Paul Blart: Mall Cop 2 ,23473,English,USA,PG,30000000,2015,4.4,8000
Color,Luis Mandoki,102,24044532,Angel Eyes ,19686,English,USA,R,38000000,2001,5.6,689
Color,John Pasquin,98,22770864,Joe Somebody ,8433,English,USA,PG,38000000,2001,5.5,168
Color,Roman Polanski,133,18653746,The Ninth Gate ,137722,English,Spain,R,38000000,1999,6.7,0
Color,Michael Apted,118,17305211,Extreme Measures ,14066,English,USA,R,38000000,1996,6.1,352
Color,Stephen Herek,105,16991902,Rock Star ,34592,English,USA,R,57000000,2001,6.2,0
Color,Lee Daniels,109,47536959,Precious ,86955,English,USA,R,10000000,2009,7.3,12000
Color,Ridley Scott,129,10300000,White Squall ,17859,English,USA,PG-13,38000000,1996,6.6,911
Color,John Carpenter,109,13782838,The Thing ,258078,English,USA,R,15000000,1982,8.2,23000
Color,David Twohy,127,41997790,Riddick ,125305,English,USA,R,38000000,2013,6.4,39000
Color,Jeb Stuart,118,6482195,Switchback ,9740,English,USA,R,37000000,1997,6.4,389
Color,Steve Miner,110,623374,Texas Rangers ,4757,English,USA,PG-13,38000000,2001,5.2,474
Color,Gil Kenan,90,7871693,City of Ember ,52908,English,USA,PG,55000000,2008,6.5,0
Color,Paul Thomas Anderson,144,16377274,The Master ,105144,English,USA,R,32000000,2012,7.1,27000
Color,David Leland,97,,Virgin Territory ,6691,English,Italy,R,38000000,2007,4.8,366
 Black and White,Gary Fleder,130,9589875,The Express ,16673,English,USA,PG,40000000,2008,7.3,0
Color,J Blakeson,112,34912982,The 5th Wave ,55617,English,USA,PG-13,38000000,2016,5.2,14000
Color,Ryan Coogler,133,109712885,Creed ,146708,English,USA,PG-13,35000000,2015,7.7,70000
Color,Ben Affleck,150,92173235,The Town ,280228,English,USA,R,37000000,2010,7.6,29000
Color,Kirk Jones,110,41102171,What to Expect When You're Expecting ,57266,English,USA,PG-13,40000000,2012,5.7,14000
Color,Ethan Coen,96,60338891,Burn After Reading ,248468,English,USA,R,37000000,2008,7,0
Color,Jennifer Flackett,96,48006503,Nim's Island ,28109,English,USA,PG,37000000,2008,6,0
Color,Ron Howard,123,26903709,Rush ,312629,English,UK,R,38000000,2013,8.1,83000
Color,Paul Thomas Anderson,188,22450975,Magnolia ,241030,English,USA,R,37000000,1999,8,13000
Color,Kevin Smith,107,44867349,Cop Out ,75347,English,USA,R,37000000,2010,5.6,0
Color,Christian Ditter,110,46813366,How to Be Single ,39440,English,USA,R,38000000,2016,6.1,15000
Color,Charles Martin Smith,113,72279690,Dolphin Tale ,17948,English,USA,PG,37000000,2011,6.9,0
Color,Catherine Hardwicke,122,191449475,Twilight ,348007,English,USA,PG-13,37000000,2008,5.2,19000
Color,Nick Cassavetes,116,71026631,John Q ,98899,English,USA,PG-13,36000000,2002,7,0
Color,Les Mayfield,93,68208190,Blue Streak ,60572,English,USA,PG-13,65000000,1999,6.3,0
Color,Rawson Marshall Thurber,118,150368971,We're the Millers ,316671,English,USA,R,37000000,2013,7,35000
Color,Fedor Bondarchuk,115,,Obitaemyy ostrov ,4387,Russian,Russia,,29500000,2009,5.3,240
Color,Jonathan Mostow,93,50129186,Breakdown ,38399,English,USA,R,36000000,1997,6.9,0
Color,Irvin Kershner,121,55500000,Never Say Never Again ,48636,English,UK,PG,36000000,1983,6.2,0
Color,Steve Pink,101,50213619,Hot Tub Time Machine ,139184,English,USA,R,36000000,2010,6.4,12000
Color,Charles Martin Smith,107,42019483,Dolphin Tale 2 ,6069,English,USA,PG,36000000,2014,6.4,0
Color,John Frankenheimer,124,23360779,Reindeer Games ,31113,English,USA,R,34000000,2000,5.7,852
Color,F. Gary Gray,109,26183197,A Man Apart ,38348,English,USA,R,36000000,2003,6.1,0
Color,Cameron Crowe,105,20991497,Aloha ,39778,English,USA,PG-13,37000000,2015,5.4,11000
Color,Rob Reiner,130,13052741,Ghosts of Mississippi ,8531,English,USA,PG-13,36000000,1996,6.7,591
Color,Scott Hicks,127,14378353,Snow Falling on Cedars ,12375,English,USA,PG-13,36000000,1999,6.8,846
Color,Mikael Håfström,114,33037754,The Rite ,75864,English,USA,PG-13,37000000,2011,6,23000
Color,Andrew Niccol,106,12339633,Gattaca ,220591,English,USA,PG-13,36000000,1997,7.8,17000
Color,Andrew Bergman,95,2954405,Isn't She Great ,1977,English,USA,R,36000000,2000,5.3,133
Color,Kirk De Micco,81,30105968,Space Chimps ,8860,English,USA,G,37000000,2008,4.5,279
Color,Chris Rock,95,37788228,Head of State ,15046,English,USA,PG-13,35200000,2003,5.4,638
Color,Todd Phillips,108,277313371,The Hangover ,583341,English,USA,R,35000000,2009,7.8,24000
Color,Wilson Yip,105,2126511,Ip Man 3 ,21912,Cantonese,Hong Kong,PG-13,36000000,2015,7.2,12000
Color,Jay Roach,95,205399422,Austin Powers: The Spy Who Shagged Me ,181225,English,USA,PG-13,33000000,1999,6.6,0
Color,Tim Burton,126,251188924,Batman ,269033,English,USA,PG-13,35000000,1989,7.6,12000
Color,Roland Joffé,102,1068392,There Be Dragons ,3865,English,Spain,PG-13,36000000,2011,5.9,2000
Color,Richard Donner,121,144731527,Lethal Weapon 3 ,128010,English,USA,R,35000000,1992,6.7,0
Color,John Lee Hancock,129,255950375,The Blind Side ,223127,English,USA,PG-13,29000000,2009,7.7,38000
Color,,43,,Rush Hour             ,2185,English,USA,TV-14,,,5.8,0
Color,Robert Rodriguez,88,112692062,Spy Kids ,84325,English,USA,PG,35000000,2001,5.4,0
Color,Seth Gordon,106,117528646,Horrible Bosses ,353442,English,USA,R,35000000,2011,6.9,31000
Color,Ethan Coen,110,171031347,True Grit ,240962,English,USA,PG-13,38000000,2010,7.7,36000
Color,David Frankel,109,124732962,The Devil Wears Prada ,286178,English,USA,PG-13,35000000,2006,6.8,0
Color,Robert Wise,143,82300000,Star Trek: The Motion Picture ,63330,English,USA,PG,35000000,1979,6.4,0
Color,Seth Gordon,120,134455175,Identity Thief ,97664,English,USA,R,35000000,2013,5.7,17000
Color,Martin Scorsese,128,79100000,Cape Fear ,127503,English,USA,R,35000000,1991,7.3,0
Color,Robert Luketic,123,81159365,21 ,191470,English,USA,PG-13,35000000,2008,6.8,0
Color,Judd Apatow,129,110008260,Trainwreck ,94241,English,Japan,R,35000000,2015,6.3,25000
Color,Kevin Rodney Sullivan,105,67962333,Guess Who ,33887,English,USA,PG-13,35000000,2005,5.9,919
Color,Anthony Minghella,162,78651430,The English Patient ,142067,English,USA,R,27000000,1996,7.4,0
Color,Curtis Hanson,138,64604977,L.A. Confidential ,414219,English,USA,R,35000000,1997,8.3,11000
Color,Mike Mitchell,100,63939454,Sky High ,61321,English,USA,PG,35000000,2005,6.2,0
Color,Frank Oz,90,63826569,In & Out ,32416,English,USA,PG-13,35000000,1997,6.3,0
Color,Roger Donaldson,108,60054449,Species ,61018,English,USA,R,35000000,1995,5.8,0
Color,Wes Craven,101,26505000,A Nightmare on Elm Street ,149285,English,USA,X,1800000,1984,7.5,10000
Color,Tarsem Singh,109,61280963,The Cell ,79877,English,USA,R,33000000,2000,6.3,0
Color,Randall Wallace,132,56876365,The Man in the Iron Mask ,125219,English,USA,PG-13,35000000,1998,6.4,0
Color,Randall Wallace,123,59699513,Secretariat ,20827,English,USA,PG,35000000,2010,7.2,0
Color,Kevin Munroe,87,54132596,TMNT ,53786,English,Hong Kong,PG,34000000,2007,6.3,0
Color,Michael Tollin,109,52277485,Radio ,32370,English,USA,PG,35000000,2003,6.9,0
Color,Will Gluck,109,55802754,Friends with Benefits ,270228,English,USA,R,35000000,2011,6.6,41000
Color,Nicholas Stoller,92,55291815,Neighbors 2: Sorority Rising ,28041,English,USA,R,35000000,2016,6,0
Color,John Lee Hancock,125,83299761,Saving Mr. Banks ,117719,English,USA,PG-13,35000000,2013,7.5,39000
Color,Spike Lee,202,48169908,Malcolm X ,63923,English,USA,PG-13,33000000,1992,7.7,0
Color,Judd Apatow,134,67523385,This Is 40 ,104005,English,USA,R,35000000,2012,6.2,18000
Color,Walt Becker,88,49474048,Old Dogs ,31191,English,USA,PG,35000000,2009,5.4,0
Color,Patrick Tatopoulos,92,45802315,Underworld: Rise of the Lycans ,119974,English,USA,R,35000000,2009,6.6,0
Color,Ken Kwapis,91,43792641,License to Wed ,32157,English,USA,PG-13,35000000,2007,5.3,913
Color,Dennis Dugan,75,57651794,The Benchwarmers ,40651,English,USA,PG-13,33000000,2006,5.6,0
Color,Gary David Goldberg,98,43894863,Must Love Dogs ,25883,English,USA,PG-13,30000000,2005,5.9,0
Color,Mike Newell,147,41954997,Donnie Brasco ,225122,English,USA,R,35000000,1997,7.8,0
Color,Paul W.S. Anderson,100,39532308,Resident Evil ,198701,English,UK,R,33000000,2002,6.7,0
Color,Tobe Hooper,120,76600000,Poltergeist ,105446,English,USA,PG,10700000,1982,7.4,11000
Color,Ethan Coen,104,39692139,The Ladykillers ,84131,English,USA,R,35000000,2004,6.2,0
Color,John Moore,103,40687294,Max Payne ,107772,English,Canada,PG-13,35000000,2008,5.4,0
Color,Andrew Niccol,109,37553932,In Time ,304318,English,USA,PG-13,40000000,2011,6.7,52000
Color,Alan Poul,104,37481242,The Back-up Plan ,40654,English,USA,PG-13,35000000,2010,5.3,0
Color,Luke Greenfield,112,39026186,Something Borrowed ,48019,English,USA,PG-13,35000000,2011,5.9,13000
Color,,60,,Hit the Floor             ,1641,English,USA,,,,7,265
Color,Gil Junger,95,33422806,Black Knight ,30771,English,USA,PG-13,50000000,2001,4.8,0
Color,Michael Ritchie,102,,The Bad News Bears ,16323,English,USA,PG,,1976,7.3,0
Color,Steven E. de Souza,102,33423521,Street Fighter ,53115,English,Japan,PG-13,35000000,1994,3.8,0
 Black and White,Roman Polanski,150,32519322,The Pianist ,497946,English,France,R,35000000,2002,8.5,21000
Color,Albert Hughes,122,31598308,From Hell ,124765,English,USA,R,35000000,2001,6.8,0
Color,Catherine Hardwicke,101,37617947,The Nativity Story ,8143,English,USA,PG,30000000,2006,6.8,0
Color,Jaume Collet-Serra,108,32048809,House of Wax ,94456,English,Australia,R,30000000,2005,5.3,0
Color,Mike Nichols,98,33987757,Closer ,168314,English,USA,R,27000000,2004,7.3,12000
Color,Clint Eastwood,137,37304950,J. Edgar ,102728,English,USA,R,35000000,2011,6.6,16000
Color,Alexandre Aja,112,30691439,Mirrors ,86205,English,USA,R,35000000,2008,6.2,5000
Color,Michael Rymer,101,30307804,Queen of the Damned ,43991,English,USA,R,35000000,2002,5.2,0
Color,Stephen Hopkins,103,30669413,Predator 2 ,105478,English,USA,R,35000000,1990,6.2,0
Color,Gregory Hoblit,101,28687835,Untraceable ,40964,English,USA,R,35000000,2008,6.2,0
Color,Hugh Wilson,112,26494611,Blast from the Past ,48621,English,USA,PG-13,35000000,1999,6.6,0
Color,Mike Hodges,111,,Flash Gordon ,38017,English,UK,PG,20000000,1980,6.4,12000
Color,Kevin Smith,102,25266129,Jersey Girl ,54346,English,USA,PG-13,35000000,2004,6.2,0
Color,Rob Cohen,101,25863915,Alex Cross ,28257,English,USA,PG-13,35000000,2012,5.1,11000
Color,Clint Eastwood,155,25078937,Midnight in the Garden of Good and Evil ,31751,English,USA,R,30000000,1997,6.6,0
Color,Scott Mann,93,,Heist ,16193,English,USA,R,19000000,2015,6.1,0
Color,Susanna White,109,28995450,Nanny McPhee Returns ,19230,English,UK,PG,35000000,2010,6.1,0
Color,Danny DeVito,140,24276500,Hoffa ,17124,English,USA,R,35000000,1992,6.6,949
Color,Chris Carter,108,20981633,The X Files: I Want to Believe ,78256,English,USA,PG-13,30000000,2008,5.9,0
Color,Tommy O'Haver,96,22913677,Ella Enchanted ,47800,English,USA,PG,35000000,2004,6.3,0
Color,Peter Landesman,123,34531832,Concussion ,44788,English,UK,PG-13,35000000,2015,7.1,23000
Color,John Singleton,106,28064226,Abduction ,65044,English,USA,PG-13,35000000,2011,5,13000
Color,Gary Chapman,76,19447478,Valiant ,15788,English,UK,G,35000000,2005,5.6,538
Color,Curtis Hanson,107,19389454,Wonder Boys ,54643,English,USA,R,55000000,2000,7.4,0
Color,Craig Mazin,82,25871834,Superhero Movie ,52052,English,USA,PG-13,35000000,2008,4.5,0
Color,Allen Hughes,109,19692608,Broken City ,63548,English,USA,R,35000000,2013,6.2,0
Color,Wes Craven,99,19294901,Cursed ,26126,English,USA,PG-13,35000000,2005,5,0
Color,David Koepp,91,20275446,Premium Rush ,95274,English,USA,PG-13,35000000,2012,6.5,20000
Color,Anne Fletcher,87,34507079,Hot Pursuit ,34948,English,USA,PG-13,35000000,2015,5.1,0
Color,Shekhar Kapur,125,18306166,The Four Feathers ,28130,English,UK,PG-13,35000000,2002,6.5,0
Color,Taylor Hackford,118,17609982,Parker ,90046,English,USA,R,35000000,2013,6.2,17000
Color,Richard Loncraine,98,16831505,Wimbledon ,51842,English,UK,PG-13,31000000,2004,6.3,0
Color,Roger Kumble,92,17596256,Furry Vengeance ,12399,English,USA,PG,35000000,2010,3.8,0
Color,Kimble Rendall,93,,Bait ,11482,English,Australia,R,30000000,2012,5.2,0
Color,Peter Yates,116,,Krull ,23351,English,UK,PG,27000000,1983,6,0
Color,Robert Redford,92,14998070,Lions for Lambs ,41170,English,USA,R,35000000,2007,6.2,0
Color,John Milius,115,14587732,Flight of the Intruder ,4795,English,USA,PG-13,35000000,1991,5.7,452
Color,Jake Kasdan,120,18317151,Walk Hard: The Dewey Cox Story ,55630,English,USA,R,35000000,2007,6.7,0
Color,Lasse Hallström,111,11405825,The Shipping News ,28542,English,USA,R,35000000,2001,6.8,0
Color,Les Mayfield,94,13264986,American Outlaws ,12077,English,USA,PG-13,35000000,2001,6,433
Color,Jean-Marc Vallée,100,10991381,The Young Victoria ,44931,English,UK,PG,35000000,2009,7.3,0
Color,Dominic Sena,101,10268846,Whiteout ,31918,English,USA,R,35000000,2009,5.5,0
Color,Terrence Malick,139,13303319,The Tree of Life ,136367,English,USA,PG-13,32000000,2011,6.7,39000
Color,Hark Tsui,91,10076136,Knock Off ,11512,English,Aruba,R,35000000,1998,4.8,471
Color,David Ayer,109,10499968,Sabotage ,47498,English,USA,R,35000000,2014,5.7,10000
Color,Brian Helgeland,102,7659747,The Order ,14962,English,USA,R,38000000,2003,5.1,704
Color,Lexi Alexander,103,7948159,Punisher: War Zone ,48999,English,USA,R,35000000,2008,6,0
Color,Peter Hewitt,83,11631245,Zoom ,15015,English,USA,PG,35000000,2006,4.2,494
Color,Robert Zemeckis,123,10137502,The Walk ,77394,English,USA,PG,35000000,2015,7.4,24000
Color,Ronny Yu,101,6448817,Warriors of Virtue ,2189,English,USA,PG,35000000,1997,4.6,0
Color,Ridley Scott,117,7458269,A Good Year ,70698,English,USA,PG-13,35000000,2006,6.9,9000
Color,,60,,Luther             ,70568,English,UK,TV-MA,,,8.6,20000
Color,Richard Donner,114,4651977,Radio Flyer ,10410,English,USA,PG-13,35000000,1992,6.9,892
Color,Taylor Hackford,330,4496583,"Blood In, Blood Out ",23181,English,USA,R,35000000,1993,8,6000
Color,Bille August,121,2221994,Smilla's Sense of Snow ,11747,English,Denmark,R,35000000,1997,6.4,561
Color,Brian De Palma,114,6592103,Femme Fatale ,28584,English,France,R,35000000,2002,6.3,675
 Black and White,Moustapha Akkad,156,,Lion of the Desert ,9852,English,Libya,PG,35000000,1980,8.4,0
Color,Jean-Paul Rappeneau,135,1877179,The Horseman on the Roof ,4885,French,France,R,,1995,7.1,262
Color,Ang Lee,148,630779,Ride with the Devil ,11101,English,USA,R,35000000,1999,6.8,633
Color,Alejandro G. Iñárritu,148,5100937,Biutiful ,68885,Spanish,Mexico,R,,2010,7.5,29000
Color,Roland Joffé,109,,The Lovers ,2138,English,Belgium,R,,2015,4.5,677
Color,Joachim Rønning,93,,Bandidas ,28848,English,France,PG-13,32000000,2006,5.7,0
Color,Tony Kaye,,,Black Water Transit ,219,English,USA,,23000000,2009,7.2,26
Color,Wes Ball,113,102413606,The Maze Runner ,310903,English,USA,PG-13,34000000,2014,6.8,38000
Color,Ken Scott,91,10214013,Unfinished Business ,23072,English,USA,R,35000000,2015,5.4,0
Color,Martin Scorsese,139,32000000,The Age of Innocence ,36267,English,USA,PG,30000000,1993,7.2,0
Color,Darren Aronofsky,96,10139254,The Fountain ,190990,English,USA,PG-13,35000000,2006,7.3,23000
Color,Hugh Johnson,102,11227940,Chill Factor ,8367,English,USA,R,34000000,1999,5.2,120
Color,Simon West,96,183125,Stolen ,36914,English,USA,R,35000000,2012,5.5,0
Color,Hayao Miyazaki,101,15081783,Ponyo ,85589,Japanese,Japan,G,34000000,2008,7.7,0
Color,George Tillman Jr.,128,37432299,The Longest Ride ,50041,English,USA,PG-13,34000000,2015,7.1,23000
Color,Rand Ravich,109,10654581,The Astronaut's Wife ,45497,English,USA,R,34000000,1999,5.3,1000
Color,Hugh Hudson,114,6543194,I Dreamed of Africa ,3740,English,USA,PG-13,34000000,2000,5.6,314
Color,Gabriele Muccino,105,13101142,Playing for Keeps ,23916,English,USA,PG-13,35000000,2012,5.7,0
Color,Justin Chadwick,141,8324748,Mandela: Long Walk to Freedom ,21223,English,UK,PG-13,35000000,2013,7.1,13000
Color,Warren Beatty,195,,Reds ,16255,English,USA,PG,35000000,1981,7.5,0
Color,Rob Reiner,138,141340178,A Few Good Men ,181879,English,USA,R,40000000,1992,7.6,0
Color,Andrzej Bartkowiak,101,51758599,Exit Wounds ,27580,English,USA,R,33000000,2001,5.5,742
Color,Raja Gosnell,99,117559438,Big Momma's House ,66941,English,USA,PG-13,30000000,2000,5.1,1000
Color,Jeremy Degruson,85,4091,Thunder and the House of Magic ,4265,English,Belgium,,34000000,2013,6.3,0
Color,Chris Gorak,89,21426805,The Darkest Hour ,49312,English,USA,PG-13,30000000,2011,4.9,0
Color,Scott Speer,99,35057332,Step Up Revolution ,45394,English,USA,PG-13,33000000,2012,6.5,19000
Color,David R. Ellis,105,34014398,Snakes on a Plane ,115649,English,Germany,R,33000000,2006,5.6,4000
Color,Joe Charbanic,97,28927720,The Watcher ,22220,English,USA,R,33000000,2000,5.3,463
Color,Jonathan Hensleigh,140,33682273,The Punisher ,124242,English,USA,R,33000000,2004,6.5,4000
Color,Danny Cannon,118,4280577,Goal! The Dream Begins ,50919,English,USA,PG-13,10000000,2005,6.8,0
Color,Boaz Yakin,94,17120019,Safe ,83097,English,USA,R,30000000,2012,6.5,12000
Color,Mike Newell,124,8406264,Pushing Tin ,24826,English,USA,R,38000000,1999,6,783
Color,Richard Marquand,134,309125409,Star Wars: Episode VI - Return of the Jedi ,681857,English,USA,PG,32500000,1983,8.4,14000
Color,Neil Marshall,113,10955425,Doomsday ,62770,English,UK,R,30000000,2008,6,0
Color,Stephen Daldry,124,34180954,The Reader ,189812,English,USA,R,32000000,2008,7.6,15000
Color,David Wain,98,17225675,Wanderlust ,62198,English,USA,R,,2012,5.6,0
Color,Jon Favreau,97,173381405,Elf ,147597,English,USA,PG,33000000,2003,6.9,21000
Color,Jon Turteltaub,123,104632573,Phenomenon ,63839,English,USA,PG,32000000,1996,6.4,0
Color,Brian Levant,99,81150692,Snow Dogs ,20219,English,Canada,PG,35000000,2002,5.1,0
Color,Richard Donner,101,60328558,Scrooged ,61396,English,USA,PG-13,32000000,1988,7,11000
Color,Jared Hess,92,80197993,Nacho Libre ,65551,English,Germany,PG,32000000,2006,5.7,0
Color,Paul Feig,131,169076745,Bridesmaids ,218711,English,USA,R,32500000,2011,6.8,27000
Color,Evan Goldberg,107,101470202,This Is the End ,310540,English,USA,R,32000000,2013,6.7,97000
Color,Rupert Wainwright,103,50041732,Stigmata ,54390,English,USA,R,29000000,1999,6.2,0
Color,George Tillman Jr.,129,48814909,Men of Honor ,89424,English,USA,R,32000000,2000,7.2,0
Color,John Luessenhop,107,57744720,Takers ,46961,English,USA,PG-13,20000000,2010,6.2,0
Color,Justin Zackham,89,21784432,The Big Wedding ,37493,English,USA,R,35000000,2013,5.6,0
Color,John Whitesell,113,37911876,"Big Mommas: Like Father, Like Son ",19671,English,USA,PG-13,32000000,2011,4.4,0
Color,Duncan Jones,93,54696902,Source Code ,379462,English,USA,PG-13,32000000,2011,7.5,56000
Color,Frank Marshall,120,36733909,Alive ,38949,English,USA,R,32000000,1993,7.1,0
Color,Joel Schumacher,98,35063732,The Number 23 ,164608,English,USA,R,32000000,2007,6.4,10000
Color,Jean-Pierre Jeunet,105,99462,The Young and Prodigious T.S. Spivet ,11347,English,France,PG,33000000,2013,7.1,5000
Color,Steven Spielberg,142,,1941 ,25193,English,USA,PG,35000000,1979,5.9,2000
Color,John Gatins,98,32701088,Dreamer: Inspired by a True Story ,10018,English,USA,PG,32000000,2005,6.9,0
Color,David Cronenberg,96,31493782,A History of Violence ,186606,English,USA,R,32000000,2005,7.5,0
Color,Louis Leterrier,87,43095600,Transporter 2 ,156267,English,France,PG-13,32000000,2005,6.3,0
 Black and White,Sam Raimi,107,18636537,The Quick and the Dead ,69197,English,Japan,R,32000000,1995,6.4,0
Color,Peter Howitt,90,17848322,Laws of Attraction ,18771,English,Ireland,PG-13,28000000,2004,5.9,702
Color,Martin Scorsese,121,16640210,Bringing Out the Dead ,53028,English,USA,R,55000000,1999,6.8,0
Color,Miguel Sapochnik,119,13763130,Repo Men ,87768,English,USA,R,32000000,2010,6.3,12000
Color,Hyung-rae Shim,107,10956379,Dragon Wars: D-War ,21506,English,South Korea,PG-13,35000000,2007,3.6,0
Color,Norman Jewison,110,4357000,Bogus ,5176,English,USA,PG,30000000,1996,5.3,350
Color,Don Scardino,100,22525921,The Incredible Burt Wonderstone ,60596,English,USA,PG-13,30000000,2013,5.9,13000
Color,Mark Dindal,75,3562749,Cats Don't Dance ,5600,English,USA,G,32000000,1997,6.9,643
Color,Tim Robbins,132,2899970,Cradle Will Rock ,8039,English,USA,R,32000000,1999,6.9,625
 Black and White,Steven Soderbergh,105,1304837,The Good German ,21481,English,USA,R,32000000,2006,6.1,559
Color,Tom Reeve,93,,George and the Dragon ,3088,English,USA,PG,32000000,2004,5.7,290
Color,Francis Ford Coppola,289,78800000,Apocalypse Now ,450676,English,USA,R,31500000,1979,8.5,19000
Color,Nanette Burstein,102,17797316,Going the Distance ,50523,English,USA,R,32000000,2010,6.3,0
Color,Stephen Herek,143,82528097,Mr. Holland's Opus ,30230,English,USA,PG,6500000,1995,7.3,0
Color,Ariel Vromen,113,14268533,Criminal ,17319,English,UK,R,31500000,2016,6.3,0
Color,Sydney Pollack,161,87100000,Out of Africa ,52339,English,USA,PG,31000000,1985,7.2,0
Color,Robert Zemeckis,138,93749203,Flight ,264047,English,USA,R,31000000,2012,7.3,64000
Color,Lewis Gilbert,126,62700000,Moonraker ,69534,English,UK,PG,34000000,1979,6.3,0
Color,Wes Anderson,99,59073773,The Grand Budapest Hotel ,475518,English,USA,R,25000000,2014,8.1,149000
Color,Scott Hicks,101,24185781,Hearts in Atlantis ,30339,English,USA,PG-13,31000000,2001,6.9,0
Color,Frank Marshall,103,53133888,Arachnophobia ,50389,English,USA,PG-13,31000000,1990,6.3,0
Color,Gregory Hoblit,118,44983704,Frequency ,81866,English,USA,PG-13,31000000,2000,7.3,0
Color,Paul Feig,116,118099659,Ghostbusters ,69790,English,USA,PG-13,144000000,2016,5.5,62000
Color,John Francis Daley,99,58879132,Vacation ,66123,English,USA,R,31000000,2015,6.1,28000
Color,Barry Sonnenfeld,105,72077000,Get Shorty ,62986,English,USA,R,30250000,1995,6.9,0
 Black and White,Rob Marshall,113,170684505,Chicago ,172080,English,USA,PG-13,45000000,2002,7.2,0
Color,Dennis Dugan,93,163479795,Big Daddy ,161858,English,USA,PG-13,34200000,1999,6.4,0
Color,J.B. Rogers,108,145096820,American Pie 2 ,200260,English,USA,R,30000000,2001,6.4,0
Color,John Lasseter,74,191796233,Toy Story ,623757,English,USA,G,30000000,1995,8.3,0
Color,Jan de Bont,116,121248145,Speed ,260981,English,USA,R,25000000,1994,7.2,0
Color,Michael Sucsy,104,125014030,The Vow ,145852,English,USA,PG-13,30000000,2012,6.8,32000
Color,Tom Vaughan,106,11854694,Extraordinary Measures ,14281,English,USA,PG,31000000,2010,6.5,0
Color,Boaz Yakin,120,115648585,Remember the Titans ,160776,English,USA,PG,30000000,2000,7.8,0
Color,John McTiernan,135,122012643,The Hunt for Red October ,143696,English,USA,PG,30000000,1990,7.6,0
Color,Lee Daniels,132,116631310,Lee Daniels' The Butler ,87665,English,USA,PG-13,30000000,2013,7.2,41000
 Black and White,Rawson Marshall Thurber,92,114324072,Dodgeball: A True Underdog Story ,185338,English,USA,PG-13,20000000,2004,6.7,0
Color,Barry Sonnenfeld,99,113502246,The Addams Family ,96607,English,USA,PG-13,38000000,1991,6.8,5000
Color,Steve Oedekerk,90,108360000,Ace Ventura: When Nature Calls ,160321,English,USA,PG-13,30000000,1995,6.3,0
Color,Garry Marshall,111,108244774,The Princess Diaries ,94049,English,USA,G,37000000,2001,6.2,0
Color,Hugh Wilson,103,105444419,The First Wives Club ,31817,English,USA,PG,26000000,1996,6.2,0
Color,David Fincher,127,100125340,Se7en ,1023511,English,USA,R,33000000,1995,8.6,39000
Color,Neill Blomkamp,112,115646235,District 9 ,531737,English,South Africa,R,30000000,2009,8,22000
Color,Stephen Hillenburg,87,85416609,The SpongeBob SquarePants Movie ,58906,English,USA,PG,30000000,2004,7,0
Color,Clint Eastwood,138,90135191,Mystic River ,338415,English,USA,R,25000000,2003,8,12000
Color,Clint Eastwood,132,100422786,Million Dollar Baby ,482064,English,USA,PG-13,30000000,2004,8.1,14000
Color,Harold Ramis,103,106694016,Analyze This ,123940,English,USA,R,30000000,1999,6.7,0
Color,Nick Cassavetes,123,64286,The Notebook ,396396,English,USA,PG-13,29000000,2004,7.9,57000
Color,Anne Fletcher,111,76806312,27 Dresses ,124501,English,USA,PG-13,30000000,2008,6.1,0
Color,Peter Chelsom,102,79566871,Hannah Montana: The Movie ,31760,English,USA,G,30000000,2009,4.2,0
Color,Stig Bergqvist,78,76501438,Rugrats in Paris: The Movie ,8146,English,Germany,G,30000000,2000,6.1,181
Color,Barbra Streisand,132,74787599,The Prince of Tides ,12549,English,USA,R,30000000,1991,6.6,883
Color,Edward Zwick,133,66528842,Legends of the Fall ,112175,English,USA,R,30000000,1994,7.5,11000
Color,Jason Reitman,108,83813460,Up in the Air ,270238,English,USA,R,25000000,2009,7.4,19000
Color,Alexander Payne,125,65010106,About Schmidt ,107557,English,USA,R,30000000,2002,7.2,0
Color,Jonathan Levine,98,66359959,Warm Bodies ,184641,English,USA,PG-13,35000000,2013,6.9,81000
Color,Rian Johnson,119,66468315,Looper ,428916,English,USA,R,30000000,2012,7.4,75000
Color,Chris Weitz,87,64172251,Down to Earth ,19079,English,USA,PG-13,30000000,2001,5.4,602
Color,Chris Noonan,91,66600000,Babe ,94435,English,Australia,G,30000000,1995,6.8,5000
Color,David Frankel,100,63536011,Hope Springs ,34258,English,USA,PG-13,30000000,2012,6.3,0
Color,Nicholas Stoller,118,62877175,Forgetting Sarah Marshall ,217507,English,USA,R,30000000,2008,7.2,0
Color,,44,,Friday Night Lights             ,42746,English,USA,TV-14,,,8.7,0
Color,John Singleton,109,74484168,Four Brothers ,109894,English,USA,R,45000000,2005,6.9,0
Color,Michael McCullers,99,60269340,Baby Mama ,34079,English,USA,PG-13,30000000,2008,6,0
Color,Forest Whitaker,114,60033780,Hope Floats ,18973,English,USA,PG-13,30000000,1998,5.9,0
Color,Gary Winick,89,58715510,Bride Wars ,79094,English,USA,PG,30000000,2009,5.4,0
Color,Steven Brill,95,58156435,Without a Paddle ,37479,English,USA,PG-13,19000000,2004,5.9,0
Color,Gary Winick,98,56044241,13 Going on 30 ,122187,English,USA,PG-13,37000000,2004,6.1,0
Color,Woody Allen,94,56816662,Midnight in Paris ,301149,English,Spain,PG-13,17000000,2011,7.7,78000
Color,Peter Lepeniotis,85,64238770,The Nut Job ,19547,English,Canada,PG,42000000,2014,5.8,0
Color,Ted Demme,124,52937130,Blow ,198066,English,USA,R,30000000,2001,7.6,13000
Color,Luis Mandoki,131,52799004,Message in a Bottle ,28942,English,USA,PG-13,55000000,1999,6.1,0
Color,William Shatner,107,55210049,Star Trek V: The Final Frontier ,43743,English,USA,PG,27800000,1989,5.4,0
Color,John Schultz,99,51432423,Like Mike ,15074,English,USA,PG,30000000,2002,5.1,1000
Color,Peter Segal,83,51109400,Naked Gun 33 1/3: The Final Insult ,76850,English,USA,PG-13,30000000,1994,6.4,1000
Color,John Glen,131,50300000,A View to a Kill ,68565,English,UK,PG,30000000,1985,6.3,0
Color,Steve Box,85,56068547,The Curse of the Were-Rabbit ,98160,English,UK,G,30000000,2005,7.5,0
Color,Richard LaGravenese,126,53680848,P.S. I Love You ,167967,English,USA,PG-13,30000000,2007,7.1,20000
Color,Frederik Du Chau,102,49186871,Racing Stripes ,12570,English,USA,PG,,2005,5.2,771
Color,Joe Wright,123,50921738,Atonement ,192930,English,UK,R,30000000,2007,7.8,12000
Color,Gary Winick,105,53021560,Letters to Juliet ,74630,English,USA,PG,30000000,2010,6.5,13000
Color,Ridley Scott,125,45645204,Black Rain ,39306,English,USA,R,30000000,1989,6.6,0
Color,Bobby Farrelly,92,44328238,The Three Stooges ,25484,English,USA,PG,,2012,5.1,13000
Color,Tim Burton,77,53337608,Corpse Bride ,188785,English,USA,PG,40000000,2005,7.4,0
Color,James Gartner,118,42643187,Glory Road ,34910,English,USA,PG,,2006,7.2,0
Color,Denis Villeneuve,121,46875468,Sicario ,196217,English,USA,R,30000000,2015,7.6,59000
Color,Antoine Fuqua,124,52418902,Southpaw ,147128,English,USA,R,30000000,2015,7.5,44000
Color,Sam Raimi,99,42057340,Drag Me to Hell ,158354,English,USA,PG-13,30000000,2009,6.6,11000
Color,Lee Toland Krieger,112,42478175,The Age of Adaline ,93767,English,USA,PG-13,25000000,2015,7.2,34000
Color,Tim McCanlies,111,41407470,Secondhand Lions ,43378,English,USA,PG,30000000,2003,7.6,0
Color,Jon M. Chu,107,42385520,Step Up 3D ,47297,English,USA,PG-13,30000000,2010,6.2,16000
Color,John Stockwell,104,40118420,Blue Crush ,26066,English,USA,PG-13,30000000,2002,5.6,0
Color,Marc Forster,113,40137776,Stranger Than Fiction ,186977,English,USA,PG-13,38000000,2006,7.6,13000
Color,David Slade,113,39568996,30 Days of Night ,138435,English,USA,R,32000000,2007,6.6,0
Color,Drew Goddard,95,42043633,The Cabin in the Woods ,277172,English,USA,R,30000000,2012,7,66000
Color,Jason Friedberg,86,38232624,Meet the Spartans ,88518,English,USA,PG-13,30000000,2008,2.7,0
Color,Martin Brest,126,38413606,Midnight Run ,54042,English,USA,R,30000000,1988,7.6,0
Color,Paul Michael Glaser,101,38122105,The Running Man ,112669,English,USA,R,27000000,1987,6.6,0
Color,Frank Oz,102,38747385,Little Shop of Horrors ,49349,English,USA,PG-13,25000000,1986,6.9,0
Color,Joe Wright,111,40247512,Hanna ,159198,English,USA,PG-13,30000000,2011,6.8,38000
Color,,60,,The Family             ,3322,English,USA,TV-PG,,,7.5,0
Color,John R. Leonetti,95,35927406,Mortal Kombat: Annihilation ,36363,English,USA,PG-13,30000000,1997,3.7,1000
Color,Tom Hanks,98,35565975,Larry Crowne ,49205,English,USA,PG-13,30000000,2011,6.1,0
Color,Kimberly Peirce,100,35266619,Carrie ,108242,English,USA,R,30000000,2013,5.9,39000
Color,Liz Friedlander,118,34703228,Take the Lead ,21767,English,USA,PG-13,30000000,2006,6.7,0
Color,,28,,Entourage             ,135643,English,USA,TV-MA,,,8.5,0
Color,Phil Joanou,125,38432823,Gridiron Gang ,33067,English,USA,PG-13,30000000,2006,6.9,0
Color,Sam Weisman,94,32095318,What's the Worst That Could Happen? ,12466,English,USA,PG-13,45000000,2001,5.5,304
Color,Shane Acker,79,31743332,9 ,111117,English,USA,PG-13,30000000,2009,7.1,13000
Color,Steven Soderbergh,106,32154410,Side Effects ,148327,English,USA,R,30000000,2013,7.1,29000
Color,Martha Coolidge,111,28165882,The Prince and Me ,31984,English,USA,PG,,2004,5.9,0
Color,Stephen J. Anderson,63,26687172,Winnie the Pooh ,15600,English,USA,G,30000000,2011,7.3,0
Color,Troy Miller,85,26096584,Dumb and Dumberer: When Harry Met Lloyd ,30651,English,USA,PG-13,19000000,2003,3.4,1000
Color,Warren Beatty,108,26525834,Bulworth ,21998,English,USA,R,30000000,1998,6.8,0
Color,Tate Taylor,139,30513940,Get on Up ,15843,English,USA,PG-13,30000000,2014,6.9,11000
Color,Carl Franklin,127,23209440,One True Thing ,9283,English,USA,R,30000000,1998,7,592
Color,Brett Leonard,106,24048000,Virtuosity ,23579,English,USA,R,30000000,1995,5.5,0
Color,Ivan Reitman,95,22526144,My Super Ex-Girlfriend ,53884,English,USA,PG-13,30000000,2006,5.1,1000
Color,Scott Derrickson,118,30523568,Deliver Us from Evil ,54447,English,USA,R,30000000,2014,6.2,18000
Color,Alister Grierson,108,23070045,Sanctum ,47003,English,USA,R,30000000,2011,5.9,11000
Color,Nick Hurran,105,20422207,Little Black Book ,15052,English,USA,PG-13,35000000,2004,5.2,484
Color,Nicholas Stoller,131,28644770,The Five-Year Engagement ,78974,English,USA,R,30000000,2012,6.2,11000
Color,Charles Stone III,104,21800302,Mr 3000 ,12164,English,USA,PG-13,30000000,2004,5.5,491
Color,Paul Haggis,133,21129348,The Next Three Days ,146364,English,USA,PG-13,35000000,2010,7.4,27000
Color,Kurt Wimmer,94,18500966,Ultraviolet ,70341,English,USA,PG-13,30000000,2006,4.4,0
Color,Jean-François Richet,109,19976073,Assault on Precinct 13 ,65979,English,USA,R,20000000,2005,6.3,999
Color,Antoine Fuqua,96,18967571,The Replacement Killers ,23345,English,USA,R,30000000,1998,6.1,629
Color,Kevin Hooks,105,17100000,Fled ,7073,English,USA,R,25000000,1996,5.3,204
Color,Ellory Elkayem,99,17266505,Eight Legged Freaks ,43764,English,USA,PG-13,30000000,2002,5.4,0
Color,Edward Zwick,112,32357532,Love & Other Drugs ,143368,English,USA,R,30000000,2010,6.7,24000
Color,Jon Avnet,108,16930884,88 Minutes ,65628,English,USA,R,30000000,2007,5.9,0
Color,Niki Caro,126,18324242,North Country ,32815,English,USA,R,35000000,2005,7.3,0
Color,Howard Deutch,98,16323969,The Whole Ten Yards ,45775,English,USA,PG-13,40000000,2004,5.5,462
Color,Vincenzo Natali,104,16999046,Splice ,79517,English,Canada,R,26000000,2009,5.8,12000
Color,Willard Huyck,110,16295774,Howard the Duck ,33669,English,USA,PG,35000000,1986,4.6,0
Color,Gavin O'Connor,130,15709385,Pride and Glory ,53053,English,USA,R,30000000,2008,6.7,0
Color,Bruce Hunt,93,14888028,The Cave ,28606,English,USA,PG-13,30000000,2005,5.1,0
Color,Rob Reiner,96,14208384,Alex & Emma ,11520,English,USA,PG-13,30000000,2003,5.6,625
Color,Paul McGuigan,114,12831121,Wicker Park ,44979,English,USA,PG-13,30000000,2004,7,0
Color,Craig Gillespie,106,18298649,Fright Night ,85024,English,USA,R,30000000,2011,6.4,23000
Color,Terrence Malick,150,12712093,The New World ,70771,English,USA,PG-13,30000000,2005,6.7,0
Color,Chris Roberts,100,11576087,Wing Commander ,14747,English,USA,PG-13,30000000,1999,4.1,858
Color,Neil Jordan,100,11900000,In Dreams ,11003,English,USA,R,30000000,1999,5.5,654
Color,James Wong,100,9353573,Dragonball: Evolution ,56451,English,USA,PG,45000000,2009,2.7,0
Color,Jee-woon Kim,107,12026670,The Last Stand ,114241,English,USA,R,45000000,2013,6.4,24000
Color,Nick Hamm,102,14334645,Godsend ,22449,English,USA,PG-13,25000000,2004,4.8,387
Color,Andy Cadiff,101,12189514,Chasing Liberty ,30092,English,USA,PG-13,23000000,2004,6.1,0
Color,Mike Disa,86,10134754,Hoodwinked Too! Hood vs. Evil ,9682,English,USA,PG,30000000,2011,4.8,0
Color,Lasse Hallström,108,8535575,An Unfinished Life ,24033,English,USA,PG-13,30000000,2005,7,0
Color,Terry Gilliam,123,7689458,The Imaginarium of Doctor Parnassus ,126307,English,UK,PG-13,40000000,2009,6.8,19000
Color,Richard J. Lewis,134,7501404,Barney's Version ,21086,English,Canada,R,,2010,7.3,0
Color,,511,,Trapped             ,2308,Icelandic,Iceland,,,,8.2,0
Color,Brad Furman,88,19316646,Runner Runner ,52069,English,USA,R,30000000,2013,5.6,0
Color,Peter Howitt,109,10965209,Antitrust ,25558,English,USA,PG-13,30000000,2001,6.1,0
Color,Edward Zwick,122,26830000,Glory ,101888,English,USA,R,18000000,1989,7.9,0
Color,Sergio Leone,251,5300000,Once Upon a Time in America ,221000,English,Italy,R,30000000,1984,8.4,12000
Color,Niels Arden Oplev,118,10880926,Dead Man Down ,54147,English,USA,R,30000000,2013,6.5,0
Color,Michael Radford,131,3752725,The Merchant of Venice ,29715,English,USA,R,18000000,2004,7.1,0
Color,Neil Jordan,109,3517797,The Good Thief ,9004,English,France,R,25000000,2002,6.6,287
Color,Steve Boyum,80,3101301,Supercross ,3926,English,USA,PG-13,,2005,4,353
Color,Chris Noonan,88,2975649,Miss Potter ,23864,English,UK,PG,30000000,2006,7,0
Color,Kaige Chen,103,668171,The Promise ,8215,Mandarin,China,PG-13,60000000,2005,5.6,445
Color,Corey Yuen,87,480314,DOA: Dead or Alive ,38503,English,USA,PG-13,21000000,2006,4.8,0
Color,Andrew Dominik,160,3904982,The Assassination of Jesse James by the Coward Robert Ford ,136104,English,USA,R,30000000,2007,7.5,0
Color,Li Zhang,121,127437,1911 ,4670,Mandarin,China,R,18000000,2011,6,0
Color,Laurent Tirard,91,,Little Nicholas ,9214,French,France,,,2009,7.2,0
Color,Simon West,92,,Wild Card ,36487,English,USA,R,30000000,2015,5.6,0
Color,Marc Forster,129,537580,Machine Gun Preacher ,52972,English,USA,R,30000000,2011,6.8,21000
Color,Reinhard Klooss,93,,Animals United ,4599,German,Germany,PG,,2010,4.9,885
Color,Bille August,118,,The Color of Freedom ,10175,English,Germany,R,30000000,2007,7.1,0
Color,Frédéric Auburtin,110,,United Passions ,3279,English,France,Not Rated,24000000,2014,2,0
Color,Olivier Dahan,103,,Grace of Monaco ,12410,English,Switzerland,,30000000,2014,5.7,6000
Color,Maksim Fadeev,85,,A Warrior's Tail ,393,Russian,Russia,,30000000,2015,4.1,161
Color,Liliana Cavani,110,,Ripley's Game ,14618,English,Italy,R,30000000,2002,6.7,447
Color,Greg Tiernan,89,,Sausage Party ,3302,English,USA,R,19000000,2016,7.5,13000
Color,Elizabeth Banks,115,183436380,Pitch Perfect 2 ,97697,English,USA,PG-13,29000000,2015,6.5,40000
Color,James Mangold,153,119518352,Walk the Line ,188637,English,USA,PG-13,28000000,2005,7.9,11000
Color,,42,,12 Monkeys             ,20839,English,USA,TV-14,,,7.6,12000
Color,Edward Norton,128,37036404,Keeping the Faith ,44816,English,USA,PG-13,30000000,2000,6.4,0
Color,Peter Hewitt,89,22359293,The Borrowers ,16222,English,UK,PG,29000000,1997,5.8,0
Color,Ron Howard,122,18593156,Frost/Nixon ,88682,English,USA,R,35000000,2008,7.7,0
Color,George Clooney,113,,Confessions of a Dangerous Mind ,71596,English,USA,R,29000000,2002,7.1,3000
Color,Reginald Hudlin,99,16930185,Serving Sara ,14315,English,Germany,PG-13,29000000,2002,5.3,201
Color,Ben Falcone,99,63034755,The Boss ,16984,English,USA,R,29000000,2016,5.3,0
Color,Richard Attenborough,147,5899797,Cry Freedom ,9913,English,UK,PG,29000000,1987,7.5,0
 Black and White,Lawrence Kasdan,112,4554569,Mumford ,8134,English,USA,R,28000000,1999,6.9,209
Color,Don Mancini,88,17016190,Seed of Chucky ,28632,English,Romania,R,12000000,2004,4.9,0
Color,John Maybury,94,6301131,The Jacket ,92850,English,USA,R,29000000,2005,7.1,0
Color,Ron Clements,90,217350219,Aladdin ,260939,English,USA,G,28000000,1992,8,0
Color,F. Gary Gray,167,161029270,Straight Outta Compton ,119928,English,USA,R,28000000,2015,7.9,76000
Color,Steven Spielberg,118,179870271,Indiana Jones and the Temple of Doom ,329969,English,USA,PG,28000000,1984,7.6,0
Color,Igor Kovalyov,83,100491683,The Rugrats Movie ,14005,English,USA,G,24000000,1998,5.9,418
Color,Lee Tamahori,104,74058698,Along Came a Spider ,59232,English,USA,R,60000000,2001,6.3,0
Color,Stephen Frears,110,,Florence Foster Jenkins ,2167,English,UK,PG-13,29000000,2016,7.1,0
Color,Robert Rodriguez,102,55845943,Once Upon a Time in Mexico ,130094,English,USA,R,29000000,2003,6.4,0
Color,John McTiernan,131,81350242,Die Hard ,592582,English,USA,R,28000000,1988,8.2,25000
Color,David Wain,101,67266300,Role Models ,195255,English,Germany,R,28000000,2008,6.9,0
Color,Adam McKay,130,70235322,The Big Short ,182983,English,USA,R,28000000,2015,7.8,99000
Color,Ang Lee,120,7443007,Taking Woodstock ,24663,English,USA,R,30000000,2009,6.7,0
Color,Gavin O'Connor,135,64371181,Miracle ,36636,English,USA,PG,28000000,2004,7.5,0
Color,Zack Snyder,110,58885635,Dawn of the Dead ,194422,English,USA,R,26000000,2004,7.4,7000
Color,Adam Shankman,103,60400856,The Wedding Planner ,61317,English,Germany,PG-13,35000000,2001,5.2,0
Color,Shinji Aramaki,115,,Harlock: Space Pirate ,8227,Japanese,Japan,Not Rated,30000000,2013,6.5,0
Color,Wes Anderson,110,52353636,The Royal Tenenbaums ,209133,English,USA,R,21000000,2001,7.6,0
Color,James Mangold,91,51475962,Identity ,177828,English,USA,R,30000000,2003,7.3,11000
Color,Jon Turteltaub,105,63910583,Last Vegas ,106755,English,USA,PG-13,28000000,2013,6.6,27000
Color,John Glen,127,62300000,For Your Eyes Only ,72085,English,UK,PG,28000000,1981,6.8,2000
Color,Peter Chelsom,82,49968653,Serendipity ,85423,English,USA,PG-13,28000000,2001,6.9,12000
Color,Peter Hyams,99,44450000,Timecop ,44394,English,Canada,R,27000000,1994,5.8,0
Color,Ben Stiller,90,45162741,Zoolander ,201084,English,Germany,PG-13,28000000,2001,6.6,0
Color,Lasse Hallström,115,71346930,Safe Haven ,78008,English,USA,PG-13,28000000,2013,6.7,23000
Color,Kenny Ortega,96,39514713,Hocus Pocus ,60494,English,USA,PG,28000000,1993,6.7,16000
Color,Scott Hicks,104,43097652,No Reservations ,59068,English,USA,PG,28000000,2007,6.3,0
Color,Matthew Vaughn,117,48043505,Kick-Ass ,435864,English,UK,R,30000000,2010,7.7,36000
Color,Ruben Fleischer,83,37053924,30 Minutes or Less ,77935,English,Germany,R,28000000,2011,6.1,0
Color,Patrick Lussier,99,33000377,Dracula 2000 ,27378,English,USA,R,28000000,2000,4.9,0
Color,Miguel Arteta,81,66950483,"Alexander and the Terrible, Horrible, No Good, Very Bad Day ",29738,English,USA,PG,28000000,2014,6.2,12000
Color,Joe Wright,135,38372662,Pride & Prejudice ,193455,English,France,PG,28000000,2005,7.8,17000
Color,Ridley Scott,117,27000000,Blade Runner ,461609,English,USA,R,28000000,1982,8.2,34000
Color,Michael Caton-Jones,139,31600000,Rob Roy ,34427,English,USA,R,28000000,1995,6.9,0
Color,McG,123,30688364,3 Days to Kill ,69355,English,USA,PG-13,28000000,2014,6.2,10000
Color,James Gray,117,28563179,We Own the Night ,72693,English,USA,R,21000000,2007,6.9,0
Color,Janusz Kaminski,97,16779636,Lost Souls ,9338,English,USA,R,28000000,2000,4.8,209
Color,Jacques Perrin,81,10762178,Winged Migration ,10369,English,France,G,160000000,2001,8,1000
Color,Donald Petrie,103,17324744,Just My Luck ,44103,English,USA,PG-13,28000000,2006,5.3,0
Color,Jay Roach,119,8888143,"Mystery, Alaska ",22250,English,Canada,R,28000000,1999,6.7,913
Color,Brian Levant,94,24268828,The Spy Next Door ,29971,English,USA,PG,28000000,2010,5.4,0
Color,Michael Ritchie,89,8119205,A Simple Wish ,4288,English,USA,PG,28000000,1997,5.4,517
Color,John Carpenter,98,8434601,Ghosts of Mars ,43006,English,USA,R,28000000,2001,4.9,0
Color,David Gordon Green,107,6998324,Our Brand Is Crisis ,11476,English,USA,R,28000000,2015,6.1,0
Color,Burr Steers,108,10907291,Pride and Prejudice and Zombies ,23775,English,USA,PG-13,28000000,2016,5.8,73000
Color,Martin Scorsese,134,5532301,Kundun ,21606,English,USA,PG-13,28000000,1997,7,0
Color,Robert B. Weide,110,2775593,How to Lose Friends & Alienate People ,61269,English,UK,R,27000000,2008,6.5,0
Color,Jeff Wadlow,103,28751715,Kick-Ass 2 ,202967,English,USA,R,28000000,2013,6.6,36000
Color,Agustín Díaz Yanes,145,,Captain Alatriste: The Spanish Musketeer ,10266,Spanish,Spain,,24000000,2006,6.1,0
Color,Camille Delamarre,100,20285518,Brick Mansions ,32103,English,France,PG-13,28000000,2014,5.7,0
Color,John Glen,131,67900000,Octopussy ,74374,English,UK,PG,27500000,1983,6.6,0
Color,Judd Apatow,133,148734225,Knocked Up ,298590,English,USA,R,30000000,2007,7,0
Color,Nick Cassavetes,109,49185998,My Sister's Keeper ,74476,English,USA,PG-13,30000000,2009,7.4,15000
Color,Malcolm D. Lee,114,42168445,"Welcome Home, Roscoe Jenkins ",10791,English,USA,PG-13,35000000,2008,5.3,464
Color,David Lean,164,26400000,A Passage to India ,12980,English,UK,PG,16000000,1984,7.4,845
Color,Richard Eyre,92,17508670,Notes on a Scandal ,64625,English,UK,R,15000000,2006,7.4,0
Color,Gavin Hood,122,9664316,Rendition ,47203,English,USA,R,27500000,2007,6.8,0
Color,,42,,Limitless             ,38177,English,USA,TV-14,,,7.9,11000
Color,Nicholas Meyer,110,74888996,Star Trek VI: The Undiscovered Country ,55513,English,USA,PG,30000000,1991,7.2,0
Color,Callie Khouri,116,69586544,Divine Secrets of the Ya-Ya Sisterhood ,15352,English,USA,PG-13,27000000,2002,6,0
Color,Jon Favreau,106,362645141,The Jungle Book ,106221,English,UK,PG,175000000,2016,7.8,65000
Color,Gary Fleder,115,60491560,Kiss the Girls ,50653,English,USA,R,27000000,1997,6.6,0
Color,John Landis,148,54200000,The Blues Brothers ,142448,English,USA,R,27000000,1980,7.9,14000
Color,Sanaa Hamri,119,44087387,The Sisterhood of the Traveling Pants 2 ,22304,English,USA,PG-13,,2008,6.2,894
Color,Todd Graff,118,30920167,Joyful Noise ,6476,English,USA,PG-13,25000000,2012,5.7,0
Color,Chris Weitz,101,40566655,About a Boy ,144021,English,UK,PG-13,30000000,2002,7.1,0
Color,Steve Miner,82,31768374,Lake Placid ,42761,English,USA,R,27000000,1999,5.6,2000
Color,Paul McGuigan,110,22494487,Lucky Number Slevin ,262153,English,Germany,R,27000000,2006,7.8,10000
Color,Philip Kaufman,193,21500000,The Right Stuff ,45271,English,USA,PG,27000000,1983,7.9,0
Color,Roland Emmerich,130,4463292,Anonymous ,34488,English,UK,PG-13,30000000,2011,6.9,15000
Color,Wolfgang Petersen,94,,The NeverEnding Story ,99557,English,West Germany,PG,27000000,1984,7.4,21000
Color,Alex Proyas,111,14337579,Dark City ,156929,English,Australia,R,27000000,1998,7.7,14000
Color,Saul Dibb,110,13823741,The Duchess ,61777,English,UK,PG-13,13500000,2008,6.9,0
 Black and White,,30,,The Honeymooners             ,3446,English,USA,,,,8.7,459
Color,Walter Murch,109,,Return to Oz ,19568,English,UK,PG,25000000,1985,6.7,0
Color,Richard Linklater,123,10297897,The Newton Boys ,8309,English,USA,PG-13,27000000,1998,6,315
Color,Christian Alvart,109,13248477,Case 39 ,60555,English,USA,R,27000000,2009,6.2,0
Color,E. Elias Merhige,99,8712564,Suspect Zero ,16555,English,USA,R,27000000,2004,5.9,817
Color,Menno Meyjes,106,7486906,Martian Child ,17436,English,USA,PG,27000000,2007,6.8,0
Color,Robert Rodriguez,89,38536376,Spy Kids: All the Time in the World in 4D ,15866,English,USA,PG,27000000,2011,3.6,0
Color,Jodie Foster,98,41008532,Money Monster ,19611,English,USA,R,27000000,2016,6.7,0
Color,Ronny Yu,93,5204007,Formula 51 ,42876,English,UK,R,28000000,2001,6.3,0
Color,Joel Schumacher,112,4485485,Flawless ,14612,English,USA,R,15000000,1999,6.4,0
Color,Renny Harlin,101,4476235,Mindhunters ,49405,English,USA,R,27000000,2004,6.4,2000
Color,Barry Levinson,104,1089365,What Just Happened ,23767,English,USA,R,25000000,2008,5.7,845
 Black and White,Norman Jewison,120,763044,The Statement ,4257,English,Canada,R,23000000,2003,6.2,188
Color,Kenneth Branagh,135,,The Magic Flute ,926,English,France,,27000000,2006,6.6,359
Color,Steve Carr,91,20819129,Paul Blart: Mall Cop ,84209,English,USA,PG,26000000,2009,5.2,0
Color,Mark Waters,97,110222438,Freaky Friday ,96693,English,USA,PG,26000000,2003,6.1,0
Color,Judd Apatow,133,109243478,The 40-Year-Old Virgin ,313797,English,USA,R,26000000,2005,7.1,0
Color,John Madden,123,100241322,Shakespeare in Love ,175524,English,USA,R,25000000,1998,7.2,0
Color,Scott Frank,114,25977365,A Walk Among the Tombstones ,87950,English,USA,R,28000000,2014,6.5,15000
Color,Ivan Reitman,111,91457688,Kindergarten Cop ,107801,English,USA,PG-13,26000000,1990,6,0
Color,David Gordon Green,117,87341380,Pineapple Express ,255257,English,USA,R,27000000,2008,7,0
Color,Andy Tennant,121,65703412,Ever After: A Cinderella Story ,57958,English,USA,PG-13,26000000,1998,7,0
Color,Kevin Costner,139,58328680,Open Range ,54096,English,USA,R,22000000,2003,7.5,0
Color,Joel Schumacher,115,61490000,Flatliners ,62037,English,USA,R,26000000,1990,6.6,0
Color,,22,,It's Always Sunny in Philadelphia             ,133415,English,USA,TV-MA,,,8.8,0
 Black and White,Richard Attenborough,175,50800000,A Bridge Too Far ,40277,English,USA,PG,26000000,1977,7.4,0
Color,Wes Craven,85,57859105,Red Eye ,94108,English,USA,PG-13,26000000,2005,6.5,0
Color,David R. Ellis,90,46455802,Final Destination 2 ,120786,English,USA,R,26000000,2003,6.2,0
Color,Joel Coen,107,45506619,"O Brother, Where Art Thou? ",225102,English,UK,PG-13,26000000,2000,7.8,16000
Color,Scott Stewart,100,40168080,Legion ,80870,English,USA,R,26000000,2010,5.2,0
Color,Michael Bay,129,49874933,Pain & Gain ,161168,English,USA,R,26000000,2013,6.5,43000
Color,Paul Weitz,109,45489752,In Good Company ,48973,English,USA,PG-13,26000000,2004,6.5,736
Color,Jonathan Frakes,94,36985501,Clockstoppers ,11212,English,USA,PG,26000000,2002,5.2,874
Color,Lawrence Kasdan,133,33200000,Silverado ,28247,English,USA,PG-13,26000000,1985,7.2,0
Color,Jim Sheridan,105,28501651,Brothers ,88035,English,USA,R,26000000,2009,7.1,10000
Color,Kevin Allen,100,23222861,Agent Cody Banks 2: Destination London ,11092,English,USA,PG,26000000,2004,4.5,167
Color,Garry Marshall,113,54540525,New Year's Eve ,66579,English,USA,PG-13,56000000,2011,5.7,20000
Color,Michael Cristofer,118,16252765,Original Sin ,44913,English,France,R,42000000,2001,6,3000
Color,James McTeigue,110,16005978,The Raven ,72886,English,USA,R,26000000,2012,6.4,35000
Color,Donald Petrie,110,14469428,Welcome to Mooseport ,10667,English,USA,PG-13,26000000,2004,5.2,260
Color,Andrew Morahan,99,13829734,Highlander: The Final Dimension ,16194,English,Canada,PG-13,26000000,1994,4.3,319
Color,Bob Rafelson,101,1075288,Blood and Wine ,7772,English,USA,R,22000000,1996,6.1,145
Color,Michael Cohn,100,,Snow White: A Tale of Terror ,8118,English,USA,R,26000000,1997,6.3,0
Color,Woody Allen,103,7496522,The Curse of the Jade Scorpion ,31798,English,USA,PG-13,26000000,2001,6.8,826
Color,David O. Russell,100,,Accidental Love ,5006,English,USA,PG-13,26000000,2015,4,0
Color,Alan Shapiro,95,20047715,Flipper ,8008,English,USA,PG,25530000,1996,5.2,504
Color,Tarsem Singh,117,12276810,Self/less ,57674,English,USA,PG-13,26000000,2015,6.5,11000
Color,Fernando Meirelles,129,33565375,The Constant Gardener ,111351,English,UK,R,15000000,2005,7.5,0
Color,Mel Gibson,120,499263,The Passion of the Christ ,179235,Aramaic,USA,R,30000000,2004,7.1,13000
Color,Chris Columbus,125,219200000,Mrs. Doubtfire ,181380,English,USA,PG-13,25000000,1993,6.9,0
Color,Barry Levinson,133,172825435,Rain Man ,383784,English,USA,R,25000000,1988,8,12000
Color,Clint Eastwood,116,148085755,Gran Torino ,561773,English,USA,R,33000000,2008,8.2,28000
Color,Oliver Stone,129,25517500,W. ,40941,English,USA,PG-13,25100000,2008,6.4,0
Color,Pierre Morel,93,145000989,Taken ,483756,English,France,PG-13,25000000,2008,7.9,29000
Color,Michael Hoffman,118,26761283,The Best of Me ,43084,English,USA,PG-13,26000000,2014,6.7,19000
Color,Mick Jackson,129,121945720,The Bodyguard ,89972,English,USA,R,25000000,1992,6.1,0
 Black and White,Steven Spielberg,185,96067179,Schindler's List ,865020,English,USA,R,22000000,1993,8.9,41000
Color,Tate Taylor,146,169705587,The Help ,318955,English,USA,PG-13,25000000,2011,8.1,75000
Color,Bill Condon,128,3254172,The Fifth Estate ,29282,English,USA,R,28000000,2013,6.2,11000
Color,Raja Gosnell,93,84185387,Scooby-Doo 2: Monsters Unleashed ,33180,English,USA,PG,80000000,2004,4.9,567
Color,Oleg Stepchenko,107,,Viy ,3170,Russian,Russia,,26000000,2014,5.4,0
Color,Ronny Yu,97,82163317,Freddy vs. Jason ,89101,English,USA,R,30000000,2003,5.8,3000
Color,Michael Winterbottom,101,,The Face of an Angel ,2863,English,UK,Not Rated,,2014,4.7,488
Color,John A. Davis,82,80920948,Jimmy Neutron: Boy Genius ,23943,English,USA,G,30000000,2001,6,425
Color,Matt Reeves,85,80034302,Cloverfield ,296787,English,USA,PG-13,25000000,2008,7,0
Color,Michael Pressman,88,78656813,Teenage Mutant Ninja Turtles II: The Secret of the Ooze ,42765,English,USA,PG,25000000,1991,6,0
Color,Brian De Palma,119,76270454,The Untouchables ,219008,English,USA,R,25000000,1987,7.9,0
Color,Ethan Coen,122,74273505,No Country for Old Men ,612060,English,USA,R,25000000,2007,8.1,21000
Color,Tim Story,99,134141530,Ride Along ,75903,English,USA,PG-13,25000000,2014,6.2,0
Color,Sharon Maguire,97,71500556,Bridget Jones's Diary ,171568,English,UK,R,26000000,2001,6.7,0
Color,Lasse Hallström,121,71309760,Chocolat ,150308,English,UK,PG-13,25000000,2000,7.3,18000
Color,Charles Herman-Wurmfeld,95,89808372,"Legally Blonde 2: Red, White & Blonde ",46417,English,USA,PG-13,45000000,2003,4.6,660
Color,Andy Fickman,105,77264926,Parental Guidance ,21176,English,USA,PG,25000000,2012,6.1,0
Color,Ivan Reitman,108,70625986,No Strings Attached ,168717,English,USA,R,25000000,2011,6.2,24000
Color,George P. Cosmatos,134,56505065,Tombstone ,95241,English,USA,R,25000000,1993,7.8,11000
Color,Andrzej Bartkowiak,115,55973336,Romeo Must Die ,57040,English,USA,R,25000000,2000,6.1,0
Color,Richard Donner,107,,The Omen ,80958,English,UK,R,2800000,1976,7.6,7000
Color,James Wong,86,54098051,Final Destination 3 ,102861,English,Germany,R,25000000,2006,5.8,0
Color,Scott Hicks,101,60443237,The Lucky One ,76882,English,USA,PG-13,25000000,2012,6.5,29000
Color,Gabor Csupo,96,82234139,Bridge to Terabithia ,110390,English,USA,PG,17000000,2007,7.2,6000
Color,Marc Forster,101,51676606,Finding Neverland ,174591,English,USA,PG,25000000,2004,7.8,0
Color,Tyler Perry,100,52528330,A Madea Christmas ,4265,English,USA,PG-13,25000000,2013,4.7,0
Color,Joe Carnahan,117,51533608,The Grey ,203111,English,USA,R,25000000,2011,6.8,32000
Color,John Polson,101,51097664,Hide and Seek ,70205,English,USA,R,30000000,2005,5.9,0
Color,Adam McKay,98,84136909,Anchorman: The Legend of Ron Burgundy ,267921,English,USA,PG-13,26000000,2004,7.2,0
Color,Martin Scorsese,146,46836394,Goodfellas ,728685,English,USA,R,25000000,1990,8.7,25000
Color,Harald Zwart,102,47285499,Agent Cody Banks ,26755,English,USA,PG,26000000,2003,5,542
Color,Kirk Jones,97,47124400,Nanny McPhee ,49676,English,USA,PG,25000000,2005,6.6,0
Color,Brian De Palma,142,44700000,Scarface ,537442,English,USA,R,25000000,1983,8.3,19000
Color,Steve Oedekerk,98,44455658,Nothing to Lose ,36253,English,USA,R,25000000,1997,6.7,0
Color,Bernardo Bertolucci,219,43984230,The Last Emperor ,70274,English,China,PG-13,23000000,1987,7.8,0
Color,Baltasar Kormákur,109,66489425,Contraband ,101977,English,USA,R,25000000,2012,6.5,0
Color,Brett Ratner,97,41067398,Money Talks ,22748,English,USA,R,25000000,1997,6.1,666
Color,Paul Thomas Anderson,158,40218903,There Will Be Blood ,372990,English,USA,R,25000000,2007,8.1,16000
Color,Cathy Malkasian,85,39880476,The Wild Thornberrys Movie ,12218,English,USA,PG,25000000,2002,5.2,187
Color,John Eng,80,39399750,Rugrats Go Wild ,5674,English,USA,PG,25000000,2003,5.6,329
Color,Malcolm D. Lee,86,38230435,Undercover Brother ,29661,English,USA,PG-13,25000000,2002,5.8,0
Color,Ken Kwapis,119,39008741,The Sisterhood of the Traveling Pants ,44838,English,USA,PG,25000000,2005,6.6,0
Color,Chris Nahon,98,36833473,Kiss of the Dragon ,53126,English,France,R,25000000,2001,6.6,0
Color,Fred Wolf,97,48237389,The House Bunny ,63969,English,USA,PG-13,25000000,2008,5.5,0
Color,Bille Woodruff,105,36310118,Beauty Shop ,13194,English,USA,PG-13,,2005,5.5,671
Color,Craig Gillespie,124,36447959,Million Dollar Arm ,35833,English,USA,PG,25000000,2014,7,10000
 Black and White,Phillip Noyce,97,45089048,The Giver ,86251,English,South Africa,PG-13,25000000,2014,6.5,58000
Color,Dennie Gordon,105,35990505,What a Girl Wants ,48095,English,USA,PG,20000000,2003,5.8,0
Color,Victor Salva,104,35143332,Jeepers Creepers II ,45102,English,USA,R,17000000,2003,5.6,0
Color,Mark Helfrich,101,35000629,Good Luck Chuck ,74622,English,USA,R,25000000,2007,5.6,0
Color,Andrzej Bartkowiak,101,34604054,Cradle 2 the Grave ,34942,English,USA,R,30000000,2003,5.8,1000
Color,Stephen Daldry,114,41597830,The Hours ,102123,English,USA,PG-13,25000000,2002,7.6,0
Color,Andy Fickman,105,33687630,She's the Man ,116762,English,USA,PG-13,20000000,2006,6.4,0
Color,Steve Bendelack,90,32553210,Mr. Bean's Holiday ,88714,English,UK,PG,25000000,2007,6.3,0
Color,Dwight H. Little,97,31526393,Anacondas: The Hunt for the Blood Orchid ,22243,English,USA,PG-13,25000000,2004,4.6,686
Color,Guillaume Canet,144,41229,Blood Ties ,14612,English,France,R,25500000,2013,6.5,0
Color,Kirsten Sheridan,114,31655091,August Rush ,87331,English,USA,PG,30000000,2007,7.5,18000
Color,Shekhar Kapur,124,30012990,Elizabeth ,75973,English,UK,R,25000000,1998,7.5,0
Color,Ronny Yu,89,32368960,Bride of Chucky ,39768,English,Canada,R,25000000,1998,5.3,0
Color,Richard Fleischer,160,14500000,Tora! Tora! Tora! ,25019,English,Japan,G,25000000,1970,7.5,0
Color,Bob Spiers,93,29247405,Spice World ,28377,English,UK,PG,25000000,1997,3.3,0
Color,David Gordon Green,87,30538669,The Sitter ,60202,English,USA,R,,2011,5.7,0
Color,Damien Dante Wayans,88,25615792,Dance Flick ,10161,English,USA,PG-13,25000000,2009,3.5,657
Color,Frank Darabont,142,28341469,The Shawshank Redemption ,1689764,English,USA,R,25000000,1994,9.3,108000
Color,Simon Wincer,92,25590119,Crocodile Dundee in Los Angeles ,19699,English,Australia,PG,21150000,2001,4.8,387
Color,Bobby Farrelly,117,24944213,Kingpin ,63459,English,USA,PG-13,27000000,1996,6.9,3000
Color,Rupert Wyatt,111,33631221,The Gambler ,48559,English,USA,R,25000000,2014,6,0
Color,John Wells,121,37738400,August: Osage County ,67797,English,USA,R,25000000,2013,7.3,30000
Color,Tim Fywell,98,24381334,Ice Princess ,19737,English,USA,G,,2005,6,901
Color,Nigel Cole,107,21835784,A Lot Like Love ,58297,English,USA,PG-13,30000000,2005,6.6,0
Color,Dexter Fletcher,106,15785632,Eddie the Eagle ,32507,English,UK,PG-13,23000000,2016,7.5,15000
Color,Spike Lee,136,21554585,He Got Game ,36108,English,USA,R,25000000,1998,6.9,0
Color,Jeremy Leven,97,22200000,Don Juan DeMarco ,41310,English,USA,PG-13,25000000,1994,6.8,0
Color,,7,,Shaun the Sheep             ,7968,English,UK,TV-G,,,8.3,834
,Lasse Hallström,108,80014842,Dear John ,104356,English,USA,PG-13,25000000,2010,6.3,14000
Color,Sylvain White,97,23527955,The Losers ,74691,English,USA,PG-13,25000000,2010,6.4,0
Color,Troy Nixey,99,24042490,Don't Be Afraid of the Dark ,40776,English,USA,R,25000000,2010,5.6,10000
Color,Philip G. Atwell,103,22466994,War ,72673,English,USA,R,25000000,2007,6.3,0
Color,Paul Thomas Anderson,95,17791031,Punch-Drunk Love ,109855,English,USA,R,25000000,2002,7.3,0
Color,Jeff Schaffer,93,17718223,EuroTrip ,162067,English,USA,R,25000000,2004,6.6,0
Color,Don Michael Paul,98,15361537,Half Past Dead ,12263,English,Germany,PG-13,13000000,2002,4.6,564
Color,Paul Feig,90,16647384,Unaccompanied Minors ,8398,English,USA,PG,26000000,2006,5.1,498
Color,James Bridges,107,16118077,"Bright Lights, Big City ",5817,English,USA,R,25000000,1988,5.6,377
Color,Steve Barron,90,15091542,The Adventures of Pinocchio ,4086,Italian,UK,G,25000000,1996,5.3,246
Color,Bill Paxton,120,15331289,The Greatest Game Ever Played ,22289,English,USA,PG,,2005,7.5,0
Color,Richard Kelly,115,15045676,The Box ,76303,English,USA,PG-13,16000000,2009,5.6,0
Color,Carter Smith,93,17427926,The Ruins ,60062,English,USA,R,8000000,2008,5.9,0
Color,John Schlesinger,99,14983572,The Next Best Thing ,9361,English,USA,PG-13,25000000,2000,4.7,378
Color,Wes Craven,107,14637490,My Soul to Take ,16411,English,USA,R,25000000,2010,4.8,0
Color,Luke Greenfield,110,14589444,The Girl Next Door ,171151,English,USA,R,25000000,2004,6.8,0
Color,Ringo Lam,101,14095303,Maximum Risk ,15814,English,USA,R,25000000,1996,5.4,503
Color,Bruce McCulloch,85,13973532,Stealing Harvard ,11211,English,USA,PG-13,25000000,2002,5.1,215
Color,Brian Helgeland,132,1865774,Legend ,87682,English,UK,R,30000000,2015,7,43000
Color,Akiva Schaffer,88,13920741,Hot Rod ,59900,English,USA,PG-13,,2007,6.7,0
Color,David R. Ellis,90,18860403,Shark Night 3D ,20823,English,USA,PG-13,25000000,2011,4,0
Color,Alan Parker,145,13038660,Angela's Ashes ,16995,English,USA,R,25000000,1999,7.3,0
Color,Ivan Reitman,110,28831145,Draft Day ,39357,English,USA,R,25000000,2014,6.8,14000
Color,Tobe Hooper,101,,Lifeforce ,15531,English,UK,R,25000000,1985,6.1,0
Color,,30,,The Powerpuff Girls             ,23664,English,USA,TV-Y7,,,7.2,581
Color,Robert Redford,122,11538204,The Conspirator ,23696,English,USA,PG-13,25000000,2010,7,0
Color,Catherine Hardwicke,107,11008432,Lords of Dogtown ,43903,English,USA,PG-13,25000000,2005,7.1,5000
Color,Patricia Riggen,127,12188642,The 33 ,21098,English,Chile,PG-13,26000000,2015,6.9,0
Color,John Carpenter,99,11100000,Big Trouble in Little China ,92464,English,USA,PG-13,25000000,1986,7.3,19000
Color,Pascal Chaumeil,104,,A Perfect Plan ,5525,French,France,,17000000,2012,6.3,853
Color,Gavin O'Connor,140,13651662,Warrior ,332276,English,USA,PG-13,25000000,2011,8.2,77000
 Black and White,Neil Jordan,133,11030963,Michael Collins ,24145,English,UK,R,28000000,1996,7.1,0
Color,Ron Maxwell,271,10769960,Gettysburg ,21940,English,USA,PG,25000000,1993,7.7,0
Color,Kimberly Peirce,112,10911750,Stop-Loss ,17757,English,USA,R,25000000,2008,6.5,982
Color,Stephen Gaghan,99,10719367,Abandon ,7909,English,USA,PG-13,25000000,2002,4.9,261
Color,Jonathan Kaplan,100,10114315,Brokedown Palace ,18693,English,USA,PG-13,25000000,1999,6.4,0
Color,Ole Bornedal,92,49122319,The Possession ,47169,English,USA,PG-13,14000000,2012,5.9,17000
Color,Richard Benjamin,105,10070000,Mrs. Winterbourne ,5668,English,USA,PG-13,25000000,1996,6.2,491
Color,Rod Lurie,110,10324441,Straw Dogs ,27117,English,USA,R,25000000,2011,5.8,7000
Color,Lasse Hallström,116,7156933,The Hoax ,14581,English,USA,R,25000000,2006,6.7,348
Color,Craig R. Baxley,88,9286314,Stone Cold ,4972,English,USA,R,17000000,1991,5.9,0
Color,John Hillcoat,111,56692,The Road ,177401,English,USA,R,25000000,2009,7.3,32000
Color,John Guillermin,117,,Sheena ,3334,English,UK,PG,25000000,1984,4.8,739
Color,Marcos Siega,95,5654777,Underclassman ,4875,English,USA,PG-13,25000000,2005,4.1,206
Color,J.B. Rogers,95,5516708,Say It Isn't So ,11375,English,USA,R,25000000,2001,4.9,295
Color,Roger Donaldson,127,5128124,The World's Fastest Indian ,44198,English,New Zealand,PG-13,25000000,2005,7.9,11000
Color,David R. Ellis,105,34014398,Snakes on a Plane ,115650,English,Germany,R,33000000,2006,5.6,4000
Color,Rachel Talalay,104,4064333,Tank Girl ,24790,English,USA,R,25000000,1995,5.2,0
Color,Jeffrey W. Byrd,95,4006906,King's Ransom ,3229,English,USA,PG-13,15000000,2005,4.1,83
Color,Fernando Meirelles,121,3073392,Blindness ,59462,English,Canada,R,25000000,2008,6.6,0
Color,Uwe Boll,92,1550000,BloodRayne ,30628,English,USA,R,25000000,2005,2.9,937
Color,Roman Polanski,80,,Carnage ,96480,English,France,R,25000000,2011,7.2,21000
Color,Atom Egoyan,107,871527,Where the Truth Lies ,14982,English,Canada,R,25000000,2005,6.5,507
Color,Andrew Adamson,91,12495865,Cirque du Soleil: Worlds Away ,7100,English,USA,PG,,2012,6.8,0
Color,Robert Towne,117,777423,Without Limits ,5841,English,USA,PG-13,25000000,1998,7.2,942
Color,Richard Linklater,107,1186957,Me and Orson Welles ,9264,English,UK,PG-13,25000000,2008,6.8,0
Color,Giuseppe Tornatore,131,85433,The Best Offer ,69676,English,Italy,R,13500000,2013,7.8,31000
Color,Werner Herzog,122,1697956,Bad Lieutenant: Port of Call New Orleans ,64944,English,USA,R,20000000,2009,6.7,6000
Color,Ben Stassen,88,,A Turtle's Tale: Sammy's Adventures ,5385,English,France,PG,,2010,6.1,0
Color,Guillaume Canet,134,183662,Little White Lies ,18395,French,France,Not Rated,25000000,2010,7.1,0
Color,Taylor Hackford,117,134904,Love Ranch ,2395,English,USA,R,25000000,2010,5.7,636
Color,Jérôme Deschamps,80,,The True Story of Puss'N Boots ,753,English,France,G,25000000,2009,2.9,90
Color,Inna Evlannikova,85,,Space Dogs ,891,Russian,Russia,G,25000000,2010,5.2,200
Color,Ridley Scott,138,16969390,The Counselor ,80861,English,USA,R,25000000,2013,5.3,24000
Color,Jonathan English,121,,Ironclad ,34338,English,UK,R,25000000,2011,6.2,0
Color,Sergey Bondarchuk,134,,Waterloo ,5911,English,Italy,G,25000000,1970,7.3,690
Color,Teddy Chan,100,129115,Kung Fu Killer ,5900,Cantonese,China,,25000000,2014,6.5,0
,Mario Van Peebles,100,,Red Sky ,1084,English,USA,PG-13,25000000,2014,4.1,437
Color,Stephen Frears,119,34700000,Dangerous Liaisons ,52846,English,USA,R,14000000,1988,7.7,0
Color,Walter Salles,137,717753,On the Road ,33107,English,France,R,25000000,2012,6.1,27000
Color,Leonard Nimoy,119,109713132,Star Trek IV: The Voyage Home ,61621,English,USA,PG,25000000,1986,7.3,0
Color,Sylvester Stallone,139,70269171,Rocky Balboa ,162130,English,USA,PG,24000000,2006,7.2,0
Color,Ericson Core,114,28772222,Point Break ,33958,English,USA,PG-13,105000000,2015,5.3,37000
Color,Wes Craven,120,101334374,Scream 2 ,124941,English,USA,R,24000000,1997,6.1,0
Color,Gavin O'Connor,98,1512815,Jane Got a Gun ,8885,English,USA,R,25000000,2016,5.8,0
Color,Tim Story,106,65182182,Think Like a Man Too ,15310,English,USA,PG-13,24000000,2014,5.7,3000
Color,Jonathan Lynn,98,57262492,The Whole Nine Yards ,90374,English,USA,R,24000000,2000,6.7,0
Color,Herbert Ross,107,80000000,Footloose ,51459,English,USA,PG,8200000,1984,6.5,0
Color,Todd Phillips,88,74608545,Old School ,185258,English,USA,R,24000000,2003,7.2,0
Color,Terry Gilliam,137,41895491,The Fisher King ,63274,English,USA,R,24000000,1991,7.6,12000
Color,Danny Cannon,100,39989008,I Still Know What You Did Last Summer ,55398,English,USA,R,24000000,1998,4.6,891
Color,Bonnie Hunt,115,32662299,Return to Me ,16469,English,USA,PG,24000000,2000,6.9,0
Color,Kevin Smith,101,31452765,Zack and Miri Make a Porno ,149835,English,USA,R,24000000,2008,6.6,0
Color,Neil LaBute,110,25167270,Nurse Betty ,30119,English,Germany,R,24000000,2000,6.3,455
Color,Grant Heslov,94,32416109,The Men Who Stare at Goats ,109620,English,USA,R,25000000,2009,6.2,15000
Color,George Gallo,88,20218,Double Take ,5431,English,USA,PG-13,24000000,2001,5.3,204
Color,James Mangold,127,28871190,"Girl, Interrupted ",125421,English,USA,R,24000000,1999,7.3,0
Color,Robert Luketic,95,16964743,Win a Date with Tad Hamilton! ,22844,English,USA,PG-13,24000000,2004,5.6,876
Color,Tim Hill,87,16290976,Muppets from Space ,14637,English,USA,G,24000000,1999,6.2,619
Color,Sidney Lumet,118,13000000,The Wiz ,10895,English,USA,G,24000000,1978,5.2,0
Color,Brian Robbins,107,12372410,Ready to Rumble ,11709,English,USA,PG-13,24000000,2000,5.3,650
Color,Ron Shelton,124,8427204,Play It to the Bone ,10100,English,USA,R,24000000,1999,5.4,153
Color,Douglas McGrath,89,9639242,I Don't Know How She Does It ,16437,English,USA,PG-13,24000000,2011,4.9,0
Color,Alexandre Aja,88,25003072,Piranha 3D ,72552,English,USA,R,24000000,2010,5.5,13000
 Black and White,Kevin Spacey,118,6144806,Beyond the Sea ,12821,English,USA,PG-13,23000000,2004,6.7,0
Color,Steve Boyum,93,4308981,Meet the Deedles ,2265,English,USA,PG,24000000,1998,3.9,839
Color,Richard Williams,80,669276,The Princess and the Cobbler ,2541,English,UK,G,28000000,1993,7.2,408
Color,Mary McGuckian,120,42880,The Bridge of San Luis Rey ,2919,English,UK,PG,24000000,2004,5.1,181
Color,George Tillman Jr.,98,23225911,Faster ,80574,English,USA,R,24000000,2010,6.5,12000
Color,Hayao Miyazaki,119,4710455,Howl's Moving Castle ,214091,Japanese,Japan,PG,24000000,2004,8.2,13000
Color,Ruben Fleischer,88,75590286,Zombieland ,386217,English,USA,R,23600000,2009,7.7,26000
Color,Peter Jackson,201,218051260,King Kong ,316020,English,New Zealand,PG-13,207000000,2005,7.2,0
 Black and White,Frank Coraci,90,161487252,The Waterboy ,119450,English,USA,PG-13,20000000,1998,6.1,0
Color,Irvin Kershner,127,290158751,Star Wars: Episode V - The Empire Strikes Back ,837759,English,USA,PG,18000000,1980,8.8,17000
Color,Michael Bay,119,65807024,Bad Boys ,172405,English,USA,R,19000000,1995,6.8,0
Color,David Zucker,85,86930411,The Naked Gun 2½: The Smell of Fear ,83269,English,USA,PG-13,23000000,1991,6.8,0
Color,James Wong,98,53302314,Final Destination ,181058,English,USA,R,23000000,2000,6.7,0
Color,George Clooney,101,40962534,The Ides of March ,188652,English,USA,R,12500000,2011,7.1,22000
Color,David Twohy,112,39235088,Pitch Black ,193962,English,USA,R,23000000,2000,7.1,5000
Color,Tony Goldwyn,97,27338033,Someone Like You... ,19709,English,USA,PG-13,23000000,2001,6.1,0
Color,Spike Jonze,126,25556065,Her ,355126,English,USA,R,23000000,2013,8,148000
Color,Dexter Fletcher,106,15785632,Eddie the Eagle ,32513,English,UK,PG-13,23000000,2016,7.5,15000
Color,John Dahl,97,21973182,Joy Ride ,53415,English,USA,R,23000000,2001,6.6,0
Color,Jonathan Newman,100,4756,The Adventurer: The Curse of the Midas Box ,4191,English,UK,PG,25000000,2013,5.4,0
Color,Wayne Wang,114,18653615,Anywhere But Here ,14786,English,USA,PG-13,23000000,1999,6.1,638
Color,Andy Cadiff,101,12189514,Chasing Liberty ,30092,English,USA,PG-13,23000000,2004,6.1,0
Color,Michael Dinner,88,13019253,The Crew ,3914,English,USA,PG-13,23000000,2000,5.6,153
Color,Steven Soderbergh,93,18934858,Haywire ,72646,English,Ireland,R,23000000,2011,5.8,0
Color,Joseph Sargent,92,20763013,Jaws: The Revenge ,30840,English,USA,PG-13,23000000,1987,2.8,0
Color,Jerry Zaks,98,12782508,Marvin's Room ,20163,English,USA,PG-13,23000000,1996,6.7,1000
Color,Fred Durst,94,11508423,The Longshots ,3174,English,USA,PG,23000000,2008,5.1,376
Color,Neil Jordan,102,10660147,The End of the Affair ,17740,English,UK,R,23000000,1999,7.2,0
Color,Simon Wincer,98,7434726,Harley Davidson and the Marlboro Man ,14473,English,USA,R,23000000,1991,6,0
Color,Paul Haggis,121,6777589,In the Valley of Elah ,60115,English,USA,R,,2007,7.2,0
Color,Anne Fontaine,111,6109075,Coco Before Chanel ,32003,French,France,PG-13,19430000,2009,6.7,0
Color,Jon Cassar,90,,Forsaken ,4693,English,Canada,R,11000000,2015,6.3,0
Color,Stephen Frears,100,2708188,Chéri ,8924,English,UK,R,23000000,2009,6.2,0
Color,,50,,Rogue             ,1781,English,USA,,,,6.8,532
Color,Mira Nair,141,16123851,Vanity Fair ,17373,English,USA,PG-13,23000000,2004,6.2,767
Color,Teddy Chan,139,,Bodyguards and Assassins ,6263,Mandarin,China,,23000000,2009,6.9,765
Color,Mikael Håfström,114,71975611,1408 ,209396,English,USA,PG-13,25000000,2007,6.8,11000
Color,Mel Brooks,96,38119483,Spaceballs ,136667,English,USA,PG,22700000,1987,7.1,13000
Color,Russell Crowe,111,4190530,The Water Diviner ,53341,English,Australia,R,22500000,2014,7.1,18000
Color,Jerry Zucker,127,217631306,Ghost ,154199,English,USA,PG-13,22000000,1990,7,0
Color,Bobby Farrelly,107,176483808,There's Something About Mary ,247289,English,USA,R,23000000,1998,7.1,0
Color,John Pasquin,97,144833357,The Santa Clause ,64742,English,USA,PG,22000000,1994,6.4,0
Color,John Lee Hancock,127,75597042,The Rookie ,26434,English,USA,G,20000000,2002,7,0
Color,Andy Fickman,110,90636983,The Game Plan ,44021,English,USA,PG,22000000,2007,6.2,0
Color,Clint Eastwood,135,70960517,The Bridges of Madison County ,54631,English,USA,PG-13,35000000,1995,7.5,0
Color,Luke Greenfield,84,55762229,The Animal ,47383,English,USA,PG-13,22000000,2001,4.8,1000
 Black and White,Richard Attenborough,240,,Gandhi ,171726,English,UK,PG,22000000,1982,8.1,12000
Color,Lasse Hallström,122,54235441,The Hundred-Foot Journey ,52894,English,USA,PG,22000000,2014,7.3,55000
Color,Irwin Winkler,114,50728000,The Net ,48909,English,USA,PG-13,22000000,1995,5.8,0
Color,Jessie Nelson,132,40270895,I Am Sam ,121937,English,USA,PG-13,22000000,2001,7.6,15000
Color,Christopher Spencer,170,59696176,Son of God ,15448,English,USA,PG-13,22000000,2014,5.6,15000
Color,Len Wiseman,133,51483949,Underworld ,208092,English,UK,R,22000000,2003,7,0
Color,Mikael Håfström,112,36020063,Derailed ,62584,English,USA,R,22000000,2005,6.6,0
Color,Steven Soderbergh,108,33313582,The Informant! ,52888,English,USA,R,21000000,2009,6.5,0
Color,Richard Attenborough,115,25842000,Shadowlands ,13455,English,UK,PG,22000000,1993,7.4,2000
Color,Mike Bigelow,83,22264487,Deuce Bigalow: European Gigolo ,41239,English,USA,R,22000000,2005,4.6,887
Color,Ken Scott,105,30659817,Delivery Man ,59805,English,USA,PG-13,26000000,2013,6.4,0
Color,Paul McGuigan,110,5773519,Victor Frankenstein ,28621,English,USA,PG-13,40000000,2015,6,11000
Color,Susanna White,108,3108216,Our Kind of Traitor ,2587,English,UK,R,,2016,6.4,0
Color,Dennis Dugan,96,19351569,Saving Silverman ,33287,English,USA,PG-13,22000000,2001,5.9,739
Color,David Bowers,94,49002815,Diary of a Wimpy Kid: Dog Days ,15665,English,USA,PG,22000000,2012,6.4,0
Color,Spike Lee,142,19283782,Summer of Sam ,31227,English,USA,R,22000000,1999,6.6,0
Color,Kevin Smith,104,30059386,Jay and Silent Bob Strike Back ,128593,English,USA,R,22000000,2001,6.9,0
Color,Michael Bay,136,35799026,The Island ,263336,English,USA,PG-13,126000000,2005,6.9,0
Color,Daniel Sackheim,106,17951431,The Glass House ,25462,English,USA,PG-13,30000000,2001,5.8,804
Color,Ethan Coen,106,29997095,"Hail, Caesar! ",60926,English,UK,PG-13,22000000,2016,6.4,23000
Color,Harry Elfont,98,14252830,Josie and the Pussycats ,18900,English,Canada,PG-13,22000000,2001,5.3,0
Color,Gary Fleder,100,19783777,Homefront ,82804,English,USA,R,22000000,2013,6.5,15000
Color,Uli Edel,95,13555988,The Little Vampire ,7242,English,Germany,PG,22000000,2000,5.7,0
Color,David O. Russell,107,12784713,I Heart Huckabees ,56813,English,USA,R,22000000,2004,6.7,0
Color,Fred Dekker,104,10696210,RoboCop 3 ,35018,English,USA,PG-13,23500000,1993,3.9,716
Color,Brian Trenchard-Smith,104,5974653,Megiddo: The Omega Code 2 ,2253,English,USA,PG-13,22000000,2001,4.1,158
Color,Blake Edwards,143,5000000,Darling Lili ,1547,English,USA,G,25000000,1970,6.2,104
Color,Hugh Wilson,77,9694105,Dudley Do-Right ,8176,English,USA,PG,22000000,1999,3.8,272
Color,Camille Delamarre,96,16027866,The Transporter Refueled ,26767,English,France,PG-13,25000000,2015,5.1,0
Color,Laurence Dunmore,114,4829497,The Libertine ,31433,English,UK,R,,2004,6.4,0
Color,Paul Verhoeven,145,4398392,Black Book ,59507,Dutch,Netherlands,R,21000000,2006,7.8,0
Color,Christian Carion,116,1050445,Joyeux Noel ,21394,French,France,PG-13,22000000,2005,7.8,11000
Color,David Palmer,100,13746550,Hit and Run ,29322,English,USA,R,2000000,2012,6.1,0
Color,Callie Khouri,104,20668843,Mad Money ,16831,English,USA,PG-13,22000000,2008,5.8,687
Color,Rowan Joffe,92,2963012,Before I Go to Sleep ,48873,English,UK,R,22000000,2014,6.3,11000
Color,William Friedkin,92,,Sorcerer ,9513,English,USA,PG,12000000,1977,7.7,0
Color,John Curran,105,1796024,Stone ,34985,English,USA,R,22000000,2010,5.4,0
Color,Laurent Tirard,120,634277,Molière ,5166,French,France,PG-13,16000000,2007,7.3,815
Color,Scott Cooper,116,11326836,Out of the Furnace ,83171,English,USA,R,22000000,2013,6.8,17000
Color,Tony Gilroy,119,49024969,Michael Clayton ,133367,English,USA,R,25000000,2007,7.3,0
Color,Peter Segal,101,22294341,My Fellow Americans ,12278,English,USA,PG-13,21500000,1996,6.5,758
Color,Mark Pellington,117,24362501,Arlington Road ,69980,English,USA,R,21500000,1999,7.2,0
Color,Juan José Campanella,106,,Underdogs ,6920,Spanish,Spain,PG,22000000,2013,6.7,0
Color,Woody Allen,112,16684352,To Rome with Love ,67893,English,USA,R,17000000,2012,6.3,18000
Color,Clint Eastwood,136,46700000,Firefox ,19832,English,USA,PG,21000000,1982,5.9,0
Color,Trey Parker,81,52008288,South Park: Bigger Longer & Uncut ,162037,English,USA,R,21000000,1999,7.8,0
Color,Frank Oz,87,8579684,Death at a Funeral ,89547,English,USA,R,9000000,2007,7.4,0
Color,Stuart Gillard,96,42660000,Teenage Mutant Ninja Turtles III ,25086,English,USA,PG,17000000,1993,4.8,1000
Color,Brian Robbins,106,40219708,Hardball ,22649,English,USA,PG-13,21000000,2001,6.3,0
Color,David O. Russell,122,132088910,Silver Linings Playbook ,533607,English,USA,R,21000000,2012,7.8,117000
Color,Richard LaGravenese,123,36581633,Freedom Writers ,52533,English,Germany,PG-13,21000000,2007,7.5,10000
Color,Tyler Perry,133,37721949,For Colored Girls ,6067,English,USA,R,,2010,6,0
Color,Louis Leterrier,92,25296447,The Transporter ,237248,English,France,PG-13,21000000,2002,6.8,0
Color,Jeff Wadlow,110,24848292,Never Back Down ,80556,English,USA,PG-13,20000000,2008,6.6,0
 Black and White,Katt Shea,104,17757087,The Rage: Carrie 2 ,13065,English,USA,R,21000000,1999,4.6,897
Color,,60,,The Bachelor             ,4398,English,USA,,3000000,,2.9,141
Color,Sam Mendes,98,9430988,Away We Go ,45992,English,USA,R,17000000,2009,7.1,7000
Color,Joshua Michael Stern,120,16284360,Swing Vote ,15079,English,USA,PG-13,21000000,2008,6.1,1000
Color,Brad Silberling,112,6830957,Moonlight Mile ,11983,English,USA,PG-13,21000000,2002,6.7,365
Color,Tomas Alfredson,127,24104113,Tinker Tailor Soldier Spy ,149066,English,France,R,20000000,2011,7.1,24000
Color,John Duigan,102,15593,Molly ,2295,English,USA,PG-13,21000000,1999,5.8,284
Color,Jodie Foster,91,958319,The Beaver ,39764,English,USA,PG-13,21000000,2011,6.7,17000
Color,Colin Higgins,114,69700000,The Best Little Whorehouse in Texas ,7748,English,USA,R,35000000,1982,5.8,0
Color,David Cronenberg,115,2840417,eXistenZ ,77493,English,Canada,R,31000000,1999,6.8,6000
Color,Steven Spielberg,115,242374454,Raiders of the Lost Ark ,661017,English,USA,PG,18000000,1981,8.5,16000
Color,Chris Columbus,120,173585516,Home Alone 2: Lost in New York ,200077,English,USA,PG,18000000,1992,6.6,0
Color,Steven Spielberg,135,128300000,Close Encounters of the Third Kind ,139288,English,USA,PG,19400870,1977,7.7,0
Color,Jim Sonzero,90,20259297,Pulse ,24969,English,USA,PG-13,20000000,2006,4.7,0
Color,Tony Scott,100,153665036,Beverly Hills Cop II ,84824,English,USA,R,28000000,1987,6.4,0
Color,Adam Shankman,105,132541238,Bringing Down the House ,30058,English,USA,PG-13,33000000,2003,5.5,800
Color,Jonathan Demme,138,130727000,The Silence of the Lambs ,887467,English,USA,R,19000000,1991,8.6,40000
Color,Penelope Spheeris,94,121697350,Wayne's World ,114610,English,USA,PG-13,20000000,1992,7,0
Color,Jeff Tremaine,101,117224271,Jackass 3D ,47794,English,USA,R,20000000,2010,7.1,0
Color,Jeannot Szwarc,131,102922376,Jaws 2 ,51314,English,USA,PG,20000000,1978,5.7,0
Color,Raja Gosnell,91,94497271,Beverly Hills Chihuahua ,17829,English,USA,PG,20000000,2008,3.7,0
Color,James Wan,112,137387272,The Conjuring ,300110,English,USA,R,20000000,2013,7.5,131000
Color,Brian Levant,95,82301521,Are We There Yet? ,22679,English,USA,PG,32000000,2005,4.6,773
Color,Ben Falcone,100,84518155,Tammy ,35965,English,USA,R,20000000,2014,4.9,11000
Color,D.J. Caruso,105,80050171,Disturbia ,186984,English,USA,PG-13,20000000,2007,6.9,0
Color,Richard Linklater,108,81257845,School of Rock ,210680,English,USA,PG-13,35000000,2003,7.1,0
Color,Paul W.S. Anderson,101,70360285,Mortal Kombat ,81783,English,USA,PG-13,18000000,1995,5.8,0
Color,Paul McGuigan,114,12831121,Wicker Park ,44979,English,USA,PG-13,30000000,2004,7,0
Color,Keenen Ivory Wayans,109,69148997,White Chicks ,98794,English,USA,PG-13,37000000,2004,5.4,0
Color,Alexander Payne,115,82624961,The Descendants ,205284,English,USA,R,20000000,2011,7.3,22000
 Black and White,Andrew Davis,117,67325559,Holes ,58222,English,USA,PG,20000000,2003,7.1,0
Color,Julie Anne Robinson,107,62933793,The Last Song ,62421,English,USA,PG,20000000,2010,5.8,10000
Color,Steve McQueen,134,56667870,12 Years a Slave ,439176,English,USA,R,20000000,2013,8.1,83000
Color,Charles Stone III,118,56398162,Drumline ,28649,English,USA,PG-13,20000000,2002,5.7,2000
Color,Tyler Perry,121,60072596,Why Did I Get Married Too? ,7664,English,USA,PG-13,20000000,2010,4.4,0
Color,Tim Burton,105,56362352,Edward Scissorhands ,357581,English,USA,PG-13,20000000,1990,7.9,16000
Color,Thea Sharrock,110,56154094,Me Before You ,44723,English,UK,PG-13,20000000,2016,7.6,51000
Color,Tyler Perry,114,65623128,Madea's Witness Protection ,7354,English,USA,PG-13,20000000,2012,4.8,0
Color,William Friedkin,104,,The French Connection ,82476,English,USA,R,1800000,1971,7.8,0
Color,Jon Lucas,100,55461307,Bad Moms ,4654,English,USA,R,20000000,2016,6.7,18000
Color,Aaron Seltzer,85,48546578,Date Movie ,50415,English,USA,PG-13,20000000,2006,2.7,806
Color,Robin Budd,72,48423368,Return to Never Land ,13324,English,USA,G,20000000,2002,5.8,302
Color,Ava DuVernay,128,52066000,Selma ,61114,English,UK,PG-13,20000000,2014,7.5,22000
Color,Steve Trenbirth,72,47887943,The Jungle Book 2 ,11634,English,USA,G,20000000,2003,5.4,227
Color,Stephen Kay,89,46363118,Boogeyman ,25960,English,USA,PG-13,20000000,2005,4.1,1000
Color,Mennan Yapo,96,47852604,Premonition ,62364,English,USA,PG-13,20000000,2007,5.9,0
Color,Jun Falkenstein,77,45542421,The Tigger Movie ,13319,English,USA,G,30000000,2000,6.3,347
Color,Jaume Collet-Serra,123,41573740,Orphan ,141663,English,USA,R,,2009,7,20000
Color,Boaz Yakin,111,42652003,Max ,18915,English,USA,PG,20000000,2015,6.8,33000
Color,,30,,Meet the Browns             ,1922,English,USA,,,,3.5,211
Color,Jason Friedberg,93,39737645,Epic Movie ,89687,English,USA,PG-13,20000000,2007,2.3,0
Color,John Milius,129,37567440,Conan the Barbarian ,113068,English,USA,R,20000000,1982,6.9,0
Color,Tom McCarthy,128,44988180,Spotlight ,195333,English,USA,R,20000000,2015,8.1,80000
Color,Neil LaBute,110,39263506,Lakeview Terrace ,40469,English,USA,PG-13,22000000,2008,6.1,0
Color,Takashi Shimizu,137,39143839,The Grudge 2 ,38658,English,USA,PG-13,20000000,2006,5,930
Color,Kevin Rodney Sullivan,124,37672350,How Stella Got Her Groove Back ,5427,English,USA,R,20000000,1998,5.5,0
Color,Peter Hewitt,93,38037513,Bill & Ted's Bogus Journey ,49680,English,USA,PG,20000000,1991,6.2,0
Color,Barry Levinson,115,37442180,Man of the Year ,28005,English,USA,PG-13,20000000,2006,6.2,0
Color,Gary Nelson,98,,The Black Hole ,18481,English,USA,PG,20000000,1979,5.9,4000
Color,Anton Corbijn,105,35596227,The American ,79461,English,USA,R,20000000,2010,6.3,10000
Color,Gregory Nava,127,35422828,Selena ,19126,English,USA,PG,20000000,1997,6.7,0
Color,Jason Friedberg,82,36658108,Vampires Suck ,39095,English,USA,PG-13,20000000,2010,3.5,16000
Color,Alejandro G. Iñárritu,143,34300771,Babel ,243799,English,France,R,25000000,2006,7.5,0
Color,Shawn Levy,103,34290142,This Is Where I Leave You ,54242,English,USA,R,19800000,2014,6.6,14000
Color,John Patrick Shanley,104,33422556,Doubt ,99236,English,USA,PG-13,20000000,2008,7.5,0
Color,Trey Parker,98,32774834,Team America: World Police ,136048,English,USA,R,30000000,2004,7.2,0
Color,John Luessenhop,92,34334256,Texas Chainsaw 3D ,35131,English,USA,R,11000000,2013,4.8,16000
Color,Jon Amiel,123,32051917,Copycat ,42315,English,USA,R,20000000,1995,6.6,0
Color,Malcolm D. Lee,88,32014289,Scary Movie 5 ,50337,English,USA,PG-13,20000000,2013,3.5,13000
Color,Joshua Logan,158,,Paint Your Wagon ,9352,English,USA,PG-13,20000000,1969,6.7,0
Color,Gus Van Sant,128,31838002,Milk ,136673,English,USA,R,20000000,2008,7.6,10000
Color,Kevin Reynolds,107,36874745,Risen ,12276,English,USA,PG-13,20000000,2016,6.3,21000
Color,Steve Beck,91,30079316,Ghost Ship ,75920,English,USA,R,35000000,2002,5.5,0
Color,Todd Strauss-Schulson,90,35033759,A Very Harold & Kumar 3D Christmas ,55008,English,USA,R,19000000,2011,6.3,21000
Color,John McNaughton,115,29753944,Wild Things ,90677,English,USA,R,20000000,1998,6.5,0
Color,Nelson McCormick,101,29062561,The Stepfather ,23424,English,USA,PG-13,,2009,5.6,0
Color,John Madden,113,31146570,The Debt ,55441,English,USA,R,20000000,2010,6.9,0
Color,Stephen Frears,113,27277055,High Fidelity ,143137,English,UK,R,20000000,2000,7.6,10000
Color,Eric Valette,87,26876529,One Missed Call ,26624,English,Japan,PG-13,27000000,2008,3.9,0
Color,John Schlesinger,101,53146000,Eye for an Eye ,9845,English,USA,R,20000000,1996,6.1,613
Color,Roger Donaldson,111,30028592,The Bank Job ,152247,English,UK,R,20000000,2008,7.3,0
Color,Michel Gondry,108,34126138,Eternal Sunshine of the Spotless Mind ,666937,English,USA,R,20000000,2004,8.3,52000
Color,Andy Fickman,105,25677801,You Again ,41273,English,USA,PG,20000000,2010,5.8,0
Color,David Ayer,109,26415649,Street Kings ,94892,English,USA,R,20000000,2008,6.8,0
Color,Edgar Wright,109,26003149,The World's End ,185587,English,UK,R,20000000,2013,7,49000
Color,Andrew Fleming,99,25584685,Nancy Drew ,15877,English,USA,PG,20000000,2007,5.9,590
Color,Michael Spierig,98,29975979,Daybreakers ,105797,English,Australia,R,20000000,2009,6.5,0
Color,Jim Field Smith,104,31584722,She's Out of My League ,101730,English,USA,R,20000000,2010,6.4,0
Color,Thomas Bezucha,109,23179303,Monte Carlo ,32951,English,Hungary,PG,20000000,2011,5.8,6000
Color,William Brent Bell,75,23078294,Stay Alive ,25870,English,USA,PG-13,9000000,2006,5.1,0
Color,Simon Wincer,119,21413105,Quigley Down Under ,15230,English,Australia,PG-13,20000000,1990,6.8,0
Color,Anthony Bell,90,25077977,Alpha and Omega ,10986,English,USA,PG,20000000,2010,5.3,0
Color,Renny Harlin,97,23292105,The Covenant ,39541,English,USA,PG-13,20000000,2006,5.3,3000
Color,Jessica Bendinger,103,26870825,Stick It ,22604,English,Germany,PG-13,,2006,6.4,0
Color,Robert Rodriguez,89,20916309,Shorts ,5332,English,USA,PG,40000000,2009,4.9,431
Color,Gus Van Sant,106,21200000,To Die For ,34774,English,USA,R,20000000,1995,6.8,1000
Color,Henry Joost,96,28876924,Nerve ,4303,English,USA,PG-13,20000000,2016,7.1,0
Color,Ed Harris,115,20207003,Appaloosa ,50198,English,USA,R,,2008,6.8,0
Color,John Carpenter,104,20241395,Vampires ,42664,English,USA,R,20000000,1998,6.1,0
Color,,24,,Yu-Gi-Oh! Duel Monsters             ,12417,Japanese,Japan,,,,7,124
 Black and White,Alfred Hitchcock,108,32000000,Psycho ,422432,English,USA,R,806947,1960,8.5,18000
Color,Howard Deutch,112,19151864,My Best Friend's Girl ,36983,English,USA,R,40000000,2008,5.9,0
Color,Shana Feste,104,23393765,Endless Love ,31323,English,USA,PG-13,20000000,2014,6.3,0
Color,Garry Marshall,113,18882880,Georgia Rule ,20539,English,USA,R,20000000,2007,5.9,681
Color,Steve Rash,98,8500000,Under the Rainbow ,2061,English,USA,PG,20000000,1981,5.4,501
Color,Richard Donner,121,,Ladyhawke ,33597,English,USA,PG-13,20000000,1985,7,0
Color,Mark Steven Johnson,114,18252684,Simon Birch ,18366,English,USA,PG,30000000,1998,6.9,0
Color,Mike Binder,124,19661987,Reign Over Me ,83786,English,USA,R,20000000,2007,7.5,0
Color,Sean Penn,148,18352454,Into the Wild ,426359,English,USA,R,15000000,2007,8.2,76000
Color,Todd Phillips,108,17803796,School for Scoundrels ,26100,English,USA,PG-13,20000000,2006,5.9,484
Color,Michael J. Bassett,95,17529157,Silent Hill: Revelation 3D ,49888,English,France,R,20000000,2012,5,25000
Color,Robert Rodriguez,108,25753840,From Dusk Till Dawn ,219091,English,USA,R,19000000,1996,7.3,12000
Color,Frank Nissen,68,18081626,Pooh's Heffalump Movie ,4180,English,USA,G,20000000,2005,6.4,264
Color,Jodie Foster,103,17518220,Home for the Holidays ,9105,English,USA,PG-13,20000000,1995,6.6,0
Color,Stephen Chow,99,17104669,Kung Fu Hustle ,99353,Cantonese,Hong Kong,R,20000000,2004,7.8,0
Color,,30,,Fired Up             ,114,English,USA,,,,6.7,4
Color,Peter Hastings,88,16988996,The Country Bears ,3875,English,USA,G,35000000,2002,4,422
Color,Marc Forster,128,15797907,The Kite Runner ,68119,Dari,USA,PG-13,20000000,2007,7.6,0
Color,Alejandro G. Iñárritu,124,16248701,21 Grams ,189683,English,USA,R,20000000,2003,7.7,0
Color,Paul Abascal,84,15712072,Paparazzi ,13210,English,USA,PG-13,20000000,2004,5.8,269
Color,Catherine Hardwicke,122,191449475,Twilight ,348010,English,USA,PG-13,37000000,2008,5.2,19000
Color,Chris Koch,101,15408822,A Guy Thing ,14147,English,USA,PG-13,20000000,2003,5.6,401
Color,Amy Heckerling,98,15464026,Loser ,23076,English,USA,PG-13,20000000,2000,5.3,1000
Color,Michael Moore,105,14359793,Capitalism: A Love Story ,35137,English,USA,R,,2009,7.4,10000
Color,George Stevens,225,8000000,The Greatest Story Ever Told ,6484,English,USA,G,20000000,1965,6.6,1000
Color,Billy Ray,111,,Secret in Their Eyes ,20186,English,USA,PG-13,19500000,2015,6.2,0
Color,Jason Friedberg,88,14174654,Disaster Movie ,74945,English,USA,PG-13,25000000,2008,1.9,0
Color,Nimród Antal,88,15988876,Armored ,26236,English,USA,PG-13,27000000,2009,5.7,0
Color,Jon Amiel,94,13801755,The Man Who Knew Too Little ,23928,English,USA,PG,20000000,1997,6.6,0
Color,Mark Mylod,117,13987482,What's Your Number? ,58957,English,USA,R,20000000,2011,6,0
Color,James Mather,95,14291570,Lockout ,82082,English,France,PG-13,20000000,2012,6.1,10000
Color,Barry Levinson,99,12181484,Envy ,26390,English,USA,PG-13,40000000,2004,4.8,713
Color,Mark Neveldine,96,13630226,Crank: High Voltage ,112516,English,USA,R,20000000,2009,6.2,0
Color,Woody Allen,98,13383737,Bullets Over Broadway ,29385,English,USA,R,20000000,1994,7.5,979
Color,Michael O. Sajbel,123,13391174,One Night with the King ,5796,English,USA,PG,20000000,2006,6.3,0
Color,Phillip Noyce,101,12987647,The Quiet American ,24019,English,UK,R,30000000,2002,7.1,983
Color,Gore Verbinski,102,12469811,The Weather Man ,69172,English,USA,R,22000000,2005,6.6,0
 Black and White,Walter Hill,94,12398628,Undisputed ,21542,English,USA,R,20000000,2002,6.1,977
Color,David Koepp,102,13214030,Ghost Town ,60516,English,USA,PG-13,20000000,2008,6.7,0
Color,Renny Harlin,108,12232937,12 Rounds ,22823,English,USA,PG-13,22000000,2009,5.6,0
Color,Matt Reeves,116,12134420,Let Me In ,92237,English,UK,R,20000000,2010,7.2,25000
Color,Charles T. Kanganis,93,11784000,3 Ninjas Kick Back ,6701,English,USA,PG,20000000,1994,4.3,444
Color,Michel Gondry,102,11169531,Be Kind Rewind ,79855,English,UK,PG-13,20000000,2008,6.4,0
Color,Stephen Frears,103,11034436,Mrs Henderson Presents ,13505,English,UK,R,20000000,2005,7.1,0
Color,John Hillcoat,115,12626905,Triple 9 ,32567,English,USA,R,20000000,2016,6.3,0
Color,Woody Allen,96,10569071,Deconstructing Harry ,35586,English,USA,R,20000000,1997,7.4,0
Color,Damon Santostefano,98,10544143,Three to Tango ,16372,English,Australia,PG-13,20000000,1999,6.1,311
Color,John Wells,101,13650738,Burnt ,61360,English,USA,R,20000000,2015,6.6,25000
Color,Neil Jordan,106,10555348,We're No Angels ,17349,English,USA,PG-13,20000000,1989,6,855
Color,Woody Allen,101,9714482,Everyone Says I Love You ,30083,English,USA,R,20000000,1996,6.8,0
Color,Frank Oz,87,8579684,Death at a Funeral ,89547,English,USA,R,9000000,2007,7.4,0
Color,James Wan,111,9525276,Death Sentence ,60156,English,USA,R,20000000,2007,6.8,0
Color,Kirk Jones,99,8855646,Everybody's Fine ,49855,English,USA,PG-13,21000000,2009,7.2,10000
Color,Bob Clark,88,9109322,Superbabies: Baby Geniuses 2 ,25371,English,Germany,PG,20000000,2004,1.9,0
Color,Les Mayfield,83,8326035,The Man ,21933,English,Germany,PG-13,33000000,2005,5.5,676
Color,Les Mayfield,91,8104069,Code Name: The Cleaner ,9785,English,USA,PG-13,20000000,2007,4.5,233
Color,Michael Lembeck,108,8054280,Connie and Carla ,6838,English,USA,PG-13,20000000,2004,6.3,924
Color,Bob Fosse,154,,Sweet Charity ,3454,English,USA,G,20000000,1969,7,548
Color,Paul Thomas Anderson,148,8093318,Inherent Vice ,61935,English,USA,R,20000000,2014,6.7,18000
Color,Dave Borthwick,77,7382993,Doogal ,3851,English,USA,G,20000000,2006,2.8,346
Color,Benson Lee,110,8888355,Battle of the Year ,7894,English,USA,PG-13,20000000,2013,5,0
Color,,42,,Perception             ,15612,English,USA,TV-14,,,7.5,0
Color,David Zucker,83,7001720,An American Carol ,8560,English,USA,PG-13,12000000,2008,4.3,797
Color,Robert Rodriguez,107,7268659,Machete Kills ,59248,English,Russia,R,20000000,2013,5.6,48000
Color,Glen Morgan,100,6852144,Willard ,15169,English,Canada,PG-13,22000000,2003,6.2,0
Color,Fred Wolf,87,6563357,Strange Wilderness ,18571,English,USA,R,20000000,2008,5.3,847
Color,Mike Leigh,154,6201757,Topsy-Turvy ,10037,English,UK,R,10000000,1999,7.4,608
Color,Alejandro Monteverde,106,6420319,Little Boy ,15978,English,Mexico,PG-13,20000000,2015,7.4,15000
Color,David Cronenberg,99,5702083,A Dangerous Method ,80617,English,UK,R,15000000,2011,6.5,36000
Color,Richard Linklater,100,5480996,A Scanner Darkly ,89383,English,USA,R,8700000,2006,7.1,0
Color,Michael Apted,116,6002756,Chasing Mavericks ,24997,English,USA,PG,20000000,2012,7.2,13000
Color,Uwe Boll,94,5132655,Alone in the Dark ,37626,English,Canada,R,20000000,2005,2.3,1000
Color,Todd Graff,111,5205343,Bandslam ,11958,English,USA,PG,20000000,2009,6.4,1000
Color,Jonathan Glazer,100,5005883,Birth ,29649,English,USA,R,20000000,2004,6.1,0
Color,J.C. Chandor,125,5749134,A Most Violent Year ,45799,English,USA,R,20000000,2014,7,0
Color,Paul Gross,114,,Passchendaele ,6904,English,Canada,R,20000000,2008,6.5,971
Color,Marc Abraham,119,4234040,Flash of Genius ,14301,English,USA,PG-13,20000000,2008,7,0
 Black and White,Todd Haynes,135,4001121,I'm Not There. ,48346,English,USA,R,20000000,2007,7,0
Color,Mabrouk El Mechri,93,3749061,The Cold Light of Day ,28629,English,USA,PG-13,20000000,2012,4.9,0
Color,Rian Johnson,114,3519627,The Brothers Bloom ,41737,English,USA,PG-13,20000000,2008,6.9,0
Color,Charlie Kaufman,124,3081925,"Synecdoche, New York ",55842,English,USA,R,21000000,2008,7.5,13000
Color,Hayao Miyazaki,134,2298191,Princess Mononoke ,221552,Japanese,Japan,PG-13,2400000000,1997,8.4,11000
 Black and White,Jean-Paul Rappeneau,114,2353728,Bon voyage ,4293,French,France,PG-13,20000000,2003,6.9,235
Color,Nancy Walker,124,2000000,Can't Stop the Music ,2998,English,USA,PG,20000000,1980,4.5,1000
Color,John Hillcoat,104,1900725,The Proposition ,43205,English,Australia,R,2000000,2005,7.4,0
Color,Angelo Pizzo,118,2246000,Courage ,2302,English,USA,PG,20000000,2015,7,0
Color,Richard Benjamin,80,1646664,Marci X ,4518,English,USA,R,20000000,2003,2.8,241
Color,Kurt Wimmer,107,1190018,Equilibrium ,261317,English,USA,R,20000000,2002,7.5,20000
Color,Roger Spottiswoode,125,1027749,The Children of Huang Shi ,8087,English,Australia,R,40000000,2008,7.1,1000
Color,James Gray,115,882710,The Yards ,16215,English,USA,R,24000000,2000,6.4,401
Color,Matthew Diamond,88,1064277,The Oogieloves in the Big Balloon Adventure ,14015,English,USA,G,20000000,2012,6.7,831
Color,Angelina Jolie Pitt,122,531009,By the Sea ,7976,English,USA,R,10000000,2015,5.3,0
Color,Katsuhiro Ôtomo,103,410388,Steamboy ,13727,Japanese,Japan,PG-13,2127519898,2004,6.9,973
Color,David Anspaugh,101,375474,The Game of Their Lives ,2613,English,USA,PG,20000000,2005,6.2,445
Color,Andrew Jarecki,101,578382,All Good Things ,41249,English,USA,R,,2010,6.3,0
Color,Kevin Reynolds,107,305070,Rapa Nui ,3843,English,USA,R,20000000,1994,6.4,399
Color,Stephen Chow,86,206678,CJ7 ,11391,Cantonese,Hong Kong,PG,,2008,6.5,1000
Color,Jean-Marie Poiré,118,146072,Les couloirs du temps: Les visiteurs II ,7147,French,France,,140000000,1998,6,136
Color,Kevin Munroe,107,1183354,Dylan Dog: Dead of Night ,13026,English,USA,PG-13,20000000,2010,5.1,0
Color,Daniel Algrant,100,121972,People I Know ,9868,English,USA,R,22000000,2002,5.5,217
Color,,30,,The Doombolt Chase             ,18,English,UK,,,,7.2,0
Color,Julie Taymor,110,263365,The Tempest ,6147,English,USA,PG-13,20000000,2010,5.4,0
Color,Alejandro Amenábar,106,54734,Regression ,20821,English,Spain,R,,2015,5.7,0
Color,Jane Clark,7,,The Touch ,118,English,USA,,13000,2007,5.2,30
Color,Daniel Lee,102,,Three Kingdoms: Resurrection of the Dragon ,5154,Mandarin,China,R,25000000,2008,6.2,314
Color,Mike Barker,98,,Shattered ,25450,English,UK,R,20000000,2007,6.7,0
Color,Wayne Thornley,83,,Zambezia ,5203,English,South Africa,G,20000000,2012,5.8,1000
Color,Gnana Rajasekaran,153,,Ramanujan ,102,English,India,,,2014,7,58
Color,Tom Walsh,98,,Dwegons and Leprechauns ,50,English,USA,PG,20000000,2014,4.8,70
Color,Jonathan Jakubowicz,105,,Hands of Stone ,178,English,Panama,R,20000000,2016,7.2,0
Color,James McTeigue,96,,Survivor ,21833,English,USA,PG-13,20000000,2015,5.6,0
Color,Scott Walker,105,,The Frozen Ground ,43879,English,USA,R,27220000,2013,6.4,11000
Color,John Curran,125,8047690,The Painted Veil ,77656,Mandarin,China,PG-13,19400000,2006,7.5,0
Color,Uli Edel,184,476270,The Baader Meinhof Complex ,29602,German,Germany,R,20000000,2008,7.4,0
Color,Kevin Costner,236,184208848,Dances with Wolves ,186485,English,USA,PG-13,22000000,1990,8,0
Color,Jake Kasdan,97,100292856,Bad Teacher ,160418,English,USA,R,20000000,2011,5.7,16000
Color,Harold Becker,113,58571513,Sea of Love ,30213,English,USA,R,19000000,1989,6.8,0
Color,Mark Rosman,95,51431160,A Cinderella Story ,62861,English,USA,PG,20000000,2004,5.9,0
Color,Wes Craven,103,103001286,Scream ,222018,English,USA,R,15000000,1996,7.2,11000
Color,Steve Beck,91,41867960,Thir13en Ghosts ,65512,English,USA,R,20000000,2001,5.5,0
Color,Stanley Kubrick,146,,The Shining ,610333,English,USA,R,19000000,1980,8.4,37000
Color,Robert Zemeckis,116,210609762,Back to the Future ,732212,English,USA,PG,19000000,1985,8.5,39000
Color,William Malone,93,40846082,House on Haunted Hill ,45317,English,USA,R,19000000,1999,5.6,0
Color,Tyler Perry,113,51697449,I Can Do Bad All by Myself ,8346,English,USA,PG-13,13000000,2009,4.1,1000
Color,Rob Hawk,90,,Fight Valley ,60,English,USA,,27000000,2016,5,1000
Color,Josh Gordon,101,27758465,The Switch ,77987,English,USA,PG-13,19000000,2010,6.1,0
Color,Shawn Levy,95,56127162,Just Married ,57479,English,USA,PG-13,18000000,2003,5.4,0
Color,Lee Tamahori,109,1357042,The Devil's Double ,53977,English,Belgium,R,15000000,2011,7.1,14000
Color,,43,,"Gone, Baby, Gone             ",29,English,,TV-14,,,6.6,0
Color,Britt Allcroft,85,15911333,Thomas and the Magic Railroad ,2855,English,UK,G,19000000,2000,3.6,663
Color,Breck Eisner,101,39103378,The Crazies ,93272,English,USA,R,20000000,2010,6.5,0
Color,Hayao Miyazaki,125,10049886,Spirited Away ,417971,Japanese,Japan,PG,19000000,2001,8.6,28000
Color,Alan Yuen,118,,Firestorm ,1904,Mandarin,China,,,2013,6.2,332
Color,Roger Donaldson,132,8600000,The Bounty ,17982,English,UK,PG,25000000,1984,7,1000
Color,Brian Percival,131,21483154,The Book Thief ,98741,English,USA,PG-13,19000000,2013,7.6,53000
Color,Sean Anders,129,8396942,Sex Drive ,72715,English,USA,R,19000000,2008,6.5,0
Color,Anand Tucker,100,12561,Leap Year ,71276,English,USA,PG,19000000,2010,6.4,13000
Color,Anthony Mann,172,,The Fall of the Roman Empire ,6156,English,USA,Approved,19000000,1964,6.7,560
Color,Michael Dowse,97,6923891,Take Me Home Tonight ,43867,English,USA,R,23000000,2011,6.3,0
Color,Daniel Barnz,121,5308553,Won't Back Down ,5147,English,USA,PG,,2012,6.4,0
Color,Emile Ardolino,92,2119994,The Nutcracker ,1153,English,USA,G,19000000,1993,5.7,238
Color,Robert Altman,116,1292527,Kansas City ,3536,English,France,R,19000000,1996,6.3,228
Color,James Schamus,110,560512,Indignation ,550,Hebrew,USA,R,,2016,7.8,599
Color,Andrew Douglas,90,64255243,The Amityville Horror ,80903,English,USA,R,19000000,2005,6,0
Color,Spike Jonze,81,22245861,Adaptation. ,143251,English,USA,R,19000000,2002,7.7,0
 Black and White,George A. Romero,97,20433940,Land of the Dead ,78883,English,Canada,R,15000000,2005,6.2,0
Color,Danny Pang,107,,Out of Inferno ,625,Chinese,China,PG-13,,2013,5.7,124
Color,Terry Gilliam,118,10562387,Fear and Loathing in Las Vegas ,213226,English,USA,R,18500000,1998,7.7,15000
Color,Ricky Gervais,100,18439082,The Invention of Lying ,94292,English,USA,PG-13,18500000,2009,6.4,13000
Color,Nicholas Stoller,97,150056505,Neighbors ,216581,English,USA,R,18000000,2014,6.4,21000
Color,Chuck Russell,114,119938730,The Mask ,265818,English,USA,PG-13,18000000,1994,6.9,0
Color,Penny Marshall,130,114968774,Big ,153468,English,USA,PG,18000000,1988,7.3,0
Color,Larry Charles,82,128505958,Borat: Cultural Learnings of America for Make Benefit Glorious Nation of Kazakhstan ,297014,English,USA,R,18000000,2006,7.3,0
Color,Robert Luketic,96,95001351,Legally Blonde ,131801,English,USA,PG-13,18000000,2001,6.2,0
Color,Leonard Nimoy,105,76400000,Star Trek III: The Search for Spock ,58743,English,USA,PG,17000000,1984,6.6,0
Color,Scott Derrickson,122,75072454,The Exorcism of Emily Rose ,96569,English,USA,PG-13,20000000,2005,6.7,0
Color,Mike Mitchell,88,65535067,Deuce Bigalow: Male Gigolo ,59380,English,USA,R,17000000,1999,5.7,0
Color,Vic Armstrong,110,13998282,Left Behind ,24854,English,USA,PG-13,16000000,2014,3.1,31000
Color,Thomas Bezucha,103,6061759,The Family Stone ,49077,English,USA,PG-13,17000000,2005,6.3,0
 Black and White,Kevin Rodney Sullivan,106,64955956,Barbershop 2: Back in Business ,10104,English,USA,PG-13,18000000,2004,5.7,265
Color,Terry Zwigoff,98,60057639,Bad Santa ,107815,English,USA,R,18000000,2003,7.1,10000
Color,Jay Roach,68,53868030,Austin Powers: International Man of Mystery ,183425,English,USA,PG-13,17000000,1997,7,0
Color,Kirk Jones,94,59573085,My Big Fat Greek Wedding 2 ,13562,English,USA,PG-13,18000000,2016,6.1,19000
Color,David Bowers,99,52691009,Diary of a Wimpy Kid: Rodrick Rules ,18727,English,USA,PG,21000000,2011,6.6,0
Color,John McTiernan,107,59735548,Predator ,290949,English,USA,R,15000000,1987,7.8,13000
Color,Milos Forman,180,51600000,Amadeus ,270790,English,USA,R,18000000,1984,8.3,16000
Color,Nelson McCormick,89,43818159,Prom Night ,27664,English,USA,PG-13,20000000,2008,3.9,1000
Color,Mark Waters,97,86049418,Mean Girls ,245989,English,USA,PG-13,17000000,2004,7,0
Color,Audrey Wells,113,43601508,Under the Tuscan Sun ,35718,English,USA,PG-13,18000000,2003,6.7,0
Color,Robert Altman,131,41300105,Gosford Park ,65201,English,UK,R,19800000,2001,7.3,0
Color,,44,,The O.C.             ,65785,English,USA,TV-PG,,,7.5,0
Color,Francis Ford Coppola,103,41382841,Peggy Sue Got Married ,27149,English,USA,PG-13,18000000,1986,6.3,0
Color,Alejandro G. Iñárritu,119,42335698,Birdman or (The Unexpected Virtue of Ignorance) ,395087,English,USA,R,18000000,2014,7.8,114000
Color,Woody Allen,98,33404871,Blue Jasmine ,150082,English,USA,PG-13,18000000,2013,7.3,36000
Color,Paul Greengrass,111,31471430,United 93 ,83374,English,USA,R,15000000,2006,7.6,0
Color,Bille Woodruff,94,30222640,Honey ,36666,English,USA,PG-13,25000000,2003,5.3,0
Color,Edward Zwick,122,26830000,Glory ,101889,English,USA,R,18000000,1989,7.9,0
Color,Rick Friedberg,81,26906039,Spy Hard ,29621,English,USA,PG-13,18000000,1996,5.3,588
Color,John Carpenter,89,21378000,The Fog ,46492,English,USA,R,1000000,1980,6.8,7000
Color,Sean McNamara,106,43853424,Soul Surfer ,35514,English,USA,PG,18000000,2011,7.1,15000
Color,Mike Nichols,122,,Catch-22 ,17277,English,USA,R,18000000,1970,7.2,0
Color,Jody Hill,86,23993605,Observe and Report ,52467,English,USA,R,18000000,2009,5.8,0
Color,Richard Fleischer,103,26400000,Conan the Destroyer ,62009,English,USA,PG,18000000,1984,5.8,2000
 Black and White,Martin Scorsese,121,45250,Raging Bull ,235133,English,USA,R,18000000,1980,8.3,0
Color,Brandon Camp,109,22927390,Love Happens ,25344,English,USA,PG-13,18000000,2009,5.6,0
Color,Barry Levinson,109,4250320,Young Sherlock Holmes ,14870,English,USA,PG-13,18000000,1985,6.8,0
Color,Kevin Tancharoen,123,22452209,Fame ,14062,English,USA,PG,18000000,2009,5,0
Color,Danny Boyle,94,18329466,127 Hours ,279179,English,USA,R,18000000,2010,7.6,63000
Color,Woody Allen,94,17071230,Small Time Crooks ,31169,English,USA,PG,18000000,2000,6.7,812
Color,Nicholas Hytner,115,17174870,Center Stage ,15817,English,USA,PG-13,18000000,2000,6.7,0
Color,Jessie Nelson,107,26284475,Love the Coopers ,9051,English,USA,PG-13,17000000,2015,5.7,0
Color,Bart Freundlich,91,16702864,Catch That Kid ,8023,English,USA,PG,18000000,2004,5.2,591
Color,Irwin Winkler,125,15561627,Life as a House ,39105,English,USA,R,18000000,2001,7.5,0
Color,Danny Boyle,122,17750583,Steve Jobs ,93548,English,UK,R,30000000,2015,7.2,23000
Color,Chris Columbus,102,14793904,"I Love You, Beth Cooper ",28209,English,Canada,PG-13,18000000,2009,5.3,0
Color,Miguel Arteta,90,15281286,Youth in Revolt ,64646,English,USA,R,18000000,2009,6.5,0
Color,William A. Fraker,98,8000000,The Legend of the Lone Ranger ,1400,English,USA,PG,18000000,1981,5,346
Color,John Boorman,109,13491653,The Tailor of Panama ,23728,English,USA,R,18000000,2001,6.1,813
Color,Brian De Palma,107,,Blow Out ,27629,English,USA,R,18000000,1981,7.4,2000
Color,Courtney Solomon,90,10494494,Getaway ,19586,English,USA,PG-13,18000000,2013,4.4,4000
Color,Ang Lee,112,7837632,The Ice Storm ,46396,English,USA,R,18000000,1997,7.5,0
Color,Rob Reiner,94,15155772,And So It Goes ,8895,English,USA,PG-13,18000000,2014,5.7,3000
Color,Jeff Kanew,105,8508843,Troop Beverly Hills ,7470,English,USA,PG,18000000,1989,5.5,0
Color,István Szabó,104,7739049,Being Julia ,10680,English,Canada,R,18000000,2004,7.1,562
Color,Adrian Lyne,112,6734844,9½ Weeks ,29591,English,USA,R,17000000,1986,5.9,0
Color,Matthew Robbins,108,6000000,Dragonslayer ,10832,English,USA,PG,18000000,1981,6.7,0
Color,Michael Hoffman,112,6615578,The Last Station ,15352,English,Germany,R,13000000,2009,7,0
 Black and White,Tim Burton,127,5887457,Ed Wood ,142416,English,USA,R,18000000,1994,7.9,0
Color,Jason Reitman,111,13362308,Labor Day ,31898,English,USA,PG-13,18000000,2013,6.9,0
Color,Sergey Bodrov,126,5701643,Mongol: The Rise of Genghis Khan ,37635,Mongolian,Russia,R,20000000,2007,7.3,0
Color,Guy Ritchie,114,5694401,RocknRolla ,194489,English,UK,R,18000000,2008,7.3,12000
Color,Hal Needham,99,5333658,Megaforce ,2541,English,USA,PG,20000000,1982,3.5,0
Color,Kenneth Branagh,150,4414535,Hamlet ,30618,English,UK,PG-13,18000000,1996,7.8,0
Color,Bruce Beresford,117,4806750,Mao's Last Dancer ,6091,English,Australia,PG,,2009,7.4,0
Color,Jeff Nichols,112,3707794,Midnight Special ,31359,English,Greece,PG-13,18000000,2016,6.7,0
Color,Woody Allen,108,3203044,Anything Else ,25165,English,USA,R,18000000,2003,6.4,827
Color,Jonathan Teplitzky,116,4435083,The Railway Man ,27882,English,Australia,R,18000000,2013,7.1,18000
,,60,,Unforgettable             ,12854,,USA,,,,6.7,0
 Black and White,Michael Haneke,144,2222647,The White Ribbon ,52958,German,Germany,R,12000000,2009,7.8,0
Color,Zack Ward,92,,Restoration ,436,English,USA,,,2016,4,378
Color,Mike Marvin,93,3500000,The Wraith ,10082,English,USA,R,2700000,1986,5.9,0
Color,D.J. Caruso,103,676698,The Salton Sea ,26730,English,USA,R,18000000,2002,7.2,2000
Color,Nimród Antal,93,3419967,Metallica Through the Never ,13359,English,USA,R,,2013,7.2,19000
Color,Gregor Jordan,98,,The Informers ,14324,English,Germany,R,18000000,2008,5.1,1000
Color,,334,145118,Carlos             ,10111,English,France,Not Rated,,,7.7,0
Color,Tran Anh Hung,114,,I Come with the Rain ,2541,English,France,Not Rated,18000000,2009,5.5,342
Color,Lance Hool,121,229311,One Man's Hero ,899,English,Spain,R,11350000,1999,6.2,271
Color,George A. Romero,87,,Day of the Dead ,49669,English,USA,Unrated,3500000,1985,7.2,3000
Color,Chuck Russell,92,,I Am Wrath ,4510,English,USA,R,18000000,2016,5.2,0
Color,Christian Volckman,105,63260,Renaissance ,14325,English,France,R,14000000,2006,6.7,0
Color,Jon Cassar,90,,Forsaken ,4693,English,Canada,R,11000000,2015,6.3,0
Color,Richard Fleischer,89,,Red Sonja ,30215,English,Netherlands,PG-13,17900000,1985,5,0
Color,Rodrigo Cortés,114,,Red Lights ,48162,English,Spain,R,14000000,2012,6.2,10000
Color,Greg Mottola,119,121463226,Superbad ,422606,English,USA,R,20000000,2007,7.6,0
Color,Tyler Perry,103,90485233,Madea Goes to Jail ,9544,English,USA,PG-13,,2009,4.1,804
Color,David Hayter,91,,Wolves ,5693,English,France,R,18000000,2014,5.3,0
Color,Jon M. Chu,98,58006147,Step Up 2: The Streets ,67653,English,USA,PG-13,23000000,2008,6.2,0
Color,Cory Edwards,80,51053787,Hoodwinked! ,45900,English,USA,PG,17500000,2005,6.5,0
Color,Terry George,121,23472900,Hotel Rwanda ,264533,English,UK,PG-13,17500000,2004,8.1,12000
Color,Xavier Gens,94,39687528,Hitman ,140780,English,France,R,24000000,2007,6.3,0
Color,Kasi Lemmons,93,7017178,Black Nativity ,1633,English,USA,PG,17500000,2013,4.4,0
Color,Brian A Miller,93,,The Prince ,13133,English,USA,R,18000000,2014,4.6,0
Color,Matt Dillon,116,325491,City of Ghosts ,4387,English,USA,R,17500000,2002,6,204
Color,Alejandro Amenábar,101,96471845,The Others ,268581,English,USA,PG-13,17000000,2001,7.6,20000
Color,James Cameron,154,85200000,Aliens ,488537,English,USA,R,18500000,1986,8.4,18000
Color,George Cukor,170,72000000,My Fair Lady ,66959,English,USA,Approved,17000000,1964,7.9,0
Color,Jim Gillespie,99,72219395,I Know What You Did Last Summer ,105585,English,USA,R,17000000,1997,5.6,0
Color,Luke Greenfield,104,82389560,Let's Be Cops ,106820,English,USA,R,17000000,2014,6.5,14000
Color,Alexander Payne,126,71502303,Sideways ,149966,English,USA,R,12000000,2004,7.5,0
Color,Jay Chandrasekhar,110,19179969,Beerfest ,54710,English,USA,R,17500000,2006,6.3,0
Color,John Carpenter,101,47000000,Halloween ,157857,English,USA,R,300000,1978,7.9,12000
 Black and White,Yimou Zhang,80,84961,Hero ,149414,Mandarin,China,PG-13,31000000,2002,7.9,0
Color,John Hoffman,87,37566230,Good Boy! ,3407,English,USA,PG,17000000,2003,5.1,309
Color,Malcolm D. Lee,123,70492685,The Best Man Holiday ,11600,English,USA,R,17000000,2013,6.7,7000
Color,Joe Carnahan,109,35635046,Smokin' Aces ,121058,English,UK,R,17000000,2006,6.7,3000
Color,Kevin Greutert,90,45670855,Saw 3D: The Final Chapter ,67978,English,Canada,R,20000000,2010,5.6,12000
Color,Michael Lehmann,96,37939782,40 Days and 40 Nights ,62272,English,USA,R,17000000,2002,5.6,2000
Color,Joseph Kosinski,125,172051787,TRON: Legacy ,264186,English,USA,PG,170000000,2010,6.8,30000
Color,John Fortenberry,82,30324946,A Night at the Roxbury ,48458,English,USA,PG-13,17000000,1998,6.2,0
Color,Daniel Barnz,86,27854896,Beastly ,64190,English,USA,PG-13,17000000,2011,5.6,16000
Color,Alexandre Aja,108,41777564,The Hills Have Eyes ,129719,English,USA,R,15000000,2006,6.4,0
Color,Sam Weisman,98,22734486,Dickie Roberts: Former Child Star ,11815,English,USA,PG-13,17000000,2003,5.6,320
Color,Niki Caro,129,44469602,"McFarland, USA ",23480,English,USA,PG,17000000,2015,7.4,21000
Color,Erik White,99,24708699,Lottery Ticket ,7991,English,USA,PG-13,,2010,4.9,0
Color,Chris Robinson,105,21160089,ATL ,8522,English,USA,PG-13,,2006,6,874
Color,Jason Moore,112,64998368,Pitch Perfect ,213898,English,USA,PG-13,17000000,2012,7.2,36000
Color,Michael Tollin,108,19693891,Summer Catch ,12993,English,USA,PG-13,34000000,2001,4.9,476
Color,Sam Raimi,121,16311763,A Simple Plan ,50656,English,UK,R,17000000,1998,7.5,0
Color,Robert Harmon,89,12693621,They ,10885,English,USA,PG-13,17000000,2002,4.8,814
Color,Trent Cooper,89,15655665,Larry the Cable Guy: Health Inspector ,9104,English,USA,PG-13,4000000,2006,3.1,110
Color,Gary Halvorson,73,11634458,The Adventures of Elmo in Grouchland ,2045,English,USA,G,17000000,1999,5.8,339
Color,Antoine Fuqua,132,27154426,Brooklyn's Finest ,52852,English,USA,R,17000000,2009,6.7,4000
Color,Nicholas Ray,154,,55 Days at Peking ,4550,English,USA,Unrated,9000000,1963,6.8,419
Color,Fede Alvarez,96,54239856,Evil Dead ,125016,English,USA,R,17000000,2013,6.5,70000
Color,Donald Petrie,98,8662318,My Life in Ruins ,15033,English,USA,PG-13,17000000,2009,5.9,0
Color,Paul Weitz,107,7156725,American Dreamz ,22639,English,USA,PG-13,19000000,2006,5.5,300
Color,Sidney J. Furie,134,15681020,Superman IV: The Quest for Peace ,33570,English,UK,PG,17000000,1987,3.6,1000
Color,Ian Iqbal Rashid,94,7070459,How She Move ,4600,English,Canada,PG-13,,2007,3.3,238
Color,Wayne Kramer,122,6855137,Running Scared ,88590,English,Germany,R,17000000,2006,7.4,0
Color,Rowdy Herrington,128,2694071,Bobby Jones: Stroke of Genius ,3222,English,USA,PG,,2004,6.7,352
Color,Jim Goddard,97,2315683,Shanghai Surprise ,4081,English,UK,PG-13,17000000,1986,3,154
Color,Neil Burger,110,39825798,The Illusionist ,295375,English,USA,PG-13,16000000,2006,7.6,15000
Color,Noel Marshall,102,2000000,Roar ,1275,English,USA,PG,17000000,1981,6.4,0
Color,Joel Schumacher,98,1569918,Veronica Guerin ,16234,English,Ireland,R,17000000,2003,6.9,0
Color,Andrea Di Stefano,120,106869,Escobar: Paradise Lost ,13762,English,France,R,17000000,2014,6.6,0
Color,Richard Kelly,160,273420,Southland Tales ,32671,English,France,R,17000000,2006,5.5,0
Color,Guillaume Ivernel,80,,Dragon Hunters ,10706,French,France,PG,11000000,2008,6.6,0
Color,Jack Smight,91,,Damnation Alley ,3701,English,USA,PG,17000000,1977,5.2,903
Color,Todd Lincoln,83,4930798,The Apparition ,16268,English,USA,PG-13,17000000,2012,4.1,0
Color,Howard Zieff,102,59847242,My Girl ,55895,English,USA,PG-13,16500000,1991,6.8,0
Color,Steven Shainberg,122,220914,Fur: An Imaginary Portrait of Diane Arbus ,13239,English,USA,R,16800000,2006,6.5,0
Color,Neil Burger,110,39825798,The Illusionist ,295375,English,USA,PG-13,16000000,2006,7.6,15000
Color,Oliver Stone,126,43848100,Wall Street ,119150,English,USA,R,15000000,1987,7.4,0
Color,Ang Lee,136,42700000,Sense and Sensibility ,78392,English,USA,PG,16500000,1995,7.7,0
Color,Julian Jarrold,120,18663911,Becoming Jane ,46204,English,UK,PG,16500000,2007,7.1,0
Color,Joe Nussbaum,108,11702090,Sydney White ,37700,English,USA,PG-13,16500000,2007,6.3,0
Color,Vadim Perelman,126,13005485,House of Sand and Fog ,56665,English,USA,R,15000000,2003,7.6,0
Color,Peter Weir,128,95860116,Dead Poets Society ,277451,English,USA,PG,16400000,1989,8,23000
Color,Peter Farrelly,113,127175354,Dumb & Dumber ,288451,English,USA,PG-13,16000000,1994,7.3,0
Color,Rob Reiner,89,92823600,When Harry Met Sally... ,149108,English,USA,R,16000000,1989,7.6,0
Color,Sidney Lumet,129,54000000,The Verdict ,26310,English,USA,R,16000000,1982,7.8,0
Color,Todd Phillips,94,68525609,Road Trip ,132963,English,USA,R,15600000,2000,6.5,0
Color,Brian Robbins,106,52885587,Varsity Blues ,35312,English,USA,R,16000000,1999,6.4,0
 Black and White,Michel Hazanavicius,100,44667095,The Artist ,190030,English,France,PG-13,15000000,2011,8,30000
Color,David S. Goyer,89,42638165,The Unborn ,42182,English,USA,PG-13,16000000,2009,4.8,0
Color,Wes Anderson,94,45507053,Moonrise Kingdom ,237848,English,USA,PG-13,16000000,2012,7.8,71000
Color,Jonathan Liebesman,83,39511038,The Texas Chainsaw Massacre: The Beginning ,56269,English,USA,R,16000000,2006,5.9,0
Color,Cyrus Nowrasteh,111,6462576,The Young Messiah ,1449,English,USA,PG-13,18500000,2016,5.4,0
Color,Perry Andelin Blake,80,40363530,The Master of Disguise ,18254,English,USA,PG,16000000,2002,3.3,1000
Color,Guillermo del Toro,112,37623143,Pan's Labyrinth ,467234,Spanish,Spain,R,13500000,2006,8.2,27000
Color,,60,,The Messengers             ,7210,English,USA,,,,6.6,0
Color,John Whitesell,94,33357476,See Spot Run ,7392,English,USA,PG,35000000,2001,5.4,393
 Black and White,John Singleton,130,28734552,Baby Boy ,9566,English,USA,R,16000000,2001,6.4,1000
Color,Christian E. Christiansen,91,37300107,The Roommate ,29147,English,USA,PG-13,16000000,2011,4.8,0
Color,Dennie Gordon,91,27087695,Joe Dirt ,41664,English,USA,PG-13,17700000,2001,5.9,0
Color,Sheldon Lettich,110,30102717,Double Impact ,28736,English,USA,R,15000000,1991,5.5,0
Color,Edgar Wright,121,23618786,Hot Fuzz ,352695,English,UK,R,8000000,2007,7.9,17000
Color,Diane English,114,26896744,The Women ,16582,English,USA,PG-13,16500000,2008,4.9,0
Color,Woody Allen,96,23213577,Vicky Cristina Barcelona ,198111,English,Spain,PG-13,15500000,2008,7.2,14000
Color,Peter Flinth,270,,Arn: The Knight Templar ,18041,Swedish,Sweden,,25000000,2007,6.6,0
Color,Jon Lucas,100,55461307,Bad Moms ,4654,English,USA,R,20000000,2016,6.7,18000
Color,Robert Iscove,94,20627372,Boys and Girls ,13661,English,USA,PG-13,16000000,2000,5.3,487
Color,Peter Kosminsky,109,16346122,White Oleander ,25549,English,USA,PG-13,16000000,2002,7.2,0
Color,Karyn Kusama,107,16204793,Jennifer's Body ,92712,English,USA,R,16000000,2009,5.1,6000
Color,Nick Gomez,96,15427192,Drowning Mona ,11768,English,USA,PG-13,16000000,2000,5.6,492
Color,Woody Allen,88,14792779,Radio Days ,24256,English,USA,PG,16000000,1987,7.6,0
Color,Vic Armstrong,110,13998282,Left Behind ,24854,English,USA,PG-13,16000000,2014,3.1,31000
Color,Allen Coulter,113,19057024,Remember Me ,113963,English,USA,PG-13,16000000,2010,7.2,24000
Color,Clare Kilner,101,14108518,How to Deal ,8215,English,USA,PG-13,16000000,2003,5.7,371
Color,Richard Benjamin,105,13854000,My Stepmother Is an Alien ,21079,English,USA,PG-13,20000000,1988,5.2,818
Color,Jonathan Demme,125,77324422,Philadelphia ,178731,English,USA,PG-13,26000000,1993,7.7,0
Color,Josef Rusnak,100,15500000,The Thirteenth Floor ,51996,English,Germany,R,16000000,1999,7,0
Color,Lance Rivera,97,11540112,The Cookout ,2385,English,USA,PG-13,,2004,3.6,177
Color,Ronald Neame,108,,Meteor ,5237,English,USA,PG,16000000,1979,4.9,392
Color,Bruce Paltrow,112,4734235,Duets ,8217,English,USA,R,15000000,2000,6,573
Color,Woody Allen,112,4839383,Hollywood Ending ,21613,English,USA,PG-13,16000000,2002,6.6,762
Color,Adam Rifkin,95,4193025,Detroit Rock City ,30682,English,USA,R,15000000,1999,6.8,0
Color,Russell Mulcahy,110,5900000,Highlander ,98629,English,UK,R,16000000,1986,7.2,0
Color,Susanne Bier,118,2849142,Things We Lost in the Fire ,24104,English,USA,R,16000000,2007,7.2,0
Color,Kenneth Johnson,97,1686429,Steel ,8687,English,USA,PG-13,16000000,1997,2.8,0
Color,James Gray,120,1984743,The Immigrant ,20616,English,USA,R,16000000,2013,6.6,0
Color,James Ivory,135,1666262,The White Countess ,5321,English,UK,PG-13,16000000,2005,6.7,356
Color,Danny Boyle,101,2319187,Trance ,92640,English,UK,R,20000000,2013,7,23000
Color,Jessy Terrero,92,13922211,Soul Plane ,18271,English,USA,R,16000000,2004,4.4,0
Color,Dany Boon,106,,Welcome to the Sticks ,30587,French,France,,11000000,2008,7.1,3000
Color,Vicente Amorim,92,23091,Good ,5664,English,UK,R,15000000,2008,6.2,921
Color,Gaspar Noé,161,336467,Enter the Void ,45449,English,France,Not Rated,13000000,2009,7.3,23000
Color,Amy Heckerling,92,2964,Vamps ,7444,English,USA,PG-13,16000000,2012,5.1,0
Color,Lasse Hallström,93,,Hachi: A Dog's Tale ,155249,English,USA,G,16000000,2009,8.1,115000
Color,Jérôme Salle,110,,Zulu ,12817,English,France,R,16000000,2013,6.7,0
Color,Tommy Lee Jones,122,2428883,The Homesman ,21370,English,USA,R,16000000,2014,6.6,0
Color,Jesse Vaughan,91,13571817,Juwanna Mann ,5312,English,USA,PG-13,15600000,2002,4.5,939
Color,,45,,Lilyhammer             ,19164,English,Norway,TV-MA,34000000,,8.1,16000
Color,Atom Egoyan,115,1554566,Ararat ,8624,English,Canada,R,,2002,6.6,824
Color,William Bindley,94,508867,Madison ,1033,English,USA,PG,,2001,6.5,282
Color,Wayne Beach,93,1181197,Slow Burn ,3299,English,USA,R,15500000,2005,5.9,191
Color,Gérard Krawczyk,94,81525,Wasabi ,29392,French,France,R,15300000,2001,6.6,0
Color,James Gunn,95,7774730,Slither ,61912,English,Canada,R,15500000,2006,6.5,0
Color,Martin Brest,105,234760500,Beverly Hills Cop ,126464,English,USA,R,14000000,1984,7.3,0
Color,Chris Columbus,103,285761243,Home Alone ,311075,English,USA,PG,18000000,1990,7.5,20000
Color,Leonard Nimoy,102,167780960,3 Men and a Baby ,36918,English,USA,PG,11000000,1987,5.9,3000
Color,Sydney Pollack,116,177200000,Tootsie ,77366,English,USA,PG,22000000,1982,7.4,0
Color,Tony Scott,110,176781728,Top Gun ,219171,English,USA,PG,15000000,1986,6.9,19000
Color,Ang Lee,120,128067808,"Crouching Tiger, Hidden Dragon ",217740,Mandarin,Taiwan,PG-13,15000000,2000,7.9,0
Color,Sam Mendes,122,130058047,American Beauty ,822500,English,USA,R,15000000,1999,8.4,22000
Color,Tom Hooper,118,138795342,The King's Speech ,503631,English,UK,R,15000000,2010,8,64000
Color,Ivan Reitman,107,111936400,Twins ,87538,English,USA,PG,15000000,1988,6,0
Color,,45,,Scream: The TV Series             ,18058,English,USA,TV-14,,,7.3,0
Color,Udayan Prasad,102,317040,The Yellow Handkerchief ,6723,English,USA,PG-13,15500000,2008,6.8,1000
Color,Steven Spielberg,154,94175854,The Color Purple ,60988,English,USA,PG-13,15000000,1985,7.8,6000
Color,JK Youn,103,,Tidal Wave ,2659,Korean,South Korea,R,,2009,5.7,558
Color,Timur Bekmambetov,141,,Ben-Hur ,62,English,USA,PG-13,100000000,2016,6.1,0
Color,Morten Tyldum,114,91121452,The Imitation Game ,467613,English,UK,PG-13,14000000,2014,8.1,165000
Color,Howard Zieff,109,69800000,Private Benjamin ,18140,English,USA,R,10000000,1980,6.1,855
Color,Michael Apted,124,79900000,Coal Miner's Daughter ,12974,English,USA,PG,,1980,7.5,0
Color,Thor Freudenthal,94,64001297,Diary of a Wimpy Kid ,32002,English,USA,PG,15000000,2010,6.2,0
Color,Andrés Muschietti,100,71588220,Mama ,134869,English,Canada,PG-13,20000000,2013,6.2,57000
Color,John Carpenter,101,47000000,Halloween ,157857,English,USA,R,300000,1978,7.9,12000
Color,Harold Ramis,98,61400000,National Lampoon's Vacation ,71183,English,USA,R,15000000,1983,7.4,0
Color,Jeff Tremaine,102,101978840,Bad Grandpa ,77724,English,USA,R,15000000,2013,6.6,26000
Color,Stephen Frears,94,56437947,The Queen ,85333,English,UK,PG-13,9800000,2006,7.3,0
Color,Tim Burton,92,73326666,Beetlejuice ,189413,English,USA,PG,15000000,1988,7.5,15000
Color,Tyler Perry,113,55184721,Why Did I Get Married? ,9811,English,USA,PG-13,15000000,2007,5.6,1000
Color,Gillian Armstrong,115,50003300,Little Women ,36624,English,USA,PG,15000000,1994,7.3,0
Color,James Watkins,95,54322273,The Woman in Black ,139749,English,UK,PG-13,17000000,2012,6.4,29000
Color,Simon West,87,47860214,When a Stranger Calls ,34711,English,USA,PG-13,15000000,2006,5,0
Color,Shawn Levy,88,47811275,Big Fat Liar ,29008,English,USA,PG,15000000,2002,5.4,896
Color,Michael Cimino,183,,The Deer Hunter ,232577,English,UK,R,15000000,1978,8.2,11000
Color,Barry Levinson,97,43022524,Wag the Dog ,67604,English,USA,R,15000000,1997,7.1,12000
Color,Jim Fall,94,42672630,The Lizzie McGuire Movie ,27580,English,USA,PG,17000000,2003,5.3,0
Color,Ric Roman Waugh,112,42919096,Snitch ,64747,English,USA,PG-13,15000000,2013,6.5,12000
Color,Michael Dougherty,98,42592530,Krampus ,29867,English,USA,PG-13,15000000,2015,6.2,27000
Color,Robert Rodriguez,104,40064955,The Faculty ,92074,English,USA,R,15000000,1998,6.4,0
Color,Brian Gibson,118,39100956,What's Love Got to Do with It ,13442,English,USA,R,,1993,7.2,0
Color,James Mangold,120,44886089,Cop Land ,69576,English,USA,R,10000000,1997,6.9,2000
Color,Joel Gallen,99,37882551,Not Another Teen Movie ,80305,English,USA,R,16000000,2001,5.7,0
Color,David Ayer,109,40983001,End of Watch ,181025,English,USA,R,7000000,2012,7.7,38000
Color,Cameron Crowe,105,20991497,Aloha ,39782,English,USA,PG-13,37000000,2015,5.4,11000
Color,Rob Cohen,106,35007180,The Skulls ,26846,English,USA,PG-13,15000000,2000,5.6,0
Color,James Marsh,123,35887263,The Theory of Everything ,265507,English,UK,PG-13,15000000,2014,7.7,90000
Color,John Whitesell,86,34308901,Malibu's Most Wanted ,15939,English,USA,PG-13,16000000,2003,5.1,0
Color,Matt Williams,120,33771174,Where the Heart Is ,27044,English,USA,PG-13,15000000,2000,6.8,0
Color,David Lean,227,6000000,Lawrence of Arabia ,192775,English,UK,PG,15000000,1962,8.4,11000
Color,Rob Zombie,119,33386128,Halloween II ,36372,English,USA,R,15000000,2009,4.9,3000
Color,Jean-Marc Vallée,115,37877959,Wild ,86664,English,USA,R,15000000,2014,7.1,38000
Color,Dennis Iliadis,114,32721635,The Last House on the Left ,67822,English,USA,R,15000000,2009,6.6,0
Color,Clare Kilner,90,31585300,The Wedding Date ,38248,English,USA,PG-13,15000000,2005,6.1,0
Color,Rick Rosenthal,94,30259652,Halloween: Resurrection ,26905,English,USA,R,15000000,2002,4.1,0
Color,Louis Leterrier,106,163192114,Clash of the Titans ,229687,English,USA,PG-13,125000000,2010,5.8,15000
Color,Rob Reiner,98,30857814,The Princess Bride ,294163,English,USA,PG,16000000,1987,8.1,33000
Color,Denzel Washington,126,30226144,The Great Debaters ,47626,English,USA,PG-13,15000000,2007,7.6,0
Color,Nicolas Winding Refn,100,35054909,Drive ,431578,English,USA,R,15000000,2011,7.8,81000
Color,Sara Sugarman,89,29302097,Confessions of a Teenage Drama Queen ,23408,English,Germany,PG,15000000,2004,4.6,810
Color,Nicholas Hytner,111,29106737,The Object of My Affection ,15582,English,USA,R,15000000,1998,6,849
Color,Juan Carlos Fresnadillo,100,28637507,28 Weeks Later ,212167,English,UK,R,15000000,2007,7,0
Color,Thomas Carter,115,30127963,When the Game Stands Tall ,12596,English,USA,PG,15000000,2014,6.7,0
Color,Wayne Wang,106,32645546,Because of Winn-Dixie ,8427,English,USA,PG,14000000,2005,6.4,1000
Color,Gina Prince-Bythewood,124,27441122,Love & Basketball ,14322,English,USA,PG-13,15000000,2000,7.2,0
Color,George Armitage,107,28014536,Grosse Pointe Blank ,73347,English,USA,R,15000000,1997,7.4,0
Color,Phil Traill,99,33860010,All About Steve ,33088,English,USA,PG-13,15000000,2009,4.8,0
Color,Joe Berlinger,90,26421314,Book of Shadows: Blair Witch 2 ,28964,English,USA,R,15000000,2000,4,949
Color,Andrew Fleming,101,24881000,The Craft ,57140,English,USA,R,15000000,1996,6.2,6000
Color,Woody Allen,119,23089926,Match Point ,166269,English,UK,R,15000000,2005,7.7,0
Color,Elizabeth Allen Rosenbaum,103,26161406,Ramona and Beezus ,13874,English,USA,G,15000000,2010,6.7,0
Color,James Ivory,134,22954968,The Remains of the Day ,45703,English,UK,PG,11500000,1993,7.9,0
Color,Paul Thomas Anderson,155,26384919,Boogie Nights ,189032,English,USA,R,15000000,1997,7.9,0
Color,Robert Harmon,94,22189039,Nowhere to Run ,17074,English,USA,R,15000000,1993,5.5,466
Color,Michael Mayer,95,20998709,Flicka ,6095,English,USA,PG,15000000,2006,6.2,1000
Color,Martin Weisz,89,20801344,The Hills Have Eyes II ,49721,English,USA,R,15000000,2007,5.1,0
Color,John Ottman,97,21468807,Urban Legends: Final Cut ,13048,English,USA,R,14000000,2000,4.1,243
Color,Jay Russell,90,19158074,Tuck Everlasting ,17983,English,USA,PG,15000000,2002,6.7,0
Color,John Bonito,92,18843314,The Marine ,27486,English,USA,PG-13,20000000,2006,4.7,0
Color,Peter Atencio,100,20566327,Keanu ,15385,English,USA,R,15000000,2016,6.4,0
Color,Shana Feste,117,20218921,Country Strong ,14814,English,Official site,PG-13,15000000,2010,6.3,0
Color,David Nutter,84,17411331,Disturbing Behavior ,17328,English,Australia,R,15000000,1998,5.5,673
Color,Derek Cianfrance,140,21383298,The Place Beyond the Pines ,187170,English,USA,R,15000000,2012,7.3,47000
Color,Roger Donaldson,108,24984868,The November Man ,50056,English,USA,R,15000000,2014,6.3,0
Color,Stephan Elliott,109,16459004,Eye of the Beholder ,13320,English,Canada,R,15000000,1999,4.9,327
Color,Kathryn Bigelow,131,15700000,The Hurt Locker ,332065,English,USA,R,15000000,2008,7.6,16000
Color,Mark L. Lester,114,15100000,Firestarter ,22797,English,USA,R,15000000,1984,6,0
Color,Andrew Dominik,97,14938570,Killing Them Softly ,111625,English,USA,R,15000000,2012,6.2,20000
Color,Anton Corbijn,122,17237244,A Most Wanted Man ,57210,English,UK,R,15000000,2014,6.8,13000
Color,Tom Green,87,14249005,Freddy Got Fingered ,39788,English,USA,R,15000000,2001,4.5,0
Color,Mike Nawrocki,85,12701880,The Pirates Who Don't Do Anything: A VeggieTales Movie ,2037,English,USA,G,15000000,2008,5.7,175
Color,Catherine Owens,85,10353690,U2 3D ,2673,English,USA,G,,2007,8.4,116
Color,Douglas Aarniokoski,101,12801190,Highlander: Endgame ,16340,English,USA,R,15000000,2000,4.6,356
Color,Bryan Barber,121,12549485,Idlewild ,4603,English,USA,R,15000000,2006,6.2,489
Color,Lone Scherfig,107,13766014,One Day ,106111,English,USA,PG-13,15000000,2011,7,49000
Color,Drew Barrymore,111,13034417,Whip It ,55665,English,USA,PG-13,15000000,2009,6.9,10000
Color,Brian Koppelman,92,11632420,Knockaround Guys ,19768,English,USA,R,,2001,6.1,566
Color,James Foley,97,12212417,Confidence ,30643,English,USA,R,15000000,2003,6.7,622
Color,Albert Brooks,97,11614236,The Muse ,9294,English,USA,PG-13,15000000,1999,5.6,251
 Black and White,Irwin Winkler,125,13337299,De-Lovely ,9649,English,USA,PG-13,20000000,2004,6.6,1000
Color,Woody Allen,124,10763469,New York Stories ,13692,English,USA,PG,15000000,1989,6.4,877
Color,Steve Gomer,76,11144518,Barney's Great Adventure ,2724,English,Canada,G,15000000,1998,2.8,436
Color,RZA,107,15608545,The Man with the Iron Fists ,53471,English,USA,R,15000000,2012,5.4,29000
Color,Dean Parisot,91,10443316,Home Fries ,7159,English,USA,PG-13,15000000,1998,5,247
Color,Mark Piznarski,96,10494147,Here on Earth ,7403,English,USA,PG-13,15000000,2000,5.1,648
Color,Terry Gilliam,142,9929000,Brazil ,152306,English,UK,R,15000000,1985,8,16000
Color,Sean McNamara,103,10411980,Raise Your Voice ,22649,English,USA,PG,15000000,2004,5.9,1000
Color,,60,,The Dead Zone             ,7122,English,Canada,TV-14,,,7.5,576
Color,Joel Coen,117,17439163,The Big Lebowski ,537419,English,USA,R,15000000,1998,8.2,35000
 Black and White,Craig Brewer,116,9396487,Black Snake Moan ,52421,English,USA,R,15000000,2006,7,0
Color,Ron Shelton,118,9059588,Dark Blue ,17261,English,USA,R,15000000,2002,6.6,455
Color,Michael Winterbottom,108,9172810,A Mighty Heart ,24150,English,USA,R,16000000,2007,6.7,923
Color,David Raynr,94,8735529,Whatever It Takes ,8055,English,USA,PG-13,15000000,2000,5.5,816
Color,Mort Nathan,97,8586376,Boat Trip ,26598,English,USA,R,20000000,2002,4.9,1000
Color,Oliver Parker,97,8378141,The Importance of Being Earnest ,18966,English,UK,PG,15000000,2002,6.9,0
Color,Dan Curtis,99,,The Love Letter ,1465,English,USA,Unrated,,1998,7.4,515
Color,Wil Shriner,91,8080116,Hoot ,6562,English,USA,PG,15000000,2006,5.6,647
Color,Martin McDonagh,107,7757130,In Bruges ,307639,English,UK,R,15000000,2008,8,32000
Color,Tina Gordon Chism,95,9123834,Peeples ,4065,English,USA,PG-13,15000000,2013,5.3,0
Color,Peter Cattaneo,102,6409206,The Rocker ,32311,English,USA,PG-13,15000000,2008,6.2,0
Color,Vicky Jenson,88,6373693,Post Grad ,11498,English,USA,PG-13,15000000,2009,5.3,0
Color,Gus Van Sant,106,7556708,Promised Land ,30284,English,USA,R,15000000,2012,6.6,10000
Color,Woody Allen,92,5306447,Whatever Works ,58967,English,USA,PG-13,15000000,2009,7.2,10000
 Black and White,Mary Lambert,105,5217498,The In Crowd ,3668,English,USA,PG-13,15000000,2000,4.6,157
Color,Tommy Lee Jones,107,5023275,Three Burials ,34194,English,France,R,15000000,2005,7.5,0
Color,Peter Kassovitz,120,4956401,Jakob the Liar ,12601,English,France,PG-13,15000000,1999,6.5,0
Color,Shane Black,103,4235837,Kiss Kiss Bang Bang ,175962,English,USA,R,15000000,2005,7.6,0
Color,Rodman Flender,92,4002955,Idle Hands ,33745,English,USA,R,20000000,1999,6.2,0
Color,David Lynch,147,7219578,Mulholland Drive ,235992,English,France,R,15000000,2001,8,16000
Color,Katja von Garnier,98,3525161,Blood and Chocolate ,15388,English,USA,PG-13,,2007,5.5,0
Color,Woody Allen,98,3247816,You Will Meet a Tall Dark Stranger ,36145,English,USA,R,22000000,2010,6.3,0
Color,Mark Romanek,103,2412045,Never Let Me Go ,109873,English,UK,R,15000000,2010,7.2,33000
Color,,286,,The Company             ,3828,English,USA,,,,7.9,733
Color,Brad Anderson,111,2203641,Transsiberian ,42792,English,Spain,R,15000000,2008,6.7,0
Color,Michael Chapman,98,1953732,The Clan of the Cave Bear ,4996,English,USA,R,15000000,1986,5.3,843
Color,Antonio Banderas,111,1954202,Crazy in Alabama ,5917,English,USA,PG-13,15000000,1999,6.3,391
Color,Michael Haneke,111,1294640,Funny Games ,69569,English,USA,R,15000000,2007,6.5,0
Color,Khalil Sullins,100,,Listening ,1933,English,Cambodia,,,2014,5.6,708
Color,Atom Egoyan,116,819852,Felicia's Journey ,6690,English,Canada,PG-13,,1999,7,284
 Black and White,Fritz Lang,145,26435,Metropolis ,111841,German,Germany,Not Rated,6000000,1927,8.3,12000
Color,Pierre Morel,84,1197786,District B13 ,55928,French,France,R,12000000,2004,7.2,0
Color,Gary Fleder,115,529766,Things to Do in Denver When You're Dead ,22345,English,USA,R,7000000,1995,6.8,0
Color,Hsiao-Hsien Hou,105,613556,The Assassin ,9427,Mandarin,Taiwan,Not Rated,15000000,2015,6.4,0
Color,Gregor Jordan,98,353743,Buffalo Soldiers ,20730,English,UK,R,15000000,2001,6.9,664
Color,Andrey Zvyagintsev,99,502028,The Return ,31589,Russian,Russia,Unrated,,2003,8,0
Color,Tony Jaa,110,102055,Ong-bak 2 ,24570,Thai,Thailand,R,300000000,2008,6.2,0
Color,Neil Marshall,97,122288,Centurion ,64777,English,UK,R,,2010,6.4,0
Color,Russell Mulcahy,88,,Silent Trigger ,2699,English,Canada,R,9000000,1996,5.6,154
Color,Ryûhei Kitamura,103,73548,The Midnight Meat Train ,47574,English,USA,R,15000000,2008,6.1,0
Color,Darrell Roodt,104,,Winnie Mandela ,609,English,South Africa,R,15000000,2011,6,705
Color,Dito Montiel,90,28870,The Son of No One ,14280,English,USA,R,15000000,2011,5.1,0
Color,Stefan Ruzowitzky,105,22723,All the Queen's Men ,2236,English,Germany,PG-13,25000000,2001,4.5,193
Color,Jake Paltrow,93,20380,The Good Night ,7519,English,USA,R,15000000,2007,5.9,445
Color,Juraj Jakubisko,141,,Bathory: Countess of Blood ,3425,English,Slovakia,R,,2008,6,0
Color,Anthony Silverston,85,,Khumba ,4006,English,South Africa,Not Rated,20000000,2013,5.8,0
Color,Gabe Ibáñez,109,,Automata ,41638,English,Bulgaria,R,7000000,2014,6.1,13000
Color,Gerry Lively,105,,Dungeons & Dragons: Wrath of the Dragon God ,5018,English,Germany,Not Rated,15000000,2005,4.9,473
Color,Daniele Luchetti,98,,Chiamatemi Francesco - Il Papa della gente ,80,Spanish,Italy,,15000000,2015,5.7,18
,Tung-Shing Yee,119,,Shinjuku Incident ,9177,Mandarin,Hong Kong,R,15000000,2009,7.1,821
Color,Julien Temple,124,,Pandaemonium ,695,English,UK,PG-13,15000000,2000,6.6,277
Color,Harold Ramis,101,70906973,Groundhog Day ,437418,English,USA,PG,14600000,1993,8.1,38000
Color,Gregory Jacobs,115,66009973,Magic Mike XXL ,38202,English,USA,R,14800000,2015,5.7,41000
Color,Baz Luhrmann,120,46338728,Romeo + Juliet ,167750,English,USA,PG-13,14500000,1996,6.8,10000
Color,Gilles Paquet-Brenner,111,7691700,Sarah's Key ,12937,French,France,PG-13,10000000,2010,7.5,0
Color,Peter Cousens,94,,Freedom ,993,English,USA,R,14500000,2014,6.2,998
Color,Clint Eastwood,131,101157447,Unforgiven ,277505,English,USA,R,14400000,1992,8.3,10000
Color,Lars von Trier,139,74205,Manderlay ,18646,English,Denmark,Not Rated,14200000,2005,7.4,1000
Color,Danny Boyle,120,141319195,Slumdog Millionaire ,641997,English,UK,R,15000000,2008,8,13000
Color,Adrian Lyne,119,156645693,Fatal Attraction ,55101,English,USA,R,14000000,1987,6.9,3000
Color,Garry Marshall,125,178406268,Pretty Woman ,213476,English,USA,R,14000000,1990,6.9,11000
Color,John Blanchard,65,,Towering Inferno             ,10,English,Canada,,,,9.5,0
Color,John Cornell,108,109306210,Crocodile Dundee II ,44096,English,Australia,PG,15800000,1988,5.5,489
Color,Vidhu Vinod Chopra,101,,Broken Horses ,1554,English,USA,R,15000000,2015,5.7,0
Color,Oliver Stone,145,70001698,Born on the Fourth of July ,76842,English,USA,R,14000000,1989,7.2,4000
 Black and White,Jon Turteltaub,98,68856263,Cool Runnings ,69733,English,USA,PG,15000000,1993,6.9,0
Color,Patrick Lussier,101,51527787,My Bloody Valentine ,45603,English,USA,R,15000000,2009,5.5,0
Color,Ole Bornedal,92,49122319,The Possession ,47169,English,USA,PG-13,14000000,2012,5.9,17000
Color,Ted Kotcheff,93,,First Blood ,172493,English,USA,R,14000000,1982,7.7,0
Color,Sylvain White,109,61356221,Stomp the Yard ,19505,English,USA,PG-13,14000000,2007,5.2,0
Color,Lewis Gilbert,123,46800000,The Spy Who Loved Me ,76477,English,UK,PG,14000000,1977,7.1,0
Color,,60,,Ghost Hunters             ,5563,English,USA,,,,6.6,373
Color,Jamie Blanks,99,38048637,Urban Legend ,47814,English,USA,R,14000000,1998,5.5,0
Color,Stephen Frears,119,34700000,Dangerous Liaisons ,52846,English,USA,R,14000000,1988,7.7,0
Color,Tyler Perry,110,35010192,Good Deeds ,6352,English,USA,PG-13,,2012,5.4,0
Color,Randal Kleiser,107,34793160,White Fang ,15730,English,USA,PG,14000000,1991,6.7,0
Color,Bruce McCulloch,81,30628981,Superstar ,15047,English,USA,PG-13,14000000,1999,5,2000
Color,Phyllida Lloyd,105,29959436,The Iron Lady ,82327,English,UK,PG-13,13000000,2011,6.4,18000
Color,Mike Nawrocki,82,25571351,Jonah: A VeggieTales Movie ,3135,English,USA,G,14000000,2002,6.6,184
Color,John Singleton,109,27515786,Poetic Justice ,8904,English,USA,R,14000000,1993,5.9,0
Color,Kevin Bray,95,25482931,All About the Benjamins ,9693,English,USA,R,14000000,2002,5.7,530
Color,Wes Craven,100,19900000,Vampire in Brooklyn ,17262,English,USA,R,20000000,1995,4.5,1000
Color,John Boorman,118,,Exorcist II: The Heretic ,16294,English,USA,R,14000000,1977,3.7,889
Color,Courtney Solomon,91,16298046,An American Haunting ,22207,English,UK,PG-13,14000000,2005,5,0
Color,David Zucker,90,15549702,My Boss's Daughter ,24038,English,USA,PG-13,14000000,2003,4.6,411
Color,David Twohy,108,15483540,A Perfect Getaway ,56338,English,USA,R,14000000,2009,6.5,4000
Color,Rick Famuyiwa,103,20246959,Our Family Wedding ,5721,English,USA,PG-13,14000000,2010,4.9,1000
Color,Alan Cohn,96,15062898,Dead Man on Campus ,11729,English,USA,R,14000000,1998,6,645
Color,Franco Zeffirelli,117,14348123,Tea with Mussolini ,9323,English,Italy,PG,12000000,1999,6.9,970
Color,Tom Holland,93,15171475,Thinner ,19805,English,USA,R,8500000,1996,5.7,0
Color,Martin Scorsese,136,,"New York, New York ",13548,English,USA,PG,14000000,1977,6.7,932
Color,Spike Lee,115,13640000,Crooklyn ,6011,English,USA,PG-13,14000000,1994,6.9,905
Color,Chris Rock,94,12550242,I Think I Love My Wife ,13866,English,USA,R,,2007,5.5,488
Color,James Isaac,85,12610731,Jason X ,38985,English,USA,R,11000000,2001,4.4,0
Color,Shawn Levy,88,47811275,Big Fat Liar ,29008,English,USA,PG,15000000,2002,5.4,896
Color,Emilio Estevez,112,11204499,Bobby ,38142,English,USA,R,14000000,2006,7,0
Color,Mark Waters,86,10397365,Head Over Heels ,11693,English,USA,PG-13,14000000,2001,5.4,613
Color,Josh Schwartz,86,9402410,Fun Size ,11233,English,USA,PG-13,14000000,2012,5.4,0
Color,Julian Schnabel,112,5990075,The Diving Bell and the Butterfly ,89906,French,France,PG-13,,2007,8,13000
Color,Todd Field,137,5459824,Little Children ,92781,English,USA,R,26000000,2006,7.6,5000
Color,Davis Guggenheim,90,5108820,Gossip ,12519,English,USA,R,24000000,2000,5.9,853
Color,Tony Goldwyn,107,4741987,A Walk on the Moon ,6782,English,USA,R,14000000,1999,6.6,860
Color,Phillip Noyce,98,4291965,Catch a Fire ,9334,English,France,PG-13,14000000,2006,6.7,447
Color,Stephen Carpenter,84,3100650,Soul Survivors ,7277,English,USA,PG-13,14000000,2001,3.9,231
Color,James Ivory,139,2474000,Jefferson in Paris ,2427,English,France,PG-13,14000000,1995,5.7,127
Color,Stephan Elliott,97,2656324,Easy Virtue ,16444,English,UK,PG-13,,2008,6.7,2000
Color,James Fargo,127,1000000,Caravans ,524,English,Iran,PG,14000000,1978,6.5,76
Color,Mike Leigh,150,3958500,Mr. Turner ,17933,English,UK,R,8200000,2014,6.8,0
Color,Alain Resnais,104,403649,Wild Grass ,3174,French,France,PG,,2009,6.3,512
Color,Costa-Gavras,132,274299,Amen. ,11077,English,France,Unrated,103000000,2002,7.3,0
Color,Chao-Bin Su,117,,Reign of Assassins ,6069,Mandarin,China,R,12000000,2010,6.9,1000
Color,Neil Burger,115,183088,The Lucky Ones ,11704,English,USA,R,15000000,2008,7,702
Color,Kenneth Lonergan,186,46495,Margaret ,12053,English,USA,R,14000000,2011,6.5,0
Color,Bo Zenga,90,,Stan Helsing ,9928,English,Canada,R,,2009,3.6,934
Color,Rob Reiner,90,1752214,Flipped ,60460,English,USA,PG,14000000,2010,7.7,14000
Color,Ang Lee,134,83025853,Brokeback Mountain ,259837,English,USA,R,14000000,2005,7.7,13000
Color,Jonathan Liebesman,101,190871240,Teenage Mutant Ninja Turtles ,167089,English,USA,PG-13,125000000,2014,5.9,62000
Color,Amy Heckerling,97,56631572,Clueless ,123390,English,USA,PG-13,12000000,1995,6.8,0
Color,Todd Haynes,107,15854988,Far from Heaven ,36542,English,USA,PG-13,13500000,2002,7.4,0
Color,Steve Pink,99,12282677,Hot Tub Time Machine 2 ,28159,English,USA,R,14000000,2015,5.1,0
Color,,55,447093,Dekalog             ,12590,Polish,Poland,TV-MA,,,9.1,0
Color,Philip Kaufman,124,7060876,Quills ,44795,English,UK,R,13500000,2000,7.4,0
Color,Martin McDonagh,110,14989761,Seven Psychopaths ,185845,English,UK,R,15000000,2012,7.2,52000
Color,Kasi Lemmons,105,687081,The Caveman's Valentine ,5602,English,USA,R,,2001,6,329
Color,,41,,The Border             ,271,Polish,Poland,,,,7.4,64
Color,Oliver Hirschbiegel,178,5501940,Downfall ,248354,German,Germany,R,13500000,2004,8.3,14000
Color,Alejandro Amenábar,125,2086345,The Sea Inside ,64556,Spanish,Spain,PG-13,10000000,2004,8.1,0
Color,Jonathan Glazer,108,2605039,Under the Skin ,85022,English,UK,R,,2013,6.3,29000
Color,Barry Levinson,121,123922370,"Good Morning, Vietnam ",98348,English,USA,R,13000000,1987,7.3,0
Color,Hyung-rae Shim,100,163591,The Last Godfather ,912,English,South Korea,PG-13,13400000,2010,3.6,502
Color,Jon M. Chu,115,73000942,Justin Bieber: Never Say Never ,74351,English,USA,G,13000000,2011,1.6,62000
Color,Darren Aronofsky,108,106952327,Black Swan ,551363,English,USA,R,13000000,2010,8,106000
Color,José Padilha,117,58607007,RoboCop ,182910,English,USA,PG-13,100000000,2014,6.2,60000
Color,Francis Ford Coppola,220,57300000,The Godfather: Part II ,790926,English,USA,R,13000000,1974,9,14000
Color,Thomas Carter,112,91038276,Save the Last Dance ,47876,English,USA,PG-13,13000000,2001,6.1,0
Color,Renny Harlin,99,49369900,A Nightmare on Elm Street 4: The Dream Master ,36108,English,USA,R,7000000,1988,5.7,0
Color,Patricia Riggen,109,61693523,Miracles from Heaven ,6276,English,USA,PG,13000000,2016,6.8,16000
Color,Danny Leiner,83,46729374,"Dude, Where's My Car? ",116625,English,USA,PG-13,13000000,2000,5.5,0
Color,Christopher Cain,107,44726644,Young Guns ,42614,English,USA,R,13000000,1988,6.8,0
Color,Theodore Melfi,102,44134898,St. Vincent ,72803,English,USA,PG-13,13000000,2014,7.3,33000
Color,Steve Pink,100,48637684,About Last Night ,16979,English,USA,R,12500000,2014,6.1,0
Color,Gil Junger,97,38176108,10 Things I Hate About You ,222099,English,USA,PG-13,16000000,1999,7.2,10000
Color,Ed Decter,92,28972187,The New Guy ,28805,English,USA,PG-13,13000000,2002,5.9,1000
Color,Gene Quintano,84,27979400,Loaded Weapon 1 ,37611,English,USA,PG-13,8200000,1993,6.1,0
Color,Jaume Collet-Serra,86,54257433,The Shallows ,12983,English,USA,PG-13,17000000,2016,6.8,0
Color,Eric Bress,120,23947,The Butterfly Effect ,357579,English,USA,R,13000000,2004,7.7,15000
Color,Chris Koch,89,60008303,Snow Day ,9285,English,USA,PG,13000000,2000,4.9,0
Color,Preston A. Whitmore II,117,49121934,This Christmas ,6528,English,USA,PG-13,13000000,2007,6.1,0
Color,Bob Clark,97,27141959,Baby Geniuses ,19547,English,USA,PG,18000000,1999,2.5,0
Color,Kirk Wong,91,27052167,The Big Hit ,24834,English,USA,R,13000000,1998,6.1,934
Color,Bronwen Hughes,100,26539321,Harriet the Spy ,7984,English,USA,PG,13000000,1996,5.9,833
Color,John Lafia,72,28501605,Child's Play 2 ,31371,English,USA,R,13000000,1990,5.7,0
Color,Sam Miller,84,52543632,No Good Deed ,12676,English,USA,PG-13,13200000,2014,5.6,0
Color,Frank Darabont,126,25592632,The Mist ,220475,English,USA,R,18000000,2007,7.2,20000
 Black and White,Alex Garland,108,25440971,Ex Machina ,289508,English,UK,R,15000000,2015,7.7,109000
Color,Spike Jonze,112,22858926,Being John Malkovich ,254404,English,USA,R,13000000,1999,7.8,0
Color,Mark Brown,90,22235901,Two Can Play That Game ,4339,English,USA,R,6000000,2001,6.1,593
Color,Dave Green,91,38916903,Earth to Echo ,15664,English,USA,PG,13000000,2014,5.8,0
Color,John Stockwell,135,16929123,Crazy/Beautiful ,21406,English,USA,PG-13,14000000,2001,6.5,0
Color,Clint Eastwood,141,13753931,Letters from Iwo Jima ,132149,Japanese,USA,R,19000000,2006,7.9,5000
Color,Michael Polish,104,10996440,The Astronaut Farmer ,19707,English,USA,PG,13000000,2006,6.3,862
Color,Daisy von Scherler Mayer,84,8026971,Woo ,1520,English,USA,R,13000000,1998,3.8,204
Color,Lenny Abrahamson,118,14677654,Room ,161288,English,Ireland,R,13000000,2015,8.3,72000
Color,Bob Saget,82,9975684,Dirty Work ,20033,English,Canada,PG-13,13000000,1998,6.4,679
Color,John Waters,95,7881335,Serial Mom ,21212,English,USA,R,13000000,1994,6.7,3000
Color,Andrew Fleming,94,6241697,Dick ,16059,English,France,PG-13,13000000,1999,6.1,0
Color,Niels Arden Oplev,88,,Del 1 - Män som hatar kvinnor             ,335,Swedish,Sweden,,,,8.1,22
Color,Craig Bolotin,99,5871603,Light It Up ,3116,English,USA,R,13000000,1999,6,251
Color,Mark Christopher,121,16574731,54 ,27675,English,USA,R,13000000,1998,5.8,0
Color,Blair Hayes,84,5002310,Bubble Boy ,25541,English,USA,PG-13,13000000,2001,5.6,0
Color,Jez Butterworth,93,4919896,Birthday Girl ,21530,English,UK,R,13000000,2001,6.1,618
Color,Jon Lucas,93,25675765,21 & Over ,60407,English,USA,R,13000000,2013,5.9,11000
Color,Olivier Assayas,120,4857376,"Paris, je t'aime ",63084,French,France,R,13000000,2006,7.3,0
Color,Rod Lurie,112,3169424,Resurrecting the Champ ,18442,English,USA,PG-13,13000000,2007,6.8,689
Color,Paul Weitz,107,18004225,Admission ,28573,English,USA,PG-13,13000000,2013,5.7,5000
Color,Patrice Leconte,112,3058380,The Widow of Saint-Pierre ,4767,French,France,R,100000000,2000,7.3,186
Color,Atom Egoyan,96,3074838,Chloe ,56264,English,USA,R,11000000,2009,6.3,0
Color,Paul Mazursky,91,2104000,Faithful ,1595,English,USA,R,13000000,1996,5.9,69
Color,Jim Sheridan,105,28501651,Brothers ,88037,English,USA,R,26000000,2009,7.1,10000
Color,Sidney Lumet,125,1172769,Find Me Guilty ,28068,English,Germany,R,13000000,2006,7.1,0
Color,Stephen Chbosky,102,17738570,The Perks of Being a Wallflower ,351274,English,USA,PG-13,13000000,2012,8,131000
Color,Jon Hess,87,1200000,Excessive Force ,922,English,USA,R,3000000,1993,5.1,107
Color,Douglas McGrath,118,1150403,Infamous ,14143,English,USA,R,13000000,2006,7.1,0
Color,Michael Winterbottom,115,403932,The Claim ,5254,English,UK,R,20000000,2000,6.5,141
Color,Mark Neveldine,91,1712111,The Vatican Tapes ,7199,English,USA,PG-13,8495000,2015,4.5,0
Color,Joe Cornish,88,1024175,Attack the Block ,82331,English,UK,R,13000000,2011,6.6,18000
Color,Angelina Jolie Pitt,127,301305,In the Land of Blood and Honey ,31414,Bosnian,USA,R,13000000,2011,4.3,0
Color,Brad Anderson,94,51872378,The Call ,88241,English,USA,R,13000000,2013,6.7,23000
Color,John H. Lee,115,31662,Operation Chromite ,90,English,South Korea,,12620000,2016,6.8,139
Color,John Stainton,90,28399192,The Crocodile Hunter: Collision Course ,5663,English,Australia,PG,13000000,2002,5.4,332
Color,Glenn Ficarra,102,2035566,I Love You Phillip Morris ,77305,English,France,R,13000000,2009,6.6,11000
Color,Jean-Jacques Annaud,100,,Quest for Fire ,16281,None,Canada,R,12500000,1981,7.4,0
Color,Denzel Washington,117,21078145,Antwone Fisher ,26493,English,USA,PG-13,12500000,2002,7.3,0
Color,Michael Hoffman,109,14060950,The Emperor's Club ,14354,English,USA,PG-13,12500000,2002,6.9,0
Color,Tony Scott,121,12281500,True Romance ,163492,English,USA,R,13000000,1993,8,15000
Color,Benedek Fliegauf,111,,Womb ,9957,English,Germany,Unrated,3660000,2010,6.4,0
Color,James Foley,100,10725228,Glengarry Glen Ross ,75675,English,USA,R,12500000,1992,7.8,0
Color,Michael Winterbottom,109,214966,The Killer Inside Me ,28483,English,USA,R,13000000,2010,6.1,0
Color,Paul Schrader,93,,Cat People ,14193,English,USA,R,18000000,1982,6.1,0
Color,Stewart Hendler,101,11956207,Sorority Row ,24012,English,USA,R,16000000,2009,5.1,0
 Black and White,John Cromwell,101,,The Prisoner of Zenda ,3256,English,USA,Approved,,1937,7.8,337
Color,Craig Gillespie,106,5949693,Lars and the Real Girl ,114762,English,USA,PG-13,12000000,2007,7.4,19000
Color,Mark Herman,94,9030581,The Boy in the Striped Pajamas ,132386,English,UK,PG-13,12500000,2008,7.8,38000
Color,Lars von Trier,140,4157491,Dancer in the Dark ,79330,English,Denmark,R,12800000,2000,8,0
Color,Gillian Armstrong,132,1508689,Oscar and Lucinda ,5648,English,USA,R,16000000,1997,6.7,329
Color,Abel Ferrara,99,1227324,The Funeral ,6921,English,USA,R,12500000,1996,6.6,344
Color,Brian Koppelman,90,4360548,Solitary Man ,13371,English,USA,R,15000000,2009,6.4,0
Color,Ethan Maniquis,105,26589953,Machete ,165792,English,USA,R,10500000,2010,6.7,44000
Color,George Hickenlooper,108,1039869,Casino Jack ,14757,English,Canada,R,15000000,2010,6.2,0
Color,Don Bluth,69,48092846,The Land Before Time ,61753,English,USA,G,12500000,1988,7.3,5000
Color,Je-kyu Kang,148,1110186,Tae Guk Gi: The Brotherhood of War ,31943,Korean,South Korea,R,12800000,2004,8.1,0
 Black and White,William Dear,118,1089445,The Perfect Game ,2676,English,Canada,PG,12500000,2009,7,0
Color,William Friedkin,132,204565000,The Exorcist ,284252,English,USA,R,8000000,1973,8,18000
Color,Steven Spielberg,130,260000000,Jaws ,412454,English,USA,PG,8000000,1975,8,21000
Color,Paul Weitz,95,101736215,American Pie ,315549,English,USA,R,11000000,1999,7,0
Color,Stéphane Aubier,80,71442,Ernest & Celestine ,12029,French,France,PG,9600000,2012,7.9,0
Color,Michael Ritchie,94,79817937,The Golden Child ,39798,English,USA,PG-13,25000000,1986,5.9,0
Color,Tim Story,122,91547205,Think Like a Man ,34579,English,USA,PG-13,12000000,2012,6.6,0
Color,Tim Story,102,75074950,Barbershop ,22147,English,USA,PG-13,12000000,2002,6.3,770
Color,Nicholas Meyer,116,78900000,Star Trek II: The Wrath of Khan ,91414,English,USA,PG,11000000,1982,7.7,0
Color,Tom Shadyac,78,72217000,Ace Ventura: Pet Detective ,216486,English,USA,PG-13,12000000,1994,6.9,0
Color,John Badham,114,79568000,WarGames ,71842,English,USA,PG,12000000,1983,7.1,0
Color,Peter Weir,112,65500000,Witness ,66966,English,USA,R,12000000,1985,7.4,0
Color,Mike McCoy,110,70011073,Act of Valor ,57996,English,USA,R,12000000,2012,6.5,15000
Color,Anne Fletcher,104,65269010,Step Up ,90938,English,USA,PG-13,12000000,2006,6.5,0
Color,Mike Judge,81,63071133,Beavis and Butt-Head Do America ,42892,English,USA,PG-13,12000000,1996,6.8,0
Color,Quentin Tarantino,154,39647595,Jackie Brown ,239540,English,USA,R,12000000,1997,7.5,0
Color,Jon Hurwitz,102,38087366,Harold & Kumar Escape from Guantanamo Bay ,113918,English,USA,R,12000000,2008,6.6,0
Color,Josh Trank,89,64572496,Chronicle ,204327,English,USA,PG-13,12000000,2012,7.1,32000
Color,Barbra Streisand,132,30400000,Yentl ,9503,English,UK,PG,12000000,1983,6.6,0
Color,Terry Gilliam,103,42365600,Time Bandits ,45890,English,UK,PG,5000000,1981,7,0
Color,Tamra Davis,93,37188667,Crossroads ,34219,English,USA,PG-13,12000000,2002,3.3,0
Color,Nima Nourizadeh,93,54724272,Project X ,157051,English,USA,R,12000000,2012,6.7,29000
Color,Franklin J. Schaffner,172,,Patton ,76398,English,USA,GP,12000000,1970,8,0
Color,Mark Romanek,96,31597131,One Hour Photo ,97938,English,USA,R,12000000,2002,6.8,0
Color,John Erick Dowdle,89,31691811,Quarantine ,57446,English,USA,R,12000000,2008,6,0
Color,David Moreau,92,31397498,The Eye ,44130,English,USA,PG-13,12000000,2008,5.4,0
Color,Christopher Erskin,97,31179516,Johnson Family Vacation ,5928,English,USA,PG-13,12000000,2004,4.3,243
Color,Jesse Dylan,93,31155435,How High ,42644,English,USA,R,12000000,2001,6.2,0
Color,Brian Henson,89,27281507,The Muppet Christmas Carol ,33850,English,USA,G,12000000,1992,7.7,0
 Black and White,Martin Campbell,144,167007184,Casino Royale ,470501,English,UK,PG-13,150000000,2006,8,0
 Black and White,Julie Taymor,123,25776062,Frida ,61651,English,USA,R,12000000,2002,7.4,0
Color,Dan Cutforth,93,25240988,Katy Perry: Part of Me ,12383,English,USA,PG,12000000,2012,5.9,0
Color,Josh Boone,133,124868837,The Fault in Our Stars ,249688,English,USA,PG-13,12000000,2014,7.8,93000
Color,John Dahl,121,22905674,Rounders ,121676,English,USA,R,12000000,1998,7.4,0
Color,Chris Rock,102,25277561,Top Five ,21672,English,USA,R,12000000,2014,6.5,0
Color,John Frankenheimer,102,,Prophecy ,3000,English,USA,PG,12000000,1979,5.4,902
Color,David Koepp,99,21133087,Stir of Echoes ,62468,English,USA,R,12000000,1999,7,0
Color,,55,,Spartacus: War of the Damned             ,173172,English,USA,TV-MA,,,8.6,31000
Color,Stephen Frears,98,37707719,Philomena ,76094,English,UK,PG-13,12000000,2013,7.6,37000
Color,Mike Binder,118,18761993,The Upside of Anger ,19007,English,USA,R,9000000,2005,6.9,549
Color,Franklin J. Schaffner,125,,The Boys from Brazil ,20660,English,UK,R,12000000,1978,7,0
Color,Elizabeth Allen Rosenbaum,104,18595716,Aquamarine ,30462,English,USA,PG,12000000,2006,5.3,0
Color,Jake Schreier,109,31990064,Paper Towns ,63390,English,USA,PG-13,12000000,2015,6.4,0
Color,Cheryl Dunye,86,17321573,My Baby's Daddy ,3119,English,USA,PG-13,,2004,4.5,151
 Black and White,Alexander Payne,115,17613460,Nebraska ,91082,English,USA,R,12000000,2013,7.8,28000
Color,Ernest R. Dickerson,92,21088568,Tales from the Crypt: Demon Knight ,16646,English,USA,R,13000000,1995,6.7,0
Color,Tim Hill,91,17292381,Max Keeble's Big Move ,5794,English,USA,PG,12000000,2001,5.3,371
Color,Jason Reitman,94,16300302,Young Adult ,64682,English,USA,R,12000000,2011,6.3,0
Color,Mark Neveldine,93,27829874,Crank ,196422,English,USA,R,12000000,2006,7,0
Color,Lionel C. Martin,93,13960203,How to Be a Player ,2301,English,USA,R,,1997,5.3,439
Color,Richard LaGravenese,100,12902790,Living Out Loud ,4052,English,USA,R,12000000,1998,6.6,242
Color,Sanaa Hamri,100,21520719,Just Wright ,10103,English,USA,PG,,2010,5.8,0
Color,Jonathan Demme,113,12796277,Rachel Getting Married ,41226,English,USA,R,,2008,6.7,0
Color,Bob Rafelson,122,,The Postman Always Rings Twice ,16764,English,USA,R,12000000,1981,6.6,1000
Color,Peter Webber,100,11634362,Girl with a Pearl Earring ,60171,English,UK,PG-13,,2003,7,0
Color,Wolfgang Petersen,293,11433134,Das Boot ,168203,German,West Germany,R,14000000,1981,8.4,11000
Color,John Lee Hancock,137,22406362,The Alamo ,16832,English,USA,PG-13,107000000,2004,6,701
Color,Wallace Wolodarsky,93,10198766,Sorority Boys ,12007,English,USA,R,12000000,2002,5.4,507
Color,Richard Curtis,123,15294553,About Time ,202341,English,UK,R,12000000,2013,7.8,105000
Color,Yimou Zhang,119,11041228,House of Flying Daggers ,92295,Mandarin,China,PG-13,100000000,2004,7.6,0
Color,Nicholas Jarecki,107,7918283,Arbitrage ,41574,English,USA,R,12000000,2012,6.6,0
Color,Dean Israelite,106,22331028,Project Almanac ,57349,English,USA,PG-13,12000000,2015,6.4,0
Color,Darnell Martin,109,8134217,Cadillac Records ,15412,English,USA,R,12000000,2008,7,0
Color,Scott Alexander,81,6982680,Screwed ,6965,English,USA,PG-13,10000000,2000,5.7,262
Color,Stuart Gordon,95,6739141,Fortress ,23383,English,Australia,R,8000000,1992,5.9,1000
Color,Christopher Guest,86,5542025,For Your Consideration ,12197,English,USA,PG-13,12000000,2006,6.3,650
 Black and White,Woody Allen,113,5032496,Celebrity ,20576,English,USA,R,12000000,1998,6.3,652
Color,Ryan Murphy,122,6754898,Running with Scissors ,20000,English,USA,R,12000000,2006,6.2,0
Color,Robert Iscove,90,4922166,From Justin to Kelly ,23606,English,USA,PG,12000000,2003,2.1,0
Color,Spike Lee,108,4903000,Girl 6 ,4961,English,USA,R,12000000,1996,5,251
Color,Jane Campion,113,4717455,In the Cut ,18632,English,Australia,R,12000000,2003,5.3,656
Color,James Gray,110,3148482,Two Lovers ,29613,English,USA,R,12000000,2008,7.1,0
Color,Fred Schepisi,109,2326407,Last Orders ,5016,English,UK,R,12000000,2001,7,305
Color,Joon-ho Bong,110,2201412,The Host ,68883,Korean,South Korea,R,12215500000,2006,7,7000
Color,Roger Spottiswoode,100,,The Pursuit of D.B. Cooper ,763,English,USA,PG,12000000,1981,5.7,135
Color,Antonia Bird,101,2060953,Ravenous ,29990,English,Czech Republic,R,12000000,1999,7.1,0
Color,Jon Poll,97,3950294,Charlie Bartlett ,56654,English,USA,R,12000000,2007,7,0
Color,Paolo Sorrentino,172,2835886,The Great Beauty ,55516,Italian,Italy,Not Rated,9200000,2013,7.7,29000
Color,Peter Care,104,1779284,The Dangerous Lives of Altar Boys ,12047,English,USA,R,12000000,2002,7.1,677
Color,Chan-wook Park,99,1702277,Stoker ,84620,English,UK,R,12000000,2013,6.8,27000
 Black and White,Kar-Wai Wong,129,261481,2046 ,41496,Cantonese,Hong Kong,R,12000000,2004,7.5,0
Color,Ira Sachs,91,1506998,Married Life ,8014,English,USA,PG-13,12000000,2007,6.3,314
Color,Carroll Ballard,100,860002,Duma ,6454,English,USA,PG,12000000,2005,7.3,0
Color,Neil Jordan,111,548934,Ondine ,16863,English,Ireland,PG-13,12000000,2009,6.8,0
Color,Takeshi Kitano,114,447750,Brother ,18520,English,USA,R,10000000,2000,7.2,0
Color,Anthony Russo,86,333976,Welcome to Collinwood ,12559,English,USA,R,12000000,2002,6.4,423
Color,Sidney Lumet,107,141853,Critical Care ,1427,English,Australia,R,12000000,1997,6,88
Color,Vadim Perelman,90,303439,The Life Before Her Eyes ,12125,English,USA,R,8000000,2007,6.4,1000
Color,Lawrence Kasdan,103,793352,Darling Companion ,2551,English,USA,PG-13,,2012,5.1,0
Color,Marco Kreuzpaintner,120,214202,Trade ,14831,English,Germany,R,12000000,2007,7.5,0
Color,Lajos Koltai,134,195888,Fateless ,5603,Hungarian,Hungary,R,2500000000,2005,7.1,607
Color,Alan Rudolph,110,175370,Breakfast of Champions ,6884,English,USA,R,12000000,1999,4.6,458
Color,Yimou Zhang,95,190666,"A Woman, a Gun and a Noodle Shop ",2410,Mandarin,China,R,,2009,5.7,784
Color,Vincenzo Natali,95,,Cypher ,27052,English,USA,R,7500000,2002,6.8,0
 Black and White,Chuan Lu,132,119922,City of Life and Death ,8429,Mandarin,China,R,12000000,2009,7.7,0
Color,Tim Johnson,94,177343675,Home ,70133,English,USA,PG,135000000,2015,6.7,26000
Color,Lijun Sun,89,,Legend of Kung Fu Rabbit ,408,Mandarin,China,PG,,2011,3.2,211
Color,Takashi Yamazaki,138,,Space Battleship Yamato ,4899,Japanese,Japan,TV-14,12000000,2010,6.1,0
Color,Renny Harlin,113,17149,5 Days of War ,12128,English,Georgia,R,20000000,2011,5.6,0
Color,Christopher Smith,99,,Triangle ,64423,English,UK,R,12000000,2009,6.9,13000
Color,Timothy Hines,111,14616,10 Days in a Madhouse ,314,English,USA,R,12000000,2015,7.5,26000
Color,Randall Wallace,99,91443253,Heaven Is for Real ,21034,English,USA,PG,12000000,2014,5.8,23000
Color,Guy Ritchie,104,30093107,Snatch ,600996,English,UK,R,6000000,2000,8.3,27000
Color,David Winters,89,,Dancin' It's On ,105,English,USA,PG,12000000,2015,2.8,634
Color,Mary Lambert,103,57469179,Pet Sematary ,63855,English,USA,R,11500000,1989,6.6,0
Color,Akira Kurosawa,134,48856,Madadayo ,3466,Japanese,Japan,,11900000,1993,7.5,355
Color,Jamie Thraves,100,,The Cry of the Owl ,3737,English,UK,R,11500000,2009,6,443
Color,Mabel Cheung,130,,A Tale of Three Cities ,117,Chinese,China,,12000000,2015,6.2,4
Color,Joe Dante,106,148170000,Gremlins ,142293,English,USA,PG,11000000,1984,7.2,14000
Color,George Lucas,125,460935665,Star Wars: Episode IV - A New Hope ,911097,English,USA,PG,11000000,1977,8.7,33000
Color,Dan Mazer,109,35537564,Dirty Grandpa ,49671,English,USA,R,11500000,2016,6,11000
Color,David Lean,200,111722000,Doctor Zhivago ,55816,English,USA,PG-13,11000000,1965,8,7000
Color,Stephen Daldry,114,10230,Trash ,14437,Portuguese,UK,R,,2014,7.2,0
Color,Kenny Ortega,112,90556401,High School Musical 3: Senior Year ,43795,English,USA,G,11000000,2008,4.5,0
Color,David O. Russell,116,93571803,The Fighter ,275869,English,USA,R,25000000,2010,7.9,36000
Color,Jeff Tremaine,92,72755517,Jackass Number Two ,56595,English,USA,R,,2006,7.1,641
Color,Jonathan Lynn,120,52929168,My Cousin Vinny ,82743,English,USA,R,11000000,1992,7.5,7000
Color,R.J. Cutler,107,50461335,If I Stay ,83893,English,USA,PG-13,11000000,2014,6.8,15000
Color,Brian Trenchard-Smith,92,,Drive Hard ,3104,English,Canada,Not Rated,12000000,2014,4.3,774
Color,David S. Ward,107,49797148,Major League ,49007,English,USA,R,11000000,1989,7.2,0
Color,Oliver Parker,100,,St. Trinian's ,18220,English,UK,PG-13,13500000,2007,5.8,0
Color,Joel Schumacher,81,46563158,Phone Booth ,207934,English,USA,R,13000000,2002,7.1,0
Color,Adam Shankman,101,41227069,A Walk to Remember ,162701,English,USA,PG,11000000,2002,7.4,19000
Color,Tim Robbins,122,39025000,Dead Man Walking ,73193,English,UK,R,11000000,1995,7.6,0
Color,Roger Kumble,97,38201895,Cruel Intentions ,149222,English,USA,R,10500000,1999,6.9,0
Color,Kevin Greutert,92,27669413,Saw VI ,76207,English,Canada,R,11000000,2009,6,0
Color,Mel Brooks,92,,History of the World: Part I ,36559,English,USA,R,11000000,1981,6.9,0
Color,Gina Prince-Bythewood,110,37766350,The Secret Life of Bees ,19440,English,USA,PG-13,11000000,2008,7.3,0
Color,Rob Pritts,86,23978402,Corky Romano ,10966,English,USA,PG-13,11000000,2001,4.6,365
Color,Brian De Palma,91,21370057,Raising Cain ,9903,English,USA,R,12000000,1992,6,541
Color,Norman Jewison,145,,F.I.S.T. ,5561,English,USA,PG,11000000,1978,6.4,745
Color,Tobe Hooper,100,4884663,Invaders from Mars ,5187,English,USA,PG,12000000,1986,5.5,902
Color,John Crowley,111,38317535,Brooklyn ,73249,English,UK,PG-13,11000000,2015,7.5,36000
Color,Stanley Kubrick,184,,Barry Lyndon ,101627,English,UK,PG,11000000,1975,8.1,0
Color,Brendan Malloy,89,13903262,Out Cold ,14656,English,USA,PG-13,11000000,2001,6.3,0
Color,Reginald Hudlin,84,13592872,The Ladies Man ,10777,English,USA,R,11000000,2000,5.1,671
Color,Dustin Hoffman,98,18381787,Quartet ,15684,English,UK,PG-13,11000000,2012,6.8,13000
Color,Gregory Poirier,95,13558739,Tomcats ,15427,English,USA,R,11000000,2001,5.3,449
Color,Bill Paxton,100,13103828,Frailty ,59982,English,USA,R,11000000,2001,7.3,5000
Color,Simon Curtis,109,33305037,Woman in Gold ,33856,English,UK,PG-13,11000000,2015,7.3,34000
 Black and White,Bill Condon,118,10214647,Kinsey ,42689,English,USA,R,11000000,2004,7.1,0
Color,Sam Raimi,88,11501093,Army of Darkness ,128850,English,USA,R,13000000,1992,7.6,10000
Color,Dewey Nicks,86,4814244,Slackers ,12437,English,Canada,R,11000000,2002,5.3,405
Color,Lasse Hallström,118,9170214,What's Eating Gilbert Grape ,171882,English,USA,PG-13,11000000,1993,7.8,14000
Color,Philip Saville,125,4068087,The Visual Bible: The Gospel of John ,2164,English,Canada,PG-13,17000000,2003,7.7,0
Color,Mike Leigh,125,3753806,Vera Drake ,20307,English,UK,R,11000000,2004,7.7,0
Color,Daisy von Scherler Mayer,94,3034181,The Guru ,13622,English,UK,R,11000000,2002,5.4,550
Color,Mira Nair,113,2832826,The Perez Family ,1761,English,USA,R,11000000,1995,6.2,174
Color,Ethan Coen,104,13214255,Inside Llewyn Davis ,96233,English,USA,R,11000000,2013,7.4,26000
Color,Tim Blake Nelson,95,16017403,O ,17333,English,USA,R,5000000,2001,6.2,0
Color,William A. Graham,102,2807854,Return to the Blue Lagoon ,14129,English,USA,PG-13,11000000,1991,5.1,967
Color,Martin Ritt,124,,The Molly Maguires ,2603,English,USA,PG,11000000,1970,6.9,608
Color,John Turturro,105,540085,Romance & Cigarettes ,10052,English,USA,R,,2005,6.3,0
Color,Agnieszka Holland,104,352786,Copying Beethoven ,11132,English,USA,PG-13,11000000,2006,6.8,0
Color,Tobe Hooper,120,76600000,Poltergeist ,105448,English,USA,PG,10700000,1982,7.4,11000
Color,Rowan Joffe,111,,Brighton Rock ,5013,English,UK,R,12000000,2010,5.7,0
Color,David Hackl,95,56729973,Saw V ,88529,English,USA,R,10800000,2008,5.8,0
Color,Giuliano Montaldo,96,,Machine Gun McCain ,618,English,Italy,GP,,1969,6.2,85
Color,Lisa Azuelos,97,,LOL ,45144,English,USA,PG-13,11000000,2012,4.3,18000
Color,Ray Lawrence,118,399879,Jindabyne ,5772,English,Australia,R,15000000,2006,6.4,302
Color,Karan Johar,193,3275443,Kabhi Alvida Naa Kehna ,13998,Hindi,India,R,700000000,2006,6,659
Color,Oliver Parker,97,18535191,An Ideal Husband ,12980,English,UK,PG-13,14000000,1999,6.9,646
Color,Ruairi Robinson,98,23838,The Last Days on Mars ,28570,English,UK,R,7000000,2013,5.5,0
Color,Jaume Balagueró,103,22160085,Darkness ,16747,English,USA,PG-13,10600000,2002,5.4,1000
Color,Stanley Kubrick,161,56715371,2001: A Space Odyssey ,427357,English,UK,G,12000000,1968,8.3,24000
Color,Steven Spielberg,120,434949459,E.T. the Extra-Terrestrial ,281842,English,USA,PG,10500000,1982,7.9,34000
Color,Jon Kasdan,97,11043445,In the Land of Women ,27689,English,USA,PG-13,10000000,2007,6.5,1000
Color,Léa Pool,97,,The Blue Butterfly ,1337,English,Canada,PG,12500000,2004,6.3,392
Color,Floyd Mutrux,99,125169,There Goes My Baby ,859,English,USA,R,10500000,1994,6.4,119
Color,,24,,Lovesick             ,2651,English,UK,,,,7.9,0
Color,Sajid Khan,144,1165104,Housefull ,8598,Hindi,India,,,2010,5.3,250
Color,Christopher Cain,111,1066555,September Dawn ,2618,,USA,R,11000000,2007,5.8,411
Color,Dean Wright,145,5669081,For Greater Glory: The True Story of Cristiada ,3665,Spanish,Mexico,R,10818775,2012,6.6,0
Color,Eric Lartigau,106,,La Famille Bélier ,15060,French,France,,11000000,2014,7.4,0
Color,Gus Van Sant,126,138339411,Good Will Hunting ,604904,English,USA,R,10000000,1997,8.3,31000
Color,Shintaro Shimosawa,106,,Misconduct ,6935,English,USA,R,11000000,2016,5.3,0
Color,Darren Lynn Bousman,121,80150343,Saw III ,142115,English,USA,R,10000000,2006,6.2,0
Color,Ivan Reitman,117,85300000,Stripes ,48629,English,USA,R,10000000,1981,6.9,0
Color,Peyton Reed,98,68353550,Bring It On ,70141,English,USA,PG-13,10000000,2000,5.9,0
Color,James DeMonaco,109,78845130,The Purge: Election Year ,17596,English,France,R,10000000,2016,6.1,0
Color,Robert Iscove,95,63319509,She's All That ,67115,English,USA,PG-13,10000000,1999,5.8,0
Color,Lee Daniels,109,47536959,Precious ,86956,English,USA,R,10000000,2009,7.3,12000
Color,Darren Lynn Bousman,96,63270259,Saw IV ,111087,English,USA,R,10000000,2007,5.9,0
Color,Geoffrey Sax,101,55865715,White Noise ,41763,English,UK,PG-13,10000000,2005,5.5,0
Color,Tyler Perry,107,63231524,Madea's Family Reunion ,8962,English,USA,PG-13,6000000,2006,5,676
Color,Martin Scorsese,119,52293982,The Color of Money ,57831,English,USA,R,13800000,1986,7,0
 Black and White,Ken Annakin,178,,The Longest Day ,43270,English,USA,G,10000000,1962,7.8,0
Color,Stephen Herek,100,50752337,The Mighty Ducks ,44502,English,USA,PG,10000000,1992,6.4,0
Color,Takashi Shimizu,98,110175871,The Grudge ,115050,English,USA,PG-13,10000000,2004,5.9,4000
Color,Dennis Dugan,92,38624000,Happy Gilmore ,156143,English,USA,PG-13,12000000,1996,7,0
Color,Victor Salva,90,37470017,Jeepers Creepers ,86890,English,Germany,R,10000000,2001,6.1,0
Color,Stephen Herek,90,40485039,Bill & Ted's Excellent Adventure ,85362,English,USA,PG,10000000,1989,6.9,0
Color,Carol Reed,153,16800000,Oliver! ,25303,English,UK,G,10000000,1968,7.5,0
Color,John Madden,124,46377022,The Best Exotic Marigold Hotel ,75306,English,UK,PG-13,10000000,2011,7.3,48000
Color,Chuck Sheetz,82,36696761,Recess: School's Out ,6808,English,USA,G,23000000,2001,6.5,227
Color,George Miller,107,36200000,Mad Max Beyond Thunderdome ,101840,English,Australia,PG-13,12305523,1985,6.2,0
Color,Mark L. Lester,75,,Commando ,111649,English,USA,R,10000000,1985,6.7,0
Color,William Brent Bell,97,35794166,The Boy ,35654,English,USA,PG-13,10000000,2016,6,20000
Color,John Erick Dowdle,80,33583175,Devil ,104089,English,USA,PG-13,10000000,2010,6.3,16000
Color,Marcus Raboy,85,32983713,Friday After Next ,19284,English,USA,R,20000000,2002,5.8,981
Color,Leigh Whannell,97,52200504,Insidious: Chapter 3 ,54190,English,Canada,PG-13,10000000,2015,6.1,29000
Color,Michael Schultz,109,33000000,The Last Dragon ,9424,English,USA,PG-13,10000000,1985,6.9,0
Color,Guy Ritchie,104,30093107,Snatch ,600996,English,UK,R,6000000,2000,8.3,27000
Color,Brett Leonard,140,32101000,The Lawnmower Man ,27800,English,UK,R,10000000,1992,5.4,0
Color,Peter Sollett,90,31487293,Nick and Norah's Infinite Playlist ,74887,English,USA,PG-13,9000000,2008,6.7,0
Color,Kevin Smith,130,30651422,Dogma ,181737,English,USA,R,10000000,1999,7.4,10000
Color,Bob Dolman,98,30306281,The Banger Sisters ,12388,English,USA,R,10000000,2002,5.6,744
Color,Joe Dante,101,29500000,Twilight Zone: The Movie ,25613,English,USA,PG,10000000,1983,6.5,0
Color,Rowdy Herrington,114,30050028,Road House ,42987,English,USA,R,17000000,1989,6.5,0
Color,Keenen Ivory Wayans,100,29392418,A Low Down Dirty Shame ,3924,English,USA,R,10000000,1994,5.8,368
Color,John Polson,85,28563926,Swimfan ,16300,English,USA,PG-13,8500000,2002,5,720
Color,Greg Coolidge,103,28435406,Employee of the Month ,37681,English,USA,PG-13,12000000,2006,5.5,0
Color,Harry Elfont,100,25339117,Can't Hardly Wait ,37885,English,USA,PG-13,10000000,1998,6.5,0
Color,Francis Ford Coppola,114,25600000,The Outsiders ,57363,English,USA,PG-13,10000000,1983,7.2,10000
Color,David Lowery,102,,Pete's Dragon ,408,English,USA,PG,65000000,2016,7.3,21000
Color,David Cronenberg,103,,The Dead Zone ,44804,English,USA,R,10000000,1983,7.2,0
Color,Ciarán Foy,97,27736779,Sinister 2 ,25210,English,USA,R,10000000,2015,5.2,13000
Color,Salim Akil,116,24397469,Sparkle ,5161,English,USA,PG-13,17000000,2012,5.7,0
Color,Jamie Blanks,96,20384136,Valentine ,20467,English,USA,R,10000000,2001,4.7,0
Color,Olatunde Osunsanmi,98,25464480,The Fourth Kind ,63108,English,USA,PG-13,10000000,2009,5.9,15000
Color,Robert Altman,105,20338609,A Prairie Home Companion ,19655,English,USA,PG-13,10000000,2006,6.8,683
 Black and White,Leon Ichaso,123,18272447,Sugar Hill ,3119,English,USA,R,10000000,1993,5.9,331
Color,Joseph Zito,107,,Invasion U.S.A. ,6143,English,USA,R,10000000,1985,5.3,0
Color,Malcolm D. Lee,112,17378977,Roll Bounce ,5585,English,USA,PG-13,,2005,6,997
Color,Wes Anderson,93,17096053,Rushmore ,134458,English,USA,R,9000000,1998,7.7,5000
Color,Colin Strause,97,21371425,Skyline ,76199,English,USA,PG-13,10000000,2010,4.4,13000
Color,John Madden,122,33071558,The Second Best Exotic Marigold Hotel ,22369,English,UK,PG,10000000,2015,6.6,21000
Color,Patricia Rozema,101,17655201,Kit Kittredge: An American Girl ,4719,English,USA,G,10000000,2008,6.7,851
Color,Mark Rosman,100,16247775,The Perfect Man ,23527,English,USA,PG,25000000,2005,5.5,767
Color,Spike Lee,129,16153600,Mo' Better Blues ,8295,English,USA,R,10000000,1990,6.5,720
Color,Steve Oedekerk,81,16033556,Kung Pow: Enter the Fist ,37901,English,USA,PG-13,10000000,2002,6.2,0
Color,Ron Underwood,96,16667084,Tremors ,90070,English,USA,PG-13,11000000,1990,7.1,11000
Color,Rob Schmidt,84,15417771,Wrong Turn ,87494,English,USA,R,12600000,2003,6.1,0
Color,Walter Hill,100,,The Long Riders ,7322,English,USA,R,10000000,1980,7.1,680
Color,James Foley,110,15156200,The Corruptor ,15358,English,USA,R,30000000,1999,6,328
Color,Jeff Nichols,130,21589307,Mud ,135286,English,USA,PG-13,10000000,2012,7.4,27000
Color,Robert Ben Garant,84,20339754,Reno 911!: Miami ,23928,English,USA,R,10000000,2007,5.9,441
Color,Morgan Spurlock,106,28873374,One Direction: This Is Us ,22161,English,USA,PG,10000000,2013,4.1,0
Color,Neal Brennan,89,15102127,"The Goods: Live Hard, Sell Hard ",17790,English,USA,R,,2009,5.8,0
Color,Tuck Tucker,76,13684949,Hey Arnold! The Movie ,4564,English,USA,PG,3000000,2002,5.9,227
Color,Simon Curtis,99,14597405,My Week with Marilyn ,71679,English,UK,R,6400000,2011,7,17000
Color,Richard Shepard,96,12570442,The Matador ,40514,English,USA,R,10000000,2005,6.8,808
Color,Theodore Witcher,104,12514138,Love Jones ,2801,English,USA,R,10000000,1997,7.4,1000
Color,Joel Edgerton,108,43771291,The Gift ,79909,English,USA,R,5000000,2015,7.1,15000
Color,Jim Hanon,108,11703287,End of the Spear ,4360,English,USA,PG-13,10000000,2005,7,1000
Color,Tommy O'Haver,87,11560259,Get Over It ,15617,English,USA,PG-13,22000000,2001,5.8,0
Color,Mike Judge,89,10824921,Office Space ,200293,English,USA,R,10000000,1999,7.8,16000
Color,Michael Patrick Jann,97,10561238,Drop Dead Gorgeous ,27265,English,Germany,PG-13,10000000,1999,6.5,0
Color,Tim Burton,106,14479776,Big Eyes ,55539,English,USA,PG-13,10000000,2014,7,20000
Color,Peter Berg,100,9801782,Very Bad Things ,39331,English,USA,R,10000000,1998,6.3,0
Color,Joe Nussbaum,89,8070311,Sleepover ,12706,English,USA,PG,10000000,2004,5.3,0
Color,Brian De Palma,114,,Body Double ,20113,English,USA,R,10000000,1984,6.8,0
Color,Jorma Taccone,95,8460995,MacGruber ,35888,English,USA,R,10000000,2010,5.5,0
Color,Stephen Frears,97,8111360,Dirty Pretty Things ,34848,English,UK,R,10000000,2002,7.4,0
Color,Elizabeth Banks,94,8828771,Movie 43 ,79146,English,USA,R,6000000,2013,4.3,25000
Color,Florian Henckel von Donnersmarck,103,67631157,The Tourist ,176606,English,USA,PG-13,100000000,2010,6,25000
Color,Jeff Lowell,95,7563670,Over Her Dead Body ,21268,English,USA,PG-13,10000000,2008,5.2,518
 Black and White,Lorene Scafaria,101,6619173,Seeking a Friend for the End of the World ,87203,English,USA,R,10000000,2012,6.7,25000
Color,Miguel Arteta,87,6857503,Cedar Rapids ,32697,English,USA,R,,2011,6.3,0
Color,,40,,Bones             ,111506,English,USA,TV-14,,,7.9,0
 Black and White,Tony Kaye,101,6712241,American History X ,782437,English,USA,R,7500000,1998,8.6,35000
Color,Marcus Dunstan,82,6842058,The Collection ,36029,English,USA,R,10000000,2012,6.1,14000
Color,Timothy Björklund,74,6491350,Teacher's Pet ,1231,English,USA,PG,10000000,2004,5.8,49
Color,François Girard,130,9473382,The Red Violin ,26832,French,Canada,R,10000000,1998,7.7,0
Color,David Lynch,112,6197866,The Straight Story ,63733,English,France,G,10000000,1999,8,0
Color,Scott Kalvert,96,6044618,Deuces Wild ,6200,English,USA,R,10000000,2002,5.6,398
Color,Jason Bateman,89,7764027,Bad Words ,38459,English,USA,R,10000000,2013,6.7,0
Color,David Schwimmer,100,5998971,"Run, Fatboy, Run ",58509,English,UK,PG-13,,2007,6.6,0
Color,Allan Arkush,78,,Heartbeeps ,1040,English,USA,PG,10000000,1981,4.2,425
Color,Mike Binder,121,21569041,Black or White ,8058,English,USA,PG-13,9000000,2014,6.6,0
Color,Eric Bross,85,4356743,On the Line ,3662,English,USA,PG,16000000,2001,4.1,0
Color,Werner Herzog,120,5484375,Rescue Dawn ,84641,English,USA,PG-13,10000000,2006,7.3,0
Color,Dan Fogelman,106,5348317,Danny Collins ,20810,English,USA,R,10000000,2015,7.1,0
Color,Jay Duplass,83,4244155,"Jeff, Who Lives at Home ",56005,English,USA,R,10000000,2011,6.5,0
Color,Luca Guadagnino,120,5004648,I Am Love ,14031,Italian,Italy,R,10000000,2009,7,0
Color,John Putch,111,3333823,Atlas Shrugged II: The Strike ,5612,English,USA,PG-13,10000000,2012,5.5,0
Color,Peter Medak,100,3275585,Romeo Is Bleeding ,10735,English,UK,R,11500000,1993,6.6,561
Color,Steven Soderbergh,89,3193102,The Limey ,24412,English,USA,R,9000000,1999,7.1,944
Color,Paul Haggis,115,54557348,Crash ,361169,English,Germany,R,6500000,2004,7.9,18000
Color,Terence Davies,135,3041803,The House of Mirth ,6377,English,UK,PG,10000000,2000,7.1,345
Color,Harley Cokeliss,92,3060858,Malone ,1768,English,USA,R,10000000,1987,5.6,208
Color,Victor Salva,120,1055654,Peaceful Warrior ,20426,English,Germany,PG-13,10000000,2006,7.3,0
Color,Tom Brady,97,2331318,Bucky Larson: Born to Be a Star ,9541,English,USA,R,10000000,2011,3.3,0
Color,Spike Lee,135,2185266,Bamboozled ,8720,English,USA,R,10000000,2000,6.5,1000
Color,Jason Zada,93,26583369,The Forest ,20837,English,USA,PG-13,10000000,2016,4.8,10000
Color,Franklin J. Schaffner,118,800000,Sphinx ,892,English,USA,PG,14000000,1981,5.2,106
Color,Noah Baumbach,97,7574066,While We're Young ,30325,English,USA,R,10000000,2014,6.3,0
Color,Chris Weitz,98,1754319,A Better Life ,13174,English,USA,PG-13,10000000,2011,7.2,0
Color,David Cronenberg,98,1641788,Spider ,30096,English,Canada,R,8000000,2002,6.8,0
Color,Eric Blakeney,101,1631839,Gun Shy ,5936,English,USA,R,10000000,2000,5.7,242
Color,Douglas McGrath,132,1309849,Nicholas Nickleby ,9395,English,UK,PG,10000000,2002,7.2,0
Color,Ariel Vromen,106,1939441,The Iceman ,55567,English,USA,R,10000000,2012,6.9,20000
Color,,55,447093,Dekalog             ,12591,Polish,Poland,TV-MA,,,9.1,0
Color,Rakesh Roshan,168,,Krrish ,12411,Hindi,India,Not Rated,10000000,2006,6.3,533
Color,John Waters,87,1276984,Cecil B. DeMented ,11403,English,France,R,10000000,2000,6.2,795
Color,William Friedkin,98,1987762,Killer Joe ,59297,English,USA,R,11000000,2011,6.7,12000
Color,Derrick Borte,96,1474508,The Joneses ,33473,English,USA,R,5000000,2009,6.5,0
Color,Richard Kwietniowski,104,1011054,Owning Mahowny ,10585,English,Canada,R,10000000,2003,7.2,0
Color,Bob Odenkirk,93,900926,The Brothers Solomon ,9517,English,USA,R,10000000,2007,5.3,319
Color,Kar-Wai Wong,95,866778,My Blueberry Nights ,44208,English,Hong Kong,PG-13,10000000,2007,6.7,0
Color,John Turturro,119,836641,Illuminata ,1402,English,Spain,R,,1998,6.2,74
Color,Guy Ritchie,89,598645,Swept Away ,13145,English,UK,R,10000000,2002,3.6,725
Color,Joshua Seftel,107,578527,"War, Inc. ",20008,English,USA,R,10000000,2008,5.7,883
 Black and White,Stephen Chow,85,488872,Shaolin Soccer ,56923,Cantonese,Hong Kong,PG,10000000,2001,7.3,0
Color,Vincent Gallo,93,365734,The Brown Bunny ,11487,English,USA,Not Rated,10000000,2003,5,952
Color,Claude Chabrol,101,231417,The Swindle ,1649,French,France,,60000000,1997,6.6,33
Color,Jon Stewart,103,3093491,Rosewater ,8307,English,USA,R,5000000,2014,6.6,5000
Color,Bigas Luna,101,244465,The Chambermaid on the Titanic ,1135,French,France,,,1997,6.8,85
Color,Ralph Fiennes,123,756452,Coriolanus ,27009,English,UK,R,,2011,6.2,12000
Color,Dan Harris,111,228524,Imaginary Heroes ,8708,English,USA,R,4000000,2004,7.3,345
Color,Mel Smith,86,226792,High Heels and Low Lifes ,3080,English,UK,R,10000000,2001,6.2,117
Color,Bobcat Goldthwait,99,221210,World's Greatest Dad ,31964,English,USA,R,,2009,6.9,0
Color,Christopher Smith,90,136432,Severance ,31890,English,UK,R,5000000,2006,6.6,0
Color,Stuart Gordon,82,131617,Edmond ,9971,English,USA,R,10000000,2005,6.3,661
Color,Jake Scott,110,152857,Welcome to the Rileys ,19979,English,UK,R,,2010,7,0
Color,Alan Metter,83,126247,Police Academy: Mission to Moscow ,24958,English,USA,PG,6200000,1994,3.3,321
Color,Jeb Stuart,128,82739,Blood Done Sign My Name ,465,English,USA,PG-13,,2010,6.7,503
Color,Rafa Lara,125,169379,"Cinco de Mayo, La Batalla ",683,Spanish,Mexico,R,10000000,2013,6.2,874
Color,Michael Radford,97,,Elsa & Fred ,2041,English,USA,PG-13,10000000,2014,6.5,0
Color,Arthur Hiller,86,15447,An Alan Smithee Film: Burn Hollywood Burn ,2971,English,USA,R,10000000,1997,3.5,89
Color,Michael Meredith,91,19348,The Open Road ,2941,English,USA,PG-13,10000000,2009,5.5,370
Color,Julio DePietro,90,100503,The Good Guy ,7759,English,USA,R,8000000,2009,5.9,1000
Color,Katherine Dieckmann,90,92900,Motherhood ,3662,English,USA,PG-13,5000000,2009,4.7,546
Color,William Dear,94,140987,Free Style ,361,English,Canada,PG,,2008,4.2,58
Color,Kim Farrant,112,,Strangerland ,5637,English,Australia,R,10000000,2015,5.2,0
Color,Marcus Raboy,85,,The Janky Promoters ,1097,English,USA,R,,2009,5.2,402
Color,Scott Marshall,93,5561,Blonde Ambition ,4995,English,USA,PG-13,10000000,2007,3.9,160
Color,Álex de la Iglesia,104,3607,The Oxford Murders ,22753,English,Spain,R,10000000,2008,6.1,0
Color,Andrew Traucki,94,,The Reef ,11950,English,Australia,R,,2010,5.8,0
Color,Michael Clancy,85,70527,Eulogy ,7690,English,USA,R,6500000,2004,6.7,376
Color,Patrick Lussier,99,,White Noise 2: The Light ,11285,English,USA,PG-13,10000000,2007,5.7,509
Color,Robert Adetuyi,91,,You Got Served: Beat the World ,1642,English,Canada,PG-13,10000000,2011,4.5,0
Color,Kari Skogland,117,,Fifty Dead Men Walking ,9585,English,UK,R,6000000,2008,6.9,0
Color,Taedong Park,85,,Jungle Shuffle ,162,English,South Korea,,10000000,2014,4.8,186
Color,Paul Schrader,106,,Adam Resurrected ,3075,English,Germany,R,10000000,2008,6.3,589
Color,Benedikt Erlingsson,81,11835,Of Horses and Men ,1920,Icelandic,Iceland,,10000000,2013,6.9,1000
Color,Gurinder Chadha,100,,It's a Wonderful Afterlife ,1250,English,UK,PG-13,10000000,2010,5.4,695
Color,Jason Connery,90,,The Devil's Tomb ,5715,English,USA,R,10000000,2009,3.8,486
Color,Vic Sarin,116,,Partition ,2223,English,Canada,R,10000000,2007,7,746
Color,Jim Issa,84,,Good Intentions ,553,English,USA,PG-13,10000000,2010,5.2,119
Color,Jee-woon Kim,135,128486,"The Good, the Bad, the Weird ",26156,Korean,South Korea,R,10000000,2008,7.3,0
Color,Douglas Aarniokoski,84,,Nurse 3D ,7286,English,USA,R,10000000,2013,4.6,0
Color,William Phillips,89,,Gunless ,3015,English,Canada,,10000000,2010,6.5,850
Color,Greg Mottola,107,16025394,Adventureland ,131180,English,USA,R,,2009,6.8,0
Color,Andy Garcia,144,2483955,The Lost City ,8369,English,USA,R,9600000,2005,6.7,957
Color,Steve Carr,98,57176582,Next Friday ,27492,English,USA,R,9500000,2000,6.1,0
Color,Sarik Andreasyan,94,,American Heist ,12372,English,Canada,R,10000000,2014,5.2,0
Color,Lewis Gilbert,117,43100000,You Only Live Twice ,75280,English,UK,Approved,9500000,1967,6.9,0
Color,Julian Gilbey,102,,Plastic ,5865,English,UK,R,10000000,2014,6,1000
Color,Michael Haneke,127,225377,Amour ,70382,French,France,PG-13,8900000,2012,7.9,33000
Color,Gary Sherman,98,14114488,Poltergeist III ,13190,English,USA,PG-13,10500000,1988,4.5,616
Color,Valeri Milev,88,,Re-Kill ,1763,English,USA,R,9500000,2015,5.1,898
Color,Stanley Kramer,197,46300000,"It's a Mad, Mad, Mad, Mad World ",29323,English,USA,Approved,9400000,1963,7.6,0
Color,Pedro Almodóvar,121,12899702,Volver ,76681,Spanish,Spain,R,,2006,7.6,0
Color,Gerald Potterton,90,,Heavy Metal ,23516,English,Canada,R,9300000,1981,6.7,0
Color,Jared Hess,89,113155,Gentlemen Broncos ,9006,English,USA,PG-13,,2009,6.1,0
Color,Richard Loncraine,104,2600000,Richard III ,11612,English,UK,R,6000000,1995,7.5,0
,David Hackl,94,,Into the Grizzly Maze ,4486,English,USA,R,10000000,2015,5.3,0
Color,Anurag Basu,90,1602466,Kites ,9673,English,India,,600000000,2010,6,0
Color,Lars von Trier,130,3029870,Melancholia ,128729,English,Denmark,R,7400000,2011,7.1,50000
Color,Kriv Stenders,92,,Red Dog ,13003,English,Australia,PG,8500000,2011,7.5,10000
Color,Yash Chopra,176,3047539,Jab Tak Hai Jaan ,42296,Hindi,India,Not Rated,7217600,2012,6.9,12000
Color,Ridley Scott,116,78900000,Alien ,563827,English,UK,R,11000000,1979,8.5,23000
Color,Tobe Hooper,88,30859000,The Texas Chain Saw Massacre ,96410,English,USA,R,83532,1974,7.5,0
Color,Floria Sigismondi,106,3571735,The Runaways ,39260,English,USA,R,10000000,2010,6.6,0
Color,Norman Jewison,181,50000000,Fiddler on the Roof ,29839,English,USA,G,9000000,1971,8,0
Color,Terence Young,130,63600000,Thunderball ,82073,English,UK,Approved,9000000,1965,7,0
Color,Joseph Kahn,93,,Detention ,12520,English,USA,R,10000000,2011,5.8,0
Color,Ferzan Ozpetek,110,,Loose Cannons ,8667,Italian,Italy,,,2010,7.3,0
Color,F. Gary Gray,123,36049108,Set It Off ,10139,English,USA,R,9000000,1996,6.8,0
Color,Malcolm D. Lee,120,34074895,The Best Man ,6525,English,USA,R,9000000,1999,6.7,0
Color,Tom Holland,87,33244684,Child's Play ,62038,English,USA,R,9000000,1988,6.5,0
Color,Michael Moore,123,24530513,Sicko ,66610,English,USA,PG-13,9000000,2007,8,0
Color,James DeMonaco,103,71519230,The Purge: Anarchy ,92364,English,USA,R,9000000,2014,6.5,15000
Color,Kris Isacsson,91,20035310,Down to You ,12324,English,USA,PG-13,9000000,2000,4.9,580
Color,Danny Leiner,88,18225165,Harold & Kumar Go to White Castle ,155262,English,USA,R,9000000,2004,7.1,0
Color,Rod Lurie,126,17804273,The Contender ,20449,English,USA,R,20000000,2000,7,1000
Color,Ben Younger,120,16938179,Boiler Room ,41313,English,USA,R,8000000,2000,7,0
Color,John Landis,116,90400000,Trading Places ,102895,English,USA,R,,1983,7.5,0
Color,Glen Morgan,94,16235293,Black Christmas ,19918,English,USA,R,9000000,2006,4.5,0
Color,Daniel Taplitz,85,11827301,Breakin' All the Rules ,4247,English,USA,PG-13,,2004,5.5,266
Color,Kenneth Branagh,137,10161099,Henry V ,23441,English,UK,PG-13,9000000,1989,7.7,0
Color,Tamara Jenkins,114,6610326,The Savages ,32188,English,USA,R,,2007,7.2,0
Color,Linda Mendoza,76,6126237,Chasing Papi ,3419,English,USA,PG,,2003,4.8,419
Color,Christopher McQuarrie,119,6047856,The Way of the Gun ,27536,English,USA,R,8500000,2000,6.7,1000
Color,Burr Steers,99,4681503,Igby Goes Down ,29058,English,USA,R,9000000,2002,7,838
Color,Hart Bochner,79,4350774,PCU ,10476,English,USA,PG-13,8000000,1994,6.5,0
Color,Michael O. Sajbel,114,3420871,The Ultimate Gift ,14100,English,USA,PG,,2006,7.4,0
Color,,30,,The Bold and the Beautiful             ,5478,English,USA,TV-14,,,3.5,748
Color,Stewart Raffill,91,,The Ice Pirates ,7767,English,USA,PG,9000000,1984,5.7,0
Color,Davis Guggenheim,95,2955039,Gracie ,3624,English,USA,PG-13,9000000,2007,6.2,313
Color,Bart Freundlich,103,1530535,Trust the Man ,7833,English,USA,R,9000000,2005,5.7,215
Color,Andrew Fleming,92,4881867,Hamlet 2 ,15200,English,USA,R,9000000,2008,6.4,1000
Color,Todd Haynes,124,1043487,Velvet Goldmine ,27766,English,UK,R,,1998,7,0
Color,Hong-jin Na,156,770629,The Wailing ,2379,Korean,South Korea,Not Rated,,2016,7.7,0
Color,Kevin Tancharoen,84,11860839,Glee: The 3D Concert Movie ,5156,English,USA,PG,9000000,2011,5.4,0
Color,Chatrichalerm Yukol,300,454255,The Legend of Suriyothai ,1666,Thai,Thailand,R,400000000,2001,6.6,124
Color,Dario Argento,120,349618,Two Evil Eyes ,4302,English,Italy,R,9000000,1990,6.1,375
Color,Eric Lavaine,98,,Barbecue ,1673,French,France,,,2014,6.1,348
Color,Mike Leigh,121,112935,All or Nothing ,8161,English,UK,R,9000000,2002,7.6,484
Color,Marc Forby,97,883887,Princess Kaiulani ,1201,English,USA,PG,9000000,2009,6.2,0
Color,Peter Cattaneo,86,13751,Opal Dream ,813,English,Australia,PG,11400000,2006,6.6,135
Color,Scott Mann,93,,Heist ,16198,English,USA,R,19000000,2015,6.1,0
Color,Ole Christian Madsen,45,145109,Flame and Citron ,14247,Danish,Denmark,Not Rated,45000000,2008,7.3,0
Color,Meiert Avis,97,1046166,Undiscovered ,2599,English,Germany,PG-13,9000000,2005,4.2,128
Color,Julian Jarrold,102,,Red Riding: In the Year of Our Lord 1974 ,9305,English,UK,Not Rated,,2009,7.1,0
Color,André Téchiné,105,2874,The Girl on the Train ,1219,French,France,Unrated,,2009,6,120
Color,Emily Young,103,,Veronika Decides to Die ,10100,English,USA,R,9000000,2009,6.5,3000
Color,Peter Faiman,93,174635000,Crocodile Dundee ,74743,English,Australia,PG-13,8800000,1986,6.5,0
Color,Martyn Pick,76,,"Ultramarines: A Warhammer 40,000 Movie ",4990,English,UK,R,,2010,5.7,0
Color,Roland Suso Richter,90,,The I Inside ,9296,English,UK,R,8800000,2004,6.1,458
Color,Jeremy Sims,122,,Beneath Hill 60 ,5741,English,Australia,R,9000000,2010,7.1,0
Color,Maïwenn,127,171320,Polisse ,10796,French,France,Not Rated,,2011,7.3,0
Color,Joby Harold,84,14373825,Awake ,63216,English,USA,R,8600000,2007,6.5,0
Color,,23,,Star Wars: The Clone Wars             ,28190,English,USA,TV-PG,,,7.9,2000
Color,Ekachai Uekrongtham,96,162,Skin Trade ,5228,English,Thailand,R,9000000,2014,5.7,0
Color,Joel Schumacher,97,32222567,The Lost Boys ,92924,English,USA,R,,1987,7.2,19000
Color,Scott Cooper,112,39462438,Crazy Heart ,67760,English,USA,R,7000000,2009,7.3,0
Color,Mark Rydell,125,29200000,The Rose ,6142,English,USA,R,8500000,1979,6.9,1000
Color,David E. Talbert,96,21564616,Baggage Claim ,7098,English,USA,PG-13,8500000,2013,5,0
Color,Roger Vadim,98,,Barbarella ,24436,English,France,PG,9000000,1968,5.9,0
Color,Nils Gaup,92,,Shipwrecked ,1984,English,Norway,PG,60000000,1990,6.7,278
Color,Alexander Payne,103,14879556,Election ,73640,English,USA,R,8000000,1999,7.3,0
Color,Mira Nair,122,13569248,The Namesake ,16530,English,USA,PG-13,,2006,7.6,0
Color,Ari Sandel,101,34017854,The DUFF ,51326,English,USA,PG-13,8500000,2015,6.5,8000
Color,Vondie Curtis-Hall,104,4273372,Glitter ,19412,English,USA,PG-13,22000000,2001,2.1,0
Color,Tom Elkins,101,,The Haunting in Connecticut 2: Ghosts of Georgia ,13167,English,USA,R,9000000,2013,5.3,0
Color,Woo-Suk Kang,135,,Silmido ,3290,Korean,South Korea,,8000000,2003,7.2,387
Color,Jane Campion,119,4440055,Bright Star ,21360,English,UK,PG,8500000,2009,7,0
Color,Karan Johar,128,4018695,My Name Is Khan ,69759,Hindi,India,PG-13,12000000,2010,8,27000
Color,Herbert Ross,107,80000000,Footloose ,51459,English,USA,PG,8200000,1984,6.5,0
Color,J.C. Chandor,106,6262942,All Is Lost ,59545,English,USA,PG-13,9000000,2013,6.9,18000
Color,John Sayles,126,1997807,Limbo ,5158,English,USA,R,8000000,1999,7.1,196
Color,Vipul Amrutlal Shah,128,1207007,Namastey London ,13577,Hindi,India,,,2007,7.3,341
Color,Ken Loach,127,1829142,The Wind That Shakes the Barley ,36846,English,Ireland,Not Rated,,2006,7.5,0
Color,Ayan Mukerji,160,3827466,Yeh Jawaani Hai Deewani ,25122,Hindi,India,Not Rated,,2013,6.9,0
Color,John G. Avildsen,126,90800000,The Karate Kid ,126916,English,USA,PG,8000000,1984,7.2,0
Color,Mervyn LeRoy,171,,Quo Vadis ,9808,English,USA,Passed,7623000,1951,7.2,1000
Color,Darren Lynn Bousman,150,140244,Repo! The Genetic Opera ,20419,English,USA,R,8500000,2008,6.7,8000
Color,Serdar Akar,122,,Valley of the Wolves: Iraq ,14486,Arabic,Turkey,,8300000,2006,6,467
Color,Quentin Tarantino,178,107930000,Pulp Fiction ,1324680,English,USA,R,8000000,1994,8.9,45000
Color,James Frawley,95,76657000,The Muppet Movie ,25498,English,UK,G,,1979,7.7,0
Color,Dan Gilroy,117,32279955,Nightcrawler ,293304,English,USA,R,8500000,2014,7.9,65000
Color,Jay Chandrasekhar,119,4992159,Club Dread ,23823,English,USA,R,8550000,2004,5.6,713
Color,Robert Wise,174,163214286,The Sound of Music ,148172,English,USA,G,8200000,1965,8,15000
Color,Ron Howard,111,69800000,Splash ,54723,English,USA,PG,8000000,1984,6.2,0
Color,Jonathan Dayton,101,59889948,Little Miss Sunshine ,355810,English,USA,R,8000000,2006,7.9,15000
Color,Rob Reiner,89,52287414,Stand by Me ,271794,English,USA,R,8000000,1986,8.1,24000
Color,Danny Boyle,113,45063889,28 Days Later... ,297250,English,UK,R,8000000,2002,7.6,11000
Color,Chris Stokes,95,40066497,You Got Served ,23671,English,USA,PG-13,8000000,2004,3.5,0
Color,Don Siegel,112,36500000,Escape from Alcatraz ,87090,English,USA,PG,8000000,1979,7.6,0
Color,Rick Famuyiwa,109,27362712,Brown Sugar ,5971,English,USA,PG-13,8000000,2002,6.5,0
Color,Martin Lawrence,108,34746109,A Thin Line Between Love and Hate ,3122,English,USA,R,8000000,1996,5.6,559
Color,Jonathan Levine,100,34963967,50/50 ,270441,English,USA,R,8000000,2011,7.7,40000
Color,Masayuki Ochiai,90,25926543,Shutter ,26609,English,USA,PG-13,8000000,2008,5.2,0
Color,George A. Romero,130,,Creepshow ,29935,English,USA,R,8000000,1982,6.9,0
Color,Tom Gormican,94,26049082,That Awkward Moment ,76791,English,USA,R,8000000,2014,6.1,0
Color,Ken Shapiro,93,,Modern Problems ,3904,English,USA,PG,8000000,1981,5,495
Color,Justin Tipping,80,,Kicks ,59,English,USA,R,,2016,7.8,240
Color,Kenneth Branagh,111,22551000,Much Ado About Nothing ,37269,English,UK,PG-13,8000000,1993,7.4,0
Color,Peter R. Hunt,142,22800000,On Her Majesty's Secret Service ,59941,English,UK,M,7000000,1969,6.8,0
Color,,60,,The Player             ,5817,English,USA,TV-14,,,7.1,0
Color,Wes Craven,107,18090181,New Nightmare ,38191,English,USA,R,8000000,1994,6.4,0
Color,John Schultz,91,17843379,Drive Me Crazy ,14904,English,USA,PG-13,8000000,1999,5.7,0
Color,Doug Atchison,112,18811135,Akeelah and the Bee ,15337,English,USA,PG,,2006,7.5,0
Color,Tamra Davis,82,17278980,Half Baked ,48225,English,USA,R,8000000,1998,6.7,0
Color,Jonas Elmer,97,16699684,New in Town ,17461,English,USA,PG,8000000,2009,5.6,0
Color,Stephen Gaghan,128,50815288,Syriana ,109191,English,USA,R,50000000,2005,7,0
Color,Mary Harron,102,15047419,American Psycho ,357275,English,USA,R,7000000,2000,7.6,18000
Color,Miguel Arteta,93,14015786,The Good Girl ,37952,English,USA,R,5000000,2002,6.5,938
Color,Erik Canuel,116,,Bon Cop Bad Cop ,8616,English,Canada,R,8000000,2006,7,758
Color,Troy Duffy,138,10269307,The Boondock Saints II: All Saints Day ,53251,English,USA,R,8000000,2009,6.3,0
Color,James Ivory,117,,The City of Your Final Destination ,2311,English,USA,PG-13,8300000,2009,6.4,638
Color,Nicole Holofcener,93,17536788,Enough Said ,49240,English,USA,PG-13,8000000,2013,7.1,12000
Color,Will Gluck,92,58401464,Easy A ,276746,English,USA,PG-13,8000000,2010,7.1,19000
Color,Matty Rich,110,8880705,The Inkwell ,1103,English,USA,R,,1994,6.5,160
 Black and White,E. Elias Merhige,92,8279017,Shadow of the Vampire ,34191,English,UK,R,8000000,2000,6.9,0
Color,Joe Nussbaum,104,10106233,Prom ,12702,English,USA,PG,8000000,2011,5.4,0
Color,Matt Reeves,98,,The Pallbearer ,6124,English,USA,PG-13,8000000,1996,4.9,125
Color,Steve Rash,89,4692814,Held Up ,2870,English,USA,PG-13,8000000,1999,5.1,77
Color,Fina Torres,92,5018450,Woman on Top ,8546,English,USA,R,8000000,2000,5.3,859
Color,James Ivory,140,25967000,Howards End ,21254,English,UK,PG,,1992,7.5,788
Color,,60,,Preacher             ,22848,English,,TV-MA,,,8.3,18000
Color,Duke Johnson,90,3442820,Anomalisa ,31489,English,USA,R,8000000,2015,7.3,0
Color,Mike Leigh,129,3205244,Another Year ,23629,English,UK,PG-13,10000000,2010,7.3,0
Color,François Ozon,111,3076425,8 Women ,23660,French,France,R,8000000,2002,7.1,0
Color,Mark L. Lester,79,2275557,Showdown in Little Tokyo ,12561,English,USA,R,8000000,1991,6,0
Color,David Dobkin,104,1789892,Clay Pigeons ,9494,English,Germany,R,8000000,1998,6.6,515
Color,Anna Boden,101,6350058,It's Kind of a Funny Story ,106098,English,USA,PG-13,8000000,2010,7.2,20000
Color,Nigel Cole,113,1094798,Made in Dagenham ,11158,English,UK,R,7200000,2010,7.2,0
Color,Anand Tucker,92,1071240,When Did You Last See Your Father? ,3571,English,UK,PG-13,8000000,2007,6.9,429
Color,Steve James,106,532190,Prefontaine ,5673,English,USA,PG-13,8000000,1997,6.8,0
Color,Michael Winner,98,,The Wicked Lady ,802,English,UK,R,8000000,1983,4,79
Color,Tomm Moore,75,686383,The Secret of Kells ,22811,English,France,Not Rated,6500000,2009,7.7,11000
Color,John Carney,104,16168741,Begin Again ,99430,English,USA,R,8000000,2013,7.4,43000
Color,David Jacobson,108,568695,Down in the Valley ,16617,English,USA,R,8000000,2005,6.5,412
Color,Michael Corrente,99,398420,Brooklyn Rules ,5049,English,USA,R,8000000,2007,6.4,226
Color,Edward Hall,180,,Restless ,2098,English,UK,,,2012,7.2,434
Color,Keith Gordon,109,336456,The Singing Detective ,7116,English,USA,R,8000000,2003,5.6,494
Color,David Leland,111,146083,The Land Girls ,1591,English,UK,R,,1998,6.3,75
 Black and White,Andrew Currie,93,298110,Fido ,25055,English,Canada,R,8000000,2006,6.8,0
Color,Andrew Wilson,99,127144,The Wendell Baker Story ,5159,English,USA,PG-13,8000000,2005,5.5,143
Color,Jonathan Lynn,98,117190,Wild Target ,29994,English,UK,PG-13,8000000,2010,6.9,0
Color,Marc Schölermann,95,108662,Pathology ,26849,English,USA,R,8000000,2008,6,3000
Color,,142,,Wuthering Heights             ,6053,English,UK,,,,7.7,0
Color,Robert Moresco,107,53481,10th & Wolf ,5557,English,USA,R,8000000,2006,6.4,294
Color,Thomas Vinterberg,102,23106,Dear Wendy ,9003,English,Italy,Unrated,50000000,2004,6.6,532
Color,Claudia Llosa,97,52961,Aloft ,2103,English,Spain,R,8000000,2014,5.3,675
Color,Katsuhiro Ôtomo,124,439162,Akira ,106160,Japanese,Japan,R,1100000000,1988,8.1,0
Color,John Herzfeld,97,,The Death and Life of Bobby Z ,12078,English,USA,R,22000000,2007,5.9,0
Color,Charles Binamé,124,,The Rocket: The Legend of Rocket Richard ,4412,French,Canada,PG,8000000,2005,7.7,520
Color,Keith Parmer,96,,Swelter ,1965,English,USA,R,8000000,2014,4.6,438
Color,Dennie Gordon,114,50000,My Lucky Star ,322,Chinese,China,,,2013,5.1,81
Color,Ol Parker,90,671240,Imagine Me & You ,23023,English,UK,R,7900000,2005,6.9,0
Color,Bruce Beresford,104,,Mr. Church ,63,English,USA,PG-13,8000000,2016,8,205
Color,François Ozon,102,10105505,Swimming Pool ,35065,English,France,R,,2003,6.8,0
Color,James Nunn,93,,Green Street 3: Never Back Down ,3740,English,UK,R,,2013,5.4,0
Color,David Webb Peoples,90,882290,The Blood of Heroes ,4792,English,Australia,R,10000000,1989,6.5,999
Color,Michael Winnick,106,,Code of Honor ,662,English,USA,R,8000000,2016,4.2,689
Color,Bruce Beresford,99,106593296,Driving Miss Daisy ,72324,English,USA,PG,7500000,1989,7.4,3000
Color,George Tillman Jr.,115,43490057,Soul Food ,5275,English,USA,R,7500000,1997,6.9,508
Color,Stanley Tong,89,32333860,Rumble in the Bronx ,29843,Cantonese,Hong Kong,R,7500000,1995,6.7,0
Color,David Oelhoffen,101,,Far from Men ,4035,French,France,,7700000,2014,7.3,2000
Color,Jason Reitman,92,24792061,Thank You for Smoking ,191998,English,USA,R,6500000,2005,7.6,0
Color,Eli Roth,94,17544812,Hostel: Part II ,69989,English,USA,R,10000000,2007,5.4,0
Color,Lone Scherfig,100,12574715,An Education ,112138,English,UK,PG-13,4500000,2009,7.3,12000
Color,Anand Tucker,106,10281585,Shopgirl ,21225,English,USA,R,,2005,6.4,1000
Color,Tony Richardson,109,5100000,The Hotel New Hampshire ,6595,English,UK,R,7500000,1984,6,345
Color,Joe Carnahan,105,10460089,Narc ,34098,English,USA,R,7500000,2002,7.2,1000
Color,Paul Gross,102,4239767,Men with Brooms ,3709,English,Canada,R,7500000,2002,6,0
Color,Charles Robert Carner,97,4131640,Witless Protection ,5463,English,USA,PG-13,7500000,2008,3.1,140
Color,Russell Holt,118,3347439,The Work and the Glory ,833,English,USA,PG,7500000,2004,6.9,31
Color,Mike Judge,92,10814185,Extract ,37530,English,USA,R,8000000,2009,6.2,0
Color,Larry Charles,112,533344,Masked and Anonymous ,3972,English,USA,PG-13,,2003,5.5,655
Color,Claude Miller,103,206400,Alias Betty ,1439,French,France,,50000000,2001,6.9,26
Color,Michael Winterbottom,93,197148,Code 46 ,18109,English,UK,R,7500000,2003,6.3,0
Color,Sacha Bennett,101,,Outside Bet ,243,English,UK,,7500000,2012,4.8,223
Color,Paul Haggis,115,54557348,Crash ,361169,English,Germany,R,6500000,2004,7.9,18000
Color,Rodrigo García,113,3014541,Albert Nobbs ,19616,English,UK,R,8000000,2011,6.7,0
Color,Jeta Amata,95,,Black November ,385,English,Nigeria,,7500000,2012,5.6,389
Color,Siddharth Anand,153,872643,Ta Ra Rum Pum ,2909,Hindi,USA,,6000000,2007,5.4,108
Color,Vincent Paronnaud,89,4443403,Persepolis ,70194,French,France,PG-13,7300000,2007,8,14000
Color,Joe Dante,92,,The Hole ,19157,English,USA,PG-13,12000000,2009,5.7,0
Color,Dennis Gansel,107,,The Wave ,80639,German,Germany,,5000000,2008,7.6,25000
Color,Nicolas Winding Refn,118,1330827,The Neon Demon ,9866,English,France,R,7000000,2016,7,0
Color,Daniel Barber,97,1818681,Harry Brown ,74435,English,UK,R,7300000,2009,7.2,0
Color,Sam Raimi,156,336530303,Spider-Man 3 ,383071,English,USA,PG-13,258000000,2007,6.2,0
Color,Robert Marcarelli,100,12610552,The Omega Code ,4682,English,USA,PG-13,7500000,1999,3.5,129
Color,Jason Reitman,96,143492840,Juno ,414335,English,USA,PG-13,7500000,2007,7.5,10000
Color,Ernie Barbarash,104,,Pound of Flesh ,4099,English,Canada,R,7500000,2015,5.1,0
Color,Guy Hamilton,120,43800000,Diamonds Are Forever ,74249,English,UK,GP,7200000,1971,6.7,0
Color,Francis Ford Coppola,175,134821952,The Godfather ,1155770,English,USA,R,6000000,1972,9.2,43000
Color,Adrian Lyne,95,94900000,Flashdance ,35172,English,USA,R,4000000,1983,6.1,0
Color,Marc Webb,95,32391374,500 Days of Summer ,376600,English,USA,PG-13,7500000,2009,7.7,40000
Color,Jane Campion,121,40158000,The Piano ,63931,English,New Zealand,R,7000000,1993,7.6,0
Color,Steven Soderbergh,110,113709992,Magic Mike ,108843,English,USA,R,7000000,2012,6.1,54000
Color,Jonathan Liebesman,96,32131483,Darkness Falls ,25870,English,USA,PG-13,11000000,2003,4.9,2000
Color,Guy Hamilton,121,35400000,Live and Let Die ,74957,English,UK,PG,7000000,1973,6.8,0
Color,Jay Russell,95,34099640,My Dog Skip ,16651,English,USA,PG,5000000,2000,7,0
Color,Adam Brooks,112,31973840,"Definitely, Maybe ",127760,English,Germany,PG-13,,2008,7.2,0
Color,Salim Akil,112,37295394,Jumping the Broom ,7973,English,USA,PG-13,6600000,2011,5.7,0
Color,Baz Luhrmann,143,144812796,The Great Gatsby ,362933,English,Australia,PG-13,105000000,2013,7.3,115000
 Black and White,George Clooney,93,31501218,"Good Night, and Good Luck. ",84070,English,USA,PG,7500000,2005,7.5,0
Color,Bennett Miller,110,28747570,Capote ,100571,English,Canada,R,7000000,2005,7.4,0
Color,Robert Rodriguez,104,25625110,Desperado ,138707,English,USA,R,7000000,1995,7.2,0
Color,Michael Winterbottom,115,403932,The Claim ,5254,English,UK,R,20000000,2000,6.5,141
Color,,53,,Fargo             ,170055,English,USA,TV-MA,,,9,61000
Color,Michael Anderson,119,25000000,Logan's Run ,39847,English,USA,PG,9000000,1976,6.8,0
Color,Guy Hamilton,125,21000000,The Man with the Golden Gun ,73950,English,UK,PG,13000000,1974,6.8,2000
Color,Craig R. Baxley,96,20257000,Action Jackson ,7569,English,USA,R,7000000,1988,5.2,978
Color,Neil Marshall,100,26005908,The Descent ,154938,English,UK,R,3500000,2005,7.2,10000
Color,Don Kempf,46,18642318,Michael Jordan to the Max ,1723,English,USA,,,2000,7.5,407
Color,Matt Bettinelli-Olpin,89,15818967,Devil's Due ,13913,English,USA,R,7000000,2014,4,0
Color,David O. Russell,92,14891000,Flirting with Disaster ,15088,English,USA,R,7000000,1996,6.8,824
Color,Rob Zombie,109,16901126,The Devil's Rejects ,76267,English,USA,R,7000000,2005,6.9,0
Color,,44,,Buffy the Vampire Slayer             ,101902,English,USA,TV-14,2300000,,8.2,6000
Color,Rick Famuyiwa,103,17474107,Dope ,56605,English,USA,R,7000000,2015,7.3,23000
Color,Michael Rymer,95,14003141,In Too Deep ,4598,English,USA,R,7000000,1999,6.1,375
Color,Sam Mendes,143,304360277,Skyfall ,522048,English,UK,PG-13,200000000,2012,7.8,80000
 Black and White,Rob Zombie,105,12583510,House of 1000 Corpses ,60709,English,USA,R,7000000,2003,6,0
Color,Sharron Miller,79,,Alien Zone ,440,English,USA,PG,350000,1978,4.1,44
Color,Ethan Coen,106,9190525,A Serious Man ,102125,English,USA,R,7000000,2009,7,10000
Color,Aaron Schneider,100,9176553,Get Low ,19147,English,USA,PG-13,7500000,2009,7.1,0
Color,Steve Miner,103,9094451,Warlock ,11668,English,USA,R,7000000,1989,6.2,0
Color,Gina Prince-Bythewood,116,14612840,Beyond the Lights ,11191,English,USA,PG-13,7000000,2014,6.9,0
Color,Tom Ford,99,9166863,A Single Man ,83182,English,USA,R,7000000,2009,7.6,16000
Color,Martin Scorsese,164,8373585,The Last Temptation of Christ ,39680,English,USA,R,7000000,1988,7.6,0
Color,Michael Corrente,96,7292175,Outside Providence ,7736,English,USA,R,7000000,1999,6.4,0
Color,Gurinder Chadha,122,6601079,Bride & Prejudice ,17436,English,UK,PG-13,7000000,2004,6.2,0
Color,Phillip Noyce,94,6165429,Rabbit-Proof Fence ,23486,Aboriginal,Australia,PG,6000000,2002,7.5,0
Color,Don Michael Paul,93,5694308,Who's Your Caddy? ,13815,English,USA,PG-13,7000000,2007,2,446
Color,Tony Maylam,96,5430822,Split Second ,8391,English,UK,R,7000000,1992,6.2,0
Color,,60,,Nikita             ,42402,English,USA,,,,7.7,0
Color,Mitch Davis,113,4720371,The Other Side of Heaven ,3203,English,USA,PG,7000000,2001,6.5,650
Color,,60,,Dark Angel             ,25329,English,USA,TV-14,,,7.4,0
Color,Yash Chopra,192,2921738,Veer-Zaara ,34449,Hindi,India,,7000000,2004,7.9,2000
Color,David Mamet,99,2344847,Redbelt ,18561,English,USA,R,7000000,2008,6.8,0
Color,Jay Duplass,91,7455447,Cyrus ,29967,English,USA,R,7000000,2010,6.3,0
Color,Kevin Brodie,100,2148212,A Dog of Flanders ,781,English,USA,PG,7000000,1999,6.3,157
Color,Paul Schrader,105,2062066,Auto Focus ,11387,English,USA,R,7000000,2002,6.6,357
Color,George Hickenlooper,99,1654367,Factory Girl ,18355,English,USA,R,7000000,2006,6.4,3000
Color,Lynne Ramsay,112,1738692,We Need to Talk About Kevin ,95529,English,UK,R,7000000,2011,7.5,38000
Color,John Stephenson,100,2209479,The Christmas Candle ,844,English,UK,PG,,2013,5.8,962
Color,Tim Chambers,99,1889522,The Mighty Macs ,1119,English,USA,G,7000000,2009,6.5,797
Color,Curtis Hanson,100,,Losin' It ,3114,English,Canada,R,7000000,1983,4.8,168
Color,Rodrigo García,125,1110286,Mother and Child ,9727,English,USA,R,4825000,2009,7.2,0
Color,Dick Richards,107,1000000,March or Die ,2215,English,UK,PG,9000000,1977,6.3,122
Color,Jean-Marie Poiré,107,700000,Les visiteurs ,24438,French,France,R,50000000,1993,7,0
Color,Sofia Coppola,97,1768416,Somewhere ,35848,English,USA,R,7000000,2010,6.3,0
Color,Bob Gosse,105,1425993,I Hope They Serve Beer in Hell ,7412,English,USA,R,,2009,5.3,0
Color,Alex Zamm,95,306715,Chairman of the Board ,5143,English,USA,PG-13,10000000,1998,2.3,724
Color,Spencer Susser,106,382946,Hesher ,43965,English,USA,R,7000000,2010,7.1,19000
Color,Richard Shepard,93,518134,Dom Hemingway ,21243,English,UK,R,,2013,6.2,0
Color,Gus Van Sant,103,236266,Gerry ,15104,English,USA,R,3500000,2002,6.2,0
Color,Thaddeus O'Sullivan,96,196067,The Heart of Me ,1966,English,UK,R,7000000,2002,6.7,97
Color,Peter Sollett,103,532988,Freeheld ,5863,English,USA,PG-13,7000000,2015,6.5,0
Color,Shari Springer Berman,108,453079,The Extra Man ,4124,English,USA,R,7000000,2010,5.9,916
 Black and White,Aleksey German,177,,Hard to Be a God ,2518,Russian,Russia,Not Rated,7000000,2013,6.7,1000
Color,Stephen Milburn Anderson,118,46451,Ca$h ,7663,English,USA,R,7000000,2010,6,694
Color,Richard E. Grant,97,233103,Wah-Wah ,2670,English,UK,R,7000000,2005,6.9,311
 Black and White,Troy Duffy,102,,The Boondock Saints ,197845,English,Canada,R,7000000,1999,7.9,16000
Color,David Lam,92,,Z Storm ,383,Cantonese,Hong Kong,,7000000,2014,5.3,55
Color,Francis Ford Coppola,88,,Twixt ,8589,English,USA,R,7000000,2011,4.8,0
Color,Vladlen Barbe,80,,Snow Queen ,1159,Russian,Russia,PG,7000000,2012,5.3,453
,Richard Rich,45,,Alpha and Omega 4: The Legend of the Saw Toothed Cave ,192,,USA,,7000000,2014,6,41
Color,Clint Eastwood,115,41400000,Pale Rider ,39451,English,USA,R,6900000,1985,7.3,0
Color,Robert C. Cooper,97,,Stargate: The Ark of Truth ,15862,English,USA,,,2008,7.4,389
Color,Richard Linklater,102,7993039,Dazed and Confused ,120036,English,USA,R,6900000,1993,7.7,10000
Color,Kenny Ortega,111,,High School Musical 2 ,39786,English,USA,TV-G,7000000,2007,4.8,586
Color,Kim Nguyen,96,,Two Lovers and a Bear ,33,English,Canada,,8700000,2016,7.2,187
Color,Jackie Earle Haley,94,,Criminal Activities ,5255,English,USA,,7000000,2015,5.8,0
Color,Max Färberböck,125,927107,Aimee & Jaguar ,5153,German,Germany,,15000000,1999,7.3,687
Color,Arie Posin,108,49526,The Chumscrubber ,16299,English,USA,R,6800000,2005,7,1000
Color,Damian Nieman,101,10696,Shade ,10771,English,USA,R,6800000,2003,6.4,413
Color,Mark Tonderai,101,31607598,House at the End of the Street ,58366,English,Canada,PG-13,6900000,2012,5.6,10000
Color,Denis Villeneuve,139,6857096,Incendies ,80429,French,Canada,R,6800000,2010,8.2,37000
Color,Gabriele Muccino,125,223878,"Remember Me, My Love ",3548,Italian,Italy,R,5000000,2003,6.5,282
Color,Ian Fitzgibbon,88,828,Perrier's Bounty ,5133,English,Ireland,R,,2009,6.4,663
Color,José Padilha,115,8060,Elite Squad ,81644,Portuguese,Brazil,R,4000000,2007,8.1,11000
Color,John R. Leonetti,99,84263837,Annabelle ,81699,English,USA,R,6500000,2014,5.4,45000
Color,Rachel Perkins,88,110029,Bran Nue Dae ,1388,English,Australia,PG-13,6500000,2009,6.3,479
Color,John Singleton,112,57504069,Boyz n the Hood ,94139,English,USA,R,6000000,1991,7.8,0
Color,Luis Valdez,108,54215416,La Bamba ,21409,English,USA,PG-13,6500000,1987,6.8,0
Color,Alan Alda,107,,The Four Seasons ,3157,English,USA,PG,,1981,7.2,337
Color,Brian De Palma,104,31899000,Dressed to Kill ,23986,English,USA,X,6500000,1980,7.1,0
Color,Stephen Sommers,108,24103594,The Adventures of Huck Finn ,6384,English,USA,PG,6500000,1993,6.2,391
Color,Doug Liman,102,16842303,Go ,59474,English,USA,R,6500000,1999,7.3,0
Color,Nicole Holofcener,88,13367101,Friends with Money ,19715,English,USA,R,6500000,2006,5.9,515
Color,Robert Wise,115,,The Andromeda Strain ,25857,English,USA,G,6500000,1971,7.2,0
Color,Louis Morneau,91,10149779,Bats ,8294,English,USA,PG-13,6500000,1999,3.6,342
Color,Caroline Link,141,6173485,Nowhere in Africa ,10672,English,Germany,R,7000000,2001,7.7,802
Color,Steve McQueen,101,4000304,Shame ,145395,English,UK,NC-17,6500000,2011,7.3,23000
Color,Matthew Vaughn,105,2338695,Layer Cake ,134070,English,UK,R,4000000,2004,7.4,0
Color,Sterling Van Wagenen,100,2024854,The Work and the Glory II: American Zion ,564,English,USA,PG-13,6500000,2005,6.6,19
Color,Zal Batmanglij,116,2268296,The East ,41856,English,UK,PG-13,6500000,2013,6.9,12000
Color,Michael Mayer,97,1029017,A Home at the End of the World ,12049,English,USA,R,6500000,2004,6.8,1000
Color,Hans Petter Moland,106,64148,Aberdeen ,2601,English,UK,,6500000,2000,7.3,260
Color,Oren Moverman,105,66637,The Messenger ,29608,English,USA,R,6500000,2009,7.2,0
Color,Ian Sharp,102,,Tracker ,2892,English,New Zealand,R,6500000,2010,6.5,830
 Black and White,Anton Corbijn,122,871577,Control ,51353,English,UK,R,4500000,2007,7.7,13000
Color,James Cameron,107,38400000,The Terminator ,600266,English,UK,R,6500000,1984,8.1,13000
 Black and White,Wolfgang Becker,121,4063859,Good Bye Lenin! ,114407,German,Germany,R,4800000,2003,7.7,11000
Color,Tom Hooper,98,449558,The Damned United ,32307,English,UK,R,10000000,2009,7.6,0
Color,Dan O'Bannon,108,,The Return of the Living Dead ,39856,English,USA,R,4000000,1985,7.3,0
Color,,55,,Gomorrah             ,9638,Italian,Italy,TV-MA,,,8.7,0
Color,Kevin Smith,123,2122561,Mallrats ,99033,English,USA,R,6000000,1995,7.2,0
Color,Randal Kleiser,110,181360000,Grease ,170027,English,USA,PG-13,6000000,1978,7.2,13000
Color,Oliver Stone,120,137963328,Platoon ,291603,English,UK,R,6000000,1986,8.1,9000
Color,Michael Moore,122,119078393,Fahrenheit 9/11 ,113152,English,USA,R,6000000,2004,7.5,0
Color,George Roy Hill,110,102308900,Butch Cassidy and the Sundance Kid ,152089,English,USA,M,6000000,1969,8.1,0
Color,Robert Stevenson,139,102300000,Mary Poppins ,107408,English,USA,Approved,6000000,1964,7.8,0
Color,Robert Redford,124,54800000,Ordinary People ,35130,English,USA,R,6000000,1980,7.8,0
Color,Frank Coraci,120,24004159,Around the World in 80 Days ,68722,English,USA,PG,110000000,2004,5.8,0
Color,Jerome Robbins,152,43650000,West Side Story ,71919,English,USA,Unrated,6000000,1961,7.6,0
Color,Harold Ramis,98,39800000,Caddyshack ,81599,English,USA,R,6000000,1980,7.4,0
Color,Gary Hardwick,106,27457409,The Brothers ,3198,English,USA,R,6000000,2001,6.3,478
Color,Rick Famuyiwa,106,25047631,The Wood ,6585,English,USA,R,6000000,1999,6.9,990
Color,Bryan Singer,106,23272306,The Usual Suspects ,740918,English,USA,R,6000000,1995,8.6,28000
 Black and White,Stephen Hopkins,89,22168359,A Nightmare on Elm Street 5: The Dream Child ,29659,English,USA,X,8000000,1989,5.1,1000
Color,Walt Becker,94,21005329,Van Wilder: Party Liaison ,89128,English,Germany,R,6000000,2002,6.4,0
Color,Darren Aronofsky,109,26236603,The Wrestler ,251349,English,USA,R,6000000,2008,7.9,10000
Color,King Vidor,144,20400000,Duel in the Sun ,6304,English,USA,Unrated,8000000,1946,6.9,403
Color,Christopher Guest,90,18621249,Best in Show ,45859,English,USA,PG-13,6000000,2000,7.5,0
Color,John Carpenter,106,25244700,Escape from New York ,91017,English,UK,R,6000000,1981,7.2,0
Color,Spike Lee,121,14545844,School Daze ,4756,English,USA,R,6500000,1988,5.8,624
Color,Fred Savage,89,13235267,Daddy Day Camp ,12339,English,USA,PG,6000000,2007,2.9,256
Color,Sammo Kam-Bo Hung,86,12674183,Mr. Nice Guy ,19774,English,Hong Kong,PG-13,,1997,6.2,355
Color,Christopher Guest,91,17508936,A Mighty Wind ,22408,English,USA,PG-13,,2003,7.3,0
Color,Donald Petrie,104,12793213,Mystic Pizza ,18286,English,USA,R,6000000,1988,6.2,0
Color,,,,War & Peace             ,9277,English,UK,TV-14,,,8.2,11000
Color,Peter Howitt,99,11883495,Sliding Doors ,52805,English,UK,R,9000000,1998,6.8,0
Color,Rusty Cundieff,98,11797927,Tales from the Hood ,4582,English,USA,R,6000000,1995,6.1,985
Color,Kevin Macdonald,121,17605861,The Last King of Scotland ,145580,English,UK,R,6000000,2006,7.7,0
Color,Dominique Othenin-Girard,96,11642254,Halloween 5 ,22929,English,USA,X,3000000,1989,5.2,926
Color,Richard Linklater,99,9203192,Bernie ,45396,English,USA,PG-13,5000000,2011,6.8,15000
Color,Jean-Jacques Mantello,42,7518876,Dolphins and Whales 3D: Tribes of the Ocean ,172,English,UK,,6000000,2008,6.5,28
Color,Ed Harris,122,8596914,Pollock ,23023,English,USA,R,6000000,2000,7,0
Color,Risa Bramon Garcia,101,6851636,200 Cigarettes ,13010,English,USA,R,6000000,1999,5.9,0
Color,Brian Klugman,102,11434867,The Words ,59637,English,USA,PG-13,6000000,2012,7.1,21000
Color,Matt Piedmont,84,5895238,Casa de mi Padre ,17169,Spanish,USA,R,6000000,2012,5.5,9000
Color,Raymond De Felitta,104,6670712,City Island ,27301,English,USA,PG-13,6000000,2009,7.4,0
Color,John Michael McDonagh,96,5359774,The Guard ,64794,English,Ireland,R,6000000,2011,7.3,17000
Color,Deb Hagan,94,4693919,College ,11011,English,USA,R,6500000,2008,4.6,422
Color,Sofia Coppola,90,4859475,The Virgin Suicides ,116910,English,USA,R,6000000,1999,7.2,0
Color,Mark Herman,97,4595000,Little Voice ,13892,English,UK,R,,1998,7,915
Color,Zach Cregger,90,4542775,Miss March ,18313,English,USA,R,6000000,2009,5.1,985
Color,Zach Braff,106,3588432,Wish I Was Here ,29341,English,USA,R,6000000,2014,6.7,0
Color,Mark Tarlov,96,4394936,Simply Irresistible ,11439,English,Germany,PG-13,6000000,1999,5.3,901
Color,,44,,Veronica Mars             ,55524,English,USA,TV-14,,,8.4,0
Color,John Cameron Mitchell,95,3029081,Hedwig and the Angry Inch ,26300,English,USA,R,6000000,2001,7.8,0
Color,Sheldon Lettich,99,3273588,Only the Strong ,4195,English,USA,PG-13,6000000,1993,6.7,0
Color,Jon Knautz,93,,Goddess of Love ,522,English,USA,,,2015,5.4,84
Color,Billy Ray,99,2207975,Shattered Glass ,28855,English,USA,PG-13,6000000,2003,7.2,0
Color,David Atkins,95,2025238,Novocaine ,9589,English,USA,R,6000000,2001,5.8,289
Color,Patrick Stettner,84,1028337,The Business of Strangers ,3413,English,USA,R,,2001,6.4,29
Color,Sam Peckinpah,144,,The Wild Bunch ,63192,English,USA,R,6244087,1969,8,0
Color,Jonathan Levine,99,2077046,The Wackness ,27266,English,USA,R,6000000,2008,7,0
 Black and White,Michael Crichton,110,,The Great Train Robbery ,11623,English,UK,PG,6000000,1979,7,643
Color,Lynne Ramsay,97,267194,Morvern Callar ,6906,English,UK,R,,2002,6.7,605
Color,Sylvio Tabet,107,869325,Beastmaster 2: Through the Portal of Time ,2281,English,USA,PG-13,6000000,1991,3.8,125
Color,Rick Bieber,90,399611,The 5th Quarter ,1245,English,USA,PG,6000000,2010,5.7,0
Color,Claude Chabrol,104,181798,The Flower of Evil ,2591,French,France,R,,2003,6.6,52
Color,Shana Feste,96,115862,The Greatest ,7394,English,USA,R,6000000,2009,6.7,0
,Wayne Wang,104,1346503,Snow Flower and the Secret Fan ,3024,English,China,PG-13,6000000,2011,6.1,0
Color,Joey Lauren Adams,97,117560,Come Early Morning ,2330,English,USA,R,6000000,2006,6.2,224
Color,Peter Cattaneo,107,54606,Lucky Break ,1940,English,UK,PG-13,6000000,2001,6.2,30
Color,Fred Zinnemann,117,,Julia ,6454,English,USA,PG,7840000,1977,7.4,733
Color,S.R. Bindler,85,36497,"Surfer, Dude ",7367,English,USA,R,6000000,2008,4.7,850
 Black and White,Tony Kaye,152,23807,Lake of Fire ,2143,English,USA,Unrated,,2006,8.3,570
Color,Greg Marcks,85,,11:14 ,38273,English,USA,R,6000000,2003,7.2,0
Color,Perry Lang,76,,Men of War ,2989,English,USA,R,8600000,1994,5.8,176
Color,Jake Goldberger,87,,Don McKay ,2050,English,USA,R,,2009,5.9,275
Color,Stefan Ruzowitzky,95,65804,Deadfall ,32512,English,USA,R,12000000,2012,6.3,0
Color,Vic Sarin,101,,A Shine of Rainbows ,1696,English,Canada,PG,6000000,2009,7.2,1000
Color,William Kaufman,90,,The Hit List ,10196,English,USA,R,6000000,2011,5.4,0
Color,,240,,Emma             ,10388,English,UK,,,,8.2,0
Color,David Cronenberg,89,,Videodrome ,60522,English,Canada,R,5952000,1983,7.3,0
Color,Cédric Klapisch,111,3895664,L'auberge espagnole ,34383,French,France,R,5300000,2002,7.3,0
Color,Kate Barker-Froyland,86,20200,Song One ,6797,English,USA,PG-13,6000000,2014,5.8,0
Color,Barbet Schroeder,115,31874869,Murder by Numbers ,43575,English,USA,R,50000000,2002,6.1,0
Color,Martin Koolhoven,103,542860,Winter in Wartime ,9230,Dutch,Netherlands,R,4000000,2008,7.1,0
,Charles Matthau,90,,Freaky Deaky ,6741,English,USA,R,6000000,2012,6.5,0
 Black and White,John Frankenheimer,133,,The Train ,10119,English,France,Unrated,6700000,1964,7.9,0
Color,Christopher M. Bessette,88,15059,Trade of Innocents ,748,English,USA,PG-13,,2012,5.4,543
Color,Prachya Pinkaew,111,11905519,The Protector ,30210,Thai,Thailand,R,200000000,2005,7.1,0
Color,Gary Sinyor,94,69582,Stiff Upper Lips ,867,English,UK,R,,1998,6.4,109
Color,,25,,The Inbetweeners             ,55987,English,UK,TV-14,,,8.4,0
Color,Gurinder Chadha,112,32541719,Bend It Like Beckham ,89806,English,UK,PG-13,3500159,2002,6.7,0
Color,John Sayles,141,3064356,Sunshine State ,3433,English,USA,PG-13,5600000,2002,6.9,160
Color,Preston A. Whitmore II,95,7009668,Crossover ,8707,English,USA,PG-13,5600000,2006,2.1,244
Color,Ashish R. Mohan,141,352684,Khiladi 786 ,4633,Hindi,India,Not Rated,,2012,4.3,365
Color,Jaume Balagueró,85,27024,[Rec] 2 ,55597,Spanish,Spain,R,5600000,2009,6.6,4000
Color,Stewart Raffill,105,531806,Standing Ovation ,548,English,USA,PG,,2010,3.4,277
Color,George Roy Hill,129,159600000,The Sting ,175607,English,USA,PG,5500000,1973,8.3,0
Color,Hugh Hudson,125,58800000,Chariots of Fire ,40511,English,UK,PG,5500000,1981,7.2,0
Color,Darren Grant,116,50382128,Diary of a Mad Black Woman ,10472,English,USA,PG-13,5500000,2005,5.6,0
Color,Scott Hicks,105,35811509,Shine ,43013,English,Australia,PG-13,5500000,1996,7.7,0
Color,Joseph Gordon-Levitt,90,24475193,Don Jon ,190494,English,USA,R,3000000,2013,6.6,33000
Color,Clint Eastwood,105,,High Plains Drifter ,36381,English,USA,R,5500000,1973,7.6,0
Color,Terry Zwigoff,111,6200756,Ghost World ,96129,English,USA,R,7000000,2001,7.4,5000
Color,Richard Eyre,91,1292119,Iris ,14786,English,UK,R,5500000,2001,7.1,0
Color,William Sachs,95,,Galaxina ,1955,English,USA,R,,1980,3.4,438
Color,Christophe Barratier,97,3629758,The Chorus ,44151,French,France,PG-13,5500000,2004,7.9,0
Color,Émile Gaudreault,92,6239558,Mambo Italiano ,5548,English,Canada,R,5000000,2003,6.7,352
Color,James Cox,104,1056102,Wonderland ,18792,English,USA,R,5000000,2003,6.6,1000
Color,Spike Lee,120,27545445,Do the Right Thing ,59524,English,USA,R,6500000,1989,7.9,0
Color,James Toback,99,56007,Harvard Man ,3754,English,USA,R,5500000,2001,4.9,113
Color,Aki Kaurismäki,93,611709,Le Havre ,15267,French,Finland,Not Rated,3850000,2011,7.2,0
Color,Gaspar Noé,99,753501,Irreversible ,87244,French,France,Not Rated,,2002,7.4,13000
Color,Hitoshi Matsumoto,99,22770,R100 ,1658,Japanese,Japan,Unrated,5500000,2013,6.1,543
Color,Rakeysh Omprakash Mehra,157,2197331,Rang De Basanti ,70233,Hindi,India,Not Rated,,2006,8.4,0
Color,Collin Schiffli,90,,Animals ,605,English,USA,,,2014,6.2,679
Color,George Ratliff,96,27445,Salvation Boulevard ,3788,English,USA,R,9000000,2011,5.3,1000
Color,David Wain,96,766487,The Ten ,15315,English,USA,R,5250000,2007,5,915
Color,Shane Meadows,90,18434,A Room for Romeo Brass ,4471,English,UK,R,,1999,7.7,484
Color,Morten Tyldum,100,1196752,Headhunters ,79353,Norwegian,Norway,R,30300000,2011,7.6,23000
Color,Jon Wright,94,,Grabbers ,13227,English,UK,Not Rated,4000000,2012,6.3,11000
Color,Michael McGowan,98,795126,Saint Ralph ,4976,English,Canada,PG-13,6000000,2004,7.6,989
Color,Liv Ullmann,129,,Miss Julie ,2894,English,Norway,PG-13,5500000,2014,5.6,0
Color,Jeannot Szwarc,103,,Somewhere in Time ,21049,English,USA,PG,5100000,1980,7.3,0
Color,Rohan Sippy,128,563699,Dum Maaro Dum ,3266,Hindi,India,R,,2011,6.2,421
Color,James Wan,106,83574831,Insidious: Chapter 2 ,109214,English,USA,PG-13,5000000,2013,6.6,35000
Color,Darren Lynn Bousman,95,87025093,Saw II ,188679,English,USA,R,4000000,2005,6.6,0
Color,Dan Trachtenberg,104,71897215,10 Cloverfield Lane ,126893,English,USA,PG-13,15000000,2016,7.3,33000
Color,Jeff Tremaine,87,64267897,Jackass: The Movie ,67992,English,USA,R,5000000,2002,6.6,0
Color,David F. Sandberg,81,56536016,Lights Out ,13523,English,USA,PG-13,4900000,2016,6.9,0
Color,Henry Joost,94,104007828,Paranormal Activity 3 ,76828,English,USA,R,5000000,2011,5.8,24000
Color,Stiles White,89,50820940,Ouija ,31915,English,USA,PG-13,5000000,2014,4.4,18000
Color,Chuck Russell,88,44793200,A Nightmare on Elm Street 3: Dream Warriors ,49820,English,USA,X,4500000,1987,6.6,0
Color,Joel Edgerton,108,43771291,The Gift ,79916,English,USA,R,5000000,2015,7.1,15000
Color,Eugenio Derbez,115,44456509,Instructions Not Included ,22105,Spanish,Mexico,PG-13,5000000,2013,7.6,14000
Color,Henry Joost,96,53884821,Paranormal Activity 4 ,51204,English,USA,R,5000000,2012,4.6,26000
Color,Henry Koster,135,36000000,The Robe ,6359,English,USA,Unrated,5000000,1953,6.8,0
Color,Blake Edwards,113,,The Return of the Pink Panther ,19596,English,UK,G,5000000,1975,7.1,620
Color,Rachel Talalay,93,34872293,Freddy's Dead: The Final Nightmare ,30765,English,USA,R,8500000,1991,4.9,963
Color,Patty Jenkins,109,34468224,Monster ,105568,English,USA,R,4500000,2003,7.3,0
Color,Richard Fleischer,127,,"20,000 Leagues Under the Sea ",22123,English,USA,Approved,5000000,1954,7.2,0
Color,Christopher Landon,101,32453345,Paranormal Activity: The Marked Ones ,31791,English,USA,R,5000000,2014,5,10000
 Black and White,David Lynch,124,,The Elephant Man ,161972,English,USA,PG,5000000,1980,8.2,9000
Color,Jean-Marc Vallée,117,27296514,Dallas Buyers Club ,326494,English,USA,R,5000000,2013,8,65000
Color,David Gelb,83,25799043,The Lazarus Effect ,28513,English,USA,PG-13,3300000,2015,5.2,0
 Black and White,Christopher Nolan,113,25530884,Memento ,845580,English,USA,R,9000000,2000,8.5,40000
Color,Mike Flanagan,104,27689474,Oculus ,85688,English,USA,R,5000000,2013,6.5,23000
 Black and White,Kevin Smith,97,24138847,Clerks II ,114797,English,USA,R,5000000,2006,7.4,0
Color,Stephen Daldry,110,21994911,Billy Elliot ,98354,English,UK,R,5000000,2000,7.7,0
Color,Nat Faxon,103,21501098,The Way Way Back ,115813,English,USA,PG-13,5000000,2013,7.4,22000
Color,George Jackson,94,19281235,House Party 2 ,3571,English,USA,R,5000000,1991,5.1,232
Color,George Miller,102,,The Man from Snowy River ,5894,English,Australia,PG,3500000,1982,7.3,0
Color,Maurice Joyce,77,19421271,Doug's 1st Movie ,2448,English,USA,G,5000000,1999,5,122
Color,Robert Duvall,134,20733485,The Apostle ,11622,English,USA,PG-13,5000000,1997,7.2,1000
Color,Frank Perry,129,,Mommie Dearest ,10564,English,USA,R,5000000,1981,6.7,0
Color,Jesse Peretz,90,24809547,Our Idiot Brother ,74875,English,USA,R,5000000,2011,6.4,11000
Color,Stephen Hopkins,134,19097994,Race ,11744,English,Canada,PG-13,,2016,7.1,0
Color,Ice Cube,104,23031390,The Players Club ,4345,English,USA,R,4500000,1998,5.6,575
Color,Tim Blake Nelson,95,16017403,O ,17333,English,USA,R,5000000,2001,6.2,0
Color,John Erick Dowdle,93,21197315,"As Above, So Below ",49948,English,USA,R,5000000,2014,6.1,14000
Color,Bille Woodruff,106,17382982,Addicted ,5975,Spanish,USA,R,5000000,2014,5.2,0
Color,Kasi Lemmons,109,14821531,Eve's Bayou ,6915,English,USA,R,6000000,1997,7.3,599
Color,Richard Glatzer,101,18656400,Still Alice ,86077,English,USA,PG-13,5000000,2014,7.5,45000
Color,Michael Curtiz,139,,The Egyptian ,2498,English,USA,Approved,5000000,1954,6.6,376
Color,Bruce Malmuth,99,,Nighthawks ,12519,English,USA,R,5000000,1981,6.4,0
Color,Rob Hedden,100,14343976,Friday the 13th Part VIII: Jason Takes Manhattan ,22961,English,USA,R,5000000,1989,4.5,1000
Color,Joel Zwick,95,241437427,My Big Fat Greek Wedding ,102071,English,USA,PG,5000000,2002,6.6,5000
Color,Harmony Korine,94,14123773,Spring Breakers ,108683,English,USA,R,5000000,2012,5.3,25000
Color,Joe Chappelle,93,15126948,Halloween: The Curse of Michael Myers ,20815,English,USA,R,5000000,1995,4.9,0
Color,Alfonso Cuarón,106,13622333,Y Tu Mamá También ,91377,Spanish,Mexico,R,2000000,2001,7.7,0
Color,Edgar Wright,99,13464388,Shaun of the Dead ,395921,English,UK,R,4000000,2004,8,19000
Color,Mickey Liddell,82,13350177,The Haunting of Molly Hartley ,7904,English,USA,PG-13,5000000,2008,3.8,562
Color,John Sayles,135,13269963,Lone Star ,23202,English,USA,R,5000000,1996,7.6,0
Color,Dwight H. Little,88,17768000,Halloween 4: The Return of Michael Myers ,29629,English,USA,R,5000000,1988,5.9,0
Color,Fred Walton,89,12947763,April Fool's Day ,10624,English,USA,R,5000000,1986,6.2,0
Color,Barry Levinson,110,14100000,Diner ,14995,English,USA,R,5000000,1982,7.2,0
Color,Steve Carver,107,12200000,Lone Wolf McQuade ,7973,English,USA,PG,5000000,1983,6.3,0
Color,Gonzalo López-Gallego,86,17683670,Apollo 18 ,47227,English,USA,PG-13,5000000,2011,5.2,0
Color,Christine Jeffs,91,12055108,Sunshine Cleaning ,61151,English,USA,R,8000000,2008,6.9,0
Color,John Erick Dowdle,103,27285953,No Escape ,48675,English,USA,R,5000000,2015,6.8,16000
Color,Don Coscarelli,90,,The Beastmaster ,15345,English,USA,PG,8000000,1982,6.2,0
Color,King Vidor,141,,Solomon and Sheba ,2017,English,USA,,5000000,1959,6.2,270
Color,Michael Tiddes,92,11675178,Fifty Shades of Black ,9509,English,USA,R,5000000,2016,3.5,11000
Color,Bill Duke,99,10572742,Not Easily Broken ,2326,English,USA,PG-13,8000000,2009,6.1,738
 Black and White,Frank Borzage,79,,A Farewell to Arms ,3519,English,USA,Unrated,800000,1932,6.6,213
Color,Bille Woodruff,96,9658370,The Perfect Match ,1180,English,USA,R,5000000,2016,4.5,740
Color,Mamoru Hosoda,82,9628751,Digimon: The Movie ,5164,English,USA,PG,5000000,2000,5.9,207
Color,Brian Dannelly,92,8786715,Saved! ,40274,English,USA,PG-13,5000000,2004,6.9,0
Color,Denys Arcand,112,3432342,The Barbarian Invasions ,24921,French,Canada,R,6000000,2003,7.7,0
Color,Richard Lester,106,,Robin and Marian ,8930,English,USA,PG,5000000,1976,6.6,672
Color,J.S. Cardone,90,6755271,The Forsaken ,7319,English,USA,R,5000000,2001,5.3,327
 Black and White,Guy Hamilton,126,,Force 10 from Navarone ,13587,English,UK,PG,5000000,1978,6.3,729
Color,Jay Levey,150,6157157,UHF ,21416,English,USA,PG-13,5000000,1989,7,0
Color,Nicholaus Goossen,90,6088249,Grandma's Boy ,67853,English,USA,R,,2006,7,0
Color,Tamara Jenkins,91,5480318,Slums of Beverly Hills ,9427,English,USA,R,5000000,1998,6.6,462
Color,Sergio Leone,145,,Once Upon a Time in the West ,216005,English,Italy,PG-13,5000000,1968,8.6,10000
Color,Jon Favreau,95,5308707,Made ,15053,English,USA,R,5000000,2001,6.4,393
Color,Duncan Jones,97,5009677,Moon ,260607,English,UK,R,5000000,2009,7.9,47000
Color,Scott Marshall,90,4328294,Keeping Up with the Steins ,2719,English,USA,PG-13,,2006,5.4,249
Color,Ronan Chapalain,41,4074023,Sea Rex 3D: Journey to a Prehistoric World ,296,English,UK,,5000000,2010,6.9,89
Color,Atom Egoyan,112,4306697,The Sweet Hereafter ,26720,English,Canada,R,5000000,1997,7.7,920
Color,Xavier Beauvois,122,3950029,Of Gods and Men ,12411,French,France,PG-13,4000000,2010,7.2,0
Color,Randall Miller,110,4040588,Bottle Shock ,12233,English,USA,PG-13,5000000,2008,6.8,0
Color,Jerry Belson,87,,Jekyll and Hyde... Together Again ,881,English,USA,R,5000000,1982,6.2,323
Color,Peter Jackson,108,3049135,Heavenly Creatures ,50197,English,New Zealand,R,5000000,1994,7.4,0
Color,Michael Polish,121,4700361,90 Minutes in Heaven ,2047,English,USA,PG-13,5000000,2015,4.6,0
Color,Dan Rush,97,2711210,Everything Must Go ,40305,English,USA,R,5000000,2010,6.4,0
Color,Jake Kasdan,116,1980338,Zero Effect ,12366,English,USA,R,5000000,1998,7,507
Color,Brad Anderson,94,1082044,The Machinist ,281649,English,Spain,R,5000000,2004,7.7,21000
Color,Paul Schrader,103,1100000,Light Sleeper ,3665,English,USA,R,5000000,1992,6.8,247
Color,Michael Cuesta,112,2445646,Kill the Messenger ,32382,English,USA,R,5000000,2014,7,13000
Color,John Cameron Mitchell,91,2221809,Rabbit Hole ,40618,English,USA,PG-13,5000000,2010,7,0
Color,Fenton Bailey,98,296665,Party Monster ,12675,English,USA,R,5000000,2003,6.3,0
Color,Jeremy Saulnier,95,3219029,Green Room ,28845,English,USA,R,5000000,2015,7.1,10000
Color,Billy Kent,88,,The Oh in Ohio ,5494,English,USA,R,5000000,2006,5.6,255
Color,James Manera,99,830210,Atlas Shrugged: Who Is John Galt? ,1900,English,USA,PG-13,5000000,2014,4.4,0
Color,Wes Anderson,91,1040879,Bottle Rocket ,54478,English,USA,R,7000000,1996,7.1,0
Color,Kevin Spacey,97,326308,Albino Alligator ,6632,English,USA,R,5000000,1996,6.1,225
Color,Feroz Abbas Khan,136,240425,"Gandhi, My Father ",1311,Hindi,India,,,2007,7.4,133
Color,Errol Morris,118,228830,Standard Operating Procedure ,3329,English,USA,R,,2008,7.5,489
Color,Dennis Hopper,94,,Out of the Blue ,1599,English,Canada,R,2200000,1980,7.2,274
Color,Eli Craig,89,223615,Tucker and Dale vs Evil ,127842,English,Canada,R,,2010,7.6,49000
Color,Nicholas Fackler,90,124720,"Lovely, Still ",1560,English,USA,PG,5000000,2008,7.3,777
Color,Richard Wallace,95,,Tycoon ,989,English,USA,Approved,3209000,1947,6.2,44
Color,Morgan J. Freeman,90,99147,Desert Blue ,1884,English,USA,R,2000000,1998,6.2,69
Color,Matthew Hastings,95,,Decoys ,4041,English,Canada,R,5000000,2004,4.6,174
Color,M. Night Shyamalan,94,65069140,The Visit ,65299,English,USA,PG-13,5000000,2015,6.2,27000
Color,Brian De Palma,90,65087,Redacted ,8824,English,USA,R,5000000,2007,6.2,559
Color,Klaus Menzel,103,16066,Fascination ,1207,English,Germany,R,5000000,2004,3.3,40
Color,,60,,Saving Grace             ,3852,English,USA,TV-MA,,,7.5,634
Color,Oren Peli,91,,Area 51 ,7888,English,USA,R,5000000,2015,4.2,0
Color,Jaume Balagueró,102,,Sleep Tight ,23756,Spanish,Spain,Not Rated,5000000,2011,7.2,0
Color,Paul Andrew Williams,92,,The Cottage ,10056,English,UK,Unrated,2500000,2008,6.2,639
Color,Stephen Herek,87,,Dead Like Me: Life After Death ,10734,English,USA,R,5000000,2009,6.1,887
Color,Bob Saget,80,,Farce of the Penguins ,4322,English,USA,R,,2006,4.2,419
Color,Jim Amatulli,90,,Flying By ,215,English,USA,PG-13,,2009,4.5,38
Color,,44,,Psych             ,67315,English,USA,TV-PG,,,8.4,0
Color,William H. Macy,105,37440,Rudderless ,12672,English,USA,R,5000000,2014,7.5,0
Color,Barrett Esposito,67,,Henry & Me ,83,English,USA,PG,10000000,2014,6.7,165
Color,Mitch Davis,95,,Christmas Eve ,1091,English,USA,PG,,2015,5.1,0
Color,Eric Bross,87,,We Have Your Husband ,216,English,USA,TV-PG,5000000,2011,5.5,58
Color,Paul Schrader,94,,Dying of the Light ,6964,English,Bahamas,R,5000000,2014,4.4,0
Color,Vicky Jewson,109,,Born of War ,237,English,UK,R,5000000,2014,4.4,190
Color,Peter Hyams,130,,Capricorn One ,15988,English,USA,PG,5000000,1977,6.8,2000
Color,Marc Bennett,,,Should've Been Romeo ,38,English,USA,,5000000,2012,6.7,35
Color,Mike Mayhall,88,,Running Forever ,8,English,USA,,5000000,2015,8.6,49
Color,Kevin Smith,88,,Yoga Hosers ,849,English,USA,PG-13,5000000,2016,4.8,0
Color,Stanton Barrett,97,,Navy Seals vs. Zombies ,928,English,USA,,,2015,3.4,0
Color,Jirí Menzel,113,617228,I Served the King of England ,6183,Czech,Czech Republic,R,84450000,2006,7.4,1000
Color,Fatih Akin,99,274385,Soul Kitchen ,29203,German,Germany,,4000000,2009,7.3,0
Color,Billy Bob Thornton,148,24475416,Sling Blade ,72443,English,USA,R,890000,1996,8,0
Color,Nick Murphy,107,,The Awakening ,46347,English,UK,R,3000000,2011,6.5,10000
Color,Eli Roth,93,47277326,Hostel ,138814,English,USA,R,4800000,2005,5.9,0
Color,Michael Winterbottom,94,1247453,Tristram Shandy: A Cock and Bull Story ,11202,English,UK,R,2800000,2005,6.8,750
Color,Jeff Nichols,121,1729969,Take Shelter ,68211,English,USA,R,5000000,2011,7.4,14000
Color,Frank LaLoggia,118,1705139,Lady in White ,4695,English,USA,R,4700000,1988,6.7,0
Color,Jeremy Brock,98,238774,Driving Lessons ,9611,English,UK,PG-13,,2006,6.8,864
Color,Scott Foley,82,,Let's Kill Ward's Wife ,4247,English,USA,Unrated,5000000,2014,5.4,0
Color,Tobe Hooper,101,8025872,The Texas Chainsaw Massacre 2 ,19234,English,USA,X,4700000,1986,5.5,0
Color,Sam Peckinpah,106,,Pat Garrett & Billy the Kid ,13467,English,USA,R,4638783,1973,7.4,0
Color,Nicolas Winding Refn,90,778565,Only God Forgives ,83234,English,Denmark,R,4800000,2013,5.7,30000
Color,Christophe Ali,79,,Camping sauvage ,262,French,France,,,2005,5.4,11
Color,Gabriela Tagliavini,87,,Without Men ,1427,English,USA,R,4700000,2011,3.2,491
Color,Shekar,,,Barfi ,57,Kannada,India,,,2013,7.1,2
Color,Shona Auerbach,105,1340891,Dear Frankie ,18940,English,UK,PG-13,,2004,7.8,2000
Color,Leonard Farlinger,89,,All Hat ,436,English,Canada,R,5000000,2007,5.3,31
Color,Michel Leclerc,100,513836,The Names of Love ,6304,French,France,R,4600000,2010,7.2,0
Color,Analeine Cal y Mayor,92,,Treading Water ,421,English,Mexico,,4700000,2013,6.2,199
Color,Tom Kalin,97,434417,Savage Grace ,8867,English,Spain,Not Rated,4600000,2007,5.9,0
Color,Robert Sarkies,100,728,Out of the Blue ,2776,English,New Zealand,,,2006,7.3,285
Color,Hugh Wilson,96,81200000,Police Academy ,87739,English,USA,R,4500000,1984,6.7,0
Color,Randal Kleiser,104,,The Blue Lagoon ,50125,English,USA,R,4500000,1980,5.7,0
Color,Mike Newell,117,52700832,Four Weddings and a Funeral ,107923,English,UK,R,4500000,1994,7.1,0
Color,Amy Heckerling,90,,Fast Times at Ridgemont High ,71217,English,USA,X,4500000,1982,7.2,0
Color,John Huston,115,,Moby Dick ,13474,English,USA,Unrated,4500000,1956,7.4,0
Color,Spike Lee,108,13060843,25th Hour ,149528,English,USA,R,15000000,2002,7.7,0
Color,,43,,Secrets and Lies             ,6762,English,USA,,,,7.7,2000
Color,Lana Wachowski,109,3798532,Bound ,41138,English,USA,R,4500000,1996,7.4,2000
Color,Darren Aronofsky,102,3609278,Requiem for a Dream ,573541,English,USA,R,4500000,2000,8.4,38000
Color,Walter Lang,100,,State Fair ,2756,English,USA,Approved,,1945,7.1,501
Color,Carlos Saura,115,1687311,Tango ,2412,Spanish,Spain,PG-13,700000000,1998,7.2,539
Color,Oliver Stone,122,,Salvador ,15175,English,UK,R,4500000,1986,7.5,1000
Color,Andrew Erwin,98,10429707,Moms' Night Out ,10483,English,USA,PG,5000000,2014,5.4,0
Color,Richard Kelly,133,727883,Donnie Darko ,580999,English,USA,R,4500000,2001,8.1,33000
Color,Beto Gómez,105,1391770,Saving Private Perez ,1592,Spanish,Mexico,PG-13,,2011,6,0
Color,Mike van Diem,122,713413,Character ,9171,Dutch,Netherlands,R,4500000,1997,7.8,689
Color,Jonas Åkerlund,106,410241,Spun ,32357,English,USA,R,2000000,2002,6.8,3000
Color,Todd Solondz,98,278821,Life During Wartime ,5465,English,USA,R,,2009,6.5,0
Color,Chan-wook Park,112,211667,Lady Vengeance ,53508,Korean,South Korea,R,4200000000,2005,7.7,4000
Color,René Féret,120,706622,Mozart's Sister ,1213,French,France,,,2010,6.4,0
Color,Barry Skolnick,99,92191,Mean Machine ,29463,English,UK,R,2500000,2001,6.5,0
Color,Johnnie To,110,49413,Exiled ,6919,Cantonese,Hong Kong,R,35000000,2006,7.3,528
Color,Mateo Gil,102,199652,Blackthorn ,7390,English,Spain,R,,2011,6.6,0
Color,Lukas Moodysson,109,181655,Lilya 4-Ever ,35464,Russian,Sweden,R,,2002,7.9,0
Color,Agnieszka Wojtowicz-Vosloo,104,108229,After.Life ,30836,English,USA,R,4500000,2009,5.9,7000
Color,Kabir Sadanand,134,,Fugly ,781,Hindi,India,,,2014,4.7,62
Color,Milos Forman,133,112000000,One Flew Over the Cuckoo's Nest ,680041,English,USA,R,4400000,1975,8.7,32000
Color,Peter DeLuise,85,,R.L. Stine's Monsterville: The Cabinet of Souls ,917,English,USA,PG,4400000,2015,5.9,224
Color,Mel Brooks,87,,Silent Movie ,12666,,USA,PG,4400000,1976,6.7,629
Color,Raja Menon,130,,Airlift ,30977,Hindi,India,,4400000,2016,8.5,10000
Color,,199,,Anne of Green Gables             ,14251,English,Canada,TV-G,,,8.4,0
Color,Ernie Barbarash,103,8691,Falcon Rising ,4952,English,USA,R,4500000,2014,5.8,0
Color,Nick Love,112,26345,The Sweeney ,16445,English,UK,R,3000000,2012,6.1,0
Color,Jonathan Glazer,89,6940281,Sexy Beast ,43135,English,UK,R,,2000,7.3,0
Color,Daniel Espinosa,124,188870,Easy Money ,13443,Swedish,Sweden,R,,2010,6.7,0
Color,Niki Caro,101,20772796,Whale Rider ,34232,English,New Zealand,PG-13,6000000,2002,7.6,0
Color,R. Balki,133,199228,Paa ,7295,Hindi,India,,150000000,2009,7.2,504
Color,Ivan Engler,112,,Cargo ,15780,German,Switzerland,,4500000,2009,6.2,2000
Color,Joe Wright,111,34964818,Pan ,39975,English,USA,PG,150000000,2015,5.8,24000
Color,Kenny Ortega,98,,High School Musical ,59254,English,USA,TV-G,4200000,2006,5.2,0
Color,,60,,Animal Kingdom             ,3673,English,USA,,,,8.1,0
Color,Richard Kwietniowski,93,2542264,Love and Death on Long Island ,3407,English,UK,PG-13,,1997,7.1,61
Color,Timur Bekmambetov,104,1487477,Night Watch ,47097,Russian,Russia,R,4200000,2004,6.5,0
Color,Neil Jordan,112,62549000,The Crying Game ,41361,English,UK,R,2300000,1992,7.3,0
Color,Bob Clark,94,105500000,Porky's ,31260,English,Canada,R,4000000,1981,6.2,0
Color,George A. Romero,90,101055,Survival of the Dead ,17478,English,USA,R,4000000,2009,5,0
 Black and White,George A. Romero,96,,Night of the Living Dead ,87978,English,USA,Unrated,114000,1968,8,0
Color,Sofia Coppola,101,44566004,Lost in Translation ,321283,English,USA,R,4000000,2003,7.8,17000
Color,Woody Allen,93,39200000,Annie Hall ,192940,English,USA,PG,4000000,1977,8.1,0
Color,Cecil B. DeMille,152,36000000,The Greatest Show on Earth ,9456,English,USA,Not Rated,4000000,1952,6.7,625
Color,Ridley Scott,150,65007045,Exodus: Gods and Kings ,128694,English,UK,PG-13,140000000,2014,6.1,51000
Color,Marc Forster,112,31252964,Monster's Ball ,71495,English,USA,R,4000000,2001,7.1,0
Color,Henry Hobson,95,131175,Maggie ,30219,English,USA,PG-13,8500000,2015,5.6,22000
Color,Mike Figgis,111,31968347,Leaving Las Vegas ,93894,English,USA,R,3600000,1995,7.6,0
Color,Duane Journey,86,,Hansel & Gretel Get Baked ,2806,English,USA,,4500000,2013,4.3,0
Color,Dan O'Bannon,108,,The Return of the Living Dead ,39857,English,USA,R,4000000,1985,7.3,0
Color,Billy Wilder,105,,The Front Page ,9007,English,USA,PG,4000000,1974,7.3,661
Color,Rob Cohen,91,35385560,The Boy Next Door ,27198,English,USA,R,4000000,2015,4.6,8000
Color,Carol Reed,105,,Trapeze ,3102,English,USA,Approved,4000000,1956,6.8,283
Color,,60,,Saving Grace             ,3852,English,USA,TV-MA,,,7.5,634
Color,Lisa Cholodenko,106,20803237,The Kids Are All Right ,110616,English,USA,R,3500000,2010,7.1,16000
Color,John Carpenter,93,13008928,They Live ,73501,English,USA,R,4000000,1988,7.3,27000
Color,John Sturges,172,,The Great Escape ,165638,English,USA,Approved,4000000,1963,8.3,8000
 Black and White,William Arntz,109,10941801,What the #$*! Do We (K)now!? ,12059,English,USA,Unrated,,2004,5.4,2000
Color,Ed Gass-Donnelly,93,15152879,The Last Exorcism Part II ,13506,English,France,PG-13,5000000,2013,4,0
Color,Richard Linklater,165,25359200,Boyhood ,266020,English,USA,R,4000000,2014,8,92000
Color,Woody Allen,96,10515579,Scoop ,66840,English,UK,PG-13,4000000,2006,6.7,0
Color,Tim Burton,119,180011740,Planet of the Apes ,177729,English,USA,PG-13,100000000,2001,5.7,0
Color,DJ Pooh,93,10097096,The Wash ,5612,English,USA,R,4000000,2001,4.6,842
Color,DJ Pooh,82,9821335,3 Strikes ,1415,English,USA,R,6000000,2000,4,118
Color,Wayne Kramer,101,8243880,The Cooler ,28714,English,USA,R,3200000,2003,7,762
 Black and White,John Huston,120,,The Misfits ,12981,English,USA,Approved,4000000,1961,7.4,0
Color,Patrick Stettner,81,7825820,The Night Listener ,13086,English,USA,R,4000000,2006,5.9,576
Color,James Melkonian,82,7557877,The Jerky Boys ,2129,English,USA,R,,1995,4.6,138
Color,Wes Craven,107,14637490,My Soul to Take ,16411,English,USA,R,25000000,2010,4.8,0
Color,J.A. Bayona,105,7159147,The Orphanage ,120189,Spanish,Spain,R,3400000,2007,7.5,11000
Color,Michael Tiddes,86,17314483,A Haunted House 2 ,14621,English,USA,R,4000000,2014,4.7,0
Color,Roger Avary,110,6525762,The Rules of Attraction ,44339,English,USA,R,4000000,2002,6.7,0
Color,Alfred Hitchcock,127,,Topaz ,12677,English,USA,M,4000000,1969,6.3,414
Color,Bob Odenkirk,90,4613815,Let's Go to Prison ,19622,English,USA,R,,2006,6,931
Color,Allison Anders,110,4301331,Four Rooms ,78241,English,USA,R,4000000,1995,6.7,0
Color,Steven Shainberg,104,4046737,Secretary ,67949,English,USA,R,4000000,2002,7.1,15000
Color,Rick de Oliveira,96,3713002,The Real Cancun ,3611,English,USA,R,8000000,2003,2.7,131
Color,Oliver Stone,110,3468572,Talk Radio ,10073,English,USA,R,4000000,1988,7.3,816
Color,Christopher Guest,84,2892582,Waiting for Guffman ,22697,English,USA,R,4000000,1996,7.6,0
Color,Jeff Franklin,94,2800000,Love Stinks ,4377,English,USA,R,4000000,1999,5.8,309
Color,John Dahl,93,2426851,You Kill Me ,16224,English,USA,R,4000000,2007,6.5,830
Color,Mike Mills,96,1325073,Thumbsucker ,18762,English,USA,R,4000000,2005,6.6,708
Color,Kevin Smith,88,,Red State ,53342,English,USA,R,4000000,2011,6.2,16000
Color,Dave McKean,101,864959,Mirrormask ,20275,English,UK,PG,4000000,2005,6.9,0
Color,Ron Fricke,102,2601847,Samsara ,22457,None,USA,PG-13,4000000,2011,8.5,26000
Color,Ruggero Deodato,87,800000,The Barbarians ,2308,English,USA,R,4000000,1987,4.8,550
Color,Gavin Wiesen,83,1429260,The Art of Getting By ,45293,English,USA,PG-13,,2011,6.6,0
Color,Mora Stephens,103,,Zipper ,4091,English,USA,R,4500000,2015,5.7,987
Color,Mars Callahan,99,562059,Poolhall Junkies ,8535,English,USA,R,4000000,2002,7,872
Color,Mike Figgis,106,399793,The Loss of Sexual Innocence ,2877,English,USA,R,4000000,1999,5.4,111
Color,Leos Carax,115,,Holy Motors ,29440,French,France,Not Rated,,2012,7.1,12000
Color,David Gordon Green,117,371897,Joe ,36494,English,USA,R,4000000,2013,6.9,11000
Color,Stefan Schwartz,99,302204,Shooting Fish ,6705,English,UK,PG,3000000,1997,6.6,167
Color,Renny Harlin,102,354704,Prison ,2705,English,USA,R,1300000,1987,5.9,314
Color,Robert Lee King,85,265107,Psycho Beach Party ,4617,English,Australia,Unrated,1500000,2000,6.3,614
Color,Kevin Allen,86,185577,The Big Tease ,2133,English,UK,R,4000000,1999,6.3,182
Color,Jorge Ramírez Suárez,120,100412,"Buen Día, Ramón ",2112,German,Mexico,PG-13,4000000,2013,7.7,0
Color,David Schwimmer,106,58214,Trust ,34224,English,USA,R,9500000,2010,7,10000
Color,Barry Levinson,103,75078,An Everlasting Piece ,1398,English,USA,R,14000000,2000,6.3,132
Color,Sam Miller,93,64359,Among Giants ,811,English,UK,R,2500000,1998,5.9,108
Color,Anne Fontaine,112,317125,Adore ,23334,English,Australia,R,16000000,2013,6.2,0
Color,Dan Ireland,100,,The Velocity of Gary ,1555,English,USA,R,4000000,1998,5,98
Color,Fernando León de Aranoa,113,146402,Mondays in the Sun ,9913,Spanish,Spain,R,4000000,2002,7.7,0
Color,Jim Mickle,98,18469,Stake Land ,34263,English,USA,R,650000,2010,6.5,0
Color,,23,,Sonny with a Chance             ,7673,English,USA,TV-G,,,6.1,325
Color,Stephen Kay,92,12836,The Last Time I Committed Suicide ,1686,English,USA,R,4000000,1997,5.8,161
Color,Karim Aïnouz,106,20262,Futuro Beach ,1738,Portuguese,Brazil,Unrated,4000000,2014,6.1,278
Color,Sam Levinson,119,,Another Happy Day ,3297,English,USA,R,4000000,2011,6,798
Color,Julian Gilbey,99,,A Lonely Place to Die ,22220,English,UK,R,4000000,2011,6.3,0
Color,Vincenzo Natali,90,,Nothing ,5137,English,Canada,R,,2003,6.3,688
Color,Aleksandr Veledinskiy,120,,The Geographer Drank His Globe Away ,2488,Russian,Russia,,4000000,2013,7.5,282
Color,Peter H. Hunt,168,,1776 ,6303,English,USA,PG,4000000,1972,7.6,0
Color,Ruba Nadda,93,4063,Inescapable ,2086,English,Canada,R,4000000,2012,5.2,657
 Black and White,Howard Hughes,96,,Hell's Angels ,3753,English,USA,Passed,3950000,1930,7.8,279
Color,Edward Burns,103,,Purple Violets ,2727,English,USA,,4000000,2007,6.6,296
Color,Phil Joanou,93,,The Veil ,4146,English,USA,R,4000000,2016,4.7,0
Color,Sean Byrne,84,,The Loved Ones ,27781,English,Australia,R,,2009,6.7,0
Color,Chris Stokes,81,,No Vacancy ,1561,English,USA,R,4000000,2012,4.2,531
Color,Mark Griffiths,84,,How to Fall in Love ,1929,English,USA,TV-G,4000000,2012,6.3,170
Color,Bruce Macdonald,94,,The Perfect Wave ,724,English,South Africa,PG,4000000,2014,4.7,365
Color,Timur Bekmambetov,141,,Ben-Hur ,67,English,USA,PG-13,100000000,2016,6,0
Color,Fred Zinnemann,120,,A Man for All Seasons ,23713,English,UK,Approved,2000000,1966,7.9,2000
Color,Sidney Lumet,121,,Network ,103493,English,USA,R,3800000,1976,8.1,17000
Color,Victor Fleming,226,198655278,Gone with the Wind ,215340,English,USA,G,3977000,1939,8.2,16000
Color,Richard Raymond,104,143653,Desert Dancer ,1177,English,UK,PG-13,4000000,2014,6,0
Color,Sam Peckinpah,152,14873,Major Dundee ,5294,English,USA,Approved,3800000,1965,6.8,251
Color,Alan Jacobs,92,,Down for Life ,257,English,USA,R,,2009,7.3,237
Color,George Sidney,107,8000000,Annie Get Your Gun ,3167,English,USA,Passed,3768785,1950,7,456
Color,Christopher Morris,97,304137,Four Lions ,55982,English,UK,R,,2010,7.3,17000
Color,Andrucha Waddington,115,,House of Sand ,2650,Portuguese,Brazil,R,8000000,2005,7.5,385
Color,Peter Stebbings,95,37606,Defendor ,31836,English,Canada,R,3500000,2009,6.8,0
Color,Vincente Minnelli,102,2956000,The Pirate ,3258,English,USA,Approved,3700000,1948,7.1,359
Color,Dagur Kári,99,19959,The Good Heart ,3579,English,Iceland,R,3800000,2009,6.9,0
Color,Nicholas Hytner,109,2706659,The History Boys ,17770,English,UK,R,2000000,2006,6.9,0
Color,Jaume Collet-Serra,113,61094903,Unknown ,210548,English,UK,PG-13,30000000,2011,6.9,29000
Color,,25,,M*A*S*H             ,36265,English,USA,TV-PG,,,8.4,0
 Black and White,John Schlesinger,113,,Midnight Cowboy ,76616,English,USA,X,3600000,1969,7.9,0
Color,Peter Cattaneo,91,45857453,The Full Monty ,82232,English,UK,R,3500000,1997,7.2,0
Color,Jim Abrahams,88,83400000,Airplane! ,160281,English,USA,PG,3500000,1980,7.8,16000
Color,Kevin Carraway,88,,Chain of Command ,801,English,USA,R,5000000,2015,3.5,358
 Black and White,F. Gary Gray,97,27900000,Friday ,74626,English,USA,R,3500000,1995,7.3,8000
Color,Albert Hughes,97,27900000,Menace II Society ,39508,English,USA,R,3500000,1993,7.5,0
Color,,42,,Empire             ,27418,English,USA,TV-14,,,7.8,14000
Color,Michael Gornick,85,14000000,Creepshow 2 ,15956,English,USA,R,3500000,1987,6,1000
Color,Sam Peckinpah,121,,The Ballad of Cable Hogue ,6350,English,USA,R,3716946,1970,7.3,357
 Black and White,Richard Brooks,134,,In Cold Blood ,19026,English,USA,Approved,3500000,1967,8,0
Color,Fred Zinnemann,149,,The Nun's Story ,7071,English,USA,Not Rated,3500000,1959,7.6,930
Color,Jack Smight,121,,Harper ,5941,English,USA,Not Rated,3500000,1966,7,470
Color,Alfred Hitchcock,116,,Frenzy ,30982,English,UK,R,2000000,1972,7.5,0
Color,Robert Eggers,92,25138292,The Witch ,66483,English,USA,R,3500000,2015,6.8,43000
Color,Michael Martin,93,10305534,I Got the Hook Up ,1721,English,USA,R,3500000,1998,3.9,280
Color,Edward Burns,96,9449219,She's the One ,13949,English,USA,R,3500000,1996,6.1,453
 Black and White,Bill Condon,105,6390032,Gods and Monsters ,24977,English,USA,R,3500000,1998,7.5,0
Color,Juan José Campanella,129,20167424,The Secret in Their Eyes ,131831,Spanish,Argentina,R,2000000,2009,8.2,33000
Color,George A. Romero,87,,Day of the Dead ,49672,English,USA,Unrated,3500000,1985,7.2,3000
Color,Gideon Raff,94,,Train ,4790,English,USA,R,,2008,4.8,804
Color,Sam Raimi,37,5923044,Evil Dead II ,113451,English,USA,X,3600000,1987,7.8,0
Color,Louis C.K.,81,3293258,Pootie Tang ,11399,English,USA,PG-13,3000000,2001,5.2,0
Color,Anthony C. Ferrante,97,,Sharknado ,34532,English,USA,TV-14,1000000,2013,3.3,93000
Color,Salvador Carrasco,106,886410,La otra conquista ,1024,Spanish,Mexico,R,3500000,1998,6.8,140
Color,André Øvredal,103,252652,Trollhunter ,54104,Norwegian,Norway,PG-13,19900000,2010,7,38000
Color,Robert Cary,101,220234,Ira & Abby ,1950,English,USA,R,3500000,2006,6.5,360
Color,Akiva Schaffer,102,34350553,The Watch ,104072,English,USA,R,68000000,2012,5.7,15000
Color,Adam Rapp,98,101228,Winter Passing ,7228,English,USA,R,3500000,2005,6.4,414
Color,Angela Robinson,91,96793,D.E.B.S. ,12188,English,USA,PG-13,3500000,2004,5.3,1000
Color,Warren P. Sonoda,105,123777,The Masked Saint ,342,English,Canada,PG-13,3500000,2016,4.7,0
Color,Amanda Gusack,98,,The Betrayed ,1634,English,USA,,3500000,2008,6.1,127
Color,Avi Nesher,104,,Taxman ,372,English,USA,R,1000000,1998,5.5,18
Color,,45,,The Secret             ,653,English,UK,,,,7.3,405
Color,Charles Adelman,96,,2:13 ,961,English,USA,,3500000,2009,4.8,211
Color,Jay Oliva,148,,"Batman: The Dark Knight Returns, Part 2 ",30434,English,USA,PG-13,3500000,2013,8.4,5000
Color,Charles Ferguson,100,29233,Time to Choose ,75,English,USA,,3500000,2015,7,121
Color,Uwe Boll,86,,In the Name of the King: The Last Job ,1285,English,Canada,R,3500000,2014,3.3,721
Color,Mark Young,92,,Wicked Blood ,1928,English,USA,Not Rated,3500000,2014,5.4,482
Color,Daniel Petrie Jr.,88,,Dawn Patrol ,455,English,,,3500000,2014,4.8,570
Color,Antonio Simoncini,90,,Lords of London ,610,English,UK,R,3440000,2014,3.1,606
Color,Mel Brooks,94,,High Anxiety ,15115,English,USA,PG,3400000,1977,6.7,0
Color,Luc Jacquet,80,77413017,March of the Penguins ,45984,French,France,G,8000000,2005,7.6,0
Color,J.C. Chandor,107,5354039,Margin Call ,92599,English,USA,R,3500000,2011,7.1,21000
Color,Eldar Rapaport,99,,August ,1262,English,USA,Not Rated,,2011,6.1,224
Color,Clark Gregg,92,2926565,Choke ,28573,English,USA,R,3000000,2008,6.5,0
Color,Damien Chazelle,107,13092000,Whiplash ,399138,English,USA,R,3300000,2014,8.5,129000
Color,Fernando Meirelles,135,7563397,City of God ,533200,Portuguese,Brazil,R,3300000,2002,8.7,28000
Color,Justin Kerrigan,99,104257,Human Traffic ,19194,English,UK,R,2200000,1999,7.1,0
Color,Nathan Frankowski,102,,Day One ,2116,English,USA,PG-13,3400000,2012,6.6,0
Color,Karen Moncrieff,93,17311,The Dead Girl ,12304,English,USA,R,,2006,6.7,799
Color,Thomas Vinterberg,115,610968,The Hunt ,170155,Danish,Denmark,R,3800000,2012,8.3,60000
Color,Bob Clark,94,,A Christmas Story ,104908,English,USA,PG,4000000,1983,8.1,18000
Color,Alejandro Monteverde,91,8108247,Bella ,9607,English,USA,PG-13,3300000,2006,7.4,0
Color,Mark L. Lester,98,,Class of 1984 ,6549,English,Canada,R,4300000,1982,6.6,934
Color,Jennifer Finnigan,97,,The Opposite Sex ,557,English,USA,,3300000,2014,4.5,0
Color,Eric Styles,92,7680,Dreaming of Joseph Lees ,704,English,USA,R,2000000,1999,6.4,100
Color,Laurent Cantet,128,3766595,The Class ,29248,French,France,PG-13,,2008,7.5,0
Color,Roman Polanski,136,,Rosemary's Baby ,140527,English,USA,R,2300000,1968,8,13000
 Black and White,John Ford,113,,The Man Who Shot Liberty Valance ,53741,English,USA,Approved,3200000,1962,8.1,0
Color,Max Mayer,99,2277396,Adam ,29239,English,USA,PG-13,,2009,7.2,0
Color,Joshua Marston,101,6517198,Maria Full of Grace ,30474,Spanish,Colombia,R,3000000,2004,7.5,0
Color,Mike Mills,105,5776314,Beginners ,73349,English,USA,R,3200000,2010,7.2,15000
Color,John Gulager,95,,Feast ,25542,English,USA,R,3200000,2005,6.4,0
Color,John Landis,109,141600000,Animal House ,90177,English,USA,R,3000000,1978,7.6,0
Color,Guy Hamilton,110,51100000,Goldfinger ,139432,English,UK,Approved,3000000,1964,7.8,0
Color,Brandon Cronenberg,108,,Antiviral ,9356,English,Canada,Not Rated,3200000,2012,5.7,0
Color,Frank Capra,118,,It's a Wonderful Life ,275720,English,USA,PG,3180000,1946,8.6,41000
Color,Danny Boyle,94,16501785,Trainspotting ,469561,English,UK,R,3500000,1996,8.2,21000
Color,Spike Lee,115,38168022,The Original Kings of Comedy ,4687,English,USA,R,3000000,2000,6.6,290
Color,Tod Williams,98,84749884,Paranormal Activity 2 ,82133,English,USA,R,3000000,2010,5.7,14000
Color,Kirk Jones,91,24788807,Waking Ned Devine ,21245,English,UK,PG,3000000,1998,7.4,0
 Black and White,Michael Moore,120,21244913,Bowling for Columbine ,123090,English,Germany,R,4000000,2002,8,4000
Color,Yimou Zhang,109,377420,Coming Home ,2789,Mandarin,China,PG-13,,2014,7.3,0
Color,Jack Sholder,87,30000000,A Nightmare on Elm Street 2: Freddy's Revenge ,43485,English,USA,R,2200000,1985,5.4,0
Color,James Ivory,117,20966644,A Room with a View ,29610,English,UK,Unrated,3000000,1985,7.4,0
Color,James DeMonaco,85,64423650,The Purge ,139329,English,USA,R,3000000,2013,5.7,31000
Color,Scott Derrickson,110,48056940,Sinister ,155153,English,USA,R,3000000,2012,6.8,58000
Color,David Raynr,113,19184015,Martin Lawrence Live: Runteldat ,1466,English,USA,R,3000000,2002,5.4,63
Color,Richard Brooks,108,,Cat on a Hot Tin Roof ,33741,English,USA,Approved,3000000,1958,8.1,0
Color,Ted Post,95,,Beneath the Planet of the Apes ,32378,English,USA,G,3000000,1970,6.1,0
Color,Charles Martin Smith,98,24629916,Air Bud ,12942,English,USA,PG,3000000,1997,5.1,902
Color,Kunihiko Yuyama,93,,Pokémon 3: The Movie ,9066,Japanese,Japan,G,16000000,2000,5.6,38
Color,Tom McLoughlin,86,19472057,Jason Lives: Friday the 13th Part VI ,25332,English,USA,R,3000000,1986,5.9,0
Color,David Lean,161,27200000,The Bridge on the River Kwai ,149444,English,UK,PG,3000000,1957,8.2,0
Color,Patrick Read Johnson,100,15369573,Spaced Invaders ,2580,English,USA,PG,3000000,1990,5.3,710
Color,Alfred Hitchcock,120,,Family Plot ,15293,English,USA,PG,4490375,1976,6.8,609
 Black and White,Billy Wilder,125,,The Apartment ,109335,English,USA,Approved,3000000,1960,8.3,0
Color,Adam Marcus,91,15935068,Jason Goes to Hell: The Final Friday ,19331,English,USA,R,2500000,1993,4.3,949
Color,Alfred Hitchcock,128,,Torn Curtain ,18656,English,USA,Approved,6000000,1966,6.7,933
Color,Michel Gondry,100,11694528,Dave Chappelle's Block Party ,7721,English,USA,R,3000000,2005,7.2,635
Color,John Maclean,84,229094,Slow West ,27650,English,UK,R,,2015,6.9,0
Color,Michael Schultz,97,,Krush Groove ,1361,English,USA,R,3000000,1985,6.6,889
Color,Benny Boom,84,10017041,Next Day Air ,8265,English,USA,R,3000000,2009,5.9,545
Color,Richard Brooks,146,,Elmer Gantry ,7998,English,USA,Approved,3000000,1960,7.9,808
 Black and White,Stanley Kramer,186,,Judgment at Nuremberg ,44457,English,USA,Not Rated,3000000,1961,8.3,0
Color,David Raynr,94,9016377,Trippin' ,1004,English,USA,R,,1999,5.2,143
Color,,11,,Robot Chicken             ,32923,English,USA,TV-MA,,,7.8,1000
 Black and White,Howard Hawks,126,,Red River ,21316,English,USA,Approved,3000000,1948,7.8,0
Color,Nnegest Likké,99,7059537,Phat Girlz ,8279,English,USA,PG-13,3000000,2006,3,837
Color,Richard Linklater,109,8114507,Before Midnight ,95362,English,USA,R,3000000,2013,7.9,62000
Color,Christopher Leitch,95,7888703,Teen Wolf Too ,8465,English,USA,PG,3000000,1987,3.2,491
Color,Don Coscarelli,97,7282851,Phantasm II ,9502,English,USA,R,3000000,1988,6.5,812
Color,Michael Schultz,94,6879730,Woman Thou Art Loosed ,806,English,USA,R,,2004,6.9,187
Color,Patricia Cardoso,90,5844929,Real Women Have Curves ,6000,English,USA,PG-13,3000000,2002,7,595
Color,,197,,Deadline Gallipoli             ,299,English,Australia,,15000000,,7.4,367
Color,Deepa Mehta,117,3222857,Water ,12560,Hindi,Canada,PG-13,,2005,7.8,0
Color,Damien O'Donnell,96,4170647,East Is East ,14548,English,UK,R,1900000,1999,6.9,1000
Color,Peter M. Cohen,82,4142507,Whipped ,3665,English,USA,R,3000000,2000,4.4,131
Color,Mira Nair,109,4109095,Kama Sutra: A Tale of Love ,8239,English,USA,R,3000000,1996,6,0
Color,Nicole Holofcener,90,4033268,Please Give ,9808,English,USA,R,,2010,6.6,0
Color,Mel Stuart,89,,Willy Wonka & the Chocolate Factory ,128334,English,USA,G,3000000,1971,7.8,0
Color,Anthony Hickox,98,3902679,Warlock: The Armageddon ,3943,English,USA,R,3000000,1993,5.3,217
Color,Tom Schulman,95,3559990,8 Heads in a Duffel Bag ,8005,English,USA,R,3000000,1997,5.3,417
Color,Terrence Malick,94,,Days of Heaven ,37594,English,USA,PG,3000000,1978,8,0
Color,Jill Sprecher,104,3287435,Thirteen Conversations About One Thing ,8603,English,USA,R,4500000,2001,7.1,430
Color,Darren Stein,87,3071947,Jawbreaker ,18711,English,USA,R,3500000,1999,5.4,0
Color,Julian Schnabel,108,2961991,Basquiat ,15885,English,USA,R,3300000,1996,6.9,0
 Black and White,Noah Baumbach,86,4063238,Frances Ha ,43982,English,USA,R,,2012,7.4,11000
Color,Gavin Hood,94,2912363,Tsotsi ,25063,Zulu,UK,R,3000000,2005,7.3,0
Color,Todd Solondz,134,3000000,Happiness ,55329,English,USA,,3000000,1998,7.8,0
Color,George Gallo,89,2223990,DysFunktional Family ,761,English,USA,R,3000000,2003,6.6,26
Color,Kevin Smith,102,1821983,Tusk ,31089,English,USA,R,3000000,2014,5.4,20000
Color,Chan-wook Park,120,2181290,Oldboy ,356181,Korean,South Korea,R,3000000,2003,8.4,43000
Color,David Nixon,110,2848578,Letters to God ,3942,English,USA,PG,3500000,2010,6.3,0
Color,Jason Eisener,86,703002,Hobo with a Shotgun ,37495,English,Canada,Not Rated,3000000,2011,6.1,37000
Color,Enrique Begne,101,3105269,Compadres ,368,English,Mexico,R,3000000,2016,5,174
Color,Matthew Bright,102,,Freeway ,22246,English,USA,R,3000000,1996,6.9,0
Color,Michael Landon Jr.,87,252726,Love's Abiding Joy ,1289,,USA,PG,3000000,2006,7.2,76
Color,Andrea Arnold,123,373060,Fish Tank ,47385,English,UK,Not Rated,,2009,7.3,0
Color,Whit Stillman,99,1007535,Damsels in Distress ,7625,English,USA,PG-13,,2011,5.7,0
Color,,173,,Creature             ,2011,English,USA,,,,5,518
Color,Leslye Headland,87,418268,Bachelorette ,37156,English,USA,R,3000000,2012,5.3,0
Color,,44,,BrainDead             ,2948,English,USA,,,,7.9,3000
Color,Bobby Roth,120,,Brave New Girl ,758,English,USA,PG-13,,2004,5,47
Color,Tim Heidecker,93,200803,Tim and Eric's Billion Dollar Movie ,7988,English,USA,R,3000000,2012,5.3,0
Color,Rupert Wyatt,111,33631221,The Gambler ,48562,English,USA,R,25000000,2014,6,0
Color,,60,,The Grand             ,437,English,UK,,,,7.6,450
Color,Marco Kreuzpaintner,98,95016,Summer Storm ,11074,German,Germany,R,2700000,2004,7.4,442
Color,Kate Connor,100,73678,Fort McCoy ,266,English,USA,R,3000000,2011,5.9,348
Color,Deon Taylor,88,143000,Chain Letter ,4122,English,USA,R,5000000,2009,4.1,0
Color,Jason Alexander,97,39852,Just Looking ,1238,English,USA,R,3000000,1999,6.7,117
Color,Xavier Gens,122,22000,The Divide ,30511,English,Germany,R,3000000,2011,5.8,0
Color,Conor McPherson,86,128937,The Eclipse ,2437,English,Ireland,R,,2009,6.2,580
Color,Will Canon,83,,Demonic ,7358,English,USA,R,3000000,2015,5.3,0
Color,Philip Zlotorynski,80,,My Big Fat Independent Movie ,1257,English,USA,R,3000000,2005,3.3,48
Color,Tim Burton,108,334185206,Alice in Wonderland ,306336,English,USA,PG,200000000,2010,6.5,24000
Color,Lance Kawas,90,,The Deported ,62,English,USA,PG-13,3000000,2009,6.2,54
Color,Francesca Gregorini,96,5005,Tanner Hall ,2280,English,USA,R,3000000,2009,5.9,448
Color,Marcio Garcia,85,,Open Road ,1370,English,Brazil,,3000000,2013,5.5,433
Color,David Wain,83,,They Came Together ,16987,English,USA,R,,2014,5.5,0
Color,Craig Moss,80,,30 Nights of Paranormal Activity with the Devil Inside the Girl with the Dragon Tattoo ,2978,English,USA,R,3000000,2013,2.6,2000
Color,Michael Jai White,90,,Never Back Down 2: The Beatdown ,13599,English,USA,R,3000000,2011,5.8,6000
Color,John Boorman,92,,Point Blank ,13640,English,USA,Approved,3000000,1967,7.4,3000
Color,Paolo Monico,100,,Four Single Fathers ,118,Italian,Italy,,3000000,2009,5.1,32
Color,Youssef Delara,88,,Enter the Dangerous Mind ,704,English,USA,,800000,2013,5.2,406
,Darin Scott,95,,Something Wicked ,976,English,USA,R,3000000,2014,4.8,395
Color,Christian Sesma,82,,AWOL-72 ,520,English,USA,R,3000000,2015,3.9,398
Color,Monte Hellman,97,,Iguana ,240,English,Italy,,3000000,1988,6.2,37
Color,Kenneth Branagh,105,201148159,Cinderella ,103749,English,USA,PG,95000000,2015,7,56000
Color,Brian Caunter,94,,Chicago Overcoat ,706,English,USA,R,3000000,2009,6.2,229
Color,Chris D'Arienzo,95,,Barry Munday ,3443,English,USA,R,,2010,5.9,480
Color,Walter Salles,113,5595428,Central Station ,28951,Portuguese,Brazil,R,2900000,1998,8,0
Color,Frank Capra,136,,Pocketful of Miracles ,4313,English,USA,Approved,2900000,1961,7.3,612
Color,Isaac Florentine,80,,Close Range ,2425,English,USA,,3000000,2015,4.9,968
Color,Susan Seidelman,105,3123749,Boynton Beach Club ,746,English,USA,R,1500000,2005,6.5,88
Color,Michael Polish,90,,Amnesiac ,2157,English,USA,,3000000,2014,4.3,421
Color,Heidi Ewing,93,100675,Freakonomics ,5695,English,USA,PG-13,3000000,2010,6.4,0
Color,Richard Donner,107,,The Omen ,80961,English,UK,R,2800000,1976,7.6,7000
Color,Alexandre Aja,89,3645438,High Tension ,55040,French,France,Unrated,2200000,2003,6.8,0
Color,Leon Ford,90,,Griff the Invisible ,4173,English,Australia,PG-13,,2010,6.1,0
Color,Hank Braxtan,89,,Unnatural ,859,English,USA,R,3000000,2015,4,369
Color,Craig Brewer,116,22201636,Hustle & Flow ,33567,English,USA,R,8000000,2005,7.4,0
 Black and White,Billy Wilder,120,25000000,Some Like It Hot ,175196,English,USA,Not Rated,2883848,1959,8.3,10000
Color,John Carl Buechler,88,19170001,Friday the 13th Part VII: The New Blood ,21359,English,USA,R,2800000,1988,5.3,0
 Black and White,Victor Fleming,102,22202612,The Wizard of Oz ,291875,English,USA,Passed,2800000,1939,8.1,14000
 Black and White,Mel Brooks,106,86300000,Young Frankenstein ,112671,English,USA,PG,2800000,1974,8,14000
Color,George A. Romero,95,952620,Diary of the Dead ,40800,English,USA,R,2000000,2007,5.7,0
Color,Rajkumar Hirani,144,,Lage Raho Munna Bhai ,27569,Hindi,India,PG-13,120000000,2006,8.2,349
Color,Victor Nunez,113,9054736,Ulee's Gold ,5744,English,USA,R,2700000,1997,7.1,381
Color,Carroll Ballard,118,,The Black Stallion ,8856,English,USA,G,2700000,1979,7.4,0
Color,Rohit Jugraj,141,,Sardaar Ji ,745,Panjabi,Canada,,3000000,2015,6.6,50
Color,Thorbjørn Christoffersen,90,,Journey to Saturn ,1828,Danish,Denmark,Not Rated,,2008,5.7,77
Color,John Ford,109,,Donovan's Reef ,5786,English,USA,Not Rated,2686585,1963,6.9,573
Color,Alex van Warmerdam,95,,The Dress ,1470,Dutch,Netherlands,,2650000,1996,7,121
 Black and White,Victor Fleming,122,,A Guy Named Joe ,1553,English,USA,Passed,2627000,1943,7,116
Color,Mel Brooks,93,119500000,Blazing Saddles ,95294,English,USA,R,2600000,1974,7.8,12000
Color,Joseph Zito,97,32600000,Friday the 13th: The Final Chapter ,29488,English,USA,R,1800000,1984,5.9,0
 Black and White,Pawel Pawlikowski,82,3826455,Ida ,34643,Polish,Poland,PG-13,,2013,7.4,17000
Color,James Ivory,140,3130592,Maurice ,10755,English,UK,R,2600000,1987,7.8,963
Color,Frank Sebastiano,86,475000,Beer League ,6930,English,USA,R,2800000,2006,6,323
Color,Rand Ravich,109,10654581,The Astronaut's Wife ,45500,English,USA,R,34000000,1999,5.3,1000
Color,Stacy Peralta,105,2276368,Riding Giants ,3849,English,USA,PG-13,,2004,7.9,0
Color,Nacho Vigalondo,66,38108,Timecrimes ,40878,Spanish,Spain,R,2600000,2007,7.2,0
Color,Hao Ning,99,,Silver Medallist ,1418,Mandarin,China,,15000000,2009,7.4,30
Color,Tony Giglio,100,,Timber Falls ,5012,English,USA,R,2600000,2007,5.3,254
Color,Stanley Donen,103,,Singin' in the Rain ,150020,English,USA,Approved,2540800,1952,8.3,0
Color,Joe Cross,97,,"Fat, Sick & Nearly Dead ",6429,English,Australia,,2500000,2010,7.6,10000
Color,Michael Tiddes,86,40041683,A Haunted House ,34620,English,USA,R,2500000,2013,5.1,0
Color,Dinesh D'Souza,87,33349949,2016: Obama's America ,9010,English,USA,PG,2500000,2012,5.1,0
Color,Rob Zombie,119,33386128,Halloween II ,36372,English,USA,R,15000000,2009,4.9,3000
Color,Tom Hanks,149,25809813,That Thing You Do! ,50311,English,USA,PG,26000000,1996,6.9,0
Color,Tommy Lee Wallace,98,14400000,Halloween III: Season of the Witch ,28589,English,USA,R,2500000,1982,4.6,0
Color,Don Taylor,98,,Escape from the Planet of the Apes ,23546,English,USA,G,2500000,1971,6.3,819
 Black and White,Martin Ritt,112,,Hud ,15277,English,USA,Approved,2500000,1963,7.9,1000
Color,Leslie Small,75,32230907,Kevin Hart: Let Me Explain ,6062,English,USA,R,2500000,2013,6.7,0
Color,Gus Van Sant,104,6401336,My Own Private Idaho ,36996,English,USA,R,2500000,1991,7.1,0
Color,Zach Braff,102,26781723,Garden State ,187595,English,USA,R,2500000,2004,7.6,0
Color,Richard Linklater,105,5400000,Before Sunrise ,183288,English,USA,R,2500000,1995,8.1,22000
Color,Éric Tessier,99,,Sur le seuil ,1003,French,Canada,,3200000,2003,6.6,39
Color,Alison Maclean,107,1282084,Jesus' Son ,6221,English,USA,R,2500000,1999,7,500
Color,Alice Wu,96,1186323,Saving Face ,7776,English,USA,R,,2004,7.6,774
Color,Sarah Gavron,101,1094998,Brick Lane ,2560,English,UK,PG-13,,2007,6.7,430
Color,Jake Schreier,89,3325638,Robot & Frank ,52509,English,USA,PG-13,2500000,2012,7.1,13000
Color,Isabel Coixet,106,395592,My Life Without Me ,21202,English,Spain,R,2000000,2003,7.6,0
Color,James Ponsoldt,95,6851969,The Spectacular Now ,105591,English,USA,R,2500000,2013,7.1,10000
Color,Randall Miller,34,333658,Marilyn Hotchkiss' Ballroom Dancing and Charm School ,97,English,USA,,34000,1990,7.1,16
Color,Larry Charles,101,12995673,Religulous ,52286,English,USA,R,2500000,2008,7.7,24000
Color,Joshua Tickell,112,173783,Fuel ,578,English,USA,Not Rated,2500000,2008,7.6,588
Color,Tim Boxell,100,118666,Valley of the Heart's Delight ,91,English,USA,,2500000,2006,6.6,144
 Black and White,Rawson Marshall Thurber,92,114324072,Dodgeball: A True Underdog Story ,185345,English,USA,PG-13,20000000,2004,6.7,0
Color,Michael D. Sellers,100,71904,Eye of the Dolphin ,806,English,USA,PG-13,2500000,2006,5.7,140
Color,Reed Cowan,80,99851,8: The Mormon Proposition ,1138,English,USA,R,2500000,2010,7.1,0
Color,James Dodson,106,115504,The Other End of the Line ,4820,English,UK,PG-13,14000000,2008,6.2,0
Color,Stefan Ruzowitzky,103,5725,Anatomy ,10220,German,Germany,R,8400000,2000,6.1,560
Color,Alex Rivera,90,75727,Sleep Dealer ,5699,Spanish,USA,PG-13,2500000,2008,5.9,0
Color,James Gunn,96,322157,Super ,61787,English,USA,R,2500000,2010,6.8,19000
Color,John Murlowski,89,,Christmas Mail ,858,English,USA,TV-PG,2500000,2010,5.8,190
Color,Benni Diez,87,,Stung ,3119,English,Germany,Not Rated,2500000,2015,5,0
Color,Danny Perez,94,,Antibirth ,63,English,USA,,3500000,2016,6.3,89
Color,Spike Lee,120,5731103,Get on the Bus ,4100,English,USA,R,2400000,1996,6.8,352
Color,Robby Henson,101,978908,Thr3e ,4057,English,Poland,PG-13,2400000,2006,5.1,250
Color,Mike Judge,84,438653,Idiocracy ,108052,English,USA,R,,2006,6.6,79000
,Zackary Adler,110,,The Rise of the Krays ,1510,English,UK,R,2500000,2015,5,0
Color,Shane Meadows,101,327919,This Is England ,99177,English,UK,Unrated,1500000,2006,7.7,11000
Color,Dominic Burns,101,,Alien Uprising ,2753,English,UK,R,2500000,2012,3.1,0
Color,George Sidney,101,,Bathing Beauty ,1079,English,USA,Passed,2361000,1944,6.5,144
Color,Carmen Marron,105,178739,Go for It! ,1015,English,USA,PG-13,2450000,2011,3.9,566
Color,Tim McCanlies,97,565592,"Dancer, Texas Pop. 81 ",2189,English,USA,PG,,1998,6.8,500
Color,George Sidney,108,,Show Boat ,3538,English,USA,Approved,2295429,1951,7,438
Color,Mario Van Peebles,95,27012,Redemption Road ,440,English,USA,PG-13,,2010,5.9,279
Color,Jason Stone,108,,The Calling ,6025,English,USA,R,,2014,5.8,0
Color,Jerry Rees,90,,The Brave Little Toaster ,19650,English,USA,Not Rated,2300000,1987,7.3,0
Color,James Algar,120,76400000,Fantasia ,71321,English,USA,G,2280000,1940,7.8,3000
Color,William Friedkin,104,,The French Connection ,82476,English,USA,R,1800000,1971,7.8,0
Color,Jaco Booyens,90,,8 Days ,44,English,USA,PG-13,2500000,2014,6.9,224
Color,Steve Miner,91,36200000,Friday the 13th Part III ,31952,English,USA,R,4000000,1982,5.7,0
Color,Danny Steinmann,92,21300000,Friday the 13th: A New Beginning ,22521,English,USA,R,2200000,1985,4.7,1000
Color,Michael Landon Jr.,117,379643,The Last Sin Eater ,1573,English,USA,PG-13,2200000,2007,5.9,285
Color,Jon Gunn,120,12985267,Do You Believe? ,4977,English,USA,PG-13,2300000,2015,5.9,13000
Color,Hayley Cloake,90,,Impact Point ,1118,English,USA,R,2200000,2008,4.3,77
 Black and White,Tay Garnett,119,,The Valley of Decision ,1314,English,USA,Passed,2160000,1945,7.5,68
Color,Shyam Madiraju,90,,Eden ,1351,English,Spain,R,,2015,4.8,452
Color,Harmage Singh Kalirai,90,,Chicken Tikka Masala ,480,English,UK,,1200000,2005,5.8,172
Color,Rita Merson,97,,Always Woodstock ,485,English,USA,,2400000,2014,5.3,107
Color,Jon Knautz,90,,Jack Brooks: Monster Slayer ,5187,English,Canada,R,2500000,2007,6,870
 Black and White,William Wyler,172,23650000,The Best Years of Our Lives ,40359,English,USA,Not Rated,2100000,1946,8.1,0
Color,Larry Clark,115,510092,Bully ,29424,English,USA,R,,2001,7,0
Color,Petter Næss,89,313436,Elling ,12244,Norwegian,Norway,R,15500000,2001,7.6,0
Color,Robert Fontaine,125,3330,Mi America ,22,English,USA,R,2100000,2015,7.2,305
Color,Jaume Balagueró,78,,[Rec] ,131462,Spanish,Spain,R,1500000,2007,7.5,15000
Color,Patricia Cardoso,89,,Lies in Plain Sight ,544,English,USA,TV-PG,2100000,2010,6.3,162
Color,Dan Perri,100,,Sharkskin ,6,English,USA,,2100000,2015,6.7,14
Color,Neil Mcenery-West,77,,Containment ,1355,English,UK,,,2015,4.8,275
Color,Anthony O'Brien,81,,The Timber ,1274,English,USA,,2100000,2015,5.5,380
Color,Terence Young,115,24800000,From Russia with Love ,89403,English,UK,Approved,2000000,1963,7.5,0
Color,Michael Herz,96,792966,The Toxic Avenger Part II ,4663,English,USA,R,2300000,1989,5.1,321
Color,,60,,In the Heat of the Night             ,2258,English,USA,,,,7.4,763
Color,Woody Allen,89,,Sleeper ,33335,English,USA,PG,2000000,1973,7.3,0
Color,David Robert Mitchell,100,14673301,It Follows ,112899,English,USA,R,2000000,2014,6.9,45000
 Black and White,Woody Allen,88,,Everything You Always Wanted to Know About Sex * But Were Afraid to Ask ,31077,English,USA,R,2000000,1972,6.8,0
 Black and White,Robert Mulligan,129,,To Kill a Mockingbird ,215086,English,USA,Not Rated,2000000,1962,8.4,15000
 Black and White,George Miller,87,9003011,Mad Max 2: The Road Warrior ,133966,English,Australia,R,2000000,1981,7.6,0
Color,Chia-Liang Liu,102,11546543,The Legend of Drunken Master ,34520,Cantonese,Hong Kong,R,2000000,1994,7.6,0
 Black and White,Stanley Kubrick,152,,Lolita ,67825,English,UK,Not Rated,2000000,1962,7.7,0
Color,Kimberly Peirce,118,11533945,Boys Don't Cry ,77551,English,USA,R,2000000,1999,7.6,0
Color,Chris Kentis,86,12555230,Silent House ,18566,English,France,R,2000000,2011,5.3,0
Color,Florian Henckel von Donnersmarck,137,11284657,The Lives of Others ,259379,German,Germany,R,2000000,2006,8.5,39000
Color,Alex Kendrick,129,34522221,Courageous ,15401,English,USA,PG-13,2000000,2011,7,10000
 Black and White,Robert Rossen,134,,The Hustler ,62860,English,USA,Unrated,2000000,1961,8,0
 Black and White,Jack Conway,119,,Boom Town ,2269,English,USA,Passed,1614000,1940,7.1,236
Color,Sylvain Chomet,80,7002255,The Triplets of Belleville ,42462,French,France,PG-13,9500000,2003,7.8,0
Color,Chris Eyre,89,6719300,Smoke Signals ,8224,English,Canada,PG-13,2000000,1998,7.2,0
Color,Shari Springer Berman,101,6003587,American Splendor ,41999,English,USA,R,,2003,7.5,0
Color,Richard Linklater,80,5792822,Before Sunset ,168398,English,USA,R,2700000,2004,8,13000
Color,Alejandro G. Iñárritu,115,5383834,Amores Perros ,173551,Spanish,Mexico,R,2000000,2000,8.1,11000
Color,Catherine Hardwicke,100,4599680,Thirteen ,68222,English,USA,R,1500000,2003,6.8,0
 Black and White,Elia Kazan,118,,Gentleman's Agreement ,10791,English,USA,Approved,2000000,1947,7.4,0
Color,Debra Granik,100,6531491,Winter's Bone ,111658,English,USA,R,2000000,2010,7.2,20000
Color,Kevin Macdonald,106,4581222,Touching the Void ,26926,English,UK,R,,2003,8.1,0
 Black and White,Henry King,106,,Alexander's Ragtime Band ,1381,English,USA,Approved,2000000,1938,7,60
Color,Miranda July,91,3885134,Me and You and Everyone We Know ,31130,English,USA,R,2000000,2005,7.4,0
Color,Charles Ferguson,105,4311834,Inside Job ,55382,English,USA,PG-13,,2010,8.3,63000
Color,Max Joseph,96,3590010,We Are Your Friends ,20885,English,UK,R,2000000,2015,6.1,0
Color,Jim Jarmusch,116,3300230,Ghost Dog: The Way of the Samurai ,70084,English,France,R,,1999,7.5,0
Color,David Ayer,116,3335839,Harsh Times ,54657,English,USA,R,2000000,2005,7,0
Color,Jerry Jameson,97,2557668,Captive ,3911,English,USA,PG-13,2000000,2015,5.3,0
Color,Steven Soderbergh,101,2506446,Full Frontal ,8662,English,USA,R,2000000,2002,4.7,134
Color,Kevin Tenney,98,7369373,Witchboard ,4288,English,UK,R,2000000,1986,5.7,0
Color,,22,,Strangers with Candy             ,4181,English,USA,TV-14,,,8.1,558
Color,Kenneth Branagh,150,4414535,Hamlet ,30618,English,UK,PG-13,18000000,1996,7.8,0
Color,John Cameron Mitchell,101,1984378,Shortbus ,27346,English,USA,Unrated,2000000,2006,6.5,0
Color,Ari Folman,90,2283276,Waltz with Bashir ,46107,Hebrew,Israel,R,1500000,2008,8,0
Color,Gary Rogers,120,1098224,"The Book of Mormon Movie, Volume 1: The Journey ",397,English,USA,PG-13,2000000,2003,3.3,32
Color,Charles Ferguson,102,1430185,No End in Sight ,7314,English,USA,,2000000,2007,8.3,0
Color,Marielle Heller,102,1477002,The Diary of a Teenage Girl ,16645,English,USA,R,2000000,2015,6.9,0
Color,,60,,Get Real             ,415,English,USA,,,,7.3,43
 Black and White,David Sington,100,1134049,In the Shadow of the Moon ,5475,English,UK,PG,2000000,2007,8.1,0
Color,Kelly Reichardt,104,977600,Meek's Cutoff ,8204,English,USA,PG,,2010,6.5,0
 Black and White,Fenton Bailey,89,653621,Inside Deep Throat ,5615,English,USA,NC-17,2000000,2005,6.8,592
Color,Bob Giraldi,99,110000,Dinner Rush ,4359,English,USA,R,,2000,7.3,495
Color,Jill Sprecher,96,444354,Clockwatchers ,4049,English,UK,PG-13,,1997,6.4,166
Color,Huck Botko,86,535249,The Virginity Hit ,3467,English,USA,R,3400000,2010,4.6,974
Color,Luc Besson,98,,Subway ,11031,French,France,R,17000000,1985,6.5,739
Color,David Duchovny,96,371081,House of D ,7479,English,USA,PG-13,6000000,2004,7,857
Color,Mitchell Lichtenstein,94,347578,Teeth ,34556,English,USA,R,,2007,5.4,17000
Color,Lance Mungia,91,124494,Six-String Samurai ,5613,English,USA,PG-13,2000000,1998,6.7,0
Color,Kundan Shah,,,Hum To Mohabbat Karega ,275,Hindi,India,,,2000,2.8,10
Color,Michael Dowse,90,120620,It's All Gone Pete Tong ,16828,English,UK,R,,2004,7.4,0
Color,Hue Rhodes,85,100669,Saint John of Las Vegas ,2522,English,USA,R,3800000,2009,5.8,407
 Black and White,Shane Meadows,96,,24 7: Twenty Four Seven ,2081,English,UK,R,,1997,7.1,224
Color,Roland Emmerich,129,186354,Stonewall ,1758,English,USA,R,13500000,2015,4.5,0
Color,,60,,Eureka             ,39559,English,USA,TV-14,,,7.9,3000
Color,Jugal Hansraj,93,55202,Roadside Romeo ,922,Hindi,India,PG,,2008,5.3,39
Color,Danny Provenzano,100,,This Thing of Ours ,508,English,USA,Not Rated,,2003,5.4,61
Color,Bill Muir,97,549632,The Lost Medallion: The Adventures of Billy Stone ,1278,English,Thailand,PG,,2013,4.8,715
Color,Richard LaGravenese,94,137945,The Last Five Years ,6223,English,USA,PG-13,,2014,5.9,0
Color,Noah Buschel,95,17580,The Missing Person ,1268,English,USA,,1500000,2009,6.2,195
Color,Brian Yuzna,97,,Return of the Living Dead III ,10182,English,USA,R,2000000,1993,5.9,810
Color,Hunter Richards,92,12667,London ,19336,English,UK,R,14000,2005,6.6,0
Color,Laurie Collyer,96,198407,Sherrybaby ,10282,English,USA,R,2000000,2006,6.6,474
Color,Bruce McCulloch,85,13973532,Stealing Harvard ,11211,English,USA,PG-13,25000000,2002,5.1,215
Color,Aaron Hann,87,,Circle ,13279,English,USA,Not Rated,,2015,6,0
Color,James Watkins,91,5824,Eden Lake ,57811,English,UK,R,,2008,6.8,0
Color,Catherine Hardwicke,99,2843,Plush ,2895,English,USA,R,,2013,5.4,604
Color,Phil Claydon,88,,Vampire Killers ,17296,English,UK,R,,2009,5.2,0
Color,Ralph Ziman,119,4958,Gangster's Paradise: Jerusalema ,9689,English,South Africa,R,2000000,2008,7.8,1000
Color,John Simpson,99,,Freeze Frame ,2588,English,UK,R,2000000,2004,6.4,205
Color,Colin Minihan,92,,Grave Encounters ,40380,English,Canada,Not Rated,100000,2011,6.1,0
Color,Conor McMahon,86,,Stitches ,6585,English,Ireland,R,,2012,5.7,0
Color,Chris Shadley,83,,Nine Dead ,9280,English,USA,R,2000000,2010,5.5,0
Color,Simon Napier-Bell,81,,"To Be Frank, Sinatra at 100 ",7,English,UK,,2000000,2015,7.4,0
Color,Woody Allen,82,,Bananas ,27646,English,USA,GP,2000000,1971,7.1,0
Color,Simon Yin,102,13220,Supercapitalist ,289,English,USA,Not Rated,,2012,3.9,115
Color,Jeff Crook,90,,Rockaway ,355,English,USA,R,2000000,2007,4.6,44
Color,,30,,Wings             ,7646,English,USA,,,,7.3,1000
 Black and White,Orson Welles,92,7927,The Lady from Shanghai ,19236,English,USA,Not Rated,2300000,1947,7.7,0
Color,Dave Payne,88,,No Man's Land: The Rise of Reeker ,2701,English,USA,R,2000000,2008,4.9,153
Color,James Cox,97,,Highway ,5182,English,USA,R,14000000,2002,6.3,912
,Jonas Åkerlund,96,,Small Apartments ,5732,English,USA,R,2000000,2012,6.1,0
Color,Brad Copeland,87,,Coffee Town ,4204,English,USA,,2000000,2013,6.6,0
 Black and White,Paul Bunnell,106,2436,The Ghastly Love of Johnny X ,344,English,USA,Not Rated,2000000,2012,5.7,655
Color,Phil Morrison,107,4556,All Is Bright ,4478,English,USA,R,,2013,5.6,825
Color,Harald Reinl,80,,The Torture Chamber of Dr. Sadism ,952,German,West Germany,M,,1967,6,200
Color,James Cox,91,,Straight A's ,3605,English,USA,R,2000000,2013,5.7,0
Color,Richard Lester,99,,A Funny Thing Happened on the Way to the Forum ,6804,English,USA,Approved,2000000,1966,7,805
Color,Michael Moore,102,,Slacker Uprising ,2242,English,USA,,2000000,2007,5.3,69
Color,Tanner Beard,108,,The Legend of Hell's Gate: An American Conspiracy ,583,English,USA,PG-13,2000000,2011,4.4,651
Color,Scott Dow,88,,The Walking Deceased ,2348,English,USA,R,1250000,2015,3.4,0
Color,Derick Martini,89,,The Curse of Downers Grove ,1040,English,USA,,2000000,2015,4.5,0
Color,Jerry Dugan,92,,Shark Lake ,838,English,USA,Not Rated,2000000,2015,3.4,728
 Black and White,Tim Hunter,99,4600000,River's Edge ,11763,English,USA,R,1900000,1986,7.1,0
Color,Michael Polish,103,1420578,Northfork ,4894,English,USA,PG-13,1900000,2003,6.4,298
Color,William Kaufman,90,,The Marine 4: Moving Target ,2032,English,USA,R,1950000,2015,5.2,620
Color,Rodrigo Cortés,95,1028658,Buried ,118684,English,Spain,R,3000000,2010,7,24000
Color,Richard Ayoade,97,466702,Submarine ,65877,English,UK,R,,2010,7.3,17000
Color,Jehane Noujaim,108,,The Square ,6678,Arabic,Egypt,Not Rated,1500000,2013,8.1,0
Color,Pascal Arnold,95,18435,One to Another ,1010,French,France,Unrated,1400000,2006,5.8,104
Color,Kimberly Peirce,100,35266619,Carrie ,108248,English,USA,R,30000000,2013,5.9,39000
Color,Remo,160,95236,ABCD (Any Body Can Dance) ,5018,Hindi,India,Not Rated,,2013,6.4,1000
Color,Wes Craven,101,26505000,A Nightmare on Elm Street ,149293,English,USA,X,1800000,1984,7.5,10000
Color,James Marsh,90,2957978,Man on Wire ,40481,English,UK,PG-13,1000000,2008,7.8,0
Color,John Laing,86,,Abandoned ,333,English,New Zealand,,,2015,6.3,213
Color,Jamal Hill,89,444044,Brotherly Love ,744,English,USA,R,1900000,2015,7.2,1000
Color,Daniel Stamm,87,40990055,The Last Exorcism ,41509,English,France,PG-13,1800000,2010,5.6,0
Color,Sam Taylor-Johnson,98,1445366,Nowhere Boy ,29019,English,UK,R,,2009,7.2,10000
 Black and White,Elia Kazan,125,,A Streetcar Named Desire ,78454,English,USA,PG,1800000,1951,8,5000
 Black and White,Stanley Kubrick,95,,Dr. Strangelove or: How I Learned to Stop Worrying and Love the Bomb ,342585,English,USA,PG,1800000,1964,8.5,18000
Color,Carlos Carrera,118,5709616,El crimen del padre Amaro ,11088,Spanish,Mexico,R,1800000,2002,6.8,544
Color,Benh Zeitlin,93,12784397,Beasts of the Southern Wild ,70336,English,USA,PG-13,1800000,2012,7.3,31000
Color,J. Lee Thompson,96,,Battle for the Planet of the Apes ,22764,English,USA,G,1800000,1973,5.5,511
Color,Maggie Greenwald,109,3050934,Songcatcher ,2794,English,USA,PG-13,1800000,2000,7.3,0
Color,Vera Farmiga,109,841206,Higher Ground ,2603,English,USA,R,,2011,6.3,952
Color,Vijay Chandar,155,,Vaalu ,563,Tamil,India,,150000000,2015,5.1,82
Color,Morgan Spurlock,90,638476,The Greatest Movie Ever Sold ,13223,English,USA,PG-13,1500000,2011,6.6,0
 Black and White,Jonathan Wacks,93,,Ed and His Dead Mother ,1435,English,USA,PG-13,1800000,1993,6.1,266
Color,Khyentse Norbu,108,505295,Travelers and Magicians ,1747,Dzongkha,Australia,,1800000,2003,7.5,353
Color,Ted Post,114,,Hang 'Em High ,25472,English,USA,M,1800000,1968,7,0
 Black and White,Richard Brooks,87,,Deadline - U.S.A. ,1756,English,USA,,,1952,7.2,169
Color,Tony Krantz,113,,Sublime ,6267,English,USA,R,1800000,2007,5.3,368
Color,Mitchell Altieri,87,,A Beginner's Guide to Snuff ,13,English,USA,,,2016,8.7,8
Color,W.D. Hogan,90,,Independence Daysaster ,761,English,Canada,PG-13,1800000,2013,3.4,566
Color,Corey Grant,111,,Dysfunctional Friends ,686,English,USA,Not Rated,1800000,2012,5.4,569
 Black and White,Tom Tykwer,81,7267324,Run Lola Run ,161471,German,Germany,R,3500000,1998,7.8,0
Color,Lucky McKee,93,145540,May ,26773,English,USA,R,500000,2002,6.7,0
Color,Richard Boddington,90,,Against the Wild ,840,English,Canada,PG,2000000,2013,4.7,326
Color,David Hunt,112,,Living Dark: The Story of Ted the Caver ,28,English,USA,PG-13,1750000,2013,6.3,73
Color,Patricia Riggen,106,12589108,Under the Same Moon ,5526,Spanish,Mexico,PG-13,,2007,7.4,0
Color,J. Lee Thompson,88,,Conquest of the Planet of the Apes ,23268,English,USA,PG,1700000,1972,6.1,794
Color,Todd Field,138,35918429,In the Bedroom ,32415,English,USA,R,1700000,2001,7.5,951
Color,Steven R. Monroe,105,92401,I Spit on Your Grave ,56402,English,USA,R,2000000,2010,6.3,17000
Color,Mark Illsley,98,1943649,"Happy, Texas ",8697,English,USA,PG-13,1700000,1999,6.3,374
Color,Pawel Pawlikowski,86,992238,My Summer of Love ,16349,English,UK,R,1700000,2004,6.8,869
Color,Ritesh Batra,104,4231500,The Lunchbox ,30479,Hindi,India,PG,1000000,2013,7.8,16000
Color,Sally Potter,100,396035,Yes ,2725,English,UK,R,1000000,2004,6.9,305
 Black and White,Frank Capra,126,,You Can't Take It with You ,17799,English,USA,Approved,1644736,1938,8,0
 Black and White,Fred Zinnemann,118,,From Here to Eternity ,33987,English,USA,Not Rated,1650000,1953,7.8,0
Color,John Ford,103,,She Wore a Yellow Ribbon ,11920,English,USA,Unrated,1600000,1949,7.4,721
Color,Brad J. Silverman,102,2507106,Grace Unplugged ,2561,English,USA,PG,,2013,6.1,0
Color,Dave Meyers,84,6026908,Foolish ,536,English,USA,R,2000000,1999,4.3,43
Color,David M. Matthews,,2592808,N-Secure ,548,English,USA,R,,2010,3.5,588
Color,Nadine Labaki,95,1060591,Caramel ,9750,Arabic,France,PG,1300000,2007,7.2,0
Color,Lluís Quílez,92,,Out of the Dark ,2621,English,USA,R,,2014,4.7,844
Color,Eytan Fox,90,155972,The Bubble ,4702,Hebrew,Israel,Unrated,1500000,2006,7.3,0
Color,Francis Ford Coppola,113,,The Conversation ,74651,English,USA,PG,1600000,1974,7.9,6000
Color,Romesh Sharma,,129319,Dil Jo Bhi Kahey... ,257,English,India,,70000000,2005,5.1,9
Color,François Truffaut,123,26893,Mississippi Mermaid ,4391,French,France,R,1600000,1969,7.2,278
Color,Adam Goldberg,111,2580,I Love Your Work ,1618,English,USA,R,1650000,2003,5.4,63
Color,Travis Zariwny,99,,Cabin Fever ,3313,English,USA,Not Rated,,2016,3.7,2000
Color,Zack Snyder,110,58885635,Dawn of the Dead ,194426,English,USA,R,26000000,2004,7.4,7000
Color,Adrienne Shelly,108,19067631,Waitress ,37714,English,USA,PG-13,2000000,2007,7.1,0
Color,Newt Arnold,92,11806119,Bloodsport ,57578,English,USA,R,1100000,1988,6.8,0
 Black and White,Frank Capra,120,,Mr. Smith Goes to Washington ,77392,English,USA,Not Rated,1500000,1939,8.2,0
Color,Larry Clark,91,7417210,Kids ,59041,English,USA,,1500000,1995,7,0
Color,Noah Baumbach,88,7362100,The Squid and the Whale ,60295,English,USA,R,1500000,2005,7.4,0
Color,Charles Herman-Wurmfeld,97,7022940,Kissing Jessica Stein ,14018,English,USA,R,1000000,2001,6.7,682
Color,Yimou Zhang,95,190666,"A Woman, a Gun and a Noodle Shop ",2410,Mandarin,China,R,,2009,5.7,784
,John Stockwell,90,,Kickboxer: Vengeance ,246,,USA,,17000000,2016,9.1,0
Color,Alfred Hitchcock,95,,Spellbound ,32927,English,USA,Unrated,1696377,1945,7.6,0
Color,Atom Egoyan,103,5132222,Exotica ,14112,English,Canada,R,2000000,1994,7.2,619
Color,Vincent Gallo,110,2365931,Buffalo '66 ,36657,English,USA,R,1500000,1998,7.5,0
Color,James Wan,103,53991137,Insidious ,202800,English,USA,PG-13,1500000,2010,6.8,60000
Color,Alex Cox,92,,Repo Man ,25332,English,USA,R,1500000,1984,6.9,0
Color,Fabián Bielinsky,114,1221261,Nine Queens ,38215,Spanish,Argentina,R,1500000,2000,7.9,0
Color,Dror Moreh,101,2408553,The Gatekeepers ,4547,Hebrew,Israel,PG-13,,2012,7.6,0
Color,Rebecca Miller,112,712294,The Ballad of Jack and Rose ,9408,English,USA,R,1500000,2005,6.7,608
Color,Maggie Carey,104,3447339,The To Do List ,29517,English,USA,R,1500000,2013,5.8,0
Color,Roger Avary,99,418953,Killing Zoe ,17322,English,France,R,1500000,1993,6.5,853
 Black and White,Henry Bean,98,406035,The Believer ,30314,English,USA,R,1500000,2001,7.2,0
Color,David Gordon Green,107,402820,Snow Angels ,10896,English,USA,R,,2007,6.9,415
Color,Simeon Rice,93,,Unsullied ,95,English,USA,R,1500000,2014,5.5,307
Color,Brad Anderson,100,373967,Session 9 ,43839,English,USA,R,1500000,2001,6.5,0
Color,Jeff Garlin,80,194568,I Want Someone to Eat Cheese With ,2963,English,USA,R,1500000,2006,6.2,0
Color,Qasim Basir,94,,Mooz-Lum ,919,English,USA,PG-13,,2010,6.7,0
Color,Adam Green,93,,Hatchet ,23349,English,USA,R,1500000,2006,5.7,0
 Black and White,Charles Chaplin,87,163245,Modern Times ,143086,English,USA,G,1500000,1936,8.6,0
Color,Pete Jones,91,119841,Stolen Summer ,2419,English,USA,PG,1500000,2002,6.5,304
Color,Bruce Campbell,84,173066,My Name Is Bruce ,21379,English,USA,R,1500000,2007,6.3,0
Color,Mark Brown,90,92362,The Salon ,444,English,USA,PG-13,1500000,2005,4.3,68
Color,Adam Carolla,98,105943,Road Hard ,1351,English,USA,,1500000,2015,6.1,212
Color,Ira Sachs,108,,Forty Shades of Blue ,1134,English,USA,R,1500000,2005,6,216
Color,John Sayles,124,183490,Amigo ,463,English,USA,R,1700000,2010,5.8,594
Color,Bruce McDonald,95,3478,Pontypool ,22212,English,Canada,Not Rated,1500000,2008,6.7,0
Color,James Mottern,90,52166,Trucker ,2792,English,USA,R,2000000,2008,6.7,371
Color,Jaime Zevallos,93,,Me You and Five Bucks ,7,English,USA,,1500000,2015,7.6,132
Color,Rob Zombie,101,1163508,The Lords of Salem ,20376,English,USA,R,2500000,2012,5.1,15000
Color,Gerard Johnstone,107,,Housebound ,23323,English,New Zealand,Not Rated,350000,2014,6.8,10000
Color,Robert Greenwald,20,,Wal-Mart: The High Cost of Low Price ,4120,English,USA,Not Rated,1500000,2005,6.8,0
Color,David Ray,87,,Fetching Cody ,1232,English,Canada,,1500000,2005,6.8,193
,Dave Rodriguez,98,,Once Upon a Time in Queens ,291,English,USA,R,1500000,2013,6.3,283
Color,Nae Caranfil,112,,Closer to the Moon ,2841,English,Romania,Not Rated,5000000,2014,7.1,0
Color,David Winning,82,,Mutant World ,459,English,Canada,,1500000,2014,2.8,236
Color,Frank Lotito,102,,Growing Up Smith ,108,English,USA,PG-13,2000000,2015,8.2,232
Color,Timothy Woodward Jr.,97,,Checkmate ,735,English,USA,,1500000,2015,3.1,402
Color,Christopher McQuarrie,130,80033643,Jack Reacher ,226583,English,USA,PG-13,60000000,2012,7,38000
Color,Tara Subkoff,101,,#Horror ,1547,English,USA,Not Rated,1500000,2015,3.3,750
Color,Russell Friedenberg,93,,Wind Walkers ,133,English,USA,R,2000000,2015,3.6,135
Color,William Cottrell,83,184925485,Snow White and the Seven Dwarfs ,133348,English,USA,Approved,2000000,1937,7.7,0
Color,Lucrecia Martel,106,304124,The Holy Girl ,2720,Spanish,Argentina,R,1400000,2004,6.7,57
Color,Edward Dmytryk,113,,Shalako ,1978,English,UK,PG,1455000,1968,5.5,209
Color,Zak Penn,94,36830,Incident at Loch Ness ,3291,English,UK,PG-13,1400000,2004,6.6,400
Color,Alex Ranarivelo,101,,The Dog Lover ,162,English,USA,PG,2000000,2016,4.8,724
Color,Jon Knautz,99,,Girl House ,4948,English,Canada,,3150000,2014,5.5,969
Color,Mathieu Amalric,76,231186,The Blue Room ,2082,French,France,R,,2014,6.3,389
Color,David Worth,91,,House at the End of the Drive ,330,English,USA,R,1400000,2014,6.9,223
Color,Leslie H. Martinson,105,,Batman: The Movie ,22975,English,USA,Approved,1377800,1966,6.5,0
Color,Guy Ritchie,120,3650677,"Lock, Stock and Two Smoking Barrels ",414976,English,UK,R,960000,1998,8.2,21000
Color,Robert M. Young,105,,The Ballad of Gregorio Cortez ,39,English,USA,,1250000,1982,7.1,32
Color,,120,,The Streets of San Francisco             ,3405,English,USA,,,,7.3,533
Color,Thomas Vinterberg,105,1647780,The Celebration ,65951,Danish,Denmark,R,1300000,1998,8.1,5000
Color,Steve Buscemi,95,695229,Trees Lounge ,11369,English,USA,R,1300000,1996,7.2,872
Color,Ham Tran,135,638951,Journey from the Fall ,775,Vietnamese,USA,R,1592000,2006,7.4,100
Color,Rich Cowan,105,609042,The Basket ,449,English,USA,PG,1300000,1999,6.5,117
Color,Boris Rodriguez,83,1521,Eddie: The Sleepwalking Cannibal ,1231,English,Canada,Not Rated,1500000,2012,5.7,932
Color,Harold Becker,111,32940507,Mercury Rising ,54316,English,USA,R,60000000,1998,6.1,0
Color,,60,,Space: Above and Beyond             ,6381,English,USA,,5000000,,7.7,963
Color,Sadyk Sher-Niyaz,135,,Queen of the Mountains ,3144,English,Kyrgyzstan,PG-13,1400000,2014,8.7,0
Color,Paul Donovan,88,,Def-Con 4 ,1339,English,Canada,R,1750000,1985,4.3,220
 Black and White,Jonathan Kesselman,87,19539,The Hebrew Hammer ,4182,English,USA,R,1000000,2003,6.2,3000
Color,Arjun Sablok,97,100358,Neal 'N' Nikki ,1167,English,India,,1500000,2005,3.3,66
Color,Craig Moss,82,,The 41-Year-Old Virgin Who Knocked Up Sarah Marshall and Felt Superbad About It ,5579,English,USA,R,1300000,2010,2.7,0
Color,Tyler Oliver,103,,Forget Me Not ,4866,English,USA,R,1300000,2009,5.2,969
 Black and White,Alfred Hitchcock,130,,Rebecca ,87424,English,USA,Not Rated,1288000,1940,8.2,0
Color,Steve Miner,87,19100000,Friday the 13th Part 2 ,39690,English,USA,R,1250000,1981,6.1,0
 Black and White,Billy Wilder,101,,The Lost Weekend ,24959,English,USA,Not Rated,1250000,1945,8,0
Color,Douglas Cheek,96,,C.H.U.D. ,7528,English,USA,R,1250000,1984,5.5,0
Color,Youssef Delara,80,2833383,Filly Brown ,910,English,USA,R,427000,2012,5.7,0
Color,Deryck Broom,87,,The Lion of Judah ,458,English,USA,PG,15000000,2011,3.7,381
Color,Henry Hathaway,92,,Niagara ,11047,English,USA,Approved,1250000,1953,7.1,1000
 Black and White,John Ford,118,,How Green Was My Valley ,15840,English,USA,Approved,1250000,1941,7.8,0
Color,,27,,The Girlfriend Experience             ,3282,English,USA,TV-MA,,,7.3,632
Color,Spike Lee,123,,Da Sweet Blood of Jesus ,794,English,USA,,1420000,2014,4.1,447
Color,Steven Soderbergh,100,24741700,"Sex, Lies, and Videotape ",37785,English,USA,R,1200000,1989,7.2,2000
Color,James Wan,103,55153403,Saw ,299127,English,USA,R,1200000,2004,7.7,0
Color,Jay Chandrasekhar,100,18488314,Super Troopers ,76151,English,USA,R,1200000,2001,7.1,0
Color,Giovanni Zelko,99,,The Algerian ,101,English,USA,,1300000,2014,7.6,221
Color,Claudia Sainte-Luce,89,11278,The Amazing Catfish ,1229,Spanish,Mexico,,1300000,2013,7,407
Color,Scott Derrickson,104,79363785,The Day the Earth Stood Still ,139426,English,USA,PG-13,80000000,2008,5.5,0
Color,Mira Nair,114,13876974,Monsoon Wedding ,19397,Hindi,India,R,7000000,2001,7.4,0
Color,Kenneth Lonergan,111,9180275,You Can Count on Me ,22145,English,USA,R,1200000,2000,7.7,756
Color,Alfred Hitchcock,99,,The Trouble with Harry ,24891,English,USA,Approved,1200000,1955,7.2,0
Color,Paul McGuigan,110,22494487,Lucky Number Slevin ,262160,English,Germany,R,27000000,2006,7.8,10000
Color,Jamie Babbit,85,2199853,But I'm a Cheerleader ,19986,English,USA,R,1200000,1999,6.6,0
Color,David Boyd,113,2859955,Home Run ,2417,English,USA,PG-13,1200000,2013,6,0
Color,Quentin Tarantino,99,2812029,Reservoir Dogs ,664719,English,USA,R,1200000,1992,8.4,19000
 Black and White,Walter Lang,83,,The Blue Bird ,1047,English,USA,Approved,,1940,6.5,548
Color,Sergio Leone,142,6100000,"The Good, the Bad and the Ugly ",503509,Italian,Italy,Approved,1200000,1966,8.9,20000
Color,Anna Muylaert,112,375723,The Second Mother ,7025,Portuguese,Brazil,R,4000000,2015,7.9,0
Color,Steve Taylor,108,594904,Blue Like Jazz ,2582,English,USA,PG-13,1200000,2012,6,0
Color,Kurt Voss,88,58936,Down and Out with the Dolls ,91,English,USA,R,1200000,2001,6.1,27
Color,Léa Pool,97,24784,"Pink Ribbons, Inc. ",591,English,Canada,Not Rated,1200000,2011,7.4,5000
Color,James David Pasternak,85,7826,Certifiably Jonathan ,132,English,USA,,1200000,2007,6.2,87
Color,Laurent Bouhnik,103,,Q ,4068,French,France,,1500000,2011,5.6,754
Color,Tom Sanchez,110,3830,The Knife of Don Juan ,27,Spanish,USA,,1200000,2013,7.2,75
Color,David Caffrey,88,,Grand Theft Parsons ,2953,English,USA,PG-13,,2003,6.1,480
Color,Adam Jay Epstein,76,,Extreme Movie ,9560,English,USA,R,,2008,3.8,636
 Black and White,Michael Curtiz,100,,The Charge of the Light Brigade ,3418,English,USA,Approved,1200000,1936,7.1,204
Color,Justin Thomas Ostensen,99,,Below Zero ,652,English,Canada,R,1200000,2011,4.5,161
Color,Brenton Spencer,84,,Crowsnest ,1321,English,Canada,R,1200000,2012,3.8,238
Color,Rob Bowman,91,2850263,Airborne ,5061,English,USA,PG,2600000,1993,6.2,0
Color,Ossie Davis,97,,Cotton Comes to Harlem ,1172,English,USA,R,1200000,1970,6.6,477
Color,Jay Alaimo,84,,The Wicked Within ,742,English,USA,R,1200000,2015,4.6,479
Color,Dylan Bank,100,,Bleeding Hearts ,71,English,USA,,1200000,2015,4.2,242
Color,Rob McKittrick,94,16101109,Waiting... ,76467,English,USA,R,3000000,2005,6.8,0
 Black and White,Shane Meadows,90,6013,Dead Man's Shoes ,39929,English,UK,,695393,2004,7.7,0
Color,,,,Wolf Creek             ,726,English,Australia,,,,7.1,954
Color,Jeff Burr,92,1400000,From a Whisper to a Scream ,1324,English,USA,R,1100000,1987,5.9,241
Color,Harry Gantz,105,247740,Sex with Strangers ,285,English,USA,,,2002,4.7,51
 Black and White,Guy Maddin,73,39659,Dracula: Pages from a Virgin's Diary ,1555,English,Canada,,1600000,2002,7,131
Color,Regardt van den Bergh,116,,Faith Like Potatoes ,2050,Zulu,South Africa,PG,10000000,2006,6.9,0
Color,Panos Cosmatos,110,56129,Beyond the Black Rainbow ,6555,English,Canada,R,1100000,2010,6.1,0
Color,Gareth Evans,102,4105123,The Raid: Redemption ,148221,Indonesian,Indonesia,R,1100000,2011,7.6,51000
Color,Matthew R. Anderson,89,,The Dead Undead ,737,English,USA,R,1100000,2010,3,444
Color,Joe Marino,76,,The Vatican Exorcisms ,332,English,Italy,R,1100000,2013,2.6,200
Color,Michael Curtiz,82,,Casablanca ,387508,English,USA,PG,950000,1942,8.6,23000
Color,Joel Anderson,89,,Lake Mungo ,9465,English,Australia,R,1400000,2008,6.1,0
Color,Shimit Amin,150,,Rocket Singh: Salesman of the Year ,11010,Hindi,India,,,2009,7.5,773
Color,Douglas Trumbull,89,,Silent Running ,20678,English,USA,GP,1000000,1972,6.7,0
Color,John G. Avildsen,145,117235247,Rocky ,375240,English,USA,PG,960000,1976,8.1,0
Color,Mona Fastvold,91,,The Sleepwalker ,512,English,Norway,Not Rated,1100000,2014,4.9,234
Color,John Carpenter,89,21378000,The Fog ,46493,English,USA,R,1000000,1980,6.8,7000
Color,Tony Richardson,121,,Tom Jones ,8508,English,UK,Unrated,1000000,1963,6.8,328
Color,Levan Gabriadze,83,31537320,Unfriended ,44329,English,USA,R,1000000,2014,5.7,13000
Color,Martin Scorsese,110,,Taxi Driver ,507063,English,USA,R,1300000,1976,8.3,35000
Color,Joe Dante,91,17986000,The Howling ,22773,English,USA,R,1000000,1981,6.6,0
Color,Terence Young,110,16067035,Dr. No ,116642,English,UK,Approved,1100000,1962,7.3,5000
Color,Bradley Parker,86,18112929,Chernobyl Diaries ,52642,English,USA,R,1000000,2012,5,24000
Color,Clive Barker,86,14564027,Hellraiser ,76407,English,UK,R,1000000,1987,7,0
Color,Harold Cronk,120,20773070,God's Not Dead 2 ,4501,English,USA,PG,5000000,2016,3.4,0
Color,Jeff Wadlow,90,10042266,Cry_Wolf ,23021,English,USA,PG-13,1000000,2005,5.9,816
Color,Takao Okawara,99,10037390,Godzilla 2000 ,5442,Japanese,Japan,PG,1000000000,1999,6,339
Color,Derek Cianfrance,112,9701559,Blue Valentine ,141425,English,USA,R,3500000,2010,7.4,25000
Color,Duncan Tucker,103,9013113,Transamerica ,36321,English,USA,R,1000000,2005,7.4,0
Color,William Brent Bell,83,53245055,The Devil Inside ,30570,English,USA,R,1000000,2012,4.2,12000
Color,Russ Meyer,109,9000000,Beyond the Valley of the Dolls ,7584,English,USA,X,900000,1970,6.2,0
 Black and White,Robert D. Webb,89,,Love Me Tender ,2636,English,USA,,1000000,1956,6.2,365
Color,Davis Guggenheim,96,23808111,An Inconvenient Truth ,67654,English,USA,PG,,2006,7.5,0
 Black and White,Allan Dwan,109,,Sands of Iwo Jima ,7346,English,USA,Approved,1000000,1949,7.2,624
Color,Martin Scorsese,122,5355376,Shine a Light ,9638,English,USA,PG-13,,2008,7.2,0
Color,Eli Roth,100,7186670,The Green Inferno ,21468,English,USA,R,6000000,2013,5.4,12000
Color,Andrew Steggall,109,,Departure ,162,English,UK,,1100000,2015,7,75
Color,Ben Lewin,95,5997134,The Sessions ,36381,English,USA,R,1000000,2012,7.2,11000
Color,Robert Kenner,94,4417124,"Food, Inc. ",42389,English,USA,PG,,2008,7.9,37000
Color,Andrew Erwin,107,5355847,October Baby ,6110,English,USA,PG-13,,2011,6.8,0
Color,Brad Anderson,104,3386698,Next Stop Wonderland ,4195,English,USA,R,1000000,1998,6.7,392
Color,Jason Reitman,96,143492840,Juno ,414345,English,USA,PG-13,7500000,2007,7.5,10000
Color,Craig Johnson,93,5283379,The Skeleton Twins ,31254,English,USA,R,,2014,6.8,0
Color,Sean Durkin,102,2981638,Martha Marcy May Marlene ,40425,English,USA,R,,2011,6.9,0
Color,Gillian Robespierre,84,3122616,Obvious Child ,16594,English,USA,R,,2014,6.8,0
Color,Courtney Hunt,97,2508841,Frozen River ,21746,English,USA,R,1000000,2008,7.2,0
Color,Morgan Neville,91,4946250,20 Feet from Stardom ,9540,English,USA,PG-13,1000000,2013,7.4,14000
Color,James Toback,84,1950218,Two Girls and a Guy ,5933,English,USA,R,1000000,1997,5.6,387
Color,Nicole Holofcener,86,1277257,Walking and Talking ,2629,English,UK,R,1000000,1996,6.8,227
Color,Peter Cattaneo,91,45857453,The Full Monty ,82232,English,UK,R,3500000,1997,7.2,0
Color,Chris Paine,92,1677838,Who Killed the Electric Car? ,11283,English,USA,PG,1000000,2006,7.7,0
Color,Greg Berlanti,94,1744858,The Broken Hearts Club: A Romantic Comedy ,6084,English,USA,R,1000000,2000,7,671
Color,Don Coscarelli,92,,Bubba Ho-Tep ,38893,English,USA,R,1000000,2002,7.2,0
Color,Rob Letterman,103,80021740,Goosebumps ,47988,English,USA,PG,58000000,2015,6.4,35000
Color,Marc Levin,100,982214,Slam ,1976,English,USA,R,1000000,1998,7.2,603
Color,Richard Dutcher,119,798341,Brigham City ,983,English,USA,PG-13,1000000,2001,7.2,100
 Black and White,Khalid Mohamed,167,610991,Fiza ,2715,Hindi,India,,1000000,2000,6.2,92
Color,Mel Brooks,92,,History of the World: Part I ,36559,English,USA,R,11000000,1981,6.9,0
Color,Trey Parker,92,582024,Orgazmo ,30396,English,USA,NC-17,1000000,1997,6.2,0
Color,David Gordon Green,108,548712,All the Real Girls ,9233,English,USA,R,2500000,2003,6.9,571
Color,Finn Taylor,97,464655,Dream with the Fishes ,1524,English,USA,R,1000000,1997,7,166
Color,Karen Moncrieff,88,464126,Blue Car ,3142,English,USA,R,1000000,2002,6.7,115
Color,José Luis Valenzuela,100,428535,Luminarias ,505,English,USA,R,1000000,2000,3.6,24
Color,Gia Coppola,100,750100,Palo Alto ,19752,English,USA,R,,2013,6.3,0
Color,Scandar Copti,124,621240,Ajami ,4999,Arabic,Germany,,,2009,7.4,0
Color,Goran Dukic,88,104077,Wristcutters: A Love Story ,46076,English,USA,R,1000000,2006,7.4,11000
Color,Mike Cahill,106,334658,I Origins ,75633,English,USA,R,,2014,7.3,32000
Color,Efram Potelle,79,279282,The Battle of Shaker Heights ,3806,English,USA,PG-13,1000000,2003,6.1,150
Color,Peter Jackson,135,43982842,The Lovely Bones ,125114,English,USA,PG-13,65000000,2009,6.7,16000
Color,Joshua Oppenheimer,96,484221,The Act of Killing ,23836,Indonesian,UK,Not Rated,1000000,2012,8.2,20000
Color,Alex Gibney,53,274661,Taxi to the Dark Side ,10564,English,USA,R,1000000,2007,7.7,0
Color,Paul Crowder,97,144431,Once in a Lifetime: The Extraordinary Story of the New York Cosmos ,1290,English,UK,PG-13,1000000,2006,7.3,587
Color,Rohit Jagessar,120,227241,Guiana 1838 ,56,English,USA,Unrated,,2004,7.4,32
Color,Griffin Dunne,90,112521,Lisa Picard Is Famous ,455,English,USA,PG-13,,2000,5.7,25
Color,Anthony Powell,91,287761,Antarctica: A Year on Ice ,2482,English,New Zealand,PG,1000000,2013,7.6,0
Color,Kief Davidson,93,100240,A Lego Brickumentary ,1220,English,Denmark,G,1000000,2014,6.8,0
Color,Johnny Remo,112,96734,Hardflip ,606,English,USA,PG-13,1000000,2012,5.6,706
Color,Vivek Agnihotri,160,49000,Chocolate: Deep Dark Secrets ,1524,Hindi,India,,1500000,2005,4.8,31
Color,Ti West,95,100659,The House of the Devil ,30160,English,USA,R,900000,2009,6.4,0
Color,Nick Tomnay,93,48430,The Perfect Host ,20176,English,USA,R,500000,2010,6.8,0
Color,John Hamburg,88,21210,Safe Men ,2735,English,USA,R,1000000,1998,6.1,157
Color,Nickolas Perry,105,,Speedway Junky ,1434,English,USA,R,1000000,1999,5.2,27
Color,Dan Zukovic,98,22434,The Last Big Thing ,334,English,USA,R,,1996,6.9,43
Color,Craig Mazin,82,12996,The Specials ,1938,English,USA,R,1000000,2000,6,210
Color,Becky Smith,89,,16 to Life ,397,English,USA,,1000000,2009,6.3,143
 Black and White,Eric Nicholas,78,10018,Alone with Her ,3228,English,USA,Not Rated,1000000,2006,6.1,244
Color,Benjamin Dickinson,97,62480,Creative Control ,1048,English,USA,R,1000000,2015,5.5,793
Color,Hal Haberman,81,6387,Special ,4862,English,USA,R,1000000,2006,6.9,0
Color,Darren Stein,90,5494,Sparkler ,377,English,USA,R,,1997,5.6,17
Color,A. Raven Cruz,97,,The Helix... Loaded ,534,English,USA,R,1000000,2005,1.9,128
Color,Brian Trenchard-Smith,88,721,In Her Line of Fire ,783,English,Germany,R,1000000,2006,4.1,42
Color,Frank Whaley,96,703,The Jimmy Show ,480,English,USA,R,1500000,2001,5.4,47
Color,Amat Escalante,105,,Heli ,3499,Spanish,Mexico,Not Rated,1000000,2013,6.8,0
Color,Wajahat Rauf,,,Karachi se Lahore ,876,Urdu,Pakistan,,1000000,2015,7,259
Color,Katherine Brooks,76,,Loving Annabelle ,9190,English,USA,Not Rated,1000000,2006,6.7,501
Color,David Cross,96,,Hits ,1359,English,USA,,1000000,2014,5.8,903
Color,Randall Rubin,99,,Jimmy and Judy ,1420,English,USA,R,1000000,2006,6.2,138
Color,Robert Bennett,90,,Frat Party ,1612,English,USA,R,1000000,2009,2.8,297
 Black and White,Guy Hamilton,94,,The Party's Over ,340,English,UK,,,1965,7.3,32
Color,Mary Pat Kelly,87,,Proud ,275,English,USA,PG,1000000,2004,5.8,141
Color,Lori Petty,93,,The Poker House ,3943,English,USA,R,,2008,6.5,599
Color,Charlie Levi,90,,Childless ,33,English,USA,R,1000000,2008,6.1,3
Color,Kevin Hamedani,89,,ZMD: Zombies of Mass Destruction ,3650,English,USA,R,500000,2009,5.1,0
Color,David DeCoteau,83,,Snow White: A Deadly Summer ,634,English,USA,PG-13,1000000,2012,2.2,150
Color,Mikel Rueda,96,,Hidden Away ,955,Spanish,Spain,Unrated,,2014,7.2,68
Color,Stefan C. Schaefer,90,,My Last Day Without You ,982,English,USA,,1000000,2011,5.7,370
Color,Michael Taliferro,138,,Steppin: The Movie ,293,English,USA,PG-13,1000000,2009,3.4,41
Color,David DeCoteau,84,,Doc Holliday's Revenge ,93,English,USA,PG-13,1000000,2014,3.8,54
Color,Katie Aselton,83,,Black Rock ,6531,English,USA,R,,2012,4.7,0
Color,Robert Heath,96,,Truth or Die ,6513,English,UK,Not Rated,1000000,2012,5.6,968
Color,D. Stevens,94,,The Pet ,425,English,USA,,1000000,2006,3.9,91
Color,Jeffrey St. Jules,90,,Bang Bang Baby ,137,English,Canada,,1000000,2014,5.4,48
Color,Robert Hall,95,,Fear Clinic ,6256,English,USA,R,1000000,2015,5.2,936
Color,K. King,93,,Zombie Hunter ,2057,English,USA,Not Rated,1000000,2013,3.5,0
,Jonathan Meyers,111,,A Fine Step ,207,,USA,PG,1000000,2014,5.3,212
Color,Danny Boyle,101,2319187,Trance ,92640,English,UK,R,20000000,2013,7,23000
Color,Ralph Nelson,103,,Charly ,4998,English,USA,PG,,1968,7.1,785
Color,Blair Erickson,87,,Banshee Chapter ,6265,English,Germany,R,950000,2013,5.5,2000
Color,,30,,Jesse             ,954,English,USA,,,,5.9,57
Color,Allison Burnett,100,,Ask Me Anything ,7870,English,USA,Not Rated,950000,2014,6,884
Color,Richard Schenkman,90,,And Then Came Love ,443,English,USA,,989000,2007,4.8,42
Color,Sanjay Rawal,83,,Food Chains ,265,English,USA,,913000,2014,7.1,489
 Black and White,Elia Kazan,108,9600000,On the Waterfront ,100890,English,USA,Not Rated,910000,1954,8.2,0
Color,Kat Coiro,100,20186,L!fe Happens ,6025,English,USA,R,930000,2011,5.7,995
Color,Cristian Mungiu,113,1185783,"4 Months, 3 Weeks and 2 Days ",44763,Romanian,Romania,Not Rated,590000,2007,7.9,14000
Color,Brian Dorton,97,,The Horror Network Vol. 1 ,139,English,USA,,3000000,2015,7.3,52
Color,David Slade,104,1007962,Hard Candy ,131969,English,USA,R,950000,2005,7.1,12000
Color,Jamie Babbit,91,381186,The Quiet ,13485,English,USA,R,900000,2005,6.4,698
Color,Maryam Keshavarz,107,439958,Circumstance ,6277,Persian,France,R,,2011,5.9,0
Color,Ryan Coogler,85,16097842,Fruitvale Station ,53919,English,USA,R,900000,2013,7.5,17000
Color,Ramaa Mosley,101,6643,The Brass Teapot ,11965,English,USA,R,900000,2012,6.4,0
Color,James Algar,70,102797150,Bambi ,94225,English,USA,Approved,,1942,7.4,0
Color,Charles Herman-Wurmfeld,88,442638,The Hammer ,5489,English,USA,R,850000,2007,7.3,337
Color,Ric Roman Waugh,112,42919096,Snitch ,64748,English,USA,PG-13,15000000,2013,6.5,12000
Color,C. Jay Cox,107,819939,Latter Days ,14580,English,USA,R,850000,2003,7.2,0
Color,Mariette Monpierre,78,,Elza ,19,French,France,,900000,2011,6.7,24
Color,Tommy Oliver,90,,1982 ,122,English,USA,R,1000000,2013,7.1,181
Color,Jamie Travis,88,1243961,"For a Good Time, Call... ",13421,English,USA,R,850000,2012,6,0
Color,Lee Toland Krieger,92,3094687,Celeste & Jesse Forever ,24391,English,USA,R,,2012,6.7,0
Color,Rich Christiano,95,15278,Time Changer ,1742,English,USA,PG,825000,2002,5.6,409
Color,Paul Andrew Williams,85,,London to Brighton ,7308,English,UK,R,500000,2006,7,933
Color,Nick Love,86,,American Hero ,2706,English,USA,,990000,2015,4.9,549
Color,Natalie Bible',90,,Windsor Drive ,169,English,USA,,100000,2015,3.2,312
Color,Asghar Farhadi,123,7098492,A Separation ,151812,Persian,Iran,PG-13,500000,2011,8.4,48000
Color,Justin Molotnikov,93,,Crying with Laughter ,190,English,UK,,,2009,6.9,33
Color,Todd Solondz,88,4771000,Welcome to the Dollhouse ,26513,English,USA,R,800000,1995,7.5,0
Color,Victor Nunez,114,1001437,Ruby in Paradise ,2039,English,USA,R,800000,1993,7.2,81
Color,Peter Sollett,88,2073984,Raising Victor Vargas ,4743,English,France,R,800000,2002,7.2,219
 Black and White,Georg Wilhelm Pabst,110,9950,Pandora's Box ,7431,German,Germany,Not Rated,,1929,8,926
Color,Daniel Davila,95,,Harrison Montgomery ,59,English,USA,,850000,2008,7.4,18
Color,Jorge Gaggero,83,,Live-In Maid ,772,Spanish,Argentina,Unrated,800000,2004,7.2,83
Color,Rod Lurie,104,144583,Deterrence ,2256,English,France,R,800000,1999,6.5,130
Color,Michael Burke,94,,The Mudge Boy ,3480,English,USA,R,800000,2003,7.2,396
Color,Catherine Jelski,87,58163,The Young Unknowns ,122,English,USA,R,,2000,4.2,4
Color,Shane Dawson,93,35688,Not Cool ,4167,English,USA,Not Rated,600000,2014,5.1,0
Color,Tommy Wirkola,91,41709,Dead Snow ,54601,Norwegian,Norway,Not Rated,800000,2009,6.4,23000
Color,Ryan Little,90,1310270,Saints and Soldiers ,17725,English,USA,PG-13,780000,2003,6.8,1000
Color,Clark Baker,14,,Vessel ,292,English,USA,,,2012,6.2,14
Color,George Lucas,112,115000000,American Graffiti ,63839,English,USA,PG,777000,1973,7.5,0
Color,Robert Greenwald,75,,Iraq for Sale: The War Profiteers ,1477,English,USA,,750000,2006,7.7,274
Color,Matt Maiellaro,86,5518918,Aqua Teen Hunger Force Colon Movie Film for Theaters ,12160,English,USA,R,750000,2007,6.9,307
Color,Colin Trevorrow,86,4007792,Safety Not Guaranteed ,101287,English,USA,R,750000,2012,7,31000
Color,Leslie Small,89,7705974,Kevin Hart: Laugh at My Pain ,3543,English,USA,R,,2011,7.5,614
Color,Ben Wheatley,95,26297,Kill List ,25750,English,UK,Not Rated,500000,2011,6.3,0
Color,Ti West,101,77501,The Innkeepers ,27260,English,USA,R,750000,2011,5.5,0
Color,David S. Goyer,89,42638165,The Unborn ,42183,English,USA,PG-13,16000000,2009,4.8,0
Color,Bernardo Bertolucci,106,,The Conformist ,17813,Italian,Italy,R,750000,1970,8.1,0
Color,Neil Burger,88,47329,Interview with the Assassin ,1661,English,USA,R,750000,2002,6.6,163
Color,Oliver Blackburn,99,18378,Donkey Punch ,9376,English,UK,R,900000,2008,5.2,0
Color,Jonathan Levine,90,,All the Boys Love Mandy Lane ,25951,English,USA,R,750000,2006,5.6,2000
Color,Christopher Hutson,95,,Bled ,851,English,USA,R,750000,2009,3.1,128
 Black and White,Fred Zinnemann,85,,High Noon ,80193,English,USA,PG,750000,1952,8.1,3000
Color,Steve James,170,7830611,Hoop Dreams ,18980,English,USA,PG-13,700000,1994,8.3,0
Color,David LaChapelle,86,3278611,Rize ,2877,English,USA,PG-13,,2005,7.1,903
Color,Joseph Kosinski,,,Destiny ,3089,English,USA,,,2014,8.1,1000
Color,Michael Cuesta,97,1141829,L.I.E. ,8509,English,USA,NC-17,700000,2001,7.2,420
Color,Caryn Waechter,104,,The Sisterhood of Night ,1354,English,USA,PG-13,1000000,2014,6.3,523
Color,Emily Dell,88,,B-Girl ,551,English,USA,PG-13,,2009,4,303
Color,Peter Jackson,201,218051260,King Kong ,316027,English,New Zealand,PG-13,207000000,2005,7.2,0
Color,Jaume Collet-Serra,108,32048809,House of Wax ,94463,English,Australia,R,30000000,2005,5.3,0
Color,Ryan Fleck,106,2694973,Half Nelson ,70885,English,USA,R,700000,2006,7.2,0
Color,Jennifer Wynne Farmer,107,10508,Naturally Native ,103,English,USA,PG-13,700000,1998,6.5,102
Color,Christopher Scott Cherot,84,2301777,Hav Plenty ,819,English,USA,R,650000,1997,6.5,161
Color,H.M. Coakley,91,,Adulterers ,514,English,USA,,750000,2015,4.9,158
 Black and White,Randy Moore,90,169719,Escape from Tomorrow ,7384,English,USA,Not Rated,,2013,5.2,0
Color,Chris Atkins,103,,Starsuckers ,474,English,UK,,400000,2009,7.4,203
Color,Bill Benenson,71,,The Hadza: Last of the First ,5,English,USA,,650000,2014,7.4,5
Color,Ryan Smith,90,,After ,3699,English,USA,PG-13,650000,2012,5.4,1000
Color,Travis Romero,67,,Treachery ,344,English,USA,,625000,2013,3.9,0
Color,Anna Mastro,94,,Walter ,1432,English,USA,,700000,2015,5.3,0
 Black and White,Mark Sandrich,81,3000000,Top Hat ,13269,English,USA,Approved,609000,1935,7.8,1000
 Black and White,Daniel Myrick,81,140530114,The Blair Witch Project ,186786,English,USA,R,60000,1999,6.4,0
Color,Michael Wadleigh,215,13300000,Woodstock ,12631,English,USA,R,600000,1970,8.1,0
Color,John Landis,83,,The Kentucky Fried Movie ,13915,English,USA,R,650000,1977,6.5,0
Color,Jon Gunn,106,171988,Mercy Streets ,448,English,USA,PG-13,600000,2000,5.6,12
Color,Gene Teigland,103,23616,Arnolds Park ,94,English,USA,PG-13,600000,2007,5.6,11
Color,Scott Ziehl,90,13493,Broken Vessels ,531,English,USA,R,600000,1998,6.6,51
Color,Richard Montoya,88,79043,Water & Power ,85,English,USA,Not Rated,,2013,6.3,358
Color,Johanna Schwartz,105,,They Will Have to Kill Us First ,74,French,UK,,400000,2015,7.7,34
Color,William Gazecki,115,,Crop Circles: Quest for Truth ,204,English,USA,,750000,2002,7,32
Color,Lance McDaniel,90,,Light from the Darkroom ,6,English,USA,PG-13,600000,2014,8,9
Color,Thomas Lilti,102,,Irreplaceable ,389,French,France,,,2016,7.2,36
Color,Michael Walker,98,,The Maid's Room ,719,English,USA,,600000,2013,4.5,128
 Black and White,Richard Lester,87,515005,A Hard Day's Night ,31429,English,UK,Approved,560000,1964,7.7,0
Color,U. Roberto Romano,80,2245,The Harvest/La Cosecha ,57,English,USA,,560000,2011,7.2,88
Color,Amy Holden Jones,88,,Love Letters ,487,English,USA,R,550000,1983,6.1,7
Color,Blaz Zavrsnik,83,,Julija in alfa Romeo ,86,Slovenian,Slovenia,,500000,2015,6.4,18
Color,Alex Kendrick,122,33451479,Fireproof ,17068,English,USA,PG,500000,2008,6.5,0
Color,Pan Nalin,115,,Faith Connections ,113,Hindi,India,,550000,2013,7,126
Color,Joe Camp,86,39552600,Benji ,3411,English,USA,G,500000,1974,6.1,816
Color,Chris Kentis,79,30500882,Open Water ,42256,English,USA,R,500000,2003,5.7,0
Color,Matt Walsh,87,,High Road ,1305,English,USA,R,,2011,5.4,244
Color,John 'Bud' Cardos,97,17000000,Kingdom of the Spiders ,3274,English,USA,PG,500000,1977,5.9,0
Color,Marilyn Agrelo,105,8044906,Mad Hot Ballroom ,3156,English,USA,PG,,2005,7.5,588
Color,Tom McCarthy,89,5739376,The Station Agent ,58260,English,USA,R,500000,2003,7.7,0
Color,Brian Baugh,120,3773863,To Save a Life ,4583,English,USA,PG-13,1000000,2009,7.1,0
Color,Patrick Creadon,94,3117666,Wordplay ,3394,English,USA,PG,,2006,7.4,694
Color,Barry W. Blaustein,108,2047570,Beyond the Mat ,6790,English,USA,R,500000,1999,7.6,491
Color,Kurt Hale,102,1250798,The Singles Ward ,1099,English,USA,PG,500000,2002,6.4,43
Color,Siddiq Barmak,83,1127331,Osama ,7559,Dari,Afghanistan,PG-13,46000,2003,7.4,0
Color,Joseph Dorman,93,906666,Sholem Aleichem: Laughing in the Darkness ,154,English,USA,Unrated,500000,2011,6.8,287
Color,Greg Harrison,86,1114943,Groove ,3562,English,USA,R,500000,2000,6.5,0
Color,Kurt Hale,101,1111615,The R.M. ,651,English,USA,PG,500000,2003,6,44
Color,Michael Polish,111,985341,Twin Falls Idaho ,3479,English,USA,R,500000,1999,7.3,180
Color,Jacob Aaron Estes,90,603943,Mean Creek ,26407,English,USA,R,500000,2004,7.3,1000
 Black and White,Morgan J. Freeman,86,334041,Hurricane Streets ,1038,English,USA,R,500000,1997,6.5,51
Color,Eric Schaeffer,98,295468,Never Again ,709,English,USA,R,500000,2001,6,139
Color,Neema Barnette,91,243347,Civil Brand ,553,English,USA,R,500000,2002,5.3,86
Color,Steve Buscemi,91,154077,Lonesome Jim ,6884,English,USA,R,500000,2005,6.6,238
Color,Joe Swanberg,90,342936,Drinking Buddies ,45928,English,USA,R,,2013,6.1,0
Color,Molly Bernstein,88,151389,Deceptive Practice: The Mysteries and Mentors of Ricky Jay ,774,English,USA,,500000,2012,7.1,590
 Black and White,Akira Kurosawa,202,269061,Seven Samurai ,229012,Japanese,Japan,Unrated,2000000,1954,8.7,11000
Color,Marius A. Markevicius,89,133778,The Other Dream Team ,3086,English,USA,Not Rated,500000,2012,8.4,0
 Black and White,Tom DiCillo,97,,Johnny Suede ,3013,English,Switzerland,R,500000,1991,5.8,344
Color,Justin Lin,84,52850,Finishing the Game: The Search for a New Bruce Lee ,1656,English,USA,Not Rated,500000,2007,6.2,155
Color,Quentin Dupieux,82,98017,Rubber ,26185,English,France,R,500000,2010,5.8,46000
Color,Tim Johnson,94,177343675,Home ,70136,English,USA,PG,135000000,2015,6.7,26000
Color,C. Jay Cox,100,31937,Kiss the Bride ,1358,English,USA,R,500000,2007,5.7,60
Color,Alex Smith,112,13134,The Slaughter Rule ,2004,English,USA,R,500000,2002,6.1,183
Color,Gareth Edwards,94,237301,Monsters ,75669,English,UK,R,500000,2010,6.4,19000
Color,Jonathan Parker,87,,The Californians ,299,English,USA,PG,,2005,5,29
Color,Sol Tryon,91,12055,The Living Wake ,739,English,USA,PG-13,500000,2007,6.5,339
Color,Alex Craig Mann,87,1332,Detention of the Dead ,2038,English,USA,Not Rated,500000,2012,4.6,898
Color,Hao Ning,98,,Crazy Stone ,2097,Mandarin,China,,3000000,2006,7.7,23
Color,Stephen Kijak,95,,Scott Walker: 30 Century Man ,1006,English,UK,,500000,2006,7.3,808
Color,Marc Forster,87,,Everything Put Together ,601,English,USA,R,100000,2000,6.6,22
Color,Andrew Niccol,102,316842,Good Kill ,15756,English,USA,R,,2014,6.4,0
Color,Daston Kalili,127,,Insomnia Manica ,16,English,USA,,500000,2005,5.8,0
Color,William Gazecki,96,,The Outrageous Sophie Tucker ,38,English,USA,,500000,2014,7.2,16
Color,Ol Parker,103,,Now Is Good ,26863,English,UK,PG-13,,2012,7.2,0
Color,Michael Hoffman Jr.,104,,Girls Gone Dead ,2012,English,USA,R,500000,2012,3.5,0
Color,Patrick Gilles,90,,America Is Still the Place ,22,English,USA,,,2015,7.5,337
Color,Georgia Hilton,122,,Subconscious ,292,English,USA,R,,2015,2.2,353
Color,Tamra Davis,93,37188667,Crossroads ,34219,English,USA,PG-13,12000000,2002,3.3,0
Color,Jack Heller,90,,Enter Nowhere ,5025,English,USA,R,500000,2011,6.6,701
Color,Fernando Baez Mella,101,,The King of Najayo ,197,Spanish,Dominican Republic,R,500000,2012,6.9,126
Color,Warren Sheppard,94,,Fight to the Finish ,60,English,USA,PG-13,150000,2016,4,381
Color,Darren Lynn Bousman,97,,Alleluia! The Devil's Carnival ,259,English,USA,,500000,2016,7.4,707
Color,Justin Paul Miller,90,,The Sound and the Shadow ,30,English,USA,R,,2014,8.3,70
Color,Joel Paul Reisig,108,,Rodeo Girl ,62,English,USA,PG,500000,2016,5.7,0
Color,Catherine Gund,82,21199,Born to Fly: Elizabeth Streb vs. Gravity ,40,English,USA,,500000,2014,6.8,44
Color,Luke Dye,84,,The Little Ponderosa Zoo ,15,English,USA,,500000,2016,5.2,9
Color,Sam Raimi,130,234903076,Oz the Great and Powerful ,175413,English,USA,PG,215000000,2013,6.4,60000
Color,Michael Herz,91,,The Toxic Avenger ,19253,English,USA,Unrated,475000,1984,6.2,0
Color,Matty Rich,91,2712293,Straight Out of Brooklyn ,475,English,USA,R,450000,1991,5.9,123
Color,Paul Greengrass,107,768045,Bloody Sunday ,19732,English,UK,R,2000000,2002,7.7,0
Color,Alec Asten,82,,Diamond Ruff ,53,English,USA,R,500000,2015,4.3,62
Color,Hans Canosa,84,379122,Conversations with Other Women ,10143,English,UK,R,450000,2005,7.1,0
Color,Lloyd Kaufman,103,23000,Poultrygeist: Night of the Chicken Dead ,5931,English,USA,Unrated,500000,2006,6.2,0
Color,Matthew Watts,86,,Mutual Friends ,64,English,USA,,450000,2013,6.8,31
 Black and White,Lloyd Bacon,89,2300000,42nd Street ,7921,English,USA,Unrated,439000,1933,7.7,439
Color,Joe Kenemore,52,,Rise of the Entrepreneur: The Search for a Better Way ,78,English,USA,G,450000,2014,8.2,460
Color,Whit Stillman,98,2938208,Metropolitan ,7143,English,USA,PG-13,225000,1990,7.5,865
Color,Kay Pollak,133,9910,As It Is in Heaven ,13543,Swedish,Sweden,,25000000,2004,7.6,0
Color,Eric England,81,,Roadside ,268,English,USA,,,2013,4.1,61
Color,Jared Hess,92,44540956,Napoleon Dynamite ,161448,English,USA,PG,400000,2004,6.9,0
Color,Jeremy Saulnier,90,258113,Blue Ruin ,42678,English,USA,R,1066167,2013,7.1,0
Color,Oren Peli,84,107917283,Paranormal Activity ,184824,English,USA,R,15000,2007,6.3,12000
 Black and White,Stacy Peralta,91,1293295,Dogtown and Z-Boys ,10366,English,USA,PG-13,,2001,7.7,0
Color,Terry Gilliam,91,1229197,Monty Python and the Holy Grail ,382240,English,UK,PG,229575,1975,8.3,14000
Color,Richard Glatzer,90,1689999,Quinceañera ,3675,Spanish,USA,R,400000,2006,7.1,426
Color,Sue Corcoran,96,11798,Gory Gory Hallelujah ,179,English,USA,,100000,2003,4.7,39
Color,,60,,Heroes             ,202115,English,USA,TV-14,,,7.7,0
Color,Jonathan Caouette,88,592014,Tarnation ,5709,English,USA,Unrated,218,2003,7.2,754
Color,Ray Griggs,92,425899,I Want Your Money ,1123,English,USA,PG,400000,2010,5.1,638
Color,Matt Jackson,97,,Love in the Time of Monsters ,143,English,USA,,500000,2014,5.4,194
 Black and White,Lucio Fulci,82,126387,The Beyond ,14985,Italian,Italy,X,400000,1981,6.9,2000
Color,,22,,Home Movies             ,7458,English,USA,TV-PG,,,8.2,526
Color,Tom Vaughan,101,80276912,What Happens in Vegas ,140740,English,USA,PG-13,35000000,2008,6.1,0
Color,Paul Fox,80,,The Dark Hours ,4788,English,Canada,R,500000,2005,6.1,166
Color,Stephen Frears,97,,My Beautiful Laundrette ,10577,English,UK,R,650000,1985,6.9,0
 Black and White,Ari Kirschenbaum,84,25918,Fabled ,191,English,USA,R,,2002,5.8,7
Color,Cassandra Nicolaou,97,,Show Me ,369,French,Canada,R,900000,2004,6,12
Color,Ingmar Bergman,91,,Cries & Whispers ,19964,Swedish,Sweden,R,400000,1972,8.2,0
 Black and White,D.W. Griffith,123,,Intolerance: Love's Struggle Throughout the Ages ,10718,,USA,Not Rated,385907,1916,8,691
Color,Roger Nygard,86,617172,Trekkies ,4407,English,USA,PG,375000,1997,7,672
 Black and White,Harry Beaumont,100,2808000,The Broadway Melody ,4546,English,USA,Passed,379000,1929,6.3,167
Color,Sam Raimi,96,,The Evil Dead ,141219,English,USA,NC-17,375000,1981,7.6,12000
Color,Franck Khalfoun,89,12843,Maniac ,27297,English,France,Not Rated,6000000,2012,6.1,0
Color,Mor Loushy,84,34151,Censored Voices ,186,Hebrew,Israel,,450000,2015,7.2,111
Color,Henry Alex Rubin,88,1523883,Murderball ,9037,English,USA,R,1750211,2005,7.8,0
Color,Sam Firstenberg,90,4000000,American Ninja 2: The Confrontation ,6046,English,USA,R,350000,1987,4.7,583
Color,Doug Block,90,84689,51 Birch Street ,695,English,Germany,Unrated,,2005,7.5,70
Color,,43,,Revolution             ,72017,English,USA,TV-14,,,6.7,17000
Color,Chad Kapper,98,,Rotor DR1 ,209,English,USA,,350000,2015,3.4,240
Color,John Carpenter,101,47000000,Halloween ,157863,English,USA,R,300000,1978,7.9,12000
 Black and White,Sidney Lumet,96,,12 Angry Men ,447785,English,USA,Not Rated,350000,1957,8.9,40000
Color,Paul Fierlinger,83,246574,My Dog Tulip ,1272,English,USA,,,2009,6.9,675
 Black and White,Frank Capra,65,,It Happened One Night ,64888,English,USA,Unrated,325000,1934,8.2,0
Color,Yorgos Lanthimos,94,110197,Dogtooth ,44864,Greek,Greece,Unrated,,2009,7.3,13000
Color,Lauren Lazin,112,7707563,Tupac: Resurrection ,7687,English,USA,R,,2003,8,0
Color,Gavin O'Connor,102,1281176,Tumbleweeds ,2932,English,USA,PG-13,312000,1999,6.7,121
Color,Gregory Widen,98,16115878,The Prophecy ,24438,English,USA,R,8000000,1995,6.6,0
Color,Cédric Klapisch,91,1652472,When the Cat's Away ,2843,French,France,R,300000,1996,6.9,166
Color,Peter Hedges,80,2360184,Pieces of April ,18035,English,USA,PG-13,300000,2003,7.1,0
Color,Niall Johnson,114,,The Big Swap ,270,English,UK,,,1998,5.6,29
Color,Kelly Reichardt,76,255352,Old Joy ,4423,English,USA,Unrated,300000,2006,6.7,594
Color,Kelly Reichardt,80,856942,Wendy and Lucy ,12241,English,USA,R,200000,2008,7.1,0
Color,Eric Mendelsohn,88,,3 Backyards ,554,English,USA,R,300000,2010,5.2,92
Color,Jean-Luc Godard,110,,Pierrot le Fou ,19386,French,France,Not Rated,300000,1965,7.7,2000
Color,Florence Ayisi,104,32631,Sisters in Law ,291,English,Cameroon,Not Rated,,2005,7.5,50
Color,Pan Nalin,102,16892,Ayurveda: Art of Being ,341,English,India,,300000,2001,7.6,379
 Black and White,Michael Roemer,95,12438,Nothing But a Man ,891,English,USA,Not Rated,160000,1964,8.1,363
Color,Jesse Peretz,94,40542,"First Love, Last Rites ",294,English,USA,R,300000,1997,5.5,26
Color,Eddie O'Flaherty,109,5199,Fighting Tommy Riley ,720,English,USA,R,200000,2004,6.6,30
Color,Babar Ahmed,90,,Royal Kill ,476,English,USA,PG-13,350000,2009,3.2,53
Color,Julie Taymor,133,24343673,Across the Universe ,91863,English,USA,PG-13,45000000,2007,7.4,14000
Color,John D. Hancock,110,1711,The Looking Glass ,82,English,USA,,,2015,6.6,175
Color,Paul Bartel,80,,Death Race 2000 ,19875,English,USA,R,300000,1975,6.2,0
Color,Bruce Dellis,95,2468,Locker 13 ,241,English,USA,R,300000,2014,4.8,261
,Pece Dingo,94,,Midnight Cabaret ,47,English,USA,R,,1990,4.5,4
Color,Jerome Elston Scott,98,,Anderson's Cross ,95,English,USA,R,300000,2010,7.2,7
Color,Étienne Faure,98,,Bizarre ,569,English,France,Unrated,500000,2015,4.3,114
Color,Herb Freed,96,,Graduation Day ,1905,English,USA,R,250000,1981,4.5,249
Color,Jack Perez,97,,Some Guy Who Kills People ,4550,English,USA,R,300000,2011,6.4,0
Color,Craig Zobel,90,318622,Compliance ,24668,English,USA,R,270000,2012,6.4,0
Color,Kevin Smith,113,12006514,Chasing Amy ,114070,English,USA,R,250000,1997,7.3,0
Color,Nicole Holofcener,91,4186931,Lovely & Amazing ,6041,English,USA,R,250000,2001,6.9,169
Color,Ken Del Conte,90,,Death Calls ,30,English,USA,R,290000,2010,4.3,16
Color,Justin Lin,98,3799339,Better Luck Tomorrow ,8000,English,USA,R,250000,2002,7.2,661
Color,Maria Maggenti,94,1977544,The Incredibly True Adventure of Two Girls in Love ,3513,English,USA,R,250000,1995,6.5,423
Color,Miguel Arteta,96,1050600,Chuck & Buck ,4662,English,USA,R,250000,2000,6.6,170
Color,Piyush Dinker Pandya,100,902835,American Desi ,1489,English,USA,Unrated,250000,2001,6.7,133
Color,Daniel Columbie,90,,Amidst the Devil's Wings ,28,English,USA,,300000,2014,4.3,17
Color,Vincenzo Natali,90,489220,Cube ,160511,English,Canada,R,365000,1997,7.3,11000
Color,Emma-Kate Croghan,76,212285,Love and Other Catastrophes ,1727,English,Australia,R,250000,1996,6.4,46
Color,Bill Plympton,75,203134,I Married a Strange Person! ,1428,English,USA,R,250000,1997,7,178
Color,Greg Harrison,78,191309,November ,2787,English,USA,R,150000,2004,5.5,98
Color,Drake Doremus,90,3388210,Like Crazy ,46813,English,USA,PG-13,250000,2011,6.7,12000
Color,Al Franklin,96,,Teeth and Blood ,24,English,USA,,300000,2015,4.3,85
Color,Allison Anders,92,177840,Sugar Town ,708,English,UK,R,250000,1999,6.1,93
Color,Michael Kang,75,47111,The Motel ,1227,Cantonese,USA,,,2005,6.8,62
Color,Paul Schrader,99,49494,The Canyons ,8511,English,USA,R,250000,2013,3.9,0
Color,,58,,Happy Valley             ,12848,English,UK,TV-MA,,,8.5,10000
Color,Lori Silverbush,86,,On the Outs ,603,English,USA,R,,2004,6.9,122
Color,Jeff Nichols,92,45661,Shotgun Stories ,7148,English,USA,PG-13,,2007,7.3,773
Color,Stuart Hazeldine,101,,Exam ,70076,English,UK,Not Rated,,2009,6.9,14000
 Black and White,Hilary Brougher,81,18195,The Sticky Fingers of Time ,336,English,USA,,250000,1997,6.3,67
Color,Rachel Goldenberg,93,,Sunday School Musical ,602,English,USA,G,,2008,2.5,777
Color,Corbin Bernsen,95,,Rust ,300,English,Canada,PG,250000,2010,5.7,141
Color,Jamin Winans,107,,Ink ,18486,English,USA,,,2009,7,11000
Color,Tom Seidman,98,,The Christmas Bunny ,450,English,USA,PG,250000,2010,6.2,0
Color,Jason Naumann,35,,Jesus People ,31,English,USA,,,2007,6.9,0
Color,Matt Cimber,108,,Butterfly ,870,English,USA,R,,1982,4.5,76
Color,Sam Martin,66,,UnDivided ,6,English,USA,PG,250000,2013,7.8,53
Color,Andrew Hyatt,95,,The Frozen ,1488,English,USA,PG-13,250000,2012,4.4,519
Color,Dan Curtis,99,,The Love Letter ,1465,English,USA,Unrated,,1998,7.4,515
Color,Joel Paul Reisig,108,,Horse Camp ,25,English,USA,PG,250000,2014,6.6,71
Color,Kristin Rizzo,90,,Give Me Shelter ,37,English,USA,,250000,2014,8,199
 Black and White,King Vidor,151,,The Big Parade ,4849,,USA,Not Rated,245000,1925,8.3,226
Color,Ward Roberts,83,,Little Big Top ,110,English,USA,,240000,2006,6.5,72
Color,Zoran Lisinac,108,,Along the Roadside ,330,English,USA,,250000,2013,7.1,231
Color,Nicolas Winding Refn,92,104792,Bronson ,84817,English,UK,R,,2008,7.1,22000
Color,James O'Brien,105,,Western Religion ,146,English,USA,,250000,2015,4,244
Color,Tom Putnam,86,111300,Burn ,575,English,USA,Not Rated,225000,2012,7.5,801
Color,Jon Shear,106,1027119,Urbania ,2742,English,USA,R,225000,2000,7,72
Color,Al Silliman Jr.,93,,The Stewardesses ,161,English,USA,X,100000,1969,4,17
 Black and White,Eugène Lourié,80,5000000,"The Beast from 20,000 Fathoms ",4812,English,USA,Approved,210000,1953,6.7,465
Color,Richard Fleischer,127,,"20,000 Leagues Under the Sea ",22124,English,USA,Approved,5000000,1954,7.2,0
Color,George Miller,93,,Mad Max ,152232,English,Australia,R,200000,1979,7,10000
Color,Doug Liman,96,4505922,Swingers ,63951,English,USA,R,200000,1996,7.4,0
Color,Sergio Leone,99,3500000,A Fistful of Dollars ,147566,Italian,Italy,R,200000,1964,8,0
 Black and White,Lowell Sherman,66,,She Done Him Wrong ,4152,English,USA,Approved,200000,1933,6.5,328
Color,Maurizio Benazzo,85,381225,Short Cut to Nirvana: Kumbh Mela ,131,English,USA,Unrated,200000,2004,7.2,30
Color,David G. Evans,101,2428241,The Grace Card ,2099,English,USA,PG-13,200000,2010,6.4,0
Color,Ava DuVernay,97,78030,Middle of Nowhere ,1034,English,USA,R,200000,2012,6.5,569
Color,Tom Tykwer,119,59774,3 ,4212,German,Germany,Unrated,,2010,6.8,2000
Color,Sherman Alexie,103,174682,The Business of Fancydancing ,460,English,USA,,200000,2002,6.9,96
Color,Justin Dillon,86,215185,Call + Response ,48,English,USA,PG-13,200000,2008,7.5,26
Color,Steven Soderbergh,106,32154410,Side Effects ,148334,English,USA,R,30000000,2013,7.1,29000
Color,Stevan Mena,90,,Malevolence ,2413,English,USA,R,200000,2003,5.1,198
Color,Adam Rifkin,95,,Shooting the Warwicks ,81,English,USA,,250000,2015,6.2,47
Color,Eric Valette,94,,Super Hybrid ,1328,English,USA,PG-13,13000000,2010,3.9,0
Color,Jay Duplass,84,140016,Baghead ,3507,English,USA,R,,2008,6,443
Color,Livingston Oden,89,,Solitude ,78,English,USA,,,2014,6.8,267
Color,Chris Marker,59,,The Case of the Grinning Cat ,352,French,France,,150000,2004,7.4,44
 Black and White,Carl Theodor Dreyer,126,,Ordet ,9903,Danish,Denmark,Not Rated,,1955,8.1,863
Color,Marianna Palka,86,15542,Good Dick ,6689,English,USA,R,,2008,6.5,0
Color,Richard Schenkman,87,,The Man from Earth ,129799,English,USA,Not Rated,200000,2007,8,46000
Color,Ricki Stern,106,1111,The Trials of Darryl Hunt ,771,English,USA,PG-13,200000,2006,7.7,246
Color,Nadia Tass,86,,An American Girl Holiday ,1338,English,USA,,200000,2004,7.2,90
 Black and White,James Kerwin,89,,Yesterday Was a Lie ,374,English,USA,PG,2500000,2008,5.4,83
Color,C. Fraser Press,105,,Theresa Is a Mother ,37,English,USA,,200000,2012,6.7,38
Color,Rania Attieh,93,,H. ,191,English,USA,,,2014,6.3,142
Color,Sharon Greytak,94,,Archaeology of a Woman ,15,English,USA,,200000,2012,8.1,66
Color,Majid Majidi,89,925402,Children of Heaven ,27882,Persian,Iran,PG,180000,1997,8.5,0
Color,Andrew Haigh,97,469947,Weekend ,19846,English,UK,Not Rated,120000,2011,7.7,0
 Black and White,Spike Lee,88,7137502,She's Gotta Have It ,4769,English,USA,R,175000,1986,6.5,406
Color,Cary Bell,78,,Butterfly Girl ,27,English,USA,,180000,2014,8.7,88
Color,Nicolae Constantin Tanase,104,,The World Is Mine ,354,Romanian,Romania,,168000,2015,6.5,34
Color,Mike Cahill,92,1316074,Another Earth ,71387,English,USA,PG-13,100000,2011,7,21000
Color,Jason Stone,108,,The Calling ,6025,English,USA,R,,2014,5.8,0
Color,Melvin Van Peebles,97,15180000,Sweet Sweetback's Baadasssss Song ,3340,English,USA,R,500000,1971,5.5,566
Color,Ken Roht,109,,Perfect Cowboy ,8,English,USA,,200000,2014,7,65
Color,Gary Winick,78,2882062,Tadpole ,5178,English,USA,PG-13,150000,2000,6.3,132
Color,John Carney,85,9437933,Once ,90827,English,Ireland,R,180000,2007,7.9,26000
 Black and White,Robinson Devor,88,110720,The Woman Chaser ,524,English,USA,,1200000,1999,7.3,73
Color,Michel Orion Scott,93,155984,The Horse Boy ,586,English,USA,Unrated,160000,2009,7.4,0
Color,Pat Holden,86,,When the Lights Went Out ,3813,English,UK,,,2012,5.4,0
Color,Eric Bugbee,98,,Heroes of Dirt ,53,English,USA,PG-13,,2015,7.1,197
Color,Tobe Hooper,88,30859000,The Texas Chain Saw Massacre ,96411,English,USA,R,83532,1974,7.5,0
Color,Bill Melendez,25,,A Charlie Brown Christmas ,21826,English,USA,TV-G,150000,1965,8.4,0
Color,Dena Seidel,72,4914,Antarctic Edge: 70° South ,123,English,USA,,150000,2015,7,215
 Black and White,Deborah Anderson,66,,Aroused ,502,English,USA,,150000,2013,5.3,207
Color,Sara Newens,80,5858,Top Spin ,260,English,USA,,150000,2014,7.1,116
Color,Michael Moore,91,6706368,Roger & Me ,22800,English,USA,R,160000,1989,7.5,667
Color,Paul Schrader,93,,Cat People ,14193,English,USA,R,18000000,1982,6.1,0
Color,Sai Varadan,89,,An American in Hollywood ,100,English,USA,R,125000,2014,7.2,72
Color,Zal Batmanglij,85,405614,Sound of My Voice ,15775,English,USA,R,,2011,6.7,0
Color,Amal Al-Agroobi,62,,The Brain That Sings ,18,Arabic,United Arab Emirates,,125000,2013,8.2,54
Color,Andrew Berends,90,,The Blood of My Brother ,102,English,USA,,120000,2005,6.6,14
Color,Lynn Shelton,90,1573712,Your Sister's Sister ,21618,English,USA,R,125000,2011,6.7,3000
Color,Valentine,,,Romantic Schemer ,172,English,USA,PG-13,125000,2015,5.1,0
Color,David Hewlett,88,,A Dog's Breakfast ,3262,English,Canada,,120000,2007,7,377
Color,David Hewlett,88,,A Dog's Breakfast ,3262,English,Canada,,120000,2007,7,377
 Black and White,George A. Romero,96,,Night of the Living Dead ,87978,English,USA,Unrated,114000,1968,8,0
 Black and White,Jean-Luc Godard,94,,Une Femme Mariée ,1962,French,France,,120000,1964,7.4,187
Color,Nate Parker,120,,The Birth of a Nation ,1197,English,USA,R,10000000,2016,5.4,0
Color,Nathan Smith Jones,77,,The Work and the Story ,98,English,USA,,103000,2003,5.7,0
Color,Alex Kendrick,111,10174663,Facing the Giants ,12399,English,USA,PG,100000,2006,6.7,0
Color,Travis Cluff,81,22757819,The Gallows ,13521,English,USA,R,100000,2015,4.2,0
 Black and White,David Lynch,89,,Eraserhead ,69831,English,USA,Unrated,20000,1977,7.4,0
 Black and White,Harry F. Millarde,110,3000000,Over the Hill to the Poorhouse ,5,,USA,,100000,1920,4.8,0
Color,Robert Townsend,81,5228617,Hollywood Shuffle ,2770,English,USA,R,100000,1987,7,471
Color,Peter Chelsom,100,2643689,The Mighty ,10499,English,USA,PG-13,,1998,7.3,0
Color,Jamaa Fanaka,99,,Penitentiary ,509,English,USA,R,100000,1979,5.8,157
 Black and White,Larry Blamire,90,110536,The Lost Skeleton of Cadavra ,4117,English,USA,PG,40000,2001,7,0
Color,Stephen Langford,82,,"Dude, Where's My Dog?! ",73,English,USA,PG,20000,2014,3.2,178
Color,E.L. Katz,88,59379,Cheap Thrills ,12796,English,USA,Not Rated,200000,2013,6.8,0
Color,Lisanne Pajot,103,,Indie Game: The Movie ,16701,English,Canada,Not Rated,100000,2012,7.7,0
Color,Dan Reed,80,,Closure ,5747,English,UK,R,1800000,2007,5.6,246
 Black and White,John Reinhardt,68,,Open Secret ,67,English,USA,Approved,,1948,7.1,10
Color,Patrick Ryan Sims,81,,Echo Dr. ,101,English,USA,,100000,2013,3.6,17
Color,Laslo Benedek,106,,The Night Visitor ,544,English,USA,GP,,1971,6.8,65
Color,Jason Miller,77,,The Past is a Grotesque Animal ,80,English,USA,Unrated,100000,2014,7.6,82
Color,Dennis Iliadis,114,32721635,The Last House on the Left ,67824,English,USA,R,15000000,2009,6.6,0
Color,Sut Jhally,80,,"Peace, Propaganda & the Promised Land ",496,English,USA,,70000,2004,8.3,110
 Black and White,Darren Aronofsky,84,3216970,Pi ,142619,English,USA,R,60000,1998,7.5,24000
Color,Julie Davis,86,33598,"I Love You, Don't Touch Me! ",405,English,USA,R,,1997,5.4,97
Color,Myles Berkowitz,87,536767,20 Dates ,1622,English,USA,R,60000,1998,5.3,30
Color,Brett Piper,80,,Queen Crab ,48,English,USA,,75000,2015,4.5,34
Color,Morgan Spurlock,100,11529368,Super Size Me ,85028,English,USA,PG,65000,2004,7.3,0
Color,Brandon Trost,82,40557,The FP ,1389,English,USA,R,60000,2011,5.6,0
Color,Joe Swanberg,82,30084,Happy Christmas ,5507,English,USA,R,70000,2014,5.6,812
 Black and White,Joseph Green,70,,The Brain That Wouldn't Die ,4752,English,USA,Approved,62000,1962,4.1,1000
Color,Wade Gasque,75,,Tiger Orange ,683,English,USA,Unrated,100000,2014,6.8,182
Color,Daniel Schechter,87,,Supporting Characters ,760,English,USA,Not Rated,,2012,6.3,209
Color,Mike Flanagan,87,,Absentia ,13065,English,USA,R,70000,2011,5.8,3000
Color,Edward Burns,98,10246600,The Brothers McMullen ,6375,English,USA,R,25000,1995,6.6,265
Color,Matt Johnson,83,,The Dirties ,3885,English,Canada,Not Rated,,2013,6.7,1000
Color,Bruno Barreto,99,,Gabriela ,712,Portuguese,Brazil,R,,1983,6.4,114
Color,Lena Dunham,98,389804,Tiny Furniture ,11816,English,USA,Not Rated,65000,2010,6.3,0
Color,Terron R. Parsons,93,,Hayride ,485,English,USA,Not Rated,60000,2012,3.4,284
Color,Daniel Mellitz,,,The Naked Ape ,128,English,USA,,,2006,4.7,2
Color,Jem Cohen,111,,Counting ,61,English,USA,,50000,2015,6,5
 Black and White,Andrew Leman,47,,The Call of Cthulhu ,6261,English,USA,,50000,2005,7.3,0
Color,Dave Carroll,92,,Bending Steel ,53,English,USA,,50000,2013,7.9,33
Color,William Eubank,97,,The Signal ,48236,English,USA,PG-13,4000000,2014,6.1,10000
Color,Patrick Meaney,81,,The Image Revolution ,66,English,USA,,50000,2014,7.4,83
Color,Chad Hartigan,83,,This Is Martin Bonner ,733,English,USA,R,42000,2013,6.6,234
Color,Malcolm Goodwin,96,,A True Story ,181,English,USA,,45000,2013,5.5,72
Color,David Gordon Green,90,241816,George Washington ,6246,English,USA,Unrated,42000,2000,7.5,451
Color,Kevin Jordan,90,277233,Smiling Fish & Goat on Fire ,2631,English,USA,R,40000,1999,7.6,0
Color,Kirk Loudon,95,,Dawn of the Crescent Moon ,34,English,USA,,75000,2014,5,87
Color,Travis Legge,83,,Raymond Did It ,192,English,USA,Unrated,40000,2011,3.2,239
Color,Martin Scorsese,117,321952,The Last Waltz ,12611,English,USA,PG,,1978,8.2,0
Color,Collin Joseph Neal,75,,"Run, Hide, Die ",106,English,USA,,50000,2012,3.7,225
Color,Bradley Rust Gray,79,24705,The Exploding Girl ,1516,English,USA,Unrated,,2009,6.3,377
Color,Mike Bruce,78,243768,The Legend of God's Gun ,143,English,USA,R,30000,2007,4.1,13
 Black and White,Andrew Bujalski,109,,Mutual Appreciation ,1578,English,USA,R,,2005,6.9,91
Color,Damir Catic,89,,Her Cry: La Llorona Investigation ,23,English,USA,Not Rated,60000,2013,5.4,48
Color,Ben Wheatley,93,9609,Down Terrace ,2646,English,UK,R,,2009,6.5,535
 Black and White,Kevin Smith,102,3151130,Clerks ,181749,English,USA,R,230000,1994,7.8,0
Color,James Bidgood,65,8231,Pink Narcissus ,803,English,USA,Not Rated,27000,1971,6.7,85
Color,Andrew Bujalski,85,,Funny Ha Ha ,1894,English,USA,,,2002,6.4,108
Color,Neil LaBute,97,2856622,In the Company of Men ,11550,English,Canada,R,25000,1997,7.3,489
Color,David Ayer,109,10499968,Sabotage ,47502,English,USA,R,35000000,2014,5.7,10000
Color,Eric Eason,79,,Manito ,493,English,USA,,24000,2002,7,61
Color,Uwe Boll,80,,Rampage ,15091,English,Canada,R,,2009,6.3,0
 Black and White,Richard Linklater,100,1227508,Slacker ,15103,English,USA,R,23000,1991,7.1,2000
Color,Joseph Mazzella,90,,Dutch Kills ,57,English,USA,,25000,2015,4.8,33
Color,Travis Legge,90,,Dry Spell ,114,English,USA,,22000,2013,3.3,200
Color,Alex Kendrick,120,,Flywheel ,2986,English,USA,,20000,2003,6.9,725
Color,Marcus Nispel,91,,Exeter ,3836,English,USA,R,,2015,4.6,0
,Brandon Landers,143,,The Ridges ,125,English,USA,,17350,2011,3,33
Color,Jay Duplass,85,192467,The Puffy Chair ,4067,English,USA,R,15000,2005,6.6,297
 Black and White,Jim Chuchu,60,,Stories of Our Lives ,70,Swahili,Kenya,,15000,2014,7.4,45
Color,Daryl Wein,88,76382,Breaking Upwards ,1194,English,USA,,15000,2009,6.2,324
Color,Jason Trost,78,,All Superheroes Must Die ,1771,English,USA,Unrated,20000,2011,4,835
Color,John Waters,108,180483,Pink Flamingos ,16792,English,USA,NC-17,10000,1972,6.1,0
Color,Olivier Assayas,110,136007,Clean ,3924,French,France,R,4500,2004,6.9,171
Color,Jafar Panahi,90,673780,The Circle ,4555,Persian,Iran,Not Rated,10000,2000,7.5,697
 Black and White,Ivan Kavanagh,83,,Tin Can Man ,57,English,Ireland,,10000,2007,6.7,105
Color,Kiyoshi Kurosawa,111,94596,The Cure ,6318,Japanese,Japan,,1000000,1997,7.4,817
Color,Tadeo Garcia,84,,On the Downlow ,156,English,USA,,,2004,6.1,22
Color,Thomas L. Phillips,82,,Sanctuary; Quite a Conundrum ,133,English,USA,,200000,2012,5.4,424
Color,Ash Baron-Cohen,98,,Bang ,438,English,USA,,,1995,6.4,20
Color,Shane Carruth,77,424760,Primer ,72639,English,USA,PG-13,7000,2004,7,19000
Color,Neill Dela Llana,80,70071,Cavite ,589,English,Philippines,Not Rated,7000,2005,6.3,74
Color,Robert Rodriguez,81,2040920,El Mariachi ,52055,Spanish,USA,R,7000,1992,6.9,0
Color,Anthony Vallone,84,,The Mongol King ,36,English,USA,PG-13,3250,2005,7.8,4
Color,Edward Burns,95,4584,Newlyweds ,1338,English,USA,Not Rated,9000,2011,6.4,413
Color,Scott Smith,87,,Signed Sealed Delivered ,629,English,Canada,,,2013,7.7,84
Color,,43,,The Following             ,73839,English,USA,TV-14,,,7.5,32000
Color,Benjamin Roberds,76,,A Plague So Pleasant ,38,English,USA,,1400,2013,6.3,16
Color,Daniel Hsia,100,10443,Shanghai Calling ,1255,English,USA,PG-13,,2012,6.3,660
Color,Jon Gunn,90,85222,My Date with Drew ,4285,English,USA,PG,1100,2004,6.6,456
